<gpx xmlns:ns3="http://www.garmin.com/xmlschemas/TrackPointExtension/v1" xmlns="http://www.topografix.com/GPX/1/1" xmlns:xsi="http://www.w3.org/2001/XMLSchema-instance" xmlns:ns2="http://www.garmin.com/xmlschemas/GpxExtensions/v3" creator="Garmin Connect" version="1.1" xsi:schemaLocation="http://www.topografix.com/GPX/1/1 http://www.topografix.com/GPX/11.xsd">
  <extensions>
<distance>6128.13</distance>
<average_hr>88.0</average_hr>
<average_speed>3.319000005722046</average_speed>
<start_time>2025-04-20T12:23:44+00:00</start_time>
<end_time>2025-04-20T12:54:30.537000+00:00</end_time>
<moving_time>1637.0</moving_time>
<elapsed_time>1846.537</elapsed_time>
</extensions>
<metadata>
    <link href="connect.garmin.com">
      <text>Garmin Connect</text>
    </link>
    <time>2025-04-20T12:23:44.000Z</time>
  </metadata>
  <trk>
    <name>广州骑车快点回</name>
    <type>cycling</type>
    <trkseg>
      <trkpt lat="23.20565004833042621612548828125" lon="113.27701575122773647308349609375">
        <ele>15.6000003814697265625</ele>
        <time>2025-04-20T12:23:44.000Z</time>
        <extensions>
          <ns3:TrackPointExtension>
            <ns3:hr>88</ns3:hr>
          </ns3:TrackPointExtension>
        </extensions>
      </trkpt>
      <trkpt lat="23.20564317516982555389404296875" lon="113.2770243845880031585693359375">
        <ele>15.6000003814697265625</ele>
        <time>2025-04-20T12:23:45.000Z</time>
        <extensions>
          <ns3:TrackPointExtension>
            <ns3:hr>88</ns3:hr>
          </ns3:TrackPointExtension>
        </extensions>
      </trkpt>
      <trkpt lat="23.20565189234912395477294921875" lon="113.27702413313090801239013671875">
        <ele>15.6000003814697265625</ele>
        <time>2025-04-20T12:23:46.000Z</time>
        <extensions>
          <ns3:TrackPointExtension>
            <ns3:hr>88</ns3:hr>
          </ns3:TrackPointExtension>
        </extensions>
      </trkpt>
      <trkpt lat="23.20565189234912395477294921875" lon="113.27702413313090801239013671875">
        <ele>15.6000003814697265625</ele>
        <time>2025-04-20T12:23:47.000Z</time>
        <extensions>
          <ns3:TrackPointExtension>
            <ns3:hr>88</ns3:hr>
          </ns3:TrackPointExtension>
        </extensions>
      </trkpt>
      <trkpt lat="23.20565189234912395477294921875" lon="113.27702413313090801239013671875">
        <ele>15.6000003814697265625</ele>
        <time>2025-04-20T12:23:48.000Z</time>
        <extensions>
          <ns3:TrackPointExtension>
            <ns3:hr>88</ns3:hr>
          </ns3:TrackPointExtension>
        </extensions>
      </trkpt>
      <trkpt lat="23.20565189234912395477294921875" lon="113.27702413313090801239013671875">
        <ele>15.19999980926513671875</ele>
        <time>2025-04-20T12:23:49.000Z</time>
        <extensions>
          <ns3:TrackPointExtension>
            <ns3:hr>88</ns3:hr>
          </ns3:TrackPointExtension>
        </extensions>
      </trkpt>
      <trkpt lat="23.20565189234912395477294921875" lon="113.27702413313090801239013671875">
        <ele>14.80000019073486328125</ele>
        <time>2025-04-20T12:23:50.000Z</time>
        <extensions>
          <ns3:TrackPointExtension>
            <ns3:hr>87</ns3:hr>
          </ns3:TrackPointExtension>
        </extensions>
      </trkpt>
      <trkpt lat="23.20565189234912395477294921875" lon="113.27702413313090801239013671875">
        <ele>14.80000019073486328125</ele>
        <time>2025-04-20T12:23:51.000Z</time>
        <extensions>
          <ns3:TrackPointExtension>
            <ns3:hr>88</ns3:hr>
          </ns3:TrackPointExtension>
        </extensions>
      </trkpt>
      <trkpt lat="23.20565189234912395477294921875" lon="113.27702413313090801239013671875">
        <ele>14.80000019073486328125</ele>
        <time>2025-04-20T12:23:52.000Z</time>
        <extensions>
          <ns3:TrackPointExtension>
            <ns3:hr>88</ns3:hr>
          </ns3:TrackPointExtension>
        </extensions>
      </trkpt>
      <trkpt lat="23.20565189234912395477294921875" lon="113.27702413313090801239013671875">
        <ele>14.80000019073486328125</ele>
        <time>2025-04-20T12:23:53.000Z</time>
        <extensions>
          <ns3:TrackPointExtension>
            <ns3:hr>88</ns3:hr>
          </ns3:TrackPointExtension>
        </extensions>
      </trkpt>
      <trkpt lat="23.20565189234912395477294921875" lon="113.27702413313090801239013671875">
        <ele>14.80000019073486328125</ele>
        <time>2025-04-20T12:23:54.000Z</time>
        <extensions>
          <ns3:TrackPointExtension>
            <ns3:hr>88</ns3:hr>
          </ns3:TrackPointExtension>
        </extensions>
      </trkpt>
      <trkpt lat="23.20565189234912395477294921875" lon="113.27702413313090801239013671875">
        <ele>14.80000019073486328125</ele>
        <time>2025-04-20T12:23:55.000Z</time>
        <extensions>
          <ns3:TrackPointExtension>
            <ns3:hr>88</ns3:hr>
          </ns3:TrackPointExtension>
        </extensions>
      </trkpt>
      <trkpt lat="23.20565189234912395477294921875" lon="113.27702413313090801239013671875">
        <ele>14.6000003814697265625</ele>
        <time>2025-04-20T12:23:56.000Z</time>
        <extensions>
          <ns3:TrackPointExtension>
            <ns3:hr>87</ns3:hr>
          </ns3:TrackPointExtension>
        </extensions>
      </trkpt>
      <trkpt lat="23.20565189234912395477294921875" lon="113.27702413313090801239013671875">
        <ele>14.6000003814697265625</ele>
        <time>2025-04-20T12:23:57.000Z</time>
        <extensions>
          <ns3:TrackPointExtension>
            <ns3:hr>88</ns3:hr>
          </ns3:TrackPointExtension>
        </extensions>
      </trkpt>
      <trkpt lat="23.20565189234912395477294921875" lon="113.27702413313090801239013671875">
        <ele>14.6000003814697265625</ele>
        <time>2025-04-20T12:23:58.000Z</time>
        <extensions>
          <ns3:TrackPointExtension>
            <ns3:hr>88</ns3:hr>
          </ns3:TrackPointExtension>
        </extensions>
      </trkpt>
      <trkpt lat="23.20565189234912395477294921875" lon="113.27702413313090801239013671875">
        <ele>14.6000003814697265625</ele>
        <time>2025-04-20T12:23:59.000Z</time>
        <extensions>
          <ns3:TrackPointExtension>
            <ns3:hr>88</ns3:hr>
          </ns3:TrackPointExtension>
        </extensions>
      </trkpt>
      <trkpt lat="23.20565189234912395477294921875" lon="113.27702413313090801239013671875">
        <ele>14.80000019073486328125</ele>
        <time>2025-04-20T12:24:00.000Z</time>
        <extensions>
          <ns3:TrackPointExtension>
            <ns3:hr>88</ns3:hr>
          </ns3:TrackPointExtension>
        </extensions>
      </trkpt>
      <trkpt lat="23.20565189234912395477294921875" lon="113.27702413313090801239013671875">
        <ele>14.80000019073486328125</ele>
        <time>2025-04-20T12:24:01.000Z</time>
        <extensions>
          <ns3:TrackPointExtension>
            <ns3:hr>88</ns3:hr>
          </ns3:TrackPointExtension>
        </extensions>
      </trkpt>
      <trkpt lat="23.20565189234912395477294921875" lon="113.27702413313090801239013671875">
        <ele>14.80000019073486328125</ele>
        <time>2025-04-20T12:24:02.000Z</time>
        <extensions>
          <ns3:TrackPointExtension>
            <ns3:hr>88</ns3:hr>
          </ns3:TrackPointExtension>
        </extensions>
      </trkpt>
      <trkpt lat="23.20565189234912395477294921875" lon="113.27702413313090801239013671875">
        <ele>14.80000019073486328125</ele>
        <time>2025-04-20T12:24:03.000Z</time>
        <extensions>
          <ns3:TrackPointExtension>
            <ns3:hr>88</ns3:hr>
          </ns3:TrackPointExtension>
        </extensions>
      </trkpt>
      <trkpt lat="23.20565189234912395477294921875" lon="113.27702413313090801239013671875">
        <ele>14.80000019073486328125</ele>
        <time>2025-04-20T12:24:04.000Z</time>
        <extensions>
          <ns3:TrackPointExtension>
            <ns3:hr>88</ns3:hr>
          </ns3:TrackPointExtension>
        </extensions>
      </trkpt>
      <trkpt lat="23.20565189234912395477294921875" lon="113.27702413313090801239013671875">
        <ele>14.80000019073486328125</ele>
        <time>2025-04-20T12:24:05.000Z</time>
        <extensions>
          <ns3:TrackPointExtension>
            <ns3:hr>89</ns3:hr>
          </ns3:TrackPointExtension>
        </extensions>
      </trkpt>
      <trkpt lat="23.20565189234912395477294921875" lon="113.27702413313090801239013671875">
        <ele>14.6000003814697265625</ele>
        <time>2025-04-20T12:24:06.000Z</time>
        <extensions>
          <ns3:TrackPointExtension>
            <ns3:hr>89</ns3:hr>
          </ns3:TrackPointExtension>
        </extensions>
      </trkpt>
      <trkpt lat="23.20565189234912395477294921875" lon="113.27702413313090801239013671875">
        <ele>14.6000003814697265625</ele>
        <time>2025-04-20T12:24:07.000Z</time>
        <extensions>
          <ns3:TrackPointExtension>
            <ns3:hr>89</ns3:hr>
          </ns3:TrackPointExtension>
        </extensions>
      </trkpt>
      <trkpt lat="23.20565189234912395477294921875" lon="113.27702413313090801239013671875">
        <ele>14.6000003814697265625</ele>
        <time>2025-04-20T12:24:08.000Z</time>
        <extensions>
          <ns3:TrackPointExtension>
            <ns3:hr>89</ns3:hr>
          </ns3:TrackPointExtension>
        </extensions>
      </trkpt>
      <trkpt lat="23.20565189234912395477294921875" lon="113.27702413313090801239013671875">
        <ele>14.6000003814697265625</ele>
        <time>2025-04-20T12:24:09.000Z</time>
        <extensions>
          <ns3:TrackPointExtension>
            <ns3:hr>87</ns3:hr>
          </ns3:TrackPointExtension>
        </extensions>
      </trkpt>
      <trkpt lat="23.20565189234912395477294921875" lon="113.27702413313090801239013671875">
        <ele>14.3999996185302734375</ele>
        <time>2025-04-20T12:24:10.000Z</time>
        <extensions>
          <ns3:TrackPointExtension>
            <ns3:hr>86</ns3:hr>
          </ns3:TrackPointExtension>
        </extensions>
      </trkpt>
      <trkpt lat="23.20565189234912395477294921875" lon="113.27702413313090801239013671875">
        <ele>14.3999996185302734375</ele>
        <time>2025-04-20T12:24:11.000Z</time>
        <extensions>
          <ns3:TrackPointExtension>
            <ns3:hr>86</ns3:hr>
          </ns3:TrackPointExtension>
        </extensions>
      </trkpt>
      <trkpt lat="23.20565189234912395477294921875" lon="113.27702413313090801239013671875">
        <ele>14.3999996185302734375</ele>
        <time>2025-04-20T12:24:12.000Z</time>
        <extensions>
          <ns3:TrackPointExtension>
            <ns3:hr>86</ns3:hr>
          </ns3:TrackPointExtension>
        </extensions>
      </trkpt>
      <trkpt lat="23.20565189234912395477294921875" lon="113.27702413313090801239013671875">
        <ele>14.3999996185302734375</ele>
        <time>2025-04-20T12:24:13.000Z</time>
        <extensions>
          <ns3:TrackPointExtension>
            <ns3:hr>85</ns3:hr>
          </ns3:TrackPointExtension>
        </extensions>
      </trkpt>
      <trkpt lat="23.20565189234912395477294921875" lon="113.27702413313090801239013671875">
        <ele>14.3999996185302734375</ele>
        <time>2025-04-20T12:24:14.000Z</time>
        <extensions>
          <ns3:TrackPointExtension>
            <ns3:hr>86</ns3:hr>
          </ns3:TrackPointExtension>
        </extensions>
      </trkpt>
      <trkpt lat="23.20565189234912395477294921875" lon="113.27702413313090801239013671875">
        <ele>14.3999996185302734375</ele>
        <time>2025-04-20T12:24:15.000Z</time>
        <extensions>
          <ns3:TrackPointExtension>
            <ns3:hr>85</ns3:hr>
          </ns3:TrackPointExtension>
        </extensions>
      </trkpt>
      <trkpt lat="23.20565189234912395477294921875" lon="113.27702413313090801239013671875">
        <ele>14.3999996185302734375</ele>
        <time>2025-04-20T12:24:16.000Z</time>
        <extensions>
          <ns3:TrackPointExtension>
            <ns3:hr>84</ns3:hr>
          </ns3:TrackPointExtension>
        </extensions>
      </trkpt>
      <trkpt lat="23.20565189234912395477294921875" lon="113.27702413313090801239013671875">
        <ele>14.3999996185302734375</ele>
        <time>2025-04-20T12:24:17.000Z</time>
        <extensions>
          <ns3:TrackPointExtension>
            <ns3:hr>84</ns3:hr>
          </ns3:TrackPointExtension>
        </extensions>
      </trkpt>
      <trkpt lat="23.20565189234912395477294921875" lon="113.27702413313090801239013671875">
        <ele>14.3999996185302734375</ele>
        <time>2025-04-20T12:24:18.000Z</time>
        <extensions>
          <ns3:TrackPointExtension>
            <ns3:hr>84</ns3:hr>
          </ns3:TrackPointExtension>
        </extensions>
      </trkpt>
      <trkpt lat="23.20565189234912395477294921875" lon="113.27702413313090801239013671875">
        <ele>14.3999996185302734375</ele>
        <time>2025-04-20T12:24:19.000Z</time>
        <extensions>
          <ns3:TrackPointExtension>
            <ns3:hr>84</ns3:hr>
          </ns3:TrackPointExtension>
        </extensions>
      </trkpt>
      <trkpt lat="23.20565189234912395477294921875" lon="113.27702413313090801239013671875">
        <ele>14.3999996185302734375</ele>
        <time>2025-04-20T12:24:20.000Z</time>
        <extensions>
          <ns3:TrackPointExtension>
            <ns3:hr>83</ns3:hr>
          </ns3:TrackPointExtension>
        </extensions>
      </trkpt>
      <trkpt lat="23.20565189234912395477294921875" lon="113.27702413313090801239013671875">
        <ele>14.19999980926513671875</ele>
        <time>2025-04-20T12:24:21.000Z</time>
        <extensions>
          <ns3:TrackPointExtension>
            <ns3:hr>84</ns3:hr>
          </ns3:TrackPointExtension>
        </extensions>
      </trkpt>
      <trkpt lat="23.20565189234912395477294921875" lon="113.27702413313090801239013671875">
        <ele>14.19999980926513671875</ele>
        <time>2025-04-20T12:24:22.000Z</time>
        <extensions>
          <ns3:TrackPointExtension>
            <ns3:hr>83</ns3:hr>
          </ns3:TrackPointExtension>
        </extensions>
      </trkpt>
      <trkpt lat="23.20565189234912395477294921875" lon="113.27702413313090801239013671875">
        <ele>14.19999980926513671875</ele>
        <time>2025-04-20T12:24:23.000Z</time>
        <extensions>
          <ns3:TrackPointExtension>
            <ns3:hr>82</ns3:hr>
          </ns3:TrackPointExtension>
        </extensions>
      </trkpt>
      <trkpt lat="23.20565189234912395477294921875" lon="113.27702413313090801239013671875">
        <ele>14.19999980926513671875</ele>
        <time>2025-04-20T12:24:24.000Z</time>
        <extensions>
          <ns3:TrackPointExtension>
            <ns3:hr>82</ns3:hr>
          </ns3:TrackPointExtension>
        </extensions>
      </trkpt>
      <trkpt lat="23.20565189234912395477294921875" lon="113.27702413313090801239013671875">
        <ele>14.19999980926513671875</ele>
        <time>2025-04-20T12:24:25.000Z</time>
        <extensions>
          <ns3:TrackPointExtension>
            <ns3:hr>82</ns3:hr>
          </ns3:TrackPointExtension>
        </extensions>
      </trkpt>
      <trkpt lat="23.20565189234912395477294921875" lon="113.27702413313090801239013671875">
        <ele>14.19999980926513671875</ele>
        <time>2025-04-20T12:24:26.000Z</time>
        <extensions>
          <ns3:TrackPointExtension>
            <ns3:hr>82</ns3:hr>
          </ns3:TrackPointExtension>
        </extensions>
      </trkpt>
      <trkpt lat="23.20565189234912395477294921875" lon="113.27702413313090801239013671875">
        <ele>14.19999980926513671875</ele>
        <time>2025-04-20T12:24:27.000Z</time>
        <extensions>
          <ns3:TrackPointExtension>
            <ns3:hr>82</ns3:hr>
          </ns3:TrackPointExtension>
        </extensions>
      </trkpt>
      <trkpt lat="23.20565189234912395477294921875" lon="113.27702413313090801239013671875">
        <ele>14.19999980926513671875</ele>
        <time>2025-04-20T12:24:28.000Z</time>
        <extensions>
          <ns3:TrackPointExtension>
            <ns3:hr>82</ns3:hr>
          </ns3:TrackPointExtension>
        </extensions>
      </trkpt>
      <trkpt lat="23.20565189234912395477294921875" lon="113.27702413313090801239013671875">
        <ele>14.19999980926513671875</ele>
        <time>2025-04-20T12:24:29.000Z</time>
        <extensions>
          <ns3:TrackPointExtension>
            <ns3:hr>82</ns3:hr>
          </ns3:TrackPointExtension>
        </extensions>
      </trkpt>
      <trkpt lat="23.20565189234912395477294921875" lon="113.27702413313090801239013671875">
        <ele>14.19999980926513671875</ele>
        <time>2025-04-20T12:24:30.000Z</time>
        <extensions>
          <ns3:TrackPointExtension>
            <ns3:hr>82</ns3:hr>
          </ns3:TrackPointExtension>
        </extensions>
      </trkpt>
      <trkpt lat="23.20565189234912395477294921875" lon="113.27702413313090801239013671875">
        <ele>14.19999980926513671875</ele>
        <time>2025-04-20T12:24:31.000Z</time>
        <extensions>
          <ns3:TrackPointExtension>
            <ns3:hr>82</ns3:hr>
          </ns3:TrackPointExtension>
        </extensions>
      </trkpt>
      <trkpt lat="23.20565189234912395477294921875" lon="113.27702413313090801239013671875">
        <ele>14.19999980926513671875</ele>
        <time>2025-04-20T12:24:32.000Z</time>
        <extensions>
          <ns3:TrackPointExtension>
            <ns3:hr>82</ns3:hr>
          </ns3:TrackPointExtension>
        </extensions>
      </trkpt>
      <trkpt lat="23.20565189234912395477294921875" lon="113.27702413313090801239013671875">
        <ele>14</ele>
        <time>2025-04-20T12:24:33.000Z</time>
        <extensions>
          <ns3:TrackPointExtension>
            <ns3:hr>83</ns3:hr>
          </ns3:TrackPointExtension>
        </extensions>
      </trkpt>
      <trkpt lat="23.20565189234912395477294921875" lon="113.27702413313090801239013671875">
        <ele>14</ele>
        <time>2025-04-20T12:24:34.000Z</time>
        <extensions>
          <ns3:TrackPointExtension>
            <ns3:hr>82</ns3:hr>
          </ns3:TrackPointExtension>
        </extensions>
      </trkpt>
      <trkpt lat="23.20565189234912395477294921875" lon="113.27702413313090801239013671875">
        <ele>14</ele>
        <time>2025-04-20T12:24:35.000Z</time>
        <extensions>
          <ns3:TrackPointExtension>
            <ns3:hr>82</ns3:hr>
          </ns3:TrackPointExtension>
        </extensions>
      </trkpt>
      <trkpt lat="23.20565189234912395477294921875" lon="113.27702413313090801239013671875">
        <ele>14</ele>
        <time>2025-04-20T12:24:36.000Z</time>
        <extensions>
          <ns3:TrackPointExtension>
            <ns3:hr>83</ns3:hr>
          </ns3:TrackPointExtension>
        </extensions>
      </trkpt>
      <trkpt lat="23.20565474219620227813720703125" lon="113.2770240493118762969970703125">
        <ele>13.80000019073486328125</ele>
        <time>2025-04-20T12:24:37.000Z</time>
        <extensions>
          <ns3:TrackPointExtension>
            <ns3:hr>82</ns3:hr>
          </ns3:TrackPointExtension>
        </extensions>
      </trkpt>
      <trkpt lat="23.20565189234912395477294921875" lon="113.27702413313090801239013671875">
        <ele>13.80000019073486328125</ele>
        <time>2025-04-20T12:24:38.000Z</time>
        <extensions>
          <ns3:TrackPointExtension>
            <ns3:hr>82</ns3:hr>
          </ns3:TrackPointExtension>
        </extensions>
      </trkpt>
      <trkpt lat="23.20565608330070972442626953125" lon="113.277024216949939727783203125">
        <ele>13.80000019073486328125</ele>
        <time>2025-04-20T12:24:39.000Z</time>
        <extensions>
          <ns3:TrackPointExtension>
            <ns3:hr>82</ns3:hr>
          </ns3:TrackPointExtension>
        </extensions>
      </trkpt>
      <trkpt lat="23.2056558318436145782470703125" lon="113.2770238816738128662109375">
        <ele>13.80000019073486328125</ele>
        <time>2025-04-20T12:24:40.000Z</time>
        <extensions>
          <ns3:TrackPointExtension>
            <ns3:hr>82</ns3:hr>
          </ns3:TrackPointExtension>
        </extensions>
      </trkpt>
      <trkpt lat="23.20565189234912395477294921875" lon="113.27702413313090801239013671875">
        <ele>13.80000019073486328125</ele>
        <time>2025-04-20T12:24:41.000Z</time>
        <extensions>
          <ns3:TrackPointExtension>
            <ns3:hr>82</ns3:hr>
          </ns3:TrackPointExtension>
        </extensions>
      </trkpt>
      <trkpt lat="23.20565591566264629364013671875" lon="113.2770237140357494354248046875">
        <ele>13.80000019073486328125</ele>
        <time>2025-04-20T12:24:42.000Z</time>
        <extensions>
          <ns3:TrackPointExtension>
            <ns3:hr>82</ns3:hr>
          </ns3:TrackPointExtension>
        </extensions>
      </trkpt>
      <trkpt lat="23.20565625093877315521240234375" lon="113.27702346257865428924560546875">
        <ele>13.80000019073486328125</ele>
        <time>2025-04-20T12:24:43.000Z</time>
        <extensions>
          <ns3:TrackPointExtension>
            <ns3:hr>82</ns3:hr>
          </ns3:TrackPointExtension>
        </extensions>
      </trkpt>
      <trkpt lat="23.20565625093877315521240234375" lon="113.27702346257865428924560546875">
        <ele>13.80000019073486328125</ele>
        <time>2025-04-20T12:24:44.000Z</time>
        <extensions>
          <ns3:TrackPointExtension>
            <ns3:hr>82</ns3:hr>
          </ns3:TrackPointExtension>
        </extensions>
      </trkpt>
      <trkpt lat="23.20565633475780487060546875" lon="113.27702346257865428924560546875">
        <ele>13.80000019073486328125</ele>
        <time>2025-04-20T12:24:45.000Z</time>
        <extensions>
          <ns3:TrackPointExtension>
            <ns3:hr>82</ns3:hr>
          </ns3:TrackPointExtension>
        </extensions>
      </trkpt>
      <trkpt lat="23.20565641857683658599853515625" lon="113.27702346257865428924560546875">
        <ele>13.80000019073486328125</ele>
        <time>2025-04-20T12:24:46.000Z</time>
        <extensions>
          <ns3:TrackPointExtension>
            <ns3:hr>81</ns3:hr>
          </ns3:TrackPointExtension>
        </extensions>
      </trkpt>
      <trkpt lat="23.2056565023958683013916015625" lon="113.27702346257865428924560546875">
        <ele>13.80000019073486328125</ele>
        <time>2025-04-20T12:24:47.000Z</time>
        <extensions>
          <ns3:TrackPointExtension>
            <ns3:hr>82</ns3:hr>
          </ns3:TrackPointExtension>
        </extensions>
      </trkpt>
      <trkpt lat="23.20565658621490001678466796875" lon="113.27702346257865428924560546875">
        <ele>13.80000019073486328125</ele>
        <time>2025-04-20T12:24:48.000Z</time>
        <extensions>
          <ns3:TrackPointExtension>
            <ns3:hr>82</ns3:hr>
          </ns3:TrackPointExtension>
        </extensions>
      </trkpt>
      <trkpt lat="23.20565658621490001678466796875" lon="113.27702346257865428924560546875">
        <ele>13.6000003814697265625</ele>
        <time>2025-04-20T12:24:49.000Z</time>
        <extensions>
          <ns3:TrackPointExtension>
            <ns3:hr>82</ns3:hr>
          </ns3:TrackPointExtension>
        </extensions>
      </trkpt>
      <trkpt lat="23.205656670033931732177734375" lon="113.27702346257865428924560546875">
        <ele>13.6000003814697265625</ele>
        <time>2025-04-20T12:24:50.000Z</time>
        <extensions>
          <ns3:TrackPointExtension>
            <ns3:hr>82</ns3:hr>
          </ns3:TrackPointExtension>
        </extensions>
      </trkpt>
      <trkpt lat="23.205656670033931732177734375" lon="113.27702329494059085845947265625">
        <ele>13.6000003814697265625</ele>
        <time>2025-04-20T12:24:51.000Z</time>
        <extensions>
          <ns3:TrackPointExtension>
            <ns3:hr>81</ns3:hr>
          </ns3:TrackPointExtension>
        </extensions>
      </trkpt>
      <trkpt lat="23.2056578435003757476806640625" lon="113.27702061273157596588134765625">
        <ele>13.6000003814697265625</ele>
        <time>2025-04-20T12:24:52.000Z</time>
        <extensions>
          <ns3:TrackPointExtension>
            <ns3:hr>82</ns3:hr>
          </ns3:TrackPointExtension>
        </extensions>
      </trkpt>
      <trkpt lat="23.20565775968134403228759765625" lon="113.2770203612744808197021484375">
        <ele>13.6000003814697265625</ele>
        <time>2025-04-20T12:24:53.000Z</time>
        <extensions>
          <ns3:TrackPointExtension>
            <ns3:hr>82</ns3:hr>
          </ns3:TrackPointExtension>
        </extensions>
      </trkpt>
      <trkpt lat="23.20565641857683658599853515625" lon="113.27701524831354618072509765625">
        <ele>13.6000003814697265625</ele>
        <time>2025-04-20T12:24:54.000Z</time>
        <extensions>
          <ns3:TrackPointExtension>
            <ns3:hr>82</ns3:hr>
          </ns3:TrackPointExtension>
        </extensions>
      </trkpt>
      <trkpt lat="23.2056561671197414398193359375" lon="113.27701273374259471893310546875">
        <ele>13.80000019073486328125</ele>
        <time>2025-04-20T12:24:55.000Z</time>
        <extensions>
          <ns3:TrackPointExtension>
            <ns3:hr>82</ns3:hr>
          </ns3:TrackPointExtension>
        </extensions>
      </trkpt>
      <trkpt lat="23.20565633475780487060546875" lon="113.27701256610453128814697265625">
        <ele>13.80000019073486328125</ele>
        <time>2025-04-20T12:24:56.000Z</time>
        <extensions>
          <ns3:TrackPointExtension>
            <ns3:hr>82</ns3:hr>
          </ns3:TrackPointExtension>
        </extensions>
      </trkpt>
      <trkpt lat="23.2056595198810100555419921875" lon="113.27699898742139339447021484375">
        <ele>14</ele>
        <time>2025-04-20T12:24:57.000Z</time>
        <extensions>
          <ns3:TrackPointExtension>
            <ns3:hr>82</ns3:hr>
          </ns3:TrackPointExtension>
        </extensions>
      </trkpt>
      <trkpt lat="23.2056642137467861175537109375" lon="113.27699144370853900909423828125">
        <ele>14</ele>
        <time>2025-04-20T12:24:58.000Z</time>
        <extensions>
          <ns3:TrackPointExtension>
            <ns3:hr>82</ns3:hr>
          </ns3:TrackPointExtension>
        </extensions>
      </trkpt>
      <trkpt lat="23.2056752778589725494384765625" lon="113.27697627246379852294921875">
        <ele>14</ele>
        <time>2025-04-20T12:24:59.000Z</time>
        <extensions>
          <ns3:TrackPointExtension>
            <ns3:hr>81</ns3:hr>
          </ns3:TrackPointExtension>
        </extensions>
      </trkpt>
      <trkpt lat="23.2056886889040470123291015625" lon="113.27695883810520172119140625">
        <ele>14</ele>
        <time>2025-04-20T12:25:00.000Z</time>
        <extensions>
          <ns3:TrackPointExtension>
            <ns3:hr>82</ns3:hr>
          </ns3:TrackPointExtension>
        </extensions>
      </trkpt>
      <trkpt lat="23.20570327341556549072265625" lon="113.2769362069666385650634765625">
        <ele>14</ele>
        <time>2025-04-20T12:25:01.000Z</time>
        <extensions>
          <ns3:TrackPointExtension>
            <ns3:hr>82</ns3:hr>
          </ns3:TrackPointExtension>
        </extensions>
      </trkpt>
      <trkpt lat="23.20572330616414546966552734375" lon="113.2769107259809970855712890625">
        <ele>14</ele>
        <time>2025-04-20T12:25:02.000Z</time>
        <extensions>
          <ns3:TrackPointExtension>
            <ns3:hr>82</ns3:hr>
          </ns3:TrackPointExtension>
        </extensions>
      </trkpt>
      <trkpt lat="23.20574342273175716400146484375" lon="113.27688641846179962158203125">
        <ele>14</ele>
        <time>2025-04-20T12:25:03.000Z</time>
        <extensions>
          <ns3:TrackPointExtension>
            <ns3:hr>82</ns3:hr>
          </ns3:TrackPointExtension>
        </extensions>
      </trkpt>
      <trkpt lat="23.20576068945229053497314453125" lon="113.2768597640097141265869140625">
        <ele>14</ele>
        <time>2025-04-20T12:25:04.000Z</time>
        <extensions>
          <ns3:TrackPointExtension>
            <ns3:hr>83</ns3:hr>
          </ns3:TrackPointExtension>
        </extensions>
      </trkpt>
      <trkpt lat="23.20577544160187244415283203125" lon="113.27683185227215290069580078125">
        <ele>14</ele>
        <time>2025-04-20T12:25:05.000Z</time>
        <extensions>
          <ns3:TrackPointExtension>
            <ns3:hr>85</ns3:hr>
          </ns3:TrackPointExtension>
        </extensions>
      </trkpt>
      <trkpt lat="23.2057896070182323455810546875" lon="113.2767999172210693359375">
        <ele>14</ele>
        <time>2025-04-20T12:25:06.000Z</time>
        <extensions>
          <ns3:TrackPointExtension>
            <ns3:hr>86</ns3:hr>
          </ns3:TrackPointExtension>
        </extensions>
      </trkpt>
      <trkpt lat="23.20580578409135341644287109375" lon="113.27677217312157154083251953125">
        <ele>14</ele>
        <time>2025-04-20T12:25:07.000Z</time>
        <extensions>
          <ns3:TrackPointExtension>
            <ns3:hr>87</ns3:hr>
          </ns3:TrackPointExtension>
        </extensions>
      </trkpt>
      <trkpt lat="23.205820284783840179443359375" lon="113.27674065716564655303955078125">
        <ele>14</ele>
        <time>2025-04-20T12:25:08.000Z</time>
        <extensions>
          <ns3:TrackPointExtension>
            <ns3:hr>88</ns3:hr>
          </ns3:TrackPointExtension>
        </extensions>
      </trkpt>
      <trkpt lat="23.2058378867805004119873046875" lon="113.27671115286648273468017578125">
        <ele>14.19999980926513671875</ele>
        <time>2025-04-20T12:25:09.000Z</time>
        <extensions>
          <ns3:TrackPointExtension>
            <ns3:hr>89</ns3:hr>
          </ns3:TrackPointExtension>
        </extensions>
      </trkpt>
      <trkpt lat="23.2058526389300823211669921875" lon="113.27668081037700176239013671875">
        <ele>14.19999980926513671875</ele>
        <time>2025-04-20T12:25:10.000Z</time>
        <extensions>
          <ns3:TrackPointExtension>
            <ns3:hr>90</ns3:hr>
          </ns3:TrackPointExtension>
        </extensions>
      </trkpt>
      <trkpt lat="23.20586864836513996124267578125" lon="113.2766505517065525054931640625">
        <ele>14.19999980926513671875</ele>
        <time>2025-04-20T12:25:11.000Z</time>
        <extensions>
          <ns3:TrackPointExtension>
            <ns3:hr>91</ns3:hr>
          </ns3:TrackPointExtension>
        </extensions>
      </trkpt>
      <trkpt lat="23.20588138885796070098876953125" lon="113.27662280760705471038818359375">
        <ele>14.3999996185302734375</ele>
        <time>2025-04-20T12:25:12.000Z</time>
        <extensions>
          <ns3:TrackPointExtension>
            <ns3:hr>91</ns3:hr>
          </ns3:TrackPointExtension>
        </extensions>
      </trkpt>
      <trkpt lat="23.20589077658951282501220703125" lon="113.2765962369740009307861328125">
        <ele>14.3999996185302734375</ele>
        <time>2025-04-20T12:25:13.000Z</time>
        <extensions>
          <ns3:TrackPointExtension>
            <ns3:hr>92</ns3:hr>
          </ns3:TrackPointExtension>
        </extensions>
      </trkpt>
      <trkpt lat="23.205898739397525787353515625" lon="113.276572935283184051513671875">
        <ele>14.3999996185302734375</ele>
        <time>2025-04-20T12:25:14.000Z</time>
        <extensions>
          <ns3:TrackPointExtension>
            <ns3:hr>92</ns3:hr>
          </ns3:TrackPointExtension>
        </extensions>
      </trkpt>
      <trkpt lat="23.20590888150036334991455078125" lon="113.27654980123043060302734375">
        <ele>14.3999996185302734375</ele>
        <time>2025-04-20T12:25:15.000Z</time>
        <extensions>
          <ns3:TrackPointExtension>
            <ns3:hr>93</ns3:hr>
          </ns3:TrackPointExtension>
        </extensions>
      </trkpt>
      <trkpt lat="23.205917179584503173828125" lon="113.2765295170247554779052734375">
        <ele>14.3999996185302734375</ele>
        <time>2025-04-20T12:25:16.000Z</time>
        <extensions>
          <ns3:TrackPointExtension>
            <ns3:hr>93</ns3:hr>
          </ns3:TrackPointExtension>
        </extensions>
      </trkpt>
      <trkpt lat="23.20592455565929412841796875" lon="113.27650780789554119110107421875">
        <ele>14.3999996185302734375</ele>
        <time>2025-04-20T12:25:17.000Z</time>
        <extensions>
          <ns3:TrackPointExtension>
            <ns3:hr>93</ns3:hr>
          </ns3:TrackPointExtension>
        </extensions>
      </trkpt>
      <trkpt lat="23.2059320993721485137939453125" lon="113.2764832489192485809326171875">
        <ele>14.3999996185302734375</ele>
        <time>2025-04-20T12:25:18.000Z</time>
        <extensions>
          <ns3:TrackPointExtension>
            <ns3:hr>93</ns3:hr>
          </ns3:TrackPointExtension>
        </extensions>
      </trkpt>
      <trkpt lat="23.20594324730336666107177734375" lon="113.27645885758101940155029296875">
        <ele>14.3999996185302734375</ele>
        <time>2025-04-20T12:25:19.000Z</time>
        <extensions>
          <ns3:TrackPointExtension>
            <ns3:hr>93</ns3:hr>
          </ns3:TrackPointExtension>
        </extensions>
      </trkpt>
      <trkpt lat="23.2059560716152191162109375" lon="113.27642935328185558319091796875">
        <ele>14.3999996185302734375</ele>
        <time>2025-04-20T12:25:20.000Z</time>
        <extensions>
          <ns3:TrackPointExtension>
            <ns3:hr>93</ns3:hr>
          </ns3:TrackPointExtension>
        </extensions>
      </trkpt>
      <trkpt lat="23.20597040466964244842529296875" lon="113.27640496194362640380859375">
        <ele>14.3999996185302734375</ele>
        <time>2025-04-20T12:25:21.000Z</time>
        <extensions>
          <ns3:TrackPointExtension>
            <ns3:hr>93</ns3:hr>
          </ns3:TrackPointExtension>
        </extensions>
      </trkpt>
      <trkpt lat="23.20598180405795574188232421875" lon="113.27637948095798492431640625">
        <ele>14.6000003814697265625</ele>
        <time>2025-04-20T12:25:22.000Z</time>
        <extensions>
          <ns3:TrackPointExtension>
            <ns3:hr>94</ns3:hr>
          </ns3:TrackPointExtension>
        </extensions>
      </trkpt>
      <trkpt lat="23.2059954665601253509521484375" lon="113.2763531617820262908935546875">
        <ele>14.6000003814697265625</ele>
        <time>2025-04-20T12:25:23.000Z</time>
        <extensions>
          <ns3:TrackPointExtension>
            <ns3:hr>94</ns3:hr>
          </ns3:TrackPointExtension>
        </extensions>
      </trkpt>
      <trkpt lat="23.20601164363324642181396484375" lon="113.27632407657802104949951171875">
        <ele>14.6000003814697265625</ele>
        <time>2025-04-20T12:25:24.000Z</time>
        <extensions>
          <ns3:TrackPointExtension>
            <ns3:hr>95</ns3:hr>
          </ns3:TrackPointExtension>
        </extensions>
      </trkpt>
      <trkpt lat="23.20602706633508205413818359375" lon="113.276298008859157562255859375">
        <ele>14.6000003814697265625</ele>
        <time>2025-04-20T12:25:25.000Z</time>
        <extensions>
          <ns3:TrackPointExtension>
            <ns3:hr>95</ns3:hr>
          </ns3:TrackPointExtension>
        </extensions>
      </trkpt>
      <trkpt lat="23.20604265667498111724853515625" lon="113.27627311460673809051513671875">
        <ele>14.6000003814697265625</ele>
        <time>2025-04-20T12:25:26.000Z</time>
        <extensions>
          <ns3:TrackPointExtension>
            <ns3:hr>95</ns3:hr>
          </ns3:TrackPointExtension>
        </extensions>
      </trkpt>
      <trkpt lat="23.20606059394776821136474609375" lon="113.2762482203543186187744140625">
        <ele>14.6000003814697265625</ele>
        <time>2025-04-20T12:25:27.000Z</time>
        <extensions>
          <ns3:TrackPointExtension>
            <ns3:hr>95</ns3:hr>
          </ns3:TrackPointExtension>
        </extensions>
      </trkpt>
      <trkpt lat="23.2060776092112064361572265625" lon="113.27621544711291790008544921875">
        <ele>14.6000003814697265625</ele>
        <time>2025-04-20T12:25:28.000Z</time>
        <extensions>
          <ns3:TrackPointExtension>
            <ns3:hr>95</ns3:hr>
          </ns3:TrackPointExtension>
        </extensions>
      </trkpt>
      <trkpt lat="23.2060896791517734527587890625" lon="113.276184685528278350830078125">
        <ele>14.6000003814697265625</ele>
        <time>2025-04-20T12:25:29.000Z</time>
        <extensions>
          <ns3:TrackPointExtension>
            <ns3:hr>96</ns3:hr>
          </ns3:TrackPointExtension>
        </extensions>
      </trkpt>
      <trkpt lat="23.2061017490923404693603515625" lon="113.2761536724865436553955078125">
        <ele>14.6000003814697265625</ele>
        <time>2025-04-20T12:25:30.000Z</time>
        <extensions>
          <ns3:TrackPointExtension>
            <ns3:hr>96</ns3:hr>
          </ns3:TrackPointExtension>
        </extensions>
      </trkpt>
      <trkpt lat="23.206115327775478363037109375" lon="113.27612332999706268310546875">
        <ele>14.6000003814697265625</ele>
        <time>2025-04-20T12:25:31.000Z</time>
        <extensions>
          <ns3:TrackPointExtension>
            <ns3:hr>96</ns3:hr>
          </ns3:TrackPointExtension>
        </extensions>
      </trkpt>
      <trkpt lat="23.2061248831450939178466796875" lon="113.2760943286120891571044921875">
        <ele>14.6000003814697265625</ele>
        <time>2025-04-20T12:25:32.000Z</time>
        <extensions>
          <ns3:TrackPointExtension>
            <ns3:hr>97</ns3:hr>
          </ns3:TrackPointExtension>
        </extensions>
      </trkpt>
      <trkpt lat="23.2061379589140415191650390625" lon="113.27606306411325931549072265625">
        <ele>14.6000003814697265625</ele>
        <time>2025-04-20T12:25:33.000Z</time>
        <extensions>
          <ns3:TrackPointExtension>
            <ns3:hr>97</ns3:hr>
          </ns3:TrackPointExtension>
        </extensions>
      </trkpt>
      <trkpt lat="23.20615095086395740509033203125" lon="113.27603221870958805084228515625">
        <ele>14.6000003814697265625</ele>
        <time>2025-04-20T12:25:34.000Z</time>
        <extensions>
          <ns3:TrackPointExtension>
            <ns3:hr>98</ns3:hr>
          </ns3:TrackPointExtension>
        </extensions>
      </trkpt>
      <trkpt lat="23.2061620987951755523681640625" lon="113.2759984396398067474365234375">
        <ele>14.6000003814697265625</ele>
        <time>2025-04-20T12:25:35.000Z</time>
        <extensions>
          <ns3:TrackPointExtension>
            <ns3:hr>98</ns3:hr>
          </ns3:TrackPointExtension>
        </extensions>
      </trkpt>
      <trkpt lat="23.20617207325994968414306640625" lon="113.2759670913219451904296875">
        <ele>14.6000003814697265625</ele>
        <time>2025-04-20T12:25:36.000Z</time>
        <extensions>
          <ns3:TrackPointExtension>
            <ns3:hr>98</ns3:hr>
          </ns3:TrackPointExtension>
        </extensions>
      </trkpt>
      <trkpt lat="23.20618213154375553131103515625" lon="113.27593289315700531005859375">
        <ele>14.6000003814697265625</ele>
        <time>2025-04-20T12:25:37.000Z</time>
        <extensions>
          <ns3:TrackPointExtension>
            <ns3:hr>99</ns3:hr>
          </ns3:TrackPointExtension>
        </extensions>
      </trkpt>
      <trkpt lat="23.20619336329400539398193359375" lon="113.27590229921042919158935546875">
        <ele>14.6000003814697265625</ele>
        <time>2025-04-20T12:25:38.000Z</time>
        <extensions>
          <ns3:TrackPointExtension>
            <ns3:hr>99</ns3:hr>
          </ns3:TrackPointExtension>
        </extensions>
      </trkpt>
      <trkpt lat="23.20621130056679248809814453125" lon="113.2758800871670246124267578125">
        <ele>14.6000003814697265625</ele>
        <time>2025-04-20T12:25:39.000Z</time>
        <extensions>
          <ns3:TrackPointExtension>
            <ns3:hr>100</ns3:hr>
          </ns3:TrackPointExtension>
        </extensions>
      </trkpt>
      <trkpt lat="23.206224627792835235595703125" lon="113.27584714628756046295166015625">
        <ele>14.6000003814697265625</ele>
        <time>2025-04-20T12:25:40.000Z</time>
        <extensions>
          <ns3:TrackPointExtension>
            <ns3:hr>100</ns3:hr>
          </ns3:TrackPointExtension>
        </extensions>
      </trkpt>
      <trkpt lat="23.206238709390163421630859375" lon="113.275811187922954559326171875">
        <ele>14.6000003814697265625</ele>
        <time>2025-04-20T12:25:41.000Z</time>
        <extensions>
          <ns3:TrackPointExtension>
            <ns3:hr>101</ns3:hr>
          </ns3:TrackPointExtension>
        </extensions>
      </trkpt>
      <trkpt lat="23.20624901913106441497802734375" lon="113.2757744751870632171630859375">
        <ele>14.3999996185302734375</ele>
        <time>2025-04-20T12:25:42.000Z</time>
        <extensions>
          <ns3:TrackPointExtension>
            <ns3:hr>101</ns3:hr>
          </ns3:TrackPointExtension>
        </extensions>
      </trkpt>
      <trkpt lat="23.20626159198582172393798828125" lon="113.27574111521244049072265625">
        <ele>14.3999996185302734375</ele>
        <time>2025-04-20T12:25:43.000Z</time>
        <extensions>
          <ns3:TrackPointExtension>
            <ns3:hr>101</ns3:hr>
          </ns3:TrackPointExtension>
        </extensions>
      </trkpt>
      <trkpt lat="23.20627232082188129425048828125" lon="113.27570498920977115631103515625">
        <ele>14.3999996185302734375</ele>
        <time>2025-04-20T12:25:44.000Z</time>
        <extensions>
          <ns3:TrackPointExtension>
            <ns3:hr>102</ns3:hr>
          </ns3:TrackPointExtension>
        </extensions>
      </trkpt>
      <trkpt lat="23.2062827982008457183837890625" lon="113.275669030845165252685546875">
        <ele>14.3999996185302734375</ele>
        <time>2025-04-20T12:25:45.000Z</time>
        <extensions>
          <ns3:TrackPointExtension>
            <ns3:hr>102</ns3:hr>
          </ns3:TrackPointExtension>
        </extensions>
      </trkpt>
      <trkpt lat="23.2062982209026813507080078125" lon="113.2756398618221282958984375">
        <ele>14.3999996185302734375</ele>
        <time>2025-04-20T12:25:46.000Z</time>
        <extensions>
          <ns3:TrackPointExtension>
            <ns3:hr>102</ns3:hr>
          </ns3:TrackPointExtension>
        </extensions>
      </trkpt>
      <trkpt lat="23.2063123025000095367431640625" lon="113.2756031490862369537353515625">
        <ele>14.3999996185302734375</ele>
        <time>2025-04-20T12:25:47.000Z</time>
        <extensions>
          <ns3:TrackPointExtension>
            <ns3:hr>102</ns3:hr>
          </ns3:TrackPointExtension>
        </extensions>
      </trkpt>
      <trkpt lat="23.206325881183147430419921875" lon="113.2755669392645359039306640625">
        <ele>14.19999980926513671875</ele>
        <time>2025-04-20T12:25:48.000Z</time>
        <extensions>
          <ns3:TrackPointExtension>
            <ns3:hr>102</ns3:hr>
          </ns3:TrackPointExtension>
        </extensions>
      </trkpt>
      <trkpt lat="23.2063394598662853240966796875" lon="113.2755324058234691619873046875">
        <ele>14.3999996185302734375</ele>
        <time>2025-04-20T12:25:49.000Z</time>
        <extensions>
          <ns3:TrackPointExtension>
            <ns3:hr>102</ns3:hr>
          </ns3:TrackPointExtension>
        </extensions>
      </trkpt>
      <trkpt lat="23.20635077543556690216064453125" lon="113.27549569308757781982421875">
        <ele>14.3999996185302734375</ele>
        <time>2025-04-20T12:25:50.000Z</time>
        <extensions>
          <ns3:TrackPointExtension>
            <ns3:hr>102</ns3:hr>
          </ns3:TrackPointExtension>
        </extensions>
      </trkpt>
      <trkpt lat="23.20636318065226078033447265625" lon="113.2754576392471790313720703125">
        <ele>14.3999996185302734375</ele>
        <time>2025-04-20T12:25:51.000Z</time>
        <extensions>
          <ns3:TrackPointExtension>
            <ns3:hr>102</ns3:hr>
          </ns3:TrackPointExtension>
        </extensions>
      </trkpt>
      <trkpt lat="23.206370137631893157958984375" lon="113.2754226028919219970703125">
        <ele>14.3999996185302734375</ele>
        <time>2025-04-20T12:25:52.000Z</time>
        <extensions>
          <ns3:TrackPointExtension>
            <ns3:hr>102</ns3:hr>
          </ns3:TrackPointExtension>
        </extensions>
      </trkpt>
      <trkpt lat="23.20638229139149188995361328125" lon="113.27538547106087207794189453125">
        <ele>14.6000003814697265625</ele>
        <time>2025-04-20T12:25:53.000Z</time>
        <extensions>
          <ns3:TrackPointExtension>
            <ns3:hr>101</ns3:hr>
          </ns3:TrackPointExtension>
        </extensions>
      </trkpt>
      <trkpt lat="23.20639419369399547576904296875" lon="113.27535110525786876678466796875">
        <ele>14.6000003814697265625</ele>
        <time>2025-04-20T12:25:54.000Z</time>
        <extensions>
          <ns3:TrackPointExtension>
            <ns3:hr>101</ns3:hr>
          </ns3:TrackPointExtension>
        </extensions>
      </trkpt>
      <trkpt lat="23.20640332996845245361328125" lon="113.27531070448458194732666015625">
        <ele>14.6000003814697265625</ele>
        <time>2025-04-20T12:25:55.000Z</time>
        <extensions>
          <ns3:TrackPointExtension>
            <ns3:hr>100</ns3:hr>
          </ns3:TrackPointExtension>
        </extensions>
      </trkpt>
      <trkpt lat="23.2064145617187023162841796875" lon="113.2752648554742336273193359375">
        <ele>14.6000003814697265625</ele>
        <time>2025-04-20T12:25:56.000Z</time>
        <extensions>
          <ns3:TrackPointExtension>
            <ns3:hr>100</ns3:hr>
          </ns3:TrackPointExtension>
        </extensions>
      </trkpt>
      <trkpt lat="23.2064246200025081634521484375" lon="113.2752229459583759307861328125">
        <ele>14.6000003814697265625</ele>
        <time>2025-04-20T12:25:57.000Z</time>
        <extensions>
          <ns3:TrackPointExtension>
            <ns3:hr>100</ns3:hr>
          </ns3:TrackPointExtension>
        </extensions>
      </trkpt>
      <trkpt lat="23.20643627084791660308837890625" lon="113.27517860569059848785400390625">
        <ele>14.3999996185302734375</ele>
        <time>2025-04-20T12:25:58.000Z</time>
        <extensions>
          <ns3:TrackPointExtension>
            <ns3:hr>100</ns3:hr>
          </ns3:TrackPointExtension>
        </extensions>
      </trkpt>
      <trkpt lat="23.20644783787429332733154296875" lon="113.27513518743216991424560546875">
        <ele>14.6000003814697265625</ele>
        <time>2025-04-20T12:25:59.000Z</time>
        <extensions>
          <ns3:TrackPointExtension>
            <ns3:hr>100</ns3:hr>
          </ns3:TrackPointExtension>
        </extensions>
      </trkpt>
      <trkpt lat="23.20646108128130435943603515625" lon="113.275089003145694732666015625">
        <ele>14.3999996185302734375</ele>
        <time>2025-04-20T12:26:00.000Z</time>
        <extensions>
          <ns3:TrackPointExtension>
            <ns3:hr>102</ns3:hr>
          </ns3:TrackPointExtension>
        </extensions>
      </trkpt>
      <trkpt lat="23.206474073231220245361328125" lon="113.275044746696949005126953125">
        <ele>14.19999980926513671875</ele>
        <time>2025-04-20T12:26:01.000Z</time>
        <extensions>
          <ns3:TrackPointExtension>
            <ns3:hr>103</ns3:hr>
          </ns3:TrackPointExtension>
        </extensions>
      </trkpt>
      <trkpt lat="23.20648773573338985443115234375" lon="113.27500124461948871612548828125">
        <ele>14.19999980926513671875</ele>
        <time>2025-04-20T12:26:02.000Z</time>
        <extensions>
          <ns3:TrackPointExtension>
            <ns3:hr>103</ns3:hr>
          </ns3:TrackPointExtension>
        </extensions>
      </trkpt>
      <trkpt lat="23.206502906978130340576171875" lon="113.27495983801782131195068359375">
        <ele>14.19999980926513671875</ele>
        <time>2025-04-20T12:26:03.000Z</time>
        <extensions>
          <ns3:TrackPointExtension>
            <ns3:hr>103</ns3:hr>
          </ns3:TrackPointExtension>
        </extensions>
      </trkpt>
      <trkpt lat="23.206518329679965972900390625" lon="113.27491859905421733856201171875">
        <ele>14.19999980926513671875</ele>
        <time>2025-04-20T12:26:04.000Z</time>
        <extensions>
          <ns3:TrackPointExtension>
            <ns3:hr>102</ns3:hr>
          </ns3:TrackPointExtension>
        </extensions>
      </trkpt>
      <trkpt lat="23.2065255381166934967041015625" lon="113.274876773357391357421875">
        <ele>14.19999980926513671875</ele>
        <time>2025-04-20T12:26:05.000Z</time>
        <extensions>
          <ns3:TrackPointExtension>
            <ns3:hr>102</ns3:hr>
          </ns3:TrackPointExtension>
        </extensions>
      </trkpt>
      <trkpt lat="23.20653718896210193634033203125" lon="113.2748357020318508148193359375">
        <ele>14.19999980926513671875</ele>
        <time>2025-04-20T12:26:06.000Z</time>
        <extensions>
          <ns3:TrackPointExtension>
            <ns3:hr>101</ns3:hr>
          </ns3:TrackPointExtension>
        </extensions>
      </trkpt>
      <trkpt lat="23.20654992945492267608642578125" lon="113.2747944630682468414306640625">
        <ele>14</ele>
        <time>2025-04-20T12:26:07.000Z</time>
        <extensions>
          <ns3:TrackPointExtension>
            <ns3:hr>102</ns3:hr>
          </ns3:TrackPointExtension>
        </extensions>
      </trkpt>
      <trkpt lat="23.20656049065291881561279296875" lon="113.274752385914325714111328125">
        <ele>14.19999980926513671875</ele>
        <time>2025-04-20T12:26:08.000Z</time>
        <extensions>
          <ns3:TrackPointExtension>
            <ns3:hr>103</ns3:hr>
          </ns3:TrackPointExtension>
        </extensions>
      </trkpt>
      <trkpt lat="23.2065701298415660858154296875" lon="113.27471248805522918701171875">
        <ele>14.19999980926513671875</ele>
        <time>2025-04-20T12:26:09.000Z</time>
        <extensions>
          <ns3:TrackPointExtension>
            <ns3:hr>103</ns3:hr>
          </ns3:TrackPointExtension>
        </extensions>
      </trkpt>
      <trkpt lat="23.20657960139214992523193359375" lon="113.27467401511967182159423828125">
        <ele>14.19999980926513671875</ele>
        <time>2025-04-20T12:26:10.000Z</time>
        <extensions>
          <ns3:TrackPointExtension>
            <ns3:hr>104</ns3:hr>
          </ns3:TrackPointExtension>
        </extensions>
      </trkpt>
      <trkpt lat="23.2065904140472412109375" lon="113.27463227324187755584716796875">
        <ele>14.19999980926513671875</ele>
        <time>2025-04-20T12:26:11.000Z</time>
        <extensions>
          <ns3:TrackPointExtension>
            <ns3:hr>105</ns3:hr>
          </ns3:TrackPointExtension>
        </extensions>
      </trkpt>
      <trkpt lat="23.20659737102687358856201171875" lon="113.27459539286792278289794921875">
        <ele>14.19999980926513671875</ele>
        <time>2025-04-20T12:26:12.000Z</time>
        <extensions>
          <ns3:TrackPointExtension>
            <ns3:hr>105</ns3:hr>
          </ns3:TrackPointExtension>
        </extensions>
      </trkpt>
      <trkpt lat="23.2065989635884761810302734375" lon="113.274563960731029510498046875">
        <ele>14.19999980926513671875</ele>
        <time>2025-04-20T12:26:13.000Z</time>
        <extensions>
          <ns3:TrackPointExtension>
            <ns3:hr>106</ns3:hr>
          </ns3:TrackPointExtension>
        </extensions>
      </trkpt>
      <trkpt lat="23.2065966166555881500244140625" lon="113.2745359651744365692138671875">
        <ele>14.19999980926513671875</ele>
        <time>2025-04-20T12:26:14.000Z</time>
        <extensions>
          <ns3:TrackPointExtension>
            <ns3:hr>106</ns3:hr>
          </ns3:TrackPointExtension>
        </extensions>
      </trkpt>
      <trkpt lat="23.2066006399691104888916015625" lon="113.27451266348361968994140625">
        <ele>14.19999980926513671875</ele>
        <time>2025-04-20T12:26:15.000Z</time>
        <extensions>
          <ns3:TrackPointExtension>
            <ns3:hr>107</ns3:hr>
          </ns3:TrackPointExtension>
        </extensions>
      </trkpt>
      <trkpt lat="23.2066029869019985198974609375" lon="113.274498917162418365478515625">
        <ele>14.19999980926513671875</ele>
        <time>2025-04-20T12:26:16.000Z</time>
        <extensions>
          <ns3:TrackPointExtension>
            <ns3:hr>107</ns3:hr>
          </ns3:TrackPointExtension>
        </extensions>
      </trkpt>
      <trkpt lat="23.20659485645592212677001953125" lon="113.2744839973747730255126953125">
        <ele>14.19999980926513671875</ele>
        <time>2025-04-20T12:26:17.000Z</time>
        <extensions>
          <ns3:TrackPointExtension>
            <ns3:hr>107</ns3:hr>
          </ns3:TrackPointExtension>
        </extensions>
      </trkpt>
      <trkpt lat="23.206582702696323394775390625" lon="113.2744668982923030853271484375">
        <ele>14.19999980926513671875</ele>
        <time>2025-04-20T12:26:18.000Z</time>
        <extensions>
          <ns3:TrackPointExtension>
            <ns3:hr>106</ns3:hr>
          </ns3:TrackPointExtension>
        </extensions>
      </trkpt>
      <trkpt lat="23.20657473988831043243408203125" lon="113.27444971539080142974853515625">
        <ele>14.19999980926513671875</ele>
        <time>2025-04-20T12:26:19.000Z</time>
        <extensions>
          <ns3:TrackPointExtension>
            <ns3:hr>107</ns3:hr>
          </ns3:TrackPointExtension>
        </extensions>
      </trkpt>
      <trkpt lat="23.20657876320183277130126953125" lon="113.274431526660919189453125">
        <ele>14.19999980926513671875</ele>
        <time>2025-04-20T12:26:20.000Z</time>
        <extensions>
          <ns3:TrackPointExtension>
            <ns3:hr>107</ns3:hr>
          </ns3:TrackPointExtension>
        </extensions>
      </trkpt>
      <trkpt lat="23.20657876320183277130126953125" lon="113.274431526660919189453125">
        <ele>14</ele>
        <time>2025-04-20T12:26:21.000Z</time>
        <extensions>
          <ns3:TrackPointExtension>
            <ns3:hr>107</ns3:hr>
          </ns3:TrackPointExtension>
        </extensions>
      </trkpt>
      <trkpt lat="23.2065818645060062408447265625" lon="113.2743988372385501861572265625">
        <ele>14</ele>
        <time>2025-04-20T12:26:22.000Z</time>
        <extensions>
          <ns3:TrackPointExtension>
            <ns3:hr>108</ns3:hr>
          </ns3:TrackPointExtension>
        </extensions>
      </trkpt>
      <trkpt lat="23.20659535937011241912841796875" lon="113.2743847556412220001220703125">
        <ele>14</ele>
        <time>2025-04-20T12:26:23.000Z</time>
        <extensions>
          <ns3:TrackPointExtension>
            <ns3:hr>108</ns3:hr>
          </ns3:TrackPointExtension>
        </extensions>
      </trkpt>
      <trkpt lat="23.206614218652248382568359375" lon="113.27437930740416049957275390625">
        <ele>13.80000019073486328125</ele>
        <time>2025-04-20T12:26:24.000Z</time>
        <extensions>
          <ns3:TrackPointExtension>
            <ns3:hr>108</ns3:hr>
          </ns3:TrackPointExtension>
        </extensions>
      </trkpt>
      <trkpt lat="23.2066291384398937225341796875" lon="113.2743777148425579071044921875">
        <ele>13.80000019073486328125</ele>
        <time>2025-04-20T12:26:25.000Z</time>
        <extensions>
          <ns3:TrackPointExtension>
            <ns3:hr>107</ns3:hr>
          </ns3:TrackPointExtension>
        </extensions>
      </trkpt>
      <trkpt lat="23.2066291384398937225341796875" lon="113.2743777148425579071044921875">
        <ele>13.80000019073486328125</ele>
        <time>2025-04-20T12:26:26.000Z</time>
        <extensions>
          <ns3:TrackPointExtension>
            <ns3:hr>107</ns3:hr>
          </ns3:TrackPointExtension>
        </extensions>
      </trkpt>
      <trkpt lat="23.206653781235218048095703125" lon="113.274370841681957244873046875">
        <ele>13.80000019073486328125</ele>
        <time>2025-04-20T12:26:27.000Z</time>
        <extensions>
          <ns3:TrackPointExtension>
            <ns3:hr>107</ns3:hr>
          </ns3:TrackPointExtension>
        </extensions>
      </trkpt>
      <trkpt lat="23.20665973238646984100341796875" lon="113.27436790801584720611572265625">
        <ele>13.6000003814697265625</ele>
        <time>2025-04-20T12:26:28.000Z</time>
        <extensions>
          <ns3:TrackPointExtension>
            <ns3:hr>107</ns3:hr>
          </ns3:TrackPointExtension>
        </extensions>
      </trkpt>
      <trkpt lat="23.20665973238646984100341796875" lon="113.27436790801584720611572265625">
        <ele>13.6000003814697265625</ele>
        <time>2025-04-20T12:26:29.000Z</time>
        <extensions>
          <ns3:TrackPointExtension>
            <ns3:hr>107</ns3:hr>
          </ns3:TrackPointExtension>
        </extensions>
      </trkpt>
      <trkpt lat="23.20665973238646984100341796875" lon="113.27436790801584720611572265625">
        <ele>13.6000003814697265625</ele>
        <time>2025-04-20T12:26:30.000Z</time>
        <extensions>
          <ns3:TrackPointExtension>
            <ns3:hr>107</ns3:hr>
          </ns3:TrackPointExtension>
        </extensions>
      </trkpt>
      <trkpt lat="23.20665973238646984100341796875" lon="113.27436790801584720611572265625">
        <ele>13.3999996185302734375</ele>
        <time>2025-04-20T12:26:31.000Z</time>
        <extensions>
          <ns3:TrackPointExtension>
            <ns3:hr>107</ns3:hr>
          </ns3:TrackPointExtension>
        </extensions>
      </trkpt>
      <trkpt lat="23.20665973238646984100341796875" lon="113.27436790801584720611572265625">
        <ele>13.3999996185302734375</ele>
        <time>2025-04-20T12:26:32.000Z</time>
        <extensions>
          <ns3:TrackPointExtension>
            <ns3:hr>107</ns3:hr>
          </ns3:TrackPointExtension>
        </extensions>
      </trkpt>
      <trkpt lat="23.20665973238646984100341796875" lon="113.27436790801584720611572265625">
        <ele>13.3999996185302734375</ele>
        <time>2025-04-20T12:26:33.000Z</time>
        <extensions>
          <ns3:TrackPointExtension>
            <ns3:hr>106</ns3:hr>
          </ns3:TrackPointExtension>
        </extensions>
      </trkpt>
      <trkpt lat="23.20665973238646984100341796875" lon="113.27436790801584720611572265625">
        <ele>13.3999996185302734375</ele>
        <time>2025-04-20T12:26:34.000Z</time>
        <extensions>
          <ns3:TrackPointExtension>
            <ns3:hr>106</ns3:hr>
          </ns3:TrackPointExtension>
        </extensions>
      </trkpt>
      <trkpt lat="23.20665973238646984100341796875" lon="113.27436790801584720611572265625">
        <ele>13.3999996185302734375</ele>
        <time>2025-04-20T12:26:35.000Z</time>
        <extensions>
          <ns3:TrackPointExtension>
            <ns3:hr>105</ns3:hr>
          </ns3:TrackPointExtension>
        </extensions>
      </trkpt>
      <trkpt lat="23.20665973238646984100341796875" lon="113.27436790801584720611572265625">
        <ele>13.3999996185302734375</ele>
        <time>2025-04-20T12:26:36.000Z</time>
        <extensions>
          <ns3:TrackPointExtension>
            <ns3:hr>105</ns3:hr>
          </ns3:TrackPointExtension>
        </extensions>
      </trkpt>
      <trkpt lat="23.20665973238646984100341796875" lon="113.27436790801584720611572265625">
        <ele>13.3999996185302734375</ele>
        <time>2025-04-20T12:26:37.000Z</time>
        <extensions>
          <ns3:TrackPointExtension>
            <ns3:hr>104</ns3:hr>
          </ns3:TrackPointExtension>
        </extensions>
      </trkpt>
      <trkpt lat="23.20665973238646984100341796875" lon="113.27436790801584720611572265625">
        <ele>13.3999996185302734375</ele>
        <time>2025-04-20T12:26:38.000Z</time>
        <extensions>
          <ns3:TrackPointExtension>
            <ns3:hr>104</ns3:hr>
          </ns3:TrackPointExtension>
        </extensions>
      </trkpt>
      <trkpt lat="23.20665973238646984100341796875" lon="113.27436790801584720611572265625">
        <ele>13.3999996185302734375</ele>
        <time>2025-04-20T12:26:39.000Z</time>
        <extensions>
          <ns3:TrackPointExtension>
            <ns3:hr>104</ns3:hr>
          </ns3:TrackPointExtension>
        </extensions>
      </trkpt>
      <trkpt lat="23.20665973238646984100341796875" lon="113.27436790801584720611572265625">
        <ele>13.3999996185302734375</ele>
        <time>2025-04-20T12:26:40.000Z</time>
        <extensions>
          <ns3:TrackPointExtension>
            <ns3:hr>103</ns3:hr>
          </ns3:TrackPointExtension>
        </extensions>
      </trkpt>
      <trkpt lat="23.20665973238646984100341796875" lon="113.27436790801584720611572265625">
        <ele>13.3999996185302734375</ele>
        <time>2025-04-20T12:26:41.000Z</time>
        <extensions>
          <ns3:TrackPointExtension>
            <ns3:hr>103</ns3:hr>
          </ns3:TrackPointExtension>
        </extensions>
      </trkpt>
      <trkpt lat="23.20665973238646984100341796875" lon="113.27436790801584720611572265625">
        <ele>13.3999996185302734375</ele>
        <time>2025-04-20T12:26:42.000Z</time>
        <extensions>
          <ns3:TrackPointExtension>
            <ns3:hr>104</ns3:hr>
          </ns3:TrackPointExtension>
        </extensions>
      </trkpt>
      <trkpt lat="23.20665973238646984100341796875" lon="113.27436790801584720611572265625">
        <ele>13.3999996185302734375</ele>
        <time>2025-04-20T12:26:43.000Z</time>
        <extensions>
          <ns3:TrackPointExtension>
            <ns3:hr>104</ns3:hr>
          </ns3:TrackPointExtension>
        </extensions>
      </trkpt>
      <trkpt lat="23.20665973238646984100341796875" lon="113.27436790801584720611572265625">
        <ele>13.3999996185302734375</ele>
        <time>2025-04-20T12:26:44.000Z</time>
        <extensions>
          <ns3:TrackPointExtension>
            <ns3:hr>104</ns3:hr>
          </ns3:TrackPointExtension>
        </extensions>
      </trkpt>
      <trkpt lat="23.20665973238646984100341796875" lon="113.27436790801584720611572265625">
        <ele>13.3999996185302734375</ele>
        <time>2025-04-20T12:26:45.000Z</time>
        <extensions>
          <ns3:TrackPointExtension>
            <ns3:hr>105</ns3:hr>
          </ns3:TrackPointExtension>
        </extensions>
      </trkpt>
      <trkpt lat="23.20665973238646984100341796875" lon="113.27436790801584720611572265625">
        <ele>13.3999996185302734375</ele>
        <time>2025-04-20T12:26:46.000Z</time>
        <extensions>
          <ns3:TrackPointExtension>
            <ns3:hr>105</ns3:hr>
          </ns3:TrackPointExtension>
        </extensions>
      </trkpt>
      <trkpt lat="23.20665973238646984100341796875" lon="113.27436790801584720611572265625">
        <ele>13.3999996185302734375</ele>
        <time>2025-04-20T12:26:47.000Z</time>
        <extensions>
          <ns3:TrackPointExtension>
            <ns3:hr>105</ns3:hr>
          </ns3:TrackPointExtension>
        </extensions>
      </trkpt>
      <trkpt lat="23.20665973238646984100341796875" lon="113.27436790801584720611572265625">
        <ele>13.3999996185302734375</ele>
        <time>2025-04-20T12:26:48.000Z</time>
        <extensions>
          <ns3:TrackPointExtension>
            <ns3:hr>105</ns3:hr>
          </ns3:TrackPointExtension>
        </extensions>
      </trkpt>
      <trkpt lat="23.20665973238646984100341796875" lon="113.27436790801584720611572265625">
        <ele>13.3999996185302734375</ele>
        <time>2025-04-20T12:26:49.000Z</time>
        <extensions>
          <ns3:TrackPointExtension>
            <ns3:hr>105</ns3:hr>
          </ns3:TrackPointExtension>
        </extensions>
      </trkpt>
      <trkpt lat="23.20665973238646984100341796875" lon="113.27436790801584720611572265625">
        <ele>13.3999996185302734375</ele>
        <time>2025-04-20T12:26:50.000Z</time>
        <extensions>
          <ns3:TrackPointExtension>
            <ns3:hr>105</ns3:hr>
          </ns3:TrackPointExtension>
        </extensions>
      </trkpt>
      <trkpt lat="23.20665973238646984100341796875" lon="113.27436790801584720611572265625">
        <ele>13.3999996185302734375</ele>
        <time>2025-04-20T12:26:51.000Z</time>
        <extensions>
          <ns3:TrackPointExtension>
            <ns3:hr>104</ns3:hr>
          </ns3:TrackPointExtension>
        </extensions>
      </trkpt>
      <trkpt lat="23.20665973238646984100341796875" lon="113.27436790801584720611572265625">
        <ele>13.3999996185302734375</ele>
        <time>2025-04-20T12:26:52.000Z</time>
        <extensions>
          <ns3:TrackPointExtension>
            <ns3:hr>104</ns3:hr>
          </ns3:TrackPointExtension>
        </extensions>
      </trkpt>
      <trkpt lat="23.20665973238646984100341796875" lon="113.27436790801584720611572265625">
        <ele>13.3999996185302734375</ele>
        <time>2025-04-20T12:26:53.000Z</time>
        <extensions>
          <ns3:TrackPointExtension>
            <ns3:hr>104</ns3:hr>
          </ns3:TrackPointExtension>
        </extensions>
      </trkpt>
      <trkpt lat="23.20665973238646984100341796875" lon="113.27436790801584720611572265625">
        <ele>13.3999996185302734375</ele>
        <time>2025-04-20T12:26:54.000Z</time>
        <extensions>
          <ns3:TrackPointExtension>
            <ns3:hr>104</ns3:hr>
          </ns3:TrackPointExtension>
        </extensions>
      </trkpt>
      <trkpt lat="23.20665973238646984100341796875" lon="113.27436790801584720611572265625">
        <ele>13.3999996185302734375</ele>
        <time>2025-04-20T12:26:55.000Z</time>
        <extensions>
          <ns3:TrackPointExtension>
            <ns3:hr>103</ns3:hr>
          </ns3:TrackPointExtension>
        </extensions>
      </trkpt>
      <trkpt lat="23.20665973238646984100341796875" lon="113.27436790801584720611572265625">
        <ele>13.3999996185302734375</ele>
        <time>2025-04-20T12:26:56.000Z</time>
        <extensions>
          <ns3:TrackPointExtension>
            <ns3:hr>103</ns3:hr>
          </ns3:TrackPointExtension>
        </extensions>
      </trkpt>
      <trkpt lat="23.20665973238646984100341796875" lon="113.27436790801584720611572265625">
        <ele>13.3999996185302734375</ele>
        <time>2025-04-20T12:26:57.000Z</time>
        <extensions>
          <ns3:TrackPointExtension>
            <ns3:hr>103</ns3:hr>
          </ns3:TrackPointExtension>
        </extensions>
      </trkpt>
      <trkpt lat="23.20665973238646984100341796875" lon="113.27436790801584720611572265625">
        <ele>13.3999996185302734375</ele>
        <time>2025-04-20T12:26:58.000Z</time>
        <extensions>
          <ns3:TrackPointExtension>
            <ns3:hr>102</ns3:hr>
          </ns3:TrackPointExtension>
        </extensions>
      </trkpt>
      <trkpt lat="23.20665973238646984100341796875" lon="113.27436790801584720611572265625">
        <ele>13.3999996185302734375</ele>
        <time>2025-04-20T12:26:59.000Z</time>
        <extensions>
          <ns3:TrackPointExtension>
            <ns3:hr>101</ns3:hr>
          </ns3:TrackPointExtension>
        </extensions>
      </trkpt>
      <trkpt lat="23.20665973238646984100341796875" lon="113.27436790801584720611572265625">
        <ele>13.3999996185302734375</ele>
        <time>2025-04-20T12:27:00.000Z</time>
        <extensions>
          <ns3:TrackPointExtension>
            <ns3:hr>100</ns3:hr>
          </ns3:TrackPointExtension>
        </extensions>
      </trkpt>
      <trkpt lat="23.20665973238646984100341796875" lon="113.27436790801584720611572265625">
        <ele>13.3999996185302734375</ele>
        <time>2025-04-20T12:27:01.000Z</time>
        <extensions>
          <ns3:TrackPointExtension>
            <ns3:hr>97</ns3:hr>
          </ns3:TrackPointExtension>
        </extensions>
      </trkpt>
      <trkpt lat="23.20665973238646984100341796875" lon="113.27436790801584720611572265625">
        <ele>13.3999996185302734375</ele>
        <time>2025-04-20T12:27:02.000Z</time>
        <extensions>
          <ns3:TrackPointExtension>
            <ns3:hr>90</ns3:hr>
          </ns3:TrackPointExtension>
        </extensions>
      </trkpt>
      <trkpt lat="23.20665973238646984100341796875" lon="113.27436790801584720611572265625">
        <ele>13.3999996185302734375</ele>
        <time>2025-04-20T12:27:03.000Z</time>
        <extensions>
          <ns3:TrackPointExtension>
            <ns3:hr>80</ns3:hr>
          </ns3:TrackPointExtension>
        </extensions>
      </trkpt>
      <trkpt lat="23.20665973238646984100341796875" lon="113.27436790801584720611572265625">
        <ele>13.3999996185302734375</ele>
        <time>2025-04-20T12:27:04.000Z</time>
        <extensions>
          <ns3:TrackPointExtension>
            <ns3:hr>74</ns3:hr>
          </ns3:TrackPointExtension>
        </extensions>
      </trkpt>
      <trkpt lat="23.20665973238646984100341796875" lon="113.27436790801584720611572265625">
        <ele>13.3999996185302734375</ele>
        <time>2025-04-20T12:27:05.000Z</time>
        <extensions>
          <ns3:TrackPointExtension>
            <ns3:hr>74</ns3:hr>
          </ns3:TrackPointExtension>
        </extensions>
      </trkpt>
      <trkpt lat="23.20665973238646984100341796875" lon="113.27436790801584720611572265625">
        <ele>13.3999996185302734375</ele>
        <time>2025-04-20T12:27:06.000Z</time>
        <extensions>
          <ns3:TrackPointExtension>
            <ns3:hr>74</ns3:hr>
          </ns3:TrackPointExtension>
        </extensions>
      </trkpt>
      <trkpt lat="23.20665973238646984100341796875" lon="113.27436790801584720611572265625">
        <ele>13.3999996185302734375</ele>
        <time>2025-04-20T12:27:07.000Z</time>
        <extensions>
          <ns3:TrackPointExtension>
            <ns3:hr>74</ns3:hr>
          </ns3:TrackPointExtension>
        </extensions>
      </trkpt>
      <trkpt lat="23.20665973238646984100341796875" lon="113.27436790801584720611572265625">
        <ele>13.3999996185302734375</ele>
        <time>2025-04-20T12:27:08.000Z</time>
        <extensions>
          <ns3:TrackPointExtension>
            <ns3:hr>75</ns3:hr>
          </ns3:TrackPointExtension>
        </extensions>
      </trkpt>
      <trkpt lat="23.20665973238646984100341796875" lon="113.27436790801584720611572265625">
        <ele>13.3999996185302734375</ele>
        <time>2025-04-20T12:27:09.000Z</time>
        <extensions>
          <ns3:TrackPointExtension>
            <ns3:hr>75</ns3:hr>
          </ns3:TrackPointExtension>
        </extensions>
      </trkpt>
      <trkpt lat="23.20666543208062648773193359375" lon="113.2743666507303714752197265625">
        <ele>13.3999996185302734375</ele>
        <time>2025-04-20T12:27:10.000Z</time>
        <extensions>
          <ns3:TrackPointExtension>
            <ns3:hr>75</ns3:hr>
          </ns3:TrackPointExtension>
        </extensions>
      </trkpt>
      <trkpt lat="23.20666358806192874908447265625" lon="113.274366147816181182861328125">
        <ele>13.3999996185302734375</ele>
        <time>2025-04-20T12:27:11.000Z</time>
        <extensions>
          <ns3:TrackPointExtension>
            <ns3:hr>76</ns3:hr>
          </ns3:TrackPointExtension>
        </extensions>
      </trkpt>
      <trkpt lat="23.20666350424289703369140625" lon="113.2743659801781177520751953125">
        <ele>13.3999996185302734375</ele>
        <time>2025-04-20T12:27:12.000Z</time>
        <extensions>
          <ns3:TrackPointExtension>
            <ns3:hr>76</ns3:hr>
          </ns3:TrackPointExtension>
        </extensions>
      </trkpt>
      <trkpt lat="23.20666308514773845672607421875" lon="113.2743656449019908905029296875">
        <ele>13.3999996185302734375</ele>
        <time>2025-04-20T12:27:13.000Z</time>
        <extensions>
          <ns3:TrackPointExtension>
            <ns3:hr>76</ns3:hr>
          </ns3:TrackPointExtension>
        </extensions>
      </trkpt>
      <trkpt lat="23.206662833690643310546875" lon="113.274365477263927459716796875">
        <ele>13.3999996185302734375</ele>
        <time>2025-04-20T12:27:14.000Z</time>
        <extensions>
          <ns3:TrackPointExtension>
            <ns3:hr>75</ns3:hr>
          </ns3:TrackPointExtension>
        </extensions>
      </trkpt>
      <trkpt lat="23.20666258223354816436767578125" lon="113.274365477263927459716796875">
        <ele>13.3999996185302734375</ele>
        <time>2025-04-20T12:27:15.000Z</time>
        <extensions>
          <ns3:TrackPointExtension>
            <ns3:hr>75</ns3:hr>
          </ns3:TrackPointExtension>
        </extensions>
      </trkpt>
      <trkpt lat="23.2066623307764530181884765625" lon="113.274365477263927459716796875">
        <ele>13.3999996185302734375</ele>
        <time>2025-04-20T12:27:16.000Z</time>
        <extensions>
          <ns3:TrackPointExtension>
            <ns3:hr>75</ns3:hr>
          </ns3:TrackPointExtension>
        </extensions>
      </trkpt>
      <trkpt lat="23.20666207931935787200927734375" lon="113.274365477263927459716796875">
        <ele>13.3999996185302734375</ele>
        <time>2025-04-20T12:27:17.000Z</time>
        <extensions>
          <ns3:TrackPointExtension>
            <ns3:hr>75</ns3:hr>
          </ns3:TrackPointExtension>
        </extensions>
      </trkpt>
      <trkpt lat="23.20666174404323101043701171875" lon="113.274365477263927459716796875">
        <ele>13.3999996185302734375</ele>
        <time>2025-04-20T12:27:18.000Z</time>
        <extensions>
          <ns3:TrackPointExtension>
            <ns3:hr>76</ns3:hr>
          </ns3:TrackPointExtension>
        </extensions>
      </trkpt>
      <trkpt lat="23.20666140876710414886474609375" lon="113.274365477263927459716796875">
        <ele>13.3999996185302734375</ele>
        <time>2025-04-20T12:27:19.000Z</time>
        <extensions>
          <ns3:TrackPointExtension>
            <ns3:hr>76</ns3:hr>
          </ns3:TrackPointExtension>
        </extensions>
      </trkpt>
      <trkpt lat="23.2066609896719455718994140625" lon="113.274365477263927459716796875">
        <ele>13.3999996185302734375</ele>
        <time>2025-04-20T12:27:20.000Z</time>
        <extensions>
          <ns3:TrackPointExtension>
            <ns3:hr>75</ns3:hr>
          </ns3:TrackPointExtension>
        </extensions>
      </trkpt>
      <trkpt lat="23.206660486757755279541015625" lon="113.274365477263927459716796875">
        <ele>13.3999996185302734375</ele>
        <time>2025-04-20T12:27:21.000Z</time>
        <extensions>
          <ns3:TrackPointExtension>
            <ns3:hr>75</ns3:hr>
          </ns3:TrackPointExtension>
        </extensions>
      </trkpt>
      <trkpt lat="23.20665990002453327178955078125" lon="113.27436556108295917510986328125">
        <ele>13.3999996185302734375</ele>
        <time>2025-04-20T12:27:22.000Z</time>
        <extensions>
          <ns3:TrackPointExtension>
            <ns3:hr>75</ns3:hr>
          </ns3:TrackPointExtension>
        </extensions>
      </trkpt>
      <trkpt lat="23.20665939711034297943115234375" lon="113.27436572872102260589599609375">
        <ele>13.3999996185302734375</ele>
        <time>2025-04-20T12:27:23.000Z</time>
        <extensions>
          <ns3:TrackPointExtension>
            <ns3:hr>75</ns3:hr>
          </ns3:TrackPointExtension>
        </extensions>
      </trkpt>
      <trkpt lat="23.2066588103771209716796875" lon="113.2743659801781177520751953125">
        <ele>13.3999996185302734375</ele>
        <time>2025-04-20T12:27:24.000Z</time>
        <extensions>
          <ns3:TrackPointExtension>
            <ns3:hr>75</ns3:hr>
          </ns3:TrackPointExtension>
        </extensions>
      </trkpt>
      <trkpt lat="23.2066445611417293548583984375" lon="113.2743622921407222747802734375">
        <ele>13.3999996185302734375</ele>
        <time>2025-04-20T12:27:25.000Z</time>
        <extensions>
          <ns3:TrackPointExtension>
            <ns3:hr>75</ns3:hr>
          </ns3:TrackPointExtension>
        </extensions>
      </trkpt>
      <trkpt lat="23.20664816536009311676025390625" lon="113.274336643517017364501953125">
        <ele>13.3999996185302734375</ele>
        <time>2025-04-20T12:27:26.000Z</time>
        <extensions>
          <ns3:TrackPointExtension>
            <ns3:hr>75</ns3:hr>
          </ns3:TrackPointExtension>
        </extensions>
      </trkpt>
      <trkpt lat="23.20664833299815654754638671875" lon="113.274308480322360992431640625">
        <ele>13.3999996185302734375</ele>
        <time>2025-04-20T12:27:27.000Z</time>
        <extensions>
          <ns3:TrackPointExtension>
            <ns3:hr>74</ns3:hr>
          </ns3:TrackPointExtension>
        </extensions>
      </trkpt>
      <trkpt lat="23.2066480815410614013671875" lon="113.27427838928997516632080078125">
        <ele>13.3999996185302734375</ele>
        <time>2025-04-20T12:27:28.000Z</time>
        <extensions>
          <ns3:TrackPointExtension>
            <ns3:hr>74</ns3:hr>
          </ns3:TrackPointExtension>
        </extensions>
      </trkpt>
      <trkpt lat="23.2066507637500762939453125" lon="113.2742523215711116790771484375">
        <ele>13.3999996185302734375</ele>
        <time>2025-04-20T12:27:29.000Z</time>
        <extensions>
          <ns3:TrackPointExtension>
            <ns3:hr>74</ns3:hr>
          </ns3:TrackPointExtension>
        </extensions>
      </trkpt>
      <trkpt lat="23.206656463444232940673828125" lon="113.27422575093805789947509765625">
        <ele>13.3999996185302734375</ele>
        <time>2025-04-20T12:27:30.000Z</time>
        <extensions>
          <ns3:TrackPointExtension>
            <ns3:hr>74</ns3:hr>
          </ns3:TrackPointExtension>
        </extensions>
      </trkpt>
      <trkpt lat="23.20666425861418247222900390625" lon="113.2742040418088436126708984375">
        <ele>13.3999996185302734375</ele>
        <time>2025-04-20T12:27:31.000Z</time>
        <extensions>
          <ns3:TrackPointExtension>
            <ns3:hr>75</ns3:hr>
          </ns3:TrackPointExtension>
        </extensions>
      </trkpt>
      <trkpt lat="23.20667029358446598052978515625" lon="113.27418266795575618743896484375">
        <ele>13.3999996185302734375</ele>
        <time>2025-04-20T12:27:32.000Z</time>
        <extensions>
          <ns3:TrackPointExtension>
            <ns3:hr>75</ns3:hr>
          </ns3:TrackPointExtension>
        </extensions>
      </trkpt>
      <trkpt lat="23.20668051950633525848388671875" lon="113.274155594408512115478515625">
        <ele>13.3999996185302734375</ele>
        <time>2025-04-20T12:27:33.000Z</time>
        <extensions>
          <ns3:TrackPointExtension>
            <ns3:hr>75</ns3:hr>
          </ns3:TrackPointExtension>
        </extensions>
      </trkpt>
      <trkpt lat="23.206681944429874420166015625" lon="113.274131454527378082275390625">
        <ele>13.6000003814697265625</ele>
        <time>2025-04-20T12:27:34.000Z</time>
        <extensions>
          <ns3:TrackPointExtension>
            <ns3:hr>75</ns3:hr>
          </ns3:TrackPointExtension>
        </extensions>
      </trkpt>
      <trkpt lat="23.20668353699147701263427734375" lon="113.2741017825901508331298828125">
        <ele>13.6000003814697265625</ele>
        <time>2025-04-20T12:27:35.000Z</time>
        <extensions>
          <ns3:TrackPointExtension>
            <ns3:hr>75</ns3:hr>
          </ns3:TrackPointExtension>
        </extensions>
      </trkpt>
      <trkpt lat="23.206684626638889312744140625" lon="113.274070434272289276123046875">
        <ele>13.6000003814697265625</ele>
        <time>2025-04-20T12:27:36.000Z</time>
        <extensions>
          <ns3:TrackPointExtension>
            <ns3:hr>75</ns3:hr>
          </ns3:TrackPointExtension>
        </extensions>
      </trkpt>
      <trkpt lat="23.2066909968852996826171875" lon="113.27404252253472805023193359375">
        <ele>13.3999996185302734375</ele>
        <time>2025-04-20T12:27:37.000Z</time>
        <extensions>
          <ns3:TrackPointExtension>
            <ns3:hr>76</ns3:hr>
          </ns3:TrackPointExtension>
        </extensions>
      </trkpt>
      <trkpt lat="23.2066951878368854522705078125" lon="113.274013102054595947265625">
        <ele>13.3999996185302734375</ele>
        <time>2025-04-20T12:27:38.000Z</time>
        <extensions>
          <ns3:TrackPointExtension>
            <ns3:hr>76</ns3:hr>
          </ns3:TrackPointExtension>
        </extensions>
      </trkpt>
      <trkpt lat="23.2066978700459003448486328125" lon="113.27398217283189296722412109375">
        <ele>13.3999996185302734375</ele>
        <time>2025-04-20T12:27:39.000Z</time>
        <extensions>
          <ns3:TrackPointExtension>
            <ns3:hr>76</ns3:hr>
          </ns3:TrackPointExtension>
        </extensions>
      </trkpt>
      <trkpt lat="23.206696026027202606201171875" lon="113.27395568601787090301513671875">
        <ele>13.3999996185302734375</ele>
        <time>2025-04-20T12:27:40.000Z</time>
        <extensions>
          <ns3:TrackPointExtension>
            <ns3:hr>76</ns3:hr>
          </ns3:TrackPointExtension>
        </extensions>
      </trkpt>
      <trkpt lat="23.2066965289413928985595703125" lon="113.2739287801086902618408203125">
        <ele>13.3999996185302734375</ele>
        <time>2025-04-20T12:27:41.000Z</time>
        <extensions>
          <ns3:TrackPointExtension>
            <ns3:hr>77</ns3:hr>
          </ns3:TrackPointExtension>
        </extensions>
      </trkpt>
      <trkpt lat="23.206696026027202606201171875" lon="113.27390782535076141357421875">
        <ele>13.3999996185302734375</ele>
        <time>2025-04-20T12:27:42.000Z</time>
        <extensions>
          <ns3:TrackPointExtension>
            <ns3:hr>77</ns3:hr>
          </ns3:TrackPointExtension>
        </extensions>
      </trkpt>
      <trkpt lat="23.206698037683963775634765625" lon="113.273886032402515411376953125">
        <ele>13.6000003814697265625</ele>
        <time>2025-04-20T12:27:43.000Z</time>
        <extensions>
          <ns3:TrackPointExtension>
            <ns3:hr>77</ns3:hr>
          </ns3:TrackPointExtension>
        </extensions>
      </trkpt>
      <trkpt lat="23.206696026027202606201171875" lon="113.2738650776445865631103515625">
        <ele>13.6000003814697265625</ele>
        <time>2025-04-20T12:27:44.000Z</time>
        <extensions>
          <ns3:TrackPointExtension>
            <ns3:hr>77</ns3:hr>
          </ns3:TrackPointExtension>
        </extensions>
      </trkpt>
      <trkpt lat="23.20668437518179416656494140625" lon="113.2738446258008480072021484375">
        <ele>13.6000003814697265625</ele>
        <time>2025-04-20T12:27:45.000Z</time>
        <extensions>
          <ns3:TrackPointExtension>
            <ns3:hr>77</ns3:hr>
          </ns3:TrackPointExtension>
        </extensions>
      </trkpt>
      <trkpt lat="23.206663839519023895263671875" lon="113.27383004128932952880859375">
        <ele>13.6000003814697265625</ele>
        <time>2025-04-20T12:27:46.000Z</time>
        <extensions>
          <ns3:TrackPointExtension>
            <ns3:hr>77</ns3:hr>
          </ns3:TrackPointExtension>
        </extensions>
      </trkpt>
      <trkpt lat="23.20663559250533580780029296875" lon="113.27382660470902919769287109375">
        <ele>13.6000003814697265625</ele>
        <time>2025-04-20T12:27:47.000Z</time>
        <extensions>
          <ns3:TrackPointExtension>
            <ns3:hr>77</ns3:hr>
          </ns3:TrackPointExtension>
        </extensions>
      </trkpt>
      <trkpt lat="23.2066063396632671356201171875" lon="113.27383364550769329071044921875">
        <ele>13.6000003814697265625</ele>
        <time>2025-04-20T12:27:48.000Z</time>
        <extensions>
          <ns3:TrackPointExtension>
            <ns3:hr>77</ns3:hr>
          </ns3:TrackPointExtension>
        </extensions>
      </trkpt>
      <trkpt lat="23.20658178068697452545166015625" lon="113.27384077012538909912109375">
        <ele>13.6000003814697265625</ele>
        <time>2025-04-20T12:27:49.000Z</time>
        <extensions>
          <ns3:TrackPointExtension>
            <ns3:hr>77</ns3:hr>
          </ns3:TrackPointExtension>
        </extensions>
      </trkpt>
      <trkpt lat="23.20655646733939647674560546875" lon="113.273852169513702392578125">
        <ele>13.6000003814697265625</ele>
        <time>2025-04-20T12:27:50.000Z</time>
        <extensions>
          <ns3:TrackPointExtension>
            <ns3:hr>77</ns3:hr>
          </ns3:TrackPointExtension>
        </extensions>
      </trkpt>
      <trkpt lat="23.2065282203257083892822265625" lon="113.2738550193607807159423828125">
        <ele>13.80000019073486328125</ele>
        <time>2025-04-20T12:27:51.000Z</time>
        <extensions>
          <ns3:TrackPointExtension>
            <ns3:hr>77</ns3:hr>
          </ns3:TrackPointExtension>
        </extensions>
      </trkpt>
      <trkpt lat="23.2064997218549251556396484375" lon="113.2738516665995121002197265625">
        <ele>13.80000019073486328125</ele>
        <time>2025-04-20T12:27:52.000Z</time>
        <extensions>
          <ns3:TrackPointExtension>
            <ns3:hr>77</ns3:hr>
          </ns3:TrackPointExtension>
        </extensions>
      </trkpt>
      <trkpt lat="23.2064695470035076141357421875" lon="113.273849152028560638427734375">
        <ele>13.80000019073486328125</ele>
        <time>2025-04-20T12:27:53.000Z</time>
        <extensions>
          <ns3:TrackPointExtension>
            <ns3:hr>78</ns3:hr>
          </ns3:TrackPointExtension>
        </extensions>
      </trkpt>
      <trkpt lat="23.20643995888531208038330078125" lon="113.27384219504892826080322265625">
        <ele>13.80000019073486328125</ele>
        <time>2025-04-20T12:27:54.000Z</time>
        <extensions>
          <ns3:TrackPointExtension>
            <ns3:hr>78</ns3:hr>
          </ns3:TrackPointExtension>
        </extensions>
      </trkpt>
      <trkpt lat="23.20640869438648223876953125" lon="113.2738342322409152984619140625">
        <ele>13.80000019073486328125</ele>
        <time>2025-04-20T12:27:55.000Z</time>
        <extensions>
          <ns3:TrackPointExtension>
            <ns3:hr>78</ns3:hr>
          </ns3:TrackPointExtension>
        </extensions>
      </trkpt>
      <trkpt lat="23.2063753344118595123291015625" lon="113.273827694356441497802734375">
        <ele>13.80000019073486328125</ele>
        <time>2025-04-20T12:27:56.000Z</time>
        <extensions>
          <ns3:TrackPointExtension>
            <ns3:hr>79</ns3:hr>
          </ns3:TrackPointExtension>
        </extensions>
      </trkpt>
      <trkpt lat="23.20634163916110992431640625" lon="113.27381755225360393524169921875">
        <ele>13.80000019073486328125</ele>
        <time>2025-04-20T12:27:57.000Z</time>
        <extensions>
          <ns3:TrackPointExtension>
            <ns3:hr>79</ns3:hr>
          </ns3:TrackPointExtension>
        </extensions>
      </trkpt>
      <trkpt lat="23.2063045911490917205810546875" lon="113.2738104276359081268310546875">
        <ele>14</ele>
        <time>2025-04-20T12:27:58.000Z</time>
        <extensions>
          <ns3:TrackPointExtension>
            <ns3:hr>80</ns3:hr>
          </ns3:TrackPointExtension>
        </extensions>
      </trkpt>
      <trkpt lat="23.20626662112772464752197265625" lon="113.27380347065627574920654296875">
        <ele>14</ele>
        <time>2025-04-20T12:27:59.000Z</time>
        <extensions>
          <ns3:TrackPointExtension>
            <ns3:hr>80</ns3:hr>
          </ns3:TrackPointExtension>
        </extensions>
      </trkpt>
      <trkpt lat="23.20623208768665790557861328125" lon="113.27379542402923107147216796875">
        <ele>14</ele>
        <time>2025-04-20T12:28:00.000Z</time>
        <extensions>
          <ns3:TrackPointExtension>
            <ns3:hr>80</ns3:hr>
          </ns3:TrackPointExtension>
        </extensions>
      </trkpt>
      <trkpt lat="23.2061926089227199554443359375" lon="113.27378352172672748565673828125">
        <ele>14</ele>
        <time>2025-04-20T12:28:01.000Z</time>
        <extensions>
          <ns3:TrackPointExtension>
            <ns3:hr>81</ns3:hr>
          </ns3:TrackPointExtension>
        </extensions>
      </trkpt>
      <trkpt lat="23.2061543874442577362060546875" lon="113.27377547509968280792236328125">
        <ele>14</ele>
        <time>2025-04-20T12:28:02.000Z</time>
        <extensions>
          <ns3:TrackPointExtension>
            <ns3:hr>81</ns3:hr>
          </ns3:TrackPointExtension>
        </extensions>
      </trkpt>
      <trkpt lat="23.2061138190329074859619140625" lon="113.2737676799297332763671875">
        <ele>14</ele>
        <time>2025-04-20T12:28:03.000Z</time>
        <extensions>
          <ns3:TrackPointExtension>
            <ns3:hr>81</ns3:hr>
          </ns3:TrackPointExtension>
        </extensions>
      </trkpt>
      <trkpt lat="23.20607467554509639739990234375" lon="113.273757956922054290771484375">
        <ele>14</ele>
        <time>2025-04-20T12:28:04.000Z</time>
        <extensions>
          <ns3:TrackPointExtension>
            <ns3:hr>81</ns3:hr>
          </ns3:TrackPointExtension>
        </extensions>
      </trkpt>
      <trkpt lat="23.2060338556766510009765625" lon="113.27374781481921672821044921875">
        <ele>14</ele>
        <time>2025-04-20T12:28:05.000Z</time>
        <extensions>
          <ns3:TrackPointExtension>
            <ns3:hr>81</ns3:hr>
          </ns3:TrackPointExtension>
        </extensions>
      </trkpt>
      <trkpt lat="23.2059924490749835968017578125" lon="113.2737383432686328887939453125">
        <ele>14</ele>
        <time>2025-04-20T12:28:06.000Z</time>
        <extensions>
          <ns3:TrackPointExtension>
            <ns3:hr>82</ns3:hr>
          </ns3:TrackPointExtension>
        </extensions>
      </trkpt>
      <trkpt lat="23.20595045574009418487548828125" lon="113.27372568659484386444091796875">
        <ele>14</ele>
        <time>2025-04-20T12:28:07.000Z</time>
        <extensions>
          <ns3:TrackPointExtension>
            <ns3:hr>81</ns3:hr>
          </ns3:TrackPointExtension>
        </extensions>
      </trkpt>
      <trkpt lat="23.20590737275779247283935546875" lon="113.2737172208726406097412109375">
        <ele>14</ele>
        <time>2025-04-20T12:28:08.000Z</time>
        <extensions>
          <ns3:TrackPointExtension>
            <ns3:hr>81</ns3:hr>
          </ns3:TrackPointExtension>
        </extensions>
      </trkpt>
      <trkpt lat="23.205863870680332183837890625" lon="113.27371110208332538604736328125">
        <ele>14.19999980926513671875</ele>
        <time>2025-04-20T12:28:09.000Z</time>
        <extensions>
          <ns3:TrackPointExtension>
            <ns3:hr>81</ns3:hr>
          </ns3:TrackPointExtension>
        </extensions>
      </trkpt>
      <trkpt lat="23.20581818930804729461669921875" lon="113.2737007923424243927001953125">
        <ele>14.19999980926513671875</ele>
        <time>2025-04-20T12:28:10.000Z</time>
        <extensions>
          <ns3:TrackPointExtension>
            <ns3:hr>80</ns3:hr>
          </ns3:TrackPointExtension>
        </extensions>
      </trkpt>
      <trkpt lat="23.20577393285930156707763671875" lon="113.27369433827698230743408203125">
        <ele>14.19999980926513671875</ele>
        <time>2025-04-20T12:28:11.000Z</time>
        <extensions>
          <ns3:TrackPointExtension>
            <ns3:hr>80</ns3:hr>
          </ns3:TrackPointExtension>
        </extensions>
      </trkpt>
      <trkpt lat="23.20573269389569759368896484375" lon="113.27368612401187419891357421875">
        <ele>14.19999980926513671875</ele>
        <time>2025-04-20T12:28:12.000Z</time>
        <extensions>
          <ns3:TrackPointExtension>
            <ns3:hr>79</ns3:hr>
          </ns3:TrackPointExtension>
        </extensions>
      </trkpt>
      <trkpt lat="23.205689527094364166259765625" lon="113.273676820099353790283203125">
        <ele>14.19999980926513671875</ele>
        <time>2025-04-20T12:28:13.000Z</time>
        <extensions>
          <ns3:TrackPointExtension>
            <ns3:hr>79</ns3:hr>
          </ns3:TrackPointExtension>
        </extensions>
      </trkpt>
      <trkpt lat="23.20564694702625274658203125" lon="113.27366776764392852783203125">
        <ele>14.19999980926513671875</ele>
        <time>2025-04-20T12:28:14.000Z</time>
        <extensions>
          <ns3:TrackPointExtension>
            <ns3:hr>78</ns3:hr>
          </ns3:TrackPointExtension>
        </extensions>
      </trkpt>
      <trkpt lat="23.2056055404245853424072265625" lon="113.27366164885461330413818359375">
        <ele>14.19999980926513671875</ele>
        <time>2025-04-20T12:28:15.000Z</time>
        <extensions>
          <ns3:TrackPointExtension>
            <ns3:hr>78</ns3:hr>
          </ns3:TrackPointExtension>
        </extensions>
      </trkpt>
      <trkpt lat="23.2055663131177425384521484375" lon="113.2736558653414249420166015625">
        <ele>14</ele>
        <time>2025-04-20T12:28:16.000Z</time>
        <extensions>
          <ns3:TrackPointExtension>
            <ns3:hr>78</ns3:hr>
          </ns3:TrackPointExtension>
        </extensions>
      </trkpt>
      <trkpt lat="23.20552825927734375" lon="113.2736511714756488800048828125">
        <ele>14</ele>
        <time>2025-04-20T12:28:17.000Z</time>
        <extensions>
          <ns3:TrackPointExtension>
            <ns3:hr>78</ns3:hr>
          </ns3:TrackPointExtension>
        </extensions>
      </trkpt>
      <trkpt lat="23.20548961870372295379638671875" lon="113.27364505268633365631103515625">
        <ele>14.19999980926513671875</ele>
        <time>2025-04-20T12:28:18.000Z</time>
        <extensions>
          <ns3:TrackPointExtension>
            <ns3:hr>77</ns3:hr>
          </ns3:TrackPointExtension>
        </extensions>
      </trkpt>
      <trkpt lat="23.20545139722526073455810546875" lon="113.2736394368112087249755859375">
        <ele>14.19999980926513671875</ele>
        <time>2025-04-20T12:28:19.000Z</time>
        <extensions>
          <ns3:TrackPointExtension>
            <ns3:hr>77</ns3:hr>
          </ns3:TrackPointExtension>
        </extensions>
      </trkpt>
      <trkpt lat="23.20541518740355968475341796875" lon="113.2736335694789886474609375">
        <ele>14.19999980926513671875</ele>
        <time>2025-04-20T12:28:20.000Z</time>
        <extensions>
          <ns3:TrackPointExtension>
            <ns3:hr>77</ns3:hr>
          </ns3:TrackPointExtension>
        </extensions>
      </trkpt>
      <trkpt lat="23.20537344552576541900634765625" lon="113.2736250199377536773681640625">
        <ele>14.3999996185302734375</ele>
        <time>2025-04-20T12:28:21.000Z</time>
        <extensions>
          <ns3:TrackPointExtension>
            <ns3:hr>76</ns3:hr>
          </ns3:TrackPointExtension>
        </extensions>
      </trkpt>
      <trkpt lat="23.20533354766666889190673828125" lon="113.2736174762248992919921875">
        <ele>14.3999996185302734375</ele>
        <time>2025-04-20T12:28:22.000Z</time>
        <extensions>
          <ns3:TrackPointExtension>
            <ns3:hr>77</ns3:hr>
          </ns3:TrackPointExtension>
        </extensions>
      </trkpt>
      <trkpt lat="23.20529247634112834930419921875" lon="113.27360817231237888336181640625">
        <ele>14.3999996185302734375</ele>
        <time>2025-04-20T12:28:23.000Z</time>
        <extensions>
          <ns3:TrackPointExtension>
            <ns3:hr>79</ns3:hr>
          </ns3:TrackPointExtension>
        </extensions>
      </trkpt>
      <trkpt lat="23.20525224320590496063232421875" lon="113.2736013829708099365234375">
        <ele>14.3999996185302734375</ele>
        <time>2025-04-20T12:28:24.000Z</time>
        <extensions>
          <ns3:TrackPointExtension>
            <ns3:hr>80</ns3:hr>
          </ns3:TrackPointExtension>
        </extensions>
      </trkpt>
      <trkpt lat="23.2052136026322841644287109375" lon="113.27359191142022609710693359375">
        <ele>14.3999996185302734375</ele>
        <time>2025-04-20T12:28:25.000Z</time>
        <extensions>
          <ns3:TrackPointExtension>
            <ns3:hr>81</ns3:hr>
          </ns3:TrackPointExtension>
        </extensions>
      </trkpt>
      <trkpt lat="23.20518024265766143798828125" lon="113.27357925474643707275390625">
        <ele>14.3999996185302734375</ele>
        <time>2025-04-20T12:28:26.000Z</time>
        <extensions>
          <ns3:TrackPointExtension>
            <ns3:hr>82</ns3:hr>
          </ns3:TrackPointExtension>
        </extensions>
      </trkpt>
      <trkpt lat="23.2051448710262775421142578125" lon="113.27356860972940921783447265625">
        <ele>14.6000003814697265625</ele>
        <time>2025-04-20T12:28:27.000Z</time>
        <extensions>
          <ns3:TrackPointExtension>
            <ns3:hr>83</ns3:hr>
          </ns3:TrackPointExtension>
        </extensions>
      </trkpt>
      <trkpt lat="23.2051093317568302154541015625" lon="113.27355871908366680145263671875">
        <ele>14.6000003814697265625</ele>
        <time>2025-04-20T12:28:28.000Z</time>
        <extensions>
          <ns3:TrackPointExtension>
            <ns3:hr>83</ns3:hr>
          </ns3:TrackPointExtension>
        </extensions>
      </trkpt>
      <trkpt lat="23.2050734572112560272216796875" lon="113.273551762104034423828125">
        <ele>14.6000003814697265625</ele>
        <time>2025-04-20T12:28:29.000Z</time>
        <extensions>
          <ns3:TrackPointExtension>
            <ns3:hr>84</ns3:hr>
          </ns3:TrackPointExtension>
        </extensions>
      </trkpt>
      <trkpt lat="23.20503766648471355438232421875" lon="113.27354011125862598419189453125">
        <ele>14.80000019073486328125</ele>
        <time>2025-04-20T12:28:30.000Z</time>
        <extensions>
          <ns3:TrackPointExtension>
            <ns3:hr>85</ns3:hr>
          </ns3:TrackPointExtension>
        </extensions>
      </trkpt>
      <trkpt lat="23.2049953378736972808837890625" lon="113.27353072352707386016845703125">
        <ele>15</ele>
        <time>2025-04-20T12:28:31.000Z</time>
        <extensions>
          <ns3:TrackPointExtension>
            <ns3:hr>85</ns3:hr>
          </ns3:TrackPointExtension>
        </extensions>
      </trkpt>
      <trkpt lat="23.20495468564331531524658203125" lon="113.2735197432339191436767578125">
        <ele>15</ele>
        <time>2025-04-20T12:28:32.000Z</time>
        <extensions>
          <ns3:TrackPointExtension>
            <ns3:hr>85</ns3:hr>
          </ns3:TrackPointExtension>
        </extensions>
      </trkpt>
      <trkpt lat="23.204915039241313934326171875" lon="113.273505829274654388427734375">
        <ele>15</ele>
        <time>2025-04-20T12:28:33.000Z</time>
        <extensions>
          <ns3:TrackPointExtension>
            <ns3:hr>86</ns3:hr>
          </ns3:TrackPointExtension>
        </extensions>
      </trkpt>
      <trkpt lat="23.20487572811543941497802734375" lon="113.27349610626697540283203125">
        <ele>15</ele>
        <time>2025-04-20T12:28:34.000Z</time>
        <extensions>
          <ns3:TrackPointExtension>
            <ns3:hr>87</ns3:hr>
          </ns3:TrackPointExtension>
        </extensions>
      </trkpt>
      <trkpt lat="23.2048374228179454803466796875" lon="113.2734882272779941558837890625">
        <ele>15</ele>
        <time>2025-04-20T12:28:35.000Z</time>
        <extensions>
          <ns3:TrackPointExtension>
            <ns3:hr>88</ns3:hr>
          </ns3:TrackPointExtension>
        </extensions>
      </trkpt>
      <trkpt lat="23.20479936897754669189453125" lon="113.27347825281322002410888671875">
        <ele>15</ele>
        <time>2025-04-20T12:28:36.000Z</time>
        <extensions>
          <ns3:TrackPointExtension>
            <ns3:hr>88</ns3:hr>
          </ns3:TrackPointExtension>
        </extensions>
      </trkpt>
      <trkpt lat="23.2047586329281330108642578125" lon="113.273468948900699615478515625">
        <ele>15</ele>
        <time>2025-04-20T12:28:37.000Z</time>
        <extensions>
          <ns3:TrackPointExtension>
            <ns3:hr>88</ns3:hr>
          </ns3:TrackPointExtension>
        </extensions>
      </trkpt>
      <trkpt lat="23.20471831597387790679931640625" lon="113.273458890616893768310546875">
        <ele>15</ele>
        <time>2025-04-20T12:28:38.000Z</time>
        <extensions>
          <ns3:TrackPointExtension>
            <ns3:hr>88</ns3:hr>
          </ns3:TrackPointExtension>
        </extensions>
      </trkpt>
      <trkpt lat="23.20468059740960597991943359375" lon="113.27345076017081737518310546875">
        <ele>14.80000019073486328125</ele>
        <time>2025-04-20T12:28:39.000Z</time>
        <extensions>
          <ns3:TrackPointExtension>
            <ns3:hr>88</ns3:hr>
          </ns3:TrackPointExtension>
        </extensions>
      </trkpt>
      <trkpt lat="23.204644136130809783935546875" lon="113.27344573102891445159912109375">
        <ele>14.6000003814697265625</ele>
        <time>2025-04-20T12:28:40.000Z</time>
        <extensions>
          <ns3:TrackPointExtension>
            <ns3:hr>89</ns3:hr>
          </ns3:TrackPointExtension>
        </extensions>
      </trkpt>
      <trkpt lat="23.204608596861362457275390625" lon="113.27343801967799663543701171875">
        <ele>14.6000003814697265625</ele>
        <time>2025-04-20T12:28:41.000Z</time>
        <extensions>
          <ns3:TrackPointExtension>
            <ns3:hr>89</ns3:hr>
          </ns3:TrackPointExtension>
        </extensions>
      </trkpt>
      <trkpt lat="23.20457163266837596893310546875" lon="113.273430727422237396240234375">
        <ele>14.6000003814697265625</ele>
        <time>2025-04-20T12:28:42.000Z</time>
        <extensions>
          <ns3:TrackPointExtension>
            <ns3:hr>90</ns3:hr>
          </ns3:TrackPointExtension>
        </extensions>
      </trkpt>
      <trkpt lat="23.20453575812280178070068359375" lon="113.27342125587165355682373046875">
        <ele>14.3999996185302734375</ele>
        <time>2025-04-20T12:28:43.000Z</time>
        <extensions>
          <ns3:TrackPointExtension>
            <ns3:hr>90</ns3:hr>
          </ns3:TrackPointExtension>
        </extensions>
      </trkpt>
      <trkpt lat="23.20449896156787872314453125" lon="113.27341136522591114044189453125">
        <ele>14.3999996185302734375</ele>
        <time>2025-04-20T12:28:44.000Z</time>
        <extensions>
          <ns3:TrackPointExtension>
            <ns3:hr>91</ns3:hr>
          </ns3:TrackPointExtension>
        </extensions>
      </trkpt>
      <trkpt lat="23.20446082390844821929931640625" lon="113.273407258093357086181640625">
        <ele>14.3999996185302734375</ele>
        <time>2025-04-20T12:28:45.000Z</time>
        <extensions>
          <ns3:TrackPointExtension>
            <ns3:hr>91</ns3:hr>
          </ns3:TrackPointExtension>
        </extensions>
      </trkpt>
      <trkpt lat="23.20442251861095428466796875" lon="113.2734002172946929931640625">
        <ele>14.3999996185302734375</ele>
        <time>2025-04-20T12:28:46.000Z</time>
        <extensions>
          <ns3:TrackPointExtension>
            <ns3:hr>92</ns3:hr>
          </ns3:TrackPointExtension>
        </extensions>
      </trkpt>
      <trkpt lat="23.20438320748507976531982421875" lon="113.27339460141956806182861328125">
        <ele>14.3999996185302734375</ele>
        <time>2025-04-20T12:28:47.000Z</time>
        <extensions>
          <ns3:TrackPointExtension>
            <ns3:hr>92</ns3:hr>
          </ns3:TrackPointExtension>
        </extensions>
      </trkpt>
      <trkpt lat="23.2043398730456829071044921875" lon="113.27338806353509426116943359375">
        <ele>14.3999996185302734375</ele>
        <time>2025-04-20T12:28:48.000Z</time>
        <extensions>
          <ns3:TrackPointExtension>
            <ns3:hr>92</ns3:hr>
          </ns3:TrackPointExtension>
        </extensions>
      </trkpt>
      <trkpt lat="23.20430257357656955718994140625" lon="113.27337917871773242950439453125">
        <ele>14.3999996185302734375</ele>
        <time>2025-04-20T12:28:49.000Z</time>
        <extensions>
          <ns3:TrackPointExtension>
            <ns3:hr>93</ns3:hr>
          </ns3:TrackPointExtension>
        </extensions>
      </trkpt>
      <trkpt lat="23.20426317863166332244873046875" lon="113.27336878515779972076416015625">
        <ele>14.3999996185302734375</ele>
        <time>2025-04-20T12:28:50.000Z</time>
        <extensions>
          <ns3:TrackPointExtension>
            <ns3:hr>93</ns3:hr>
          </ns3:TrackPointExtension>
        </extensions>
      </trkpt>
      <trkpt lat="23.2042218558490276336669921875" lon="113.27335990034043788909912109375">
        <ele>14.6000003814697265625</ele>
        <time>2025-04-20T12:28:51.000Z</time>
        <extensions>
          <ns3:TrackPointExtension>
            <ns3:hr>94</ns3:hr>
          </ns3:TrackPointExtension>
        </extensions>
      </trkpt>
      <trkpt lat="23.20418237708508968353271484375" lon="113.2733514346182346343994140625">
        <ele>14.3999996185302734375</ele>
        <time>2025-04-20T12:28:52.000Z</time>
        <extensions>
          <ns3:TrackPointExtension>
            <ns3:hr>95</ns3:hr>
          </ns3:TrackPointExtension>
        </extensions>
      </trkpt>
      <trkpt lat="23.2041428983211517333984375" lon="113.27334095723927021026611328125">
        <ele>14.3999996185302734375</ele>
        <time>2025-04-20T12:28:53.000Z</time>
        <extensions>
          <ns3:TrackPointExtension>
            <ns3:hr>94</ns3:hr>
          </ns3:TrackPointExtension>
        </extensions>
      </trkpt>
      <trkpt lat="23.20410333573818206787109375" lon="113.27333173714578151702880859375">
        <ele>14.3999996185302734375</ele>
        <time>2025-04-20T12:28:54.000Z</time>
        <extensions>
          <ns3:TrackPointExtension>
            <ns3:hr>94</ns3:hr>
          </ns3:TrackPointExtension>
        </extensions>
      </trkpt>
      <trkpt lat="23.2040652818977832794189453125" lon="113.2733219303190708160400390625">
        <ele>14.3999996185302734375</ele>
        <time>2025-04-20T12:28:55.000Z</time>
        <extensions>
          <ns3:TrackPointExtension>
            <ns3:hr>94</ns3:hr>
          </ns3:TrackPointExtension>
        </extensions>
      </trkpt>
      <trkpt lat="23.204025886952877044677734375" lon="113.273311369121074676513671875">
        <ele>14.3999996185302734375</ele>
        <time>2025-04-20T12:28:56.000Z</time>
        <extensions>
          <ns3:TrackPointExtension>
            <ns3:hr>95</ns3:hr>
          </ns3:TrackPointExtension>
        </extensions>
      </trkpt>
      <trkpt lat="23.20398573763668537139892578125" lon="113.27330206520855426788330078125">
        <ele>14.19999980926513671875</ele>
        <time>2025-04-20T12:28:57.000Z</time>
        <extensions>
          <ns3:TrackPointExtension>
            <ns3:hr>94</ns3:hr>
          </ns3:TrackPointExtension>
        </extensions>
      </trkpt>
      <trkpt lat="23.20394642651081085205078125" lon="113.273291923105716705322265625">
        <ele>14.19999980926513671875</ele>
        <time>2025-04-20T12:28:58.000Z</time>
        <extensions>
          <ns3:TrackPointExtension>
            <ns3:hr>94</ns3:hr>
          </ns3:TrackPointExtension>
        </extensions>
      </trkpt>
      <trkpt lat="23.203905522823333740234375" lon="113.2732867263257503509521484375">
        <ele>14.19999980926513671875</ele>
        <time>2025-04-20T12:28:59.000Z</time>
        <extensions>
          <ns3:TrackPointExtension>
            <ns3:hr>94</ns3:hr>
          </ns3:TrackPointExtension>
        </extensions>
      </trkpt>
      <trkpt lat="23.20386461913585662841796875" lon="113.27327658422291278839111328125">
        <ele>14.3999996185302734375</ele>
        <time>2025-04-20T12:29:00.000Z</time>
        <extensions>
          <ns3:TrackPointExtension>
            <ns3:hr>94</ns3:hr>
          </ns3:TrackPointExtension>
        </extensions>
      </trkpt>
      <trkpt lat="23.20382178761065006256103515625" lon="113.27327189035713672637939453125">
        <ele>14.3999996185302734375</ele>
        <time>2025-04-20T12:29:01.000Z</time>
        <extensions>
          <ns3:TrackPointExtension>
            <ns3:hr>94</ns3:hr>
          </ns3:TrackPointExtension>
        </extensions>
      </trkpt>
      <trkpt lat="23.20377903990447521209716796875" lon="113.27326602302491664886474609375">
        <ele>14.6000003814697265625</ele>
        <time>2025-04-20T12:29:02.000Z</time>
        <extensions>
          <ns3:TrackPointExtension>
            <ns3:hr>94</ns3:hr>
          </ns3:TrackPointExtension>
        </extensions>
      </trkpt>
      <trkpt lat="23.20374199189245700836181640625" lon="113.2732582278549671173095703125">
        <ele>14.6000003814697265625</ele>
        <time>2025-04-20T12:29:03.000Z</time>
        <extensions>
          <ns3:TrackPointExtension>
            <ns3:hr>93</ns3:hr>
          </ns3:TrackPointExtension>
        </extensions>
      </trkpt>
      <trkpt lat="23.203708715736865997314453125" lon="113.2732454873621463775634765625">
        <ele>14.6000003814697265625</ele>
        <time>2025-04-20T12:29:04.000Z</time>
        <extensions>
          <ns3:TrackPointExtension>
            <ns3:hr>93</ns3:hr>
          </ns3:TrackPointExtension>
        </extensions>
      </trkpt>
      <trkpt lat="23.2036735117435455322265625" lon="113.27323383651673793792724609375">
        <ele>14.80000019073486328125</ele>
        <time>2025-04-20T12:29:05.000Z</time>
        <extensions>
          <ns3:TrackPointExtension>
            <ns3:hr>93</ns3:hr>
          </ns3:TrackPointExtension>
        </extensions>
      </trkpt>
      <trkpt lat="23.20363436825573444366455078125" lon="113.27322009019553661346435546875">
        <ele>14.80000019073486328125</ele>
        <time>2025-04-20T12:29:06.000Z</time>
        <extensions>
          <ns3:TrackPointExtension>
            <ns3:hr>92</ns3:hr>
          </ns3:TrackPointExtension>
        </extensions>
      </trkpt>
      <trkpt lat="23.20359908044338226318359375" lon="113.2732092775404453277587890625">
        <ele>14.80000019073486328125</ele>
        <time>2025-04-20T12:29:07.000Z</time>
        <extensions>
          <ns3:TrackPointExtension>
            <ns3:hr>92</ns3:hr>
          </ns3:TrackPointExtension>
        </extensions>
      </trkpt>
      <trkpt lat="23.20356043986976146697998046875" lon="113.27319863252341747283935546875">
        <ele>14.80000019073486328125</ele>
        <time>2025-04-20T12:29:08.000Z</time>
        <extensions>
          <ns3:TrackPointExtension>
            <ns3:hr>91</ns3:hr>
          </ns3:TrackPointExtension>
        </extensions>
      </trkpt>
      <trkpt lat="23.2035258226096630096435546875" lon="113.27318572439253330230712890625">
        <ele>14.80000019073486328125</ele>
        <time>2025-04-20T12:29:09.000Z</time>
        <extensions>
          <ns3:TrackPointExtension>
            <ns3:hr>91</ns3:hr>
          </ns3:TrackPointExtension>
        </extensions>
      </trkpt>
      <trkpt lat="23.2034865953028202056884765625" lon="113.2731717266142368316650390625">
        <ele>14.6000003814697265625</ele>
        <time>2025-04-20T12:29:10.000Z</time>
        <extensions>
          <ns3:TrackPointExtension>
            <ns3:hr>91</ns3:hr>
          </ns3:TrackPointExtension>
        </extensions>
      </trkpt>
      <trkpt lat="23.20344510488212108612060546875" lon="113.27315806411206722259521484375">
        <ele>14.6000003814697265625</ele>
        <time>2025-04-20T12:29:11.000Z</time>
        <extensions>
          <ns3:TrackPointExtension>
            <ns3:hr>91</ns3:hr>
          </ns3:TrackPointExtension>
        </extensions>
      </trkpt>
      <trkpt lat="23.2034054584801197052001953125" lon="113.2731452398002147674560546875">
        <ele>14.6000003814697265625</ele>
        <time>2025-04-20T12:29:12.000Z</time>
        <extensions>
          <ns3:TrackPointExtension>
            <ns3:hr>91</ns3:hr>
          </ns3:TrackPointExtension>
        </extensions>
      </trkpt>
      <trkpt lat="23.20337167941033840179443359375" lon="113.2731291465461254119873046875">
        <ele>14.6000003814697265625</ele>
        <time>2025-04-20T12:29:13.000Z</time>
        <extensions>
          <ns3:TrackPointExtension>
            <ns3:hr>91</ns3:hr>
          </ns3:TrackPointExtension>
        </extensions>
      </trkpt>
      <trkpt lat="23.203332535922527313232421875" lon="113.27311648987233638763427734375">
        <ele>14.6000003814697265625</ele>
        <time>2025-04-20T12:29:14.000Z</time>
        <extensions>
          <ns3:TrackPointExtension>
            <ns3:hr>91</ns3:hr>
          </ns3:TrackPointExtension>
        </extensions>
      </trkpt>
      <trkpt lat="23.2032911293208599090576171875" lon="113.2731078565120697021484375">
        <ele>14.6000003814697265625</ele>
        <time>2025-04-20T12:29:15.000Z</time>
        <extensions>
          <ns3:TrackPointExtension>
            <ns3:hr>90</ns3:hr>
          </ns3:TrackPointExtension>
        </extensions>
      </trkpt>
      <trkpt lat="23.20325039327144622802734375" lon="113.27309855259954929351806640625">
        <ele>15</ele>
        <time>2025-04-20T12:29:16.000Z</time>
        <extensions>
          <ns3:TrackPointExtension>
            <ns3:hr>90</ns3:hr>
          </ns3:TrackPointExtension>
        </extensions>
      </trkpt>
      <trkpt lat="23.20321342907845973968505859375" lon="113.2730917632579803466796875">
        <ele>15</ele>
        <time>2025-04-20T12:29:17.000Z</time>
        <extensions>
          <ns3:TrackPointExtension>
            <ns3:hr>90</ns3:hr>
          </ns3:TrackPointExtension>
        </extensions>
      </trkpt>
      <trkpt lat="23.203170932829380035400390625" lon="113.27308145351707935333251953125">
        <ele>15.19999980926513671875</ele>
        <time>2025-04-20T12:29:18.000Z</time>
        <extensions>
          <ns3:TrackPointExtension>
            <ns3:hr>90</ns3:hr>
          </ns3:TrackPointExtension>
        </extensions>
      </trkpt>
      <trkpt lat="23.2031238265335559844970703125" lon="113.27307659201323986053466796875">
        <ele>15.19999980926513671875</ele>
        <time>2025-04-20T12:29:19.000Z</time>
        <extensions>
          <ns3:TrackPointExtension>
            <ns3:hr>90</ns3:hr>
          </ns3:TrackPointExtension>
        </extensions>
      </trkpt>
      <trkpt lat="23.203083090484142303466796875" lon="113.2730738259851932525634765625">
        <ele>15.19999980926513671875</ele>
        <time>2025-04-20T12:29:20.000Z</time>
        <extensions>
          <ns3:TrackPointExtension>
            <ns3:hr>89</ns3:hr>
          </ns3:TrackPointExtension>
        </extensions>
      </trkpt>
      <trkpt lat="23.20303958840668201446533203125" lon="113.2730641029775142669677734375">
        <ele>15.19999980926513671875</ele>
        <time>2025-04-20T12:29:21.000Z</time>
        <extensions>
          <ns3:TrackPointExtension>
            <ns3:hr>89</ns3:hr>
          </ns3:TrackPointExtension>
        </extensions>
      </trkpt>
      <trkpt lat="23.20299935527145862579345703125" lon="113.27305865474045276641845703125">
        <ele>15.19999980926513671875</ele>
        <time>2025-04-20T12:29:22.000Z</time>
        <extensions>
          <ns3:TrackPointExtension>
            <ns3:hr>89</ns3:hr>
          </ns3:TrackPointExtension>
        </extensions>
      </trkpt>
      <trkpt lat="23.20296348072588443756103515625" lon="113.2730515301227569580078125">
        <ele>15</ele>
        <time>2025-04-20T12:29:23.000Z</time>
        <extensions>
          <ns3:TrackPointExtension>
            <ns3:hr>88</ns3:hr>
          </ns3:TrackPointExtension>
        </extensions>
      </trkpt>
      <trkpt lat="23.20292584598064422607421875" lon="113.273042477667331695556640625">
        <ele>15</ele>
        <time>2025-04-20T12:29:24.000Z</time>
        <extensions>
          <ns3:TrackPointExtension>
            <ns3:hr>88</ns3:hr>
          </ns3:TrackPointExtension>
        </extensions>
      </trkpt>
      <trkpt lat="23.20288787595927715301513671875" lon="113.27303300611674785614013671875">
        <ele>15</ele>
        <time>2025-04-20T12:29:25.000Z</time>
        <extensions>
          <ns3:TrackPointExtension>
            <ns3:hr>87</ns3:hr>
          </ns3:TrackPointExtension>
        </extensions>
      </trkpt>
      <trkpt lat="23.20284864865243434906005859375" lon="113.2730205170810222625732421875">
        <ele>14.80000019073486328125</ele>
        <time>2025-04-20T12:29:26.000Z</time>
        <extensions>
          <ns3:TrackPointExtension>
            <ns3:hr>87</ns3:hr>
          </ns3:TrackPointExtension>
        </extensions>
      </trkpt>
      <trkpt lat="23.2028083316981792449951171875" lon="113.27300936914980411529541015625">
        <ele>14.80000019073486328125</ele>
        <time>2025-04-20T12:29:27.000Z</time>
        <extensions>
          <ns3:TrackPointExtension>
            <ns3:hr>87</ns3:hr>
          </ns3:TrackPointExtension>
        </extensions>
      </trkpt>
      <trkpt lat="23.202769272029399871826171875" lon="113.2729980535805225372314453125">
        <ele>15</ele>
        <time>2025-04-20T12:29:28.000Z</time>
        <extensions>
          <ns3:TrackPointExtension>
            <ns3:hr>87</ns3:hr>
          </ns3:TrackPointExtension>
        </extensions>
      </trkpt>
      <trkpt lat="23.202729709446430206298828125" lon="113.2729844748973846435546875">
        <ele>15</ele>
        <time>2025-04-20T12:29:29.000Z</time>
        <extensions>
          <ns3:TrackPointExtension>
            <ns3:hr>87</ns3:hr>
          </ns3:TrackPointExtension>
        </extensions>
      </trkpt>
      <trkpt lat="23.20268553681671619415283203125" lon="113.27296963892877101898193359375">
        <ele>15</ele>
        <time>2025-04-20T12:29:30.000Z</time>
        <extensions>
          <ns3:TrackPointExtension>
            <ns3:hr>86</ns3:hr>
          </ns3:TrackPointExtension>
        </extensions>
      </trkpt>
      <trkpt lat="23.20264698006212711334228515625" lon="113.272956311702728271484375">
        <ele>15</ele>
        <time>2025-04-20T12:29:31.000Z</time>
        <extensions>
          <ns3:TrackPointExtension>
            <ns3:hr>86</ns3:hr>
          </ns3:TrackPointExtension>
        </extensions>
      </trkpt>
      <trkpt lat="23.20260892622172832489013671875" lon="113.27294281683862209320068359375">
        <ele>15</ele>
        <time>2025-04-20T12:29:32.000Z</time>
        <extensions>
          <ns3:TrackPointExtension>
            <ns3:hr>87</ns3:hr>
          </ns3:TrackPointExtension>
        </extensions>
      </trkpt>
      <trkpt lat="23.20256919600069522857666015625" lon="113.272929824888706207275390625">
        <ele>15</ele>
        <time>2025-04-20T12:29:33.000Z</time>
        <extensions>
          <ns3:TrackPointExtension>
            <ns3:hr>87</ns3:hr>
          </ns3:TrackPointExtension>
        </extensions>
      </trkpt>
      <trkpt lat="23.2025313936173915863037109375" lon="113.27291767112910747528076171875">
        <ele>15</ele>
        <time>2025-04-20T12:29:34.000Z</time>
        <extensions>
          <ns3:TrackPointExtension>
            <ns3:hr>87</ns3:hr>
          </ns3:TrackPointExtension>
        </extensions>
      </trkpt>
      <trkpt lat="23.2024906575679779052734375" lon="113.27290476299822330474853515625">
        <ele>15</ele>
        <time>2025-04-20T12:29:35.000Z</time>
        <extensions>
          <ns3:TrackPointExtension>
            <ns3:hr>87</ns3:hr>
          </ns3:TrackPointExtension>
        </extensions>
      </trkpt>
      <trkpt lat="23.2024515978991985321044921875" lon="113.27289068140089511871337890625">
        <ele>15</ele>
        <time>2025-04-20T12:29:36.000Z</time>
        <extensions>
          <ns3:TrackPointExtension>
            <ns3:hr>87</ns3:hr>
          </ns3:TrackPointExtension>
        </extensions>
      </trkpt>
      <trkpt lat="23.20241245441138744354248046875" lon="113.272878192365169525146484375">
        <ele>15</ele>
        <time>2025-04-20T12:29:37.000Z</time>
        <extensions>
          <ns3:TrackPointExtension>
            <ns3:hr>85</ns3:hr>
          </ns3:TrackPointExtension>
        </extensions>
      </trkpt>
      <trkpt lat="23.2023721374571323394775390625" lon="113.27286737971007823944091796875">
        <ele>15</ele>
        <time>2025-04-20T12:29:38.000Z</time>
        <extensions>
          <ns3:TrackPointExtension>
            <ns3:hr>85</ns3:hr>
          </ns3:TrackPointExtension>
        </extensions>
      </trkpt>
      <trkpt lat="23.20233307778835296630859375" lon="113.27285078354179859161376953125">
        <ele>15</ele>
        <time>2025-04-20T12:29:39.000Z</time>
        <extensions>
          <ns3:TrackPointExtension>
            <ns3:hr>85</ns3:hr>
          </ns3:TrackPointExtension>
        </extensions>
      </trkpt>
      <trkpt lat="23.2022926770150661468505859375" lon="113.2728347741067409515380859375">
        <ele>15.19999980926513671875</ele>
        <time>2025-04-20T12:29:40.000Z</time>
        <extensions>
          <ns3:TrackPointExtension>
            <ns3:hr>85</ns3:hr>
          </ns3:TrackPointExtension>
        </extensions>
      </trkpt>
      <trkpt lat="23.20225504226982593536376953125" lon="113.272817842662334442138671875">
        <ele>15.19999980926513671875</ele>
        <time>2025-04-20T12:29:41.000Z</time>
        <extensions>
          <ns3:TrackPointExtension>
            <ns3:hr>85</ns3:hr>
          </ns3:TrackPointExtension>
        </extensions>
      </trkpt>
      <trkpt lat="23.20221237838268280029296875" lon="113.2728012464940547943115234375">
        <ele>15.19999980926513671875</ele>
        <time>2025-04-20T12:29:42.000Z</time>
        <extensions>
          <ns3:TrackPointExtension>
            <ns3:hr>85</ns3:hr>
          </ns3:TrackPointExtension>
        </extensions>
      </trkpt>
      <trkpt lat="23.20217155851423740386962890625" lon="113.2727873325347900390625">
        <ele>15.19999980926513671875</ele>
        <time>2025-04-20T12:29:43.000Z</time>
        <extensions>
          <ns3:TrackPointExtension>
            <ns3:hr>86</ns3:hr>
          </ns3:TrackPointExtension>
        </extensions>
      </trkpt>
      <trkpt lat="23.20212881080806255340576171875" lon="113.27277367003262042999267578125">
        <ele>15.19999980926513671875</ele>
        <time>2025-04-20T12:29:44.000Z</time>
        <extensions>
          <ns3:TrackPointExtension>
            <ns3:hr>88</ns3:hr>
          </ns3:TrackPointExtension>
        </extensions>
      </trkpt>
      <trkpt lat="23.20208388380706310272216796875" lon="113.2727576605975627899169921875">
        <ele>15.3999996185302734375</ele>
        <time>2025-04-20T12:29:45.000Z</time>
        <extensions>
          <ns3:TrackPointExtension>
            <ns3:hr>89</ns3:hr>
          </ns3:TrackPointExtension>
        </extensions>
      </trkpt>
      <trkpt lat="23.2020358555018901824951171875" lon="113.27274366281926631927490234375">
        <ele>15.3999996185302734375</ele>
        <time>2025-04-20T12:29:46.000Z</time>
        <extensions>
          <ns3:TrackPointExtension>
            <ns3:hr>91</ns3:hr>
          </ns3:TrackPointExtension>
        </extensions>
      </trkpt>
      <trkpt lat="23.2019912637770175933837890625" lon="113.27272958122193813323974609375">
        <ele>15.3999996185302734375</ele>
        <time>2025-04-20T12:29:47.000Z</time>
        <extensions>
          <ns3:TrackPointExtension>
            <ns3:hr>92</ns3:hr>
          </ns3:TrackPointExtension>
        </extensions>
      </trkpt>
      <trkpt lat="23.20194575004279613494873046875" lon="113.272714912891387939453125">
        <ele>15.19999980926513671875</ele>
        <time>2025-04-20T12:29:48.000Z</time>
        <extensions>
          <ns3:TrackPointExtension>
            <ns3:hr>93</ns3:hr>
          </ns3:TrackPointExtension>
        </extensions>
      </trkpt>
      <trkpt lat="23.20189881138503551483154296875" lon="113.2727006636559963226318359375">
        <ele>15.19999980926513671875</ele>
        <time>2025-04-20T12:29:49.000Z</time>
        <extensions>
          <ns3:TrackPointExtension>
            <ns3:hr>94</ns3:hr>
          </ns3:TrackPointExtension>
        </extensions>
      </trkpt>
      <trkpt lat="23.20184935815632343292236328125" lon="113.27268364839255809783935546875">
        <ele>15</ele>
        <time>2025-04-20T12:29:50.000Z</time>
        <extensions>
          <ns3:TrackPointExtension>
            <ns3:hr>94</ns3:hr>
          </ns3:TrackPointExtension>
        </extensions>
      </trkpt>
      <trkpt lat="23.2018075324594974517822265625" lon="113.27266302891075611114501953125">
        <ele>15</ele>
        <time>2025-04-20T12:29:51.000Z</time>
        <extensions>
          <ns3:TrackPointExtension>
            <ns3:hr>95</ns3:hr>
          </ns3:TrackPointExtension>
        </extensions>
      </trkpt>
      <trkpt lat="23.2017689757049083709716796875" lon="113.27264408580958843231201171875">
        <ele>14.6000003814697265625</ele>
        <time>2025-04-20T12:29:52.000Z</time>
        <extensions>
          <ns3:TrackPointExtension>
            <ns3:hr>96</ns3:hr>
          </ns3:TrackPointExtension>
        </extensions>
      </trkpt>
      <trkpt lat="23.2017287425696849822998046875" lon="113.2726228795945644378662109375">
        <ele>14.6000003814697265625</ele>
        <time>2025-04-20T12:29:53.000Z</time>
        <extensions>
          <ns3:TrackPointExtension>
            <ns3:hr>97</ns3:hr>
          </ns3:TrackPointExtension>
        </extensions>
      </trkpt>
      <trkpt lat="23.20168574340641498565673828125" lon="113.27260418795049190521240234375">
        <ele>14.3999996185302734375</ele>
        <time>2025-04-20T12:29:54.000Z</time>
        <extensions>
          <ns3:TrackPointExtension>
            <ns3:hr>97</ns3:hr>
          </ns3:TrackPointExtension>
        </extensions>
      </trkpt>
      <trkpt lat="23.201640062034130096435546875" lon="113.272589184343814849853515625">
        <ele>14.3999996185302734375</ele>
        <time>2025-04-20T12:29:55.000Z</time>
        <extensions>
          <ns3:TrackPointExtension>
            <ns3:hr>98</ns3:hr>
          </ns3:TrackPointExtension>
        </extensions>
      </trkpt>
      <trkpt lat="23.201595805585384368896484375" lon="113.2725712470710277557373046875">
        <ele>14.3999996185302734375</ele>
        <time>2025-04-20T12:29:56.000Z</time>
        <extensions>
          <ns3:TrackPointExtension>
            <ns3:hr>98</ns3:hr>
          </ns3:TrackPointExtension>
        </extensions>
      </trkpt>
      <trkpt lat="23.20154760964214801788330078125" lon="113.2725564949214458465576171875">
        <ele>14.3999996185302734375</ele>
        <time>2025-04-20T12:29:57.000Z</time>
        <extensions>
          <ns3:TrackPointExtension>
            <ns3:hr>98</ns3:hr>
          </ns3:TrackPointExtension>
        </extensions>
      </trkpt>
      <trkpt lat="23.201503269374370574951171875" lon="113.27253964729607105255126953125">
        <ele>14.3999996185302734375</ele>
        <time>2025-04-20T12:29:58.000Z</time>
        <extensions>
          <ns3:TrackPointExtension>
            <ns3:hr>98</ns3:hr>
          </ns3:TrackPointExtension>
        </extensions>
      </trkpt>
      <trkpt lat="23.2014575041830539703369140625" lon="113.2725266553461551666259765625">
        <ele>14.3999996185302734375</ele>
        <time>2025-04-20T12:29:59.000Z</time>
        <extensions>
          <ns3:TrackPointExtension>
            <ns3:hr>98</ns3:hr>
          </ns3:TrackPointExtension>
        </extensions>
      </trkpt>
      <trkpt lat="23.2014097273349761962890625" lon="113.27251131646335124969482421875">
        <ele>14.3999996185302734375</ele>
        <time>2025-04-20T12:30:00.000Z</time>
        <extensions>
          <ns3:TrackPointExtension>
            <ns3:hr>98</ns3:hr>
          </ns3:TrackPointExtension>
        </extensions>
      </trkpt>
      <trkpt lat="23.2013636268675327301025390625" lon="113.27249832451343536376953125">
        <ele>14.19999980926513671875</ele>
        <time>2025-04-20T12:30:01.000Z</time>
        <extensions>
          <ns3:TrackPointExtension>
            <ns3:hr>99</ns3:hr>
          </ns3:TrackPointExtension>
        </extensions>
      </trkpt>
      <trkpt lat="23.20132012479007244110107421875" lon="113.272483237087726593017578125">
        <ele>14.19999980926513671875</ele>
        <time>2025-04-20T12:30:02.000Z</time>
        <extensions>
          <ns3:TrackPointExtension>
            <ns3:hr>99</ns3:hr>
          </ns3:TrackPointExtension>
        </extensions>
      </trkpt>
      <trkpt lat="23.20127871818840503692626953125" lon="113.2724659703671932220458984375">
        <ele>14.19999980926513671875</ele>
        <time>2025-04-20T12:30:03.000Z</time>
        <extensions>
          <ns3:TrackPointExtension>
            <ns3:hr>99</ns3:hr>
          </ns3:TrackPointExtension>
        </extensions>
      </trkpt>
      <trkpt lat="23.20123781450092792510986328125" lon="113.27244543470442295074462890625">
        <ele>14.19999980926513671875</ele>
        <time>2025-04-20T12:30:04.000Z</time>
        <extensions>
          <ns3:TrackPointExtension>
            <ns3:hr>99</ns3:hr>
          </ns3:TrackPointExtension>
        </extensions>
      </trkpt>
      <trkpt lat="23.20119339041411876678466796875" lon="113.2724270783364772796630859375">
        <ele>14.19999980926513671875</ele>
        <time>2025-04-20T12:30:05.000Z</time>
        <extensions>
          <ns3:TrackPointExtension>
            <ns3:hr>99</ns3:hr>
          </ns3:TrackPointExtension>
        </extensions>
      </trkpt>
      <trkpt lat="23.20114997215569019317626953125" lon="113.272406794130802154541015625">
        <ele>14.19999980926513671875</ele>
        <time>2025-04-20T12:30:06.000Z</time>
        <extensions>
          <ns3:TrackPointExtension>
            <ns3:hr>100</ns3:hr>
          </ns3:TrackPointExtension>
        </extensions>
      </trkpt>
      <trkpt lat="23.201106302440166473388671875" lon="113.27238542027771472930908203125">
        <ele>14.19999980926513671875</ele>
        <time>2025-04-20T12:30:07.000Z</time>
        <extensions>
          <ns3:TrackPointExtension>
            <ns3:hr>99</ns3:hr>
          </ns3:TrackPointExtension>
        </extensions>
      </trkpt>
      <trkpt lat="23.2010638900101184844970703125" lon="113.27236563898622989654541015625">
        <ele>14</ele>
        <time>2025-04-20T12:30:08.000Z</time>
        <extensions>
          <ns3:TrackPointExtension>
            <ns3:hr>99</ns3:hr>
          </ns3:TrackPointExtension>
        </extensions>
      </trkpt>
      <trkpt lat="23.2010243274271488189697265625" lon="113.2723422534763813018798828125">
        <ele>14</ele>
        <time>2025-04-20T12:30:09.000Z</time>
        <extensions>
          <ns3:TrackPointExtension>
            <ns3:hr>99</ns3:hr>
          </ns3:TrackPointExtension>
        </extensions>
      </trkpt>
      <trkpt lat="23.20098652504384517669677734375" lon="113.2723248191177845001220703125">
        <ele>14</ele>
        <time>2025-04-20T12:30:10.000Z</time>
        <extensions>
          <ns3:TrackPointExtension>
            <ns3:hr>99</ns3:hr>
          </ns3:TrackPointExtension>
        </extensions>
      </trkpt>
      <trkpt lat="23.20094696246087551116943359375" lon="113.27230378054082393646240234375">
        <ele>13.80000019073486328125</ele>
        <time>2025-04-20T12:30:11.000Z</time>
        <extensions>
          <ns3:TrackPointExtension>
            <ns3:hr>99</ns3:hr>
          </ns3:TrackPointExtension>
        </extensions>
      </trkpt>
      <trkpt lat="23.200906477868556976318359375" lon="113.27228148467838764190673828125">
        <ele>13.80000019073486328125</ele>
        <time>2025-04-20T12:30:12.000Z</time>
        <extensions>
          <ns3:TrackPointExtension>
            <ns3:hr>99</ns3:hr>
          </ns3:TrackPointExtension>
        </extensions>
      </trkpt>
      <trkpt lat="23.20086733438074588775634765625" lon="113.2722607813775539398193359375">
        <ele>13.80000019073486328125</ele>
        <time>2025-04-20T12:30:13.000Z</time>
        <extensions>
          <ns3:TrackPointExtension>
            <ns3:hr>98</ns3:hr>
          </ns3:TrackPointExtension>
        </extensions>
      </trkpt>
      <trkpt lat="23.20082928054034709930419921875" lon="113.27224108390510082244873046875">
        <ele>13.80000019073486328125</ele>
        <time>2025-04-20T12:30:14.000Z</time>
        <extensions>
          <ns3:TrackPointExtension>
            <ns3:hr>98</ns3:hr>
          </ns3:TrackPointExtension>
        </extensions>
      </trkpt>
      <trkpt lat="23.20079122669994831085205078125" lon="113.272223062813282012939453125">
        <ele>13.6000003814697265625</ele>
        <time>2025-04-20T12:30:15.000Z</time>
        <extensions>
          <ns3:TrackPointExtension>
            <ns3:hr>97</ns3:hr>
          </ns3:TrackPointExtension>
        </extensions>
      </trkpt>
      <trkpt lat="23.2007539272308349609375" lon="113.272201605141162872314453125">
        <ele>13.80000019073486328125</ele>
        <time>2025-04-20T12:30:16.000Z</time>
        <extensions>
          <ns3:TrackPointExtension>
            <ns3:hr>97</ns3:hr>
          </ns3:TrackPointExtension>
        </extensions>
      </trkpt>
      <trkpt lat="23.20071243681013584136962890625" lon="113.27218207530677318572998046875">
        <ele>13.80000019073486328125</ele>
        <time>2025-04-20T12:30:17.000Z</time>
        <extensions>
          <ns3:TrackPointExtension>
            <ns3:hr>97</ns3:hr>
          </ns3:TrackPointExtension>
        </extensions>
      </trkpt>
      <trkpt lat="23.20067337714135646820068359375" lon="113.27216279692947864532470703125">
        <ele>13.80000019073486328125</ele>
        <time>2025-04-20T12:30:18.000Z</time>
        <extensions>
          <ns3:TrackPointExtension>
            <ns3:hr>97</ns3:hr>
          </ns3:TrackPointExtension>
        </extensions>
      </trkpt>
      <trkpt lat="23.20063448511064052581787109375" lon="113.27213882468640804290771484375">
        <ele>13.6000003814697265625</ele>
        <time>2025-04-20T12:30:19.000Z</time>
        <extensions>
          <ns3:TrackPointExtension>
            <ns3:hr>97</ns3:hr>
          </ns3:TrackPointExtension>
        </extensions>
      </trkpt>
      <trkpt lat="23.20059366524219512939453125" lon="113.2721186242997646331787109375">
        <ele>13.6000003814697265625</ele>
        <time>2025-04-20T12:30:20.000Z</time>
        <extensions>
          <ns3:TrackPointExtension>
            <ns3:hr>96</ns3:hr>
          </ns3:TrackPointExtension>
        </extensions>
      </trkpt>
      <trkpt lat="23.200555108487606048583984375" lon="113.2720924727618694305419921875">
        <ele>13.6000003814697265625</ele>
        <time>2025-04-20T12:30:21.000Z</time>
        <extensions>
          <ns3:TrackPointExtension>
            <ns3:hr>96</ns3:hr>
          </ns3:TrackPointExtension>
        </extensions>
      </trkpt>
      <trkpt lat="23.2005167193710803985595703125" lon="113.27206405811011791229248046875">
        <ele>13.6000003814697265625</ele>
        <time>2025-04-20T12:30:22.000Z</time>
        <extensions>
          <ns3:TrackPointExtension>
            <ns3:hr>96</ns3:hr>
          </ns3:TrackPointExtension>
        </extensions>
      </trkpt>
      <trkpt lat="23.2004791684448719024658203125" lon="113.2720368169248104095458984375">
        <ele>13.6000003814697265625</ele>
        <time>2025-04-20T12:30:23.000Z</time>
        <extensions>
          <ns3:TrackPointExtension>
            <ns3:hr>96</ns3:hr>
          </ns3:TrackPointExtension>
        </extensions>
      </trkpt>
      <trkpt lat="23.20044002495706081390380859375" lon="113.27200789935886859893798828125">
        <ele>13.3999996185302734375</ele>
        <time>2025-04-20T12:30:24.000Z</time>
        <extensions>
          <ns3:TrackPointExtension>
            <ns3:hr>95</ns3:hr>
          </ns3:TrackPointExtension>
        </extensions>
      </trkpt>
      <trkpt lat="23.2004013843834400177001953125" lon="113.27198158018290996551513671875">
        <ele>13.3999996185302734375</ele>
        <time>2025-04-20T12:30:25.000Z</time>
        <extensions>
          <ns3:TrackPointExtension>
            <ns3:hr>95</ns3:hr>
          </ns3:TrackPointExtension>
        </extensions>
      </trkpt>
      <trkpt lat="23.20036291144788265228271484375" lon="113.27195526100695133209228515625">
        <ele>13.19999980926513671875</ele>
        <time>2025-04-20T12:30:26.000Z</time>
        <extensions>
          <ns3:TrackPointExtension>
            <ns3:hr>94</ns3:hr>
          </ns3:TrackPointExtension>
        </extensions>
      </trkpt>
      <trkpt lat="23.200322426855564117431640625" lon="113.27192625962197780609130859375">
        <ele>13.19999980926513671875</ele>
        <time>2025-04-20T12:30:27.000Z</time>
        <extensions>
          <ns3:TrackPointExtension>
            <ns3:hr>94</ns3:hr>
          </ns3:TrackPointExtension>
        </extensions>
      </trkpt>
      <trkpt lat="23.200282193720340728759765625" lon="113.27189658768475055694580078125">
        <ele>13.19999980926513671875</ele>
        <time>2025-04-20T12:30:28.000Z</time>
        <extensions>
          <ns3:TrackPointExtension>
            <ns3:hr>93</ns3:hr>
          </ns3:TrackPointExtension>
        </extensions>
      </trkpt>
      <trkpt lat="23.20024087093770503997802734375" lon="113.27186800539493560791015625">
        <ele>13</ele>
        <time>2025-04-20T12:30:29.000Z</time>
        <extensions>
          <ns3:TrackPointExtension>
            <ns3:hr>93</ns3:hr>
          </ns3:TrackPointExtension>
        </extensions>
      </trkpt>
      <trkpt lat="23.20019745267927646636962890625" lon="113.271837495267391204833984375">
        <ele>13</ele>
        <time>2025-04-20T12:30:30.000Z</time>
        <extensions>
          <ns3:TrackPointExtension>
            <ns3:hr>92</ns3:hr>
          </ns3:TrackPointExtension>
        </extensions>
      </trkpt>
      <trkpt lat="23.20015378296375274658203125" lon="113.27180975116789340972900390625">
        <ele>13</ele>
        <time>2025-04-20T12:30:31.000Z</time>
        <extensions>
          <ns3:TrackPointExtension>
            <ns3:hr>92</ns3:hr>
          </ns3:TrackPointExtension>
        </extensions>
      </trkpt>
      <trkpt lat="23.20010793395340442657470703125" lon="113.27178359962999820709228515625">
        <ele>13</ele>
        <time>2025-04-20T12:30:32.000Z</time>
        <extensions>
          <ns3:TrackPointExtension>
            <ns3:hr>91</ns3:hr>
          </ns3:TrackPointExtension>
        </extensions>
      </trkpt>
      <trkpt lat="23.20006099529564380645751953125" lon="113.27175845392048358917236328125">
        <ele>13</ele>
        <time>2025-04-20T12:30:33.000Z</time>
        <extensions>
          <ns3:TrackPointExtension>
            <ns3:hr>90</ns3:hr>
          </ns3:TrackPointExtension>
        </extensions>
      </trkpt>
      <trkpt lat="23.20001288317143917083740234375" lon="113.27173481695353984832763671875">
        <ele>13</ele>
        <time>2025-04-20T12:30:34.000Z</time>
        <extensions>
          <ns3:TrackPointExtension>
            <ns3:hr>90</ns3:hr>
          </ns3:TrackPointExtension>
        </extensions>
      </trkpt>
      <trkpt lat="23.19996996782720088958740234375" lon="113.271710760891437530517578125">
        <ele>13</ele>
        <time>2025-04-20T12:30:35.000Z</time>
        <extensions>
          <ns3:TrackPointExtension>
            <ns3:hr>89</ns3:hr>
          </ns3:TrackPointExtension>
        </extensions>
      </trkpt>
      <trkpt lat="23.199928812682628631591796875" lon="113.2716884650290012359619140625">
        <ele>12.80000019073486328125</ele>
        <time>2025-04-20T12:30:36.000Z</time>
        <extensions>
          <ns3:TrackPointExtension>
            <ns3:hr>89</ns3:hr>
          </ns3:TrackPointExtension>
        </extensions>
      </trkpt>
      <trkpt lat="23.1998910941183567047119140625" lon="113.27166206203401088714599609375">
        <ele>12.80000019073486328125</ele>
        <time>2025-04-20T12:30:37.000Z</time>
        <extensions>
          <ns3:TrackPointExtension>
            <ns3:hr>89</ns3:hr>
          </ns3:TrackPointExtension>
        </extensions>
      </trkpt>
      <trkpt lat="23.1998518668115139007568359375" lon="113.27163306064903736114501953125">
        <ele>12.6000003814697265625</ele>
        <time>2025-04-20T12:30:38.000Z</time>
        <extensions>
          <ns3:TrackPointExtension>
            <ns3:hr>90</ns3:hr>
          </ns3:TrackPointExtension>
        </extensions>
      </trkpt>
      <trkpt lat="23.1998111307621002197265625" lon="113.2716103456914424896240234375">
        <ele>12.6000003814697265625</ele>
        <time>2025-04-20T12:30:39.000Z</time>
        <extensions>
          <ns3:TrackPointExtension>
            <ns3:hr>90</ns3:hr>
          </ns3:TrackPointExtension>
        </extensions>
      </trkpt>
      <trkpt lat="23.19976695813238620758056640625" lon="113.27158369123935699462890625">
        <ele>12.3999996185302734375</ele>
        <time>2025-04-20T12:30:40.000Z</time>
        <extensions>
          <ns3:TrackPointExtension>
            <ns3:hr>89</ns3:hr>
          </ns3:TrackPointExtension>
        </extensions>
      </trkpt>
      <trkpt lat="23.1997207738459110260009765625" lon="113.27155594713985919952392578125">
        <ele>12.3999996185302734375</ele>
        <time>2025-04-20T12:30:41.000Z</time>
        <extensions>
          <ns3:TrackPointExtension>
            <ns3:hr>89</ns3:hr>
          </ns3:TrackPointExtension>
        </extensions>
      </trkpt>
      <trkpt lat="23.19967391900718212127685546875" lon="113.27152728103101253509521484375">
        <ele>12.3999996185302734375</ele>
        <time>2025-04-20T12:30:42.000Z</time>
        <extensions>
          <ns3:TrackPointExtension>
            <ns3:hr>89</ns3:hr>
          </ns3:TrackPointExtension>
        </extensions>
      </trkpt>
      <trkpt lat="23.199624381959438323974609375" lon="113.271502219140529632568359375">
        <ele>12.19999980926513671875</ele>
        <time>2025-04-20T12:30:43.000Z</time>
        <extensions>
          <ns3:TrackPointExtension>
            <ns3:hr>89</ns3:hr>
          </ns3:TrackPointExtension>
        </extensions>
      </trkpt>
      <trkpt lat="23.19957979023456573486328125" lon="113.27147799544036388397216796875">
        <ele>12.19999980926513671875</ele>
        <time>2025-04-20T12:30:44.000Z</time>
        <extensions>
          <ns3:TrackPointExtension>
            <ns3:hr>89</ns3:hr>
          </ns3:TrackPointExtension>
        </extensions>
      </trkpt>
      <trkpt lat="23.1995380483567714691162109375" lon="113.271451927721500396728515625">
        <ele>12.3999996185302734375</ele>
        <time>2025-04-20T12:30:45.000Z</time>
        <extensions>
          <ns3:TrackPointExtension>
            <ns3:hr>89</ns3:hr>
          </ns3:TrackPointExtension>
        </extensions>
      </trkpt>
      <trkpt lat="23.199496306478977203369140625" lon="113.27143105678260326385498046875">
        <ele>12.3999996185302734375</ele>
        <time>2025-04-20T12:30:46.000Z</time>
        <extensions>
          <ns3:TrackPointExtension>
            <ns3:hr>90</ns3:hr>
          </ns3:TrackPointExtension>
        </extensions>
      </trkpt>
      <trkpt lat="23.1994569115340709686279296875" lon="113.27140959911048412322998046875">
        <ele>12.3999996185302734375</ele>
        <time>2025-04-20T12:30:47.000Z</time>
        <extensions>
          <ns3:TrackPointExtension>
            <ns3:hr>90</ns3:hr>
          </ns3:TrackPointExtension>
        </extensions>
      </trkpt>
      <trkpt lat="23.1994190253317356109619140625" lon="113.271385543048381805419921875">
        <ele>12.3999996185302734375</ele>
        <time>2025-04-20T12:30:48.000Z</time>
        <extensions>
          <ns3:TrackPointExtension>
            <ns3:hr>90</ns3:hr>
          </ns3:TrackPointExtension>
        </extensions>
      </trkpt>
      <trkpt lat="23.1993797980248928070068359375" lon="113.27136249281466007232666015625">
        <ele>12.6000003814697265625</ele>
        <time>2025-04-20T12:30:49.000Z</time>
        <extensions>
          <ns3:TrackPointExtension>
            <ns3:hr>90</ns3:hr>
          </ns3:TrackPointExtension>
        </extensions>
      </trkpt>
      <trkpt lat="23.19933830760419368743896484375" lon="113.27133801765739917755126953125">
        <ele>12.80000019073486328125</ele>
        <time>2025-04-20T12:30:50.000Z</time>
        <extensions>
          <ns3:TrackPointExtension>
            <ns3:hr>90</ns3:hr>
          </ns3:TrackPointExtension>
        </extensions>
      </trkpt>
      <trkpt lat="23.19929723627865314483642578125" lon="113.27131387777626514434814453125">
        <ele>12.80000019073486328125</ele>
        <time>2025-04-20T12:30:51.000Z</time>
        <extensions>
          <ns3:TrackPointExtension>
            <ns3:hr>90</ns3:hr>
          </ns3:TrackPointExtension>
        </extensions>
      </trkpt>
      <trkpt lat="23.199256248772144317626953125" lon="113.27129141427576541900634765625">
        <ele>12.80000019073486328125</ele>
        <time>2025-04-20T12:30:52.000Z</time>
        <extensions>
          <ns3:TrackPointExtension>
            <ns3:hr>90</ns3:hr>
          </ns3:TrackPointExtension>
        </extensions>
      </trkpt>
      <trkpt lat="23.19922012276947498321533203125" lon="113.271272219717502593994140625">
        <ele>12.80000019073486328125</ele>
        <time>2025-04-20T12:30:53.000Z</time>
        <extensions>
          <ns3:TrackPointExtension>
            <ns3:hr>90</ns3:hr>
          </ns3:TrackPointExtension>
        </extensions>
      </trkpt>
      <trkpt lat="23.1991850025951862335205078125" lon="113.27124984003603458404541015625">
        <ele>12.80000019073486328125</ele>
        <time>2025-04-20T12:30:54.000Z</time>
        <extensions>
          <ns3:TrackPointExtension>
            <ns3:hr>90</ns3:hr>
          </ns3:TrackPointExtension>
        </extensions>
      </trkpt>
      <trkpt lat="23.19915005005896091461181640625" lon="113.27122787944972515106201171875">
        <ele>12.80000019073486328125</ele>
        <time>2025-04-20T12:30:55.000Z</time>
        <extensions>
          <ns3:TrackPointExtension>
            <ns3:hr>90</ns3:hr>
          </ns3:TrackPointExtension>
        </extensions>
      </trkpt>
      <trkpt lat="23.19911174476146697998046875" lon="113.27120608650147914886474609375">
        <ele>12.80000019073486328125</ele>
        <time>2025-04-20T12:30:56.000Z</time>
        <extensions>
          <ns3:TrackPointExtension>
            <ns3:hr>90</ns3:hr>
          </ns3:TrackPointExtension>
        </extensions>
      </trkpt>
      <trkpt lat="23.19907444529235363006591796875" lon="113.2711855508387088775634765625">
        <ele>13</ele>
        <time>2025-04-20T12:30:57.000Z</time>
        <extensions>
          <ns3:TrackPointExtension>
            <ns3:hr>90</ns3:hr>
          </ns3:TrackPointExtension>
        </extensions>
      </trkpt>
      <trkpt lat="23.19903404451906681060791015625" lon="113.271160908043384552001953125">
        <ele>13</ele>
        <time>2025-04-20T12:30:58.000Z</time>
        <extensions>
          <ns3:TrackPointExtension>
            <ns3:hr>90</ns3:hr>
          </ns3:TrackPointExtension>
        </extensions>
      </trkpt>
      <trkpt lat="23.198997080326080322265625" lon="113.271139450371265411376953125">
        <ele>13</ele>
        <time>2025-04-20T12:30:59.000Z</time>
        <extensions>
          <ns3:TrackPointExtension>
            <ns3:hr>90</ns3:hr>
          </ns3:TrackPointExtension>
        </extensions>
      </trkpt>
      <trkpt lat="23.19895994849503040313720703125" lon="113.27112075872719287872314453125">
        <ele>13</ele>
        <time>2025-04-20T12:31:00.000Z</time>
        <extensions>
          <ns3:TrackPointExtension>
            <ns3:hr>91</ns3:hr>
          </ns3:TrackPointExtension>
        </extensions>
      </trkpt>
      <trkpt lat="23.1989244930446147918701171875" lon="113.2710977084934711456298828125">
        <ele>13</ele>
        <time>2025-04-20T12:31:01.000Z</time>
        <extensions>
          <ns3:TrackPointExtension>
            <ns3:hr>90</ns3:hr>
          </ns3:TrackPointExtension>
        </extensions>
      </trkpt>
      <trkpt lat="23.19889071397483348846435546875" lon="113.27107549645006656646728515625">
        <ele>13</ele>
        <time>2025-04-20T12:31:02.000Z</time>
        <extensions>
          <ns3:TrackPointExtension>
            <ns3:hr>91</ns3:hr>
          </ns3:TrackPointExtension>
        </extensions>
      </trkpt>
      <trkpt lat="23.1988560967147350311279296875" lon="113.27105353586375713348388671875">
        <ele>13</ele>
        <time>2025-04-20T12:31:03.000Z</time>
        <extensions>
          <ns3:TrackPointExtension>
            <ns3:hr>91</ns3:hr>
          </ns3:TrackPointExtension>
        </extensions>
      </trkpt>
      <trkpt lat="23.1988213956356048583984375" lon="113.27103509567677974700927734375">
        <ele>13</ele>
        <time>2025-04-20T12:31:04.000Z</time>
        <extensions>
          <ns3:TrackPointExtension>
            <ns3:hr>91</ns3:hr>
          </ns3:TrackPointExtension>
        </extensions>
      </trkpt>
      <trkpt lat="23.19878895767033100128173828125" lon="113.2710142247378826141357421875">
        <ele>13</ele>
        <time>2025-04-20T12:31:05.000Z</time>
        <extensions>
          <ns3:TrackPointExtension>
            <ns3:hr>91</ns3:hr>
          </ns3:TrackPointExtension>
        </extensions>
      </trkpt>
      <trkpt lat="23.19876364432275295257568359375" lon="113.27099762856960296630859375">
        <ele>13</ele>
        <time>2025-04-20T12:31:06.000Z</time>
        <extensions>
          <ns3:TrackPointExtension>
            <ns3:hr>91</ns3:hr>
          </ns3:TrackPointExtension>
        </extensions>
      </trkpt>
      <trkpt lat="23.1987464614212512969970703125" lon="113.27098379842936992645263671875">
        <ele>13</ele>
        <time>2025-04-20T12:31:07.000Z</time>
        <extensions>
          <ns3:TrackPointExtension>
            <ns3:hr>91</ns3:hr>
          </ns3:TrackPointExtension>
        </extensions>
      </trkpt>
      <trkpt lat="23.19873732514679431915283203125" lon="113.2709743268787860870361328125">
        <ele>13</ele>
        <time>2025-04-20T12:31:08.000Z</time>
        <extensions>
          <ns3:TrackPointExtension>
            <ns3:hr>91</ns3:hr>
          </ns3:TrackPointExtension>
        </extensions>
      </trkpt>
      <trkpt lat="23.19872743450105190277099609375" lon="113.27097038738429546356201171875">
        <ele>12.80000019073486328125</ele>
        <time>2025-04-20T12:31:09.000Z</time>
        <extensions>
          <ns3:TrackPointExtension>
            <ns3:hr>91</ns3:hr>
          </ns3:TrackPointExtension>
        </extensions>
      </trkpt>
      <trkpt lat="23.1987260095775127410888671875" lon="113.27097608707845211029052734375">
        <ele>12.80000019073486328125</ele>
        <time>2025-04-20T12:31:10.000Z</time>
        <extensions>
          <ns3:TrackPointExtension>
            <ns3:hr>91</ns3:hr>
          </ns3:TrackPointExtension>
        </extensions>
      </trkpt>
      <trkpt lat="23.19873816333711147308349609375" lon="113.2709719799458980560302734375">
        <ele>12.80000019073486328125</ele>
        <time>2025-04-20T12:31:11.000Z</time>
        <extensions>
          <ns3:TrackPointExtension>
            <ns3:hr>91</ns3:hr>
          </ns3:TrackPointExtension>
        </extensions>
      </trkpt>
      <trkpt lat="23.19873900152742862701416015625" lon="113.2709755003452301025390625">
        <ele>12.80000019073486328125</ele>
        <time>2025-04-20T12:31:12.000Z</time>
        <extensions>
          <ns3:TrackPointExtension>
            <ns3:hr>91</ns3:hr>
          </ns3:TrackPointExtension>
        </extensions>
      </trkpt>
      <trkpt lat="23.19873891770839691162109375" lon="113.2709756679832935333251953125">
        <ele>12.6000003814697265625</ele>
        <time>2025-04-20T12:31:13.000Z</time>
        <extensions>
          <ns3:TrackPointExtension>
            <ns3:hr>91</ns3:hr>
          </ns3:TrackPointExtension>
        </extensions>
      </trkpt>
      <trkpt lat="23.1987387500703334808349609375" lon="113.270975835621356964111328125">
        <ele>12.6000003814697265625</ele>
        <time>2025-04-20T12:31:14.000Z</time>
        <extensions>
          <ns3:TrackPointExtension>
            <ns3:hr>90</ns3:hr>
          </ns3:TrackPointExtension>
        </extensions>
      </trkpt>
      <trkpt lat="23.19873866625130176544189453125" lon="113.27097591944038867950439453125">
        <ele>12.6000003814697265625</ele>
        <time>2025-04-20T12:31:15.000Z</time>
        <extensions>
          <ns3:TrackPointExtension>
            <ns3:hr>90</ns3:hr>
          </ns3:TrackPointExtension>
        </extensions>
      </trkpt>
      <trkpt lat="23.19873849861323833465576171875" lon="113.27097617089748382568359375">
        <ele>12.3999996185302734375</ele>
        <time>2025-04-20T12:31:16.000Z</time>
        <extensions>
          <ns3:TrackPointExtension>
            <ns3:hr>90</ns3:hr>
          </ns3:TrackPointExtension>
        </extensions>
      </trkpt>
      <trkpt lat="23.1987384147942066192626953125" lon="113.27097617089748382568359375">
        <ele>12.3999996185302734375</ele>
        <time>2025-04-20T12:31:17.000Z</time>
        <extensions>
          <ns3:TrackPointExtension>
            <ns3:hr>91</ns3:hr>
          </ns3:TrackPointExtension>
        </extensions>
      </trkpt>
      <trkpt lat="23.1987382471561431884765625" lon="113.27097617089748382568359375">
        <ele>12.19999980926513671875</ele>
        <time>2025-04-20T12:31:18.000Z</time>
        <extensions>
          <ns3:TrackPointExtension>
            <ns3:hr>90</ns3:hr>
          </ns3:TrackPointExtension>
        </extensions>
      </trkpt>
      <trkpt lat="23.1987256743013858795166015625" lon="113.2709773443639278411865234375">
        <ele>12.19999980926513671875</ele>
        <time>2025-04-20T12:31:19.000Z</time>
        <extensions>
          <ns3:TrackPointExtension>
            <ns3:hr>90</ns3:hr>
          </ns3:TrackPointExtension>
        </extensions>
      </trkpt>
      <trkpt lat="23.19870832376182079315185546875" lon="113.27097482979297637939453125">
        <ele>12.19999980926513671875</ele>
        <time>2025-04-20T12:31:20.000Z</time>
        <extensions>
          <ns3:TrackPointExtension>
            <ns3:hr>90</ns3:hr>
          </ns3:TrackPointExtension>
        </extensions>
      </trkpt>
      <trkpt lat="23.19869273342192173004150390625" lon="113.2709674537181854248046875">
        <ele>12.19999980926513671875</ele>
        <time>2025-04-20T12:31:21.000Z</time>
        <extensions>
          <ns3:TrackPointExtension>
            <ns3:hr>89</ns3:hr>
          </ns3:TrackPointExtension>
        </extensions>
      </trkpt>
      <trkpt lat="23.19866943173110485076904296875" lon="113.2709578983485698699951171875">
        <ele>12.19999980926513671875</ele>
        <time>2025-04-20T12:31:22.000Z</time>
        <extensions>
          <ns3:TrackPointExtension>
            <ns3:hr>89</ns3:hr>
          </ns3:TrackPointExtension>
        </extensions>
      </trkpt>
      <trkpt lat="23.19864512421190738677978515625" lon="113.27094574458897113800048828125">
        <ele>12.19999980926513671875</ele>
        <time>2025-04-20T12:31:23.000Z</time>
        <extensions>
          <ns3:TrackPointExtension>
            <ns3:hr>89</ns3:hr>
          </ns3:TrackPointExtension>
        </extensions>
      </trkpt>
      <trkpt lat="23.19862148724496364593505859375" lon="113.270930908620357513427734375">
        <ele>12.19999980926513671875</ele>
        <time>2025-04-20T12:31:24.000Z</time>
        <extensions>
          <ns3:TrackPointExtension>
            <ns3:hr>89</ns3:hr>
          </ns3:TrackPointExtension>
        </extensions>
      </trkpt>
      <trkpt lat="23.19859466515481472015380859375" lon="113.270916156470775604248046875">
        <ele>12.19999980926513671875</ele>
        <time>2025-04-20T12:31:25.000Z</time>
        <extensions>
          <ns3:TrackPointExtension>
            <ns3:hr>89</ns3:hr>
          </ns3:TrackPointExtension>
        </extensions>
      </trkpt>
      <trkpt lat="23.19856985472142696380615234375" lon="113.27090081758797168731689453125">
        <ele>12.19999980926513671875</ele>
        <time>2025-04-20T12:31:26.000Z</time>
        <extensions>
          <ns3:TrackPointExtension>
            <ns3:hr>89</ns3:hr>
          </ns3:TrackPointExtension>
        </extensions>
      </trkpt>
      <trkpt lat="23.19853951223194599151611328125" lon="113.27088271267712116241455078125">
        <ele>12.19999980926513671875</ele>
        <time>2025-04-20T12:31:27.000Z</time>
        <extensions>
          <ns3:TrackPointExtension>
            <ns3:hr>88</ns3:hr>
          </ns3:TrackPointExtension>
        </extensions>
      </trkpt>
      <trkpt lat="23.1985064037144184112548828125" lon="113.2708626799285411834716796875">
        <ele>12.19999980926513671875</ele>
        <time>2025-04-20T12:31:28.000Z</time>
        <extensions>
          <ns3:TrackPointExtension>
            <ns3:hr>88</ns3:hr>
          </ns3:TrackPointExtension>
        </extensions>
      </trkpt>
      <trkpt lat="23.198469020426273345947265625" lon="113.27084214426577091217041015625">
        <ele>12</ele>
        <time>2025-04-20T12:31:29.000Z</time>
        <extensions>
          <ns3:TrackPointExtension>
            <ns3:hr>88</ns3:hr>
          </ns3:TrackPointExtension>
        </extensions>
      </trkpt>
      <trkpt lat="23.19842685945332050323486328125" lon="113.2708251290023326873779296875">
        <ele>12</ele>
        <time>2025-04-20T12:31:30.000Z</time>
        <extensions>
          <ns3:TrackPointExtension>
            <ns3:hr>88</ns3:hr>
          </ns3:TrackPointExtension>
        </extensions>
      </trkpt>
      <trkpt lat="23.1983883865177631378173828125" lon="113.270805180072784423828125">
        <ele>12</ele>
        <time>2025-04-20T12:31:31.000Z</time>
        <extensions>
          <ns3:TrackPointExtension>
            <ns3:hr>88</ns3:hr>
          </ns3:TrackPointExtension>
        </extensions>
      </trkpt>
      <trkpt lat="23.19834689609706401824951171875" lon="113.27078246511518955230712890625">
        <ele>12</ele>
        <time>2025-04-20T12:31:32.000Z</time>
        <extensions>
          <ns3:TrackPointExtension>
            <ns3:hr>89</ns3:hr>
          </ns3:TrackPointExtension>
        </extensions>
      </trkpt>
      <trkpt lat="23.19830565713346004486083984375" lon="113.27075882814824581146240234375">
        <ele>12</ele>
        <time>2025-04-20T12:31:33.000Z</time>
        <extensions>
          <ns3:TrackPointExtension>
            <ns3:hr>88</ns3:hr>
          </ns3:TrackPointExtension>
        </extensions>
      </trkpt>
      <trkpt lat="23.1982616521418094635009765625" lon="113.27073871158063411712646484375">
        <ele>12.19999980926513671875</ele>
        <time>2025-04-20T12:31:34.000Z</time>
        <extensions>
          <ns3:TrackPointExtension>
            <ns3:hr>88</ns3:hr>
          </ns3:TrackPointExtension>
        </extensions>
      </trkpt>
      <trkpt lat="23.19822016172111034393310546875" lon="113.27071465551853179931640625">
        <ele>12.19999980926513671875</ele>
        <time>2025-04-20T12:31:35.000Z</time>
        <extensions>
          <ns3:TrackPointExtension>
            <ns3:hr>89</ns3:hr>
          </ns3:TrackPointExtension>
        </extensions>
      </trkpt>
      <trkpt lat="23.1981768272817134857177734375" lon="113.270691521465778350830078125">
        <ele>12.3999996185302734375</ele>
        <time>2025-04-20T12:31:36.000Z</time>
        <extensions>
          <ns3:TrackPointExtension>
            <ns3:hr>88</ns3:hr>
          </ns3:TrackPointExtension>
        </extensions>
      </trkpt>
      <trkpt lat="23.19813542068004608154296875" lon="113.27066796831786632537841796875">
        <ele>12.6000003814697265625</ele>
        <time>2025-04-20T12:31:37.000Z</time>
        <extensions>
          <ns3:TrackPointExtension>
            <ns3:hr>88</ns3:hr>
          </ns3:TrackPointExtension>
        </extensions>
      </trkpt>
      <trkpt lat="23.1980918347835540771484375" lon="113.27064382843673229217529296875">
        <ele>12.6000003814697265625</ele>
        <time>2025-04-20T12:31:38.000Z</time>
        <extensions>
          <ns3:TrackPointExtension>
            <ns3:hr>89</ns3:hr>
          </ns3:TrackPointExtension>
        </extensions>
      </trkpt>
      <trkpt lat="23.1980510987341403961181640625" lon="113.27062035910785198211669921875">
        <ele>12.80000019073486328125</ele>
        <time>2025-04-20T12:31:39.000Z</time>
        <extensions>
          <ns3:TrackPointExtension>
            <ns3:hr>89</ns3:hr>
          </ns3:TrackPointExtension>
        </extensions>
      </trkpt>
      <trkpt lat="23.1980142183601856231689453125" lon="113.27059839852154254913330078125">
        <ele>12.80000019073486328125</ele>
        <time>2025-04-20T12:31:40.000Z</time>
        <extensions>
          <ns3:TrackPointExtension>
            <ns3:hr>89</ns3:hr>
          </ns3:TrackPointExtension>
        </extensions>
      </trkpt>
      <trkpt lat="23.1979790143668651580810546875" lon="113.2705787010490894317626953125">
        <ele>12.80000019073486328125</ele>
        <time>2025-04-20T12:31:41.000Z</time>
        <extensions>
          <ns3:TrackPointExtension>
            <ns3:hr>89</ns3:hr>
          </ns3:TrackPointExtension>
        </extensions>
      </trkpt>
      <trkpt lat="23.19794372655451297760009765625" lon="113.27055816538631916046142578125">
        <ele>12.6000003814697265625</ele>
        <time>2025-04-20T12:31:42.000Z</time>
        <extensions>
          <ns3:TrackPointExtension>
            <ns3:hr>89</ns3:hr>
          </ns3:TrackPointExtension>
        </extensions>
      </trkpt>
      <trkpt lat="23.19790936075150966644287109375" lon="113.27053972519934177398681640625">
        <ele>12.80000019073486328125</ele>
        <time>2025-04-20T12:31:43.000Z</time>
        <extensions>
          <ns3:TrackPointExtension>
            <ns3:hr>89</ns3:hr>
          </ns3:TrackPointExtension>
        </extensions>
      </trkpt>
      <trkpt lat="23.197872899472713470458984375" lon="113.27052027918398380279541015625">
        <ele>12.80000019073486328125</ele>
        <time>2025-04-20T12:31:44.000Z</time>
        <extensions>
          <ns3:TrackPointExtension>
            <ns3:hr>88</ns3:hr>
          </ns3:TrackPointExtension>
        </extensions>
      </trkpt>
      <trkpt lat="23.19783191196620464324951171875" lon="113.27049999497830867767333984375">
        <ele>12.80000019073486328125</ele>
        <time>2025-04-20T12:31:45.000Z</time>
        <extensions>
          <ns3:TrackPointExtension>
            <ns3:hr>88</ns3:hr>
          </ns3:TrackPointExtension>
        </extensions>
      </trkpt>
      <trkpt lat="23.19779218174517154693603515625" lon="113.27048021368682384490966796875">
        <ele>12.80000019073486328125</ele>
        <time>2025-04-20T12:31:46.000Z</time>
        <extensions>
          <ns3:TrackPointExtension>
            <ns3:hr>88</ns3:hr>
          </ns3:TrackPointExtension>
        </extensions>
      </trkpt>
      <trkpt lat="23.19775328971445560455322265625" lon="113.2704578340053558349609375">
        <ele>12.80000019073486328125</ele>
        <time>2025-04-20T12:31:47.000Z</time>
        <extensions>
          <ns3:TrackPointExtension>
            <ns3:hr>87</ns3:hr>
          </ns3:TrackPointExtension>
        </extensions>
      </trkpt>
      <trkpt lat="23.1977109611034393310546875" lon="113.27043226920068264007568359375">
        <ele>12.80000019073486328125</ele>
        <time>2025-04-20T12:31:48.000Z</time>
        <extensions>
          <ns3:TrackPointExtension>
            <ns3:hr>87</ns3:hr>
          </ns3:TrackPointExtension>
        </extensions>
      </trkpt>
      <trkpt lat="23.19766712374985218048095703125" lon="113.2704093866050243377685546875">
        <ele>12.80000019073486328125</ele>
        <time>2025-04-20T12:31:49.000Z</time>
        <extensions>
          <ns3:TrackPointExtension>
            <ns3:hr>87</ns3:hr>
          </ns3:TrackPointExtension>
        </extensions>
      </trkpt>
      <trkpt lat="23.19762647151947021484375" lon="113.2703854143619537353515625">
        <ele>12.80000019073486328125</ele>
        <time>2025-04-20T12:31:50.000Z</time>
        <extensions>
          <ns3:TrackPointExtension>
            <ns3:hr>87</ns3:hr>
          </ns3:TrackPointExtension>
        </extensions>
      </trkpt>
      <trkpt lat="23.19758380763232707977294921875" lon="113.27036135829985141754150390625">
        <ele>12.80000019073486328125</ele>
        <time>2025-04-20T12:31:51.000Z</time>
        <extensions>
          <ns3:TrackPointExtension>
            <ns3:hr>88</ns3:hr>
          </ns3:TrackPointExtension>
        </extensions>
      </trkpt>
      <trkpt lat="23.19754759781062602996826171875" lon="113.270339481532573699951171875">
        <ele>12.6000003814697265625</ele>
        <time>2025-04-20T12:31:52.000Z</time>
        <extensions>
          <ns3:TrackPointExtension>
            <ns3:hr>88</ns3:hr>
          </ns3:TrackPointExtension>
        </extensions>
      </trkpt>
      <trkpt lat="23.1975102983415126800537109375" lon="113.27031710185110569000244140625">
        <ele>12.3999996185302734375</ele>
        <time>2025-04-20T12:31:53.000Z</time>
        <extensions>
          <ns3:TrackPointExtension>
            <ns3:hr>88</ns3:hr>
          </ns3:TrackPointExtension>
        </extensions>
      </trkpt>
      <trkpt lat="23.19747149012982845306396484375" lon="113.27029631473124027252197265625">
        <ele>12.3999996185302734375</ele>
        <time>2025-04-20T12:31:54.000Z</time>
        <extensions>
          <ns3:TrackPointExtension>
            <ns3:hr>88</ns3:hr>
          </ns3:TrackPointExtension>
        </extensions>
      </trkpt>
      <trkpt lat="23.1974288262426853179931640625" lon="113.2702732644975185394287109375">
        <ele>12.19999980926513671875</ele>
        <time>2025-04-20T12:31:55.000Z</time>
        <extensions>
          <ns3:TrackPointExtension>
            <ns3:hr>87</ns3:hr>
          </ns3:TrackPointExtension>
        </extensions>
      </trkpt>
      <trkpt lat="23.1973879225552082061767578125" lon="113.27024937607347965240478515625">
        <ele>12.19999980926513671875</ele>
        <time>2025-04-20T12:31:56.000Z</time>
        <extensions>
          <ns3:TrackPointExtension>
            <ns3:hr>86</ns3:hr>
          </ns3:TrackPointExtension>
        </extensions>
      </trkpt>
      <trkpt lat="23.197345845401287078857421875" lon="113.270225487649440765380859375">
        <ele>12.19999980926513671875</ele>
        <time>2025-04-20T12:31:57.000Z</time>
        <extensions>
          <ns3:TrackPointExtension>
            <ns3:hr>86</ns3:hr>
          </ns3:TrackPointExtension>
        </extensions>
      </trkpt>
      <trkpt lat="23.19730251096189022064208984375" lon="113.2702021859586238861083984375">
        <ele>12.19999980926513671875</ele>
        <time>2025-04-20T12:31:58.000Z</time>
        <extensions>
          <ns3:TrackPointExtension>
            <ns3:hr>86</ns3:hr>
          </ns3:TrackPointExtension>
        </extensions>
      </trkpt>
      <trkpt lat="23.1972621940076351165771484375" lon="113.27017821371555328369140625">
        <ele>12</ele>
        <time>2025-04-20T12:31:59.000Z</time>
        <extensions>
          <ns3:TrackPointExtension>
            <ns3:hr>86</ns3:hr>
          </ns3:TrackPointExtension>
        </extensions>
      </trkpt>
      <trkpt lat="23.197220452129840850830078125" lon="113.27015298418700695037841796875">
        <ele>12</ele>
        <time>2025-04-20T12:32:00.000Z</time>
        <extensions>
          <ns3:TrackPointExtension>
            <ns3:hr>86</ns3:hr>
          </ns3:TrackPointExtension>
        </extensions>
      </trkpt>
      <trkpt lat="23.19717728532850742340087890625" lon="113.270130939781665802001953125">
        <ele>11.80000019073486328125</ele>
        <time>2025-04-20T12:32:01.000Z</time>
        <extensions>
          <ns3:TrackPointExtension>
            <ns3:hr>85</ns3:hr>
          </ns3:TrackPointExtension>
        </extensions>
      </trkpt>
      <trkpt lat="23.19713629782199859619140625" lon="113.27010956592857837677001953125">
        <ele>11.80000019073486328125</ele>
        <time>2025-04-20T12:32:02.000Z</time>
        <extensions>
          <ns3:TrackPointExtension>
            <ns3:hr>86</ns3:hr>
          </ns3:TrackPointExtension>
        </extensions>
      </trkpt>
      <trkpt lat="23.197098076343536376953125" lon="113.27009447850286960601806640625">
        <ele>11.80000019073486328125</ele>
        <time>2025-04-20T12:32:03.000Z</time>
        <extensions>
          <ns3:TrackPointExtension>
            <ns3:hr>86</ns3:hr>
          </ns3:TrackPointExtension>
        </extensions>
      </trkpt>
      <trkpt lat="23.1970610283315181732177734375" lon="113.2700764574110507965087890625">
        <ele>11.80000019073486328125</ele>
        <time>2025-04-20T12:32:04.000Z</time>
        <extensions>
          <ns3:TrackPointExtension>
            <ns3:hr>86</ns3:hr>
          </ns3:TrackPointExtension>
        </extensions>
      </trkpt>
      <trkpt lat="23.19702439941465854644775390625" lon="113.27005743049085140228271484375">
        <ele>11.80000019073486328125</ele>
        <time>2025-04-20T12:32:05.000Z</time>
        <extensions>
          <ns3:TrackPointExtension>
            <ns3:hr>86</ns3:hr>
          </ns3:TrackPointExtension>
        </extensions>
      </trkpt>
      <trkpt lat="23.19698802195489406585693359375" lon="113.27003563754260540008544921875">
        <ele>11.80000019073486328125</ele>
        <time>2025-04-20T12:32:06.000Z</time>
        <extensions>
          <ns3:TrackPointExtension>
            <ns3:hr>86</ns3:hr>
          </ns3:TrackPointExtension>
        </extensions>
      </trkpt>
      <trkpt lat="23.19695097394287586212158203125" lon="113.2700137607753276824951171875">
        <ele>11.80000019073486328125</ele>
        <time>2025-04-20T12:32:07.000Z</time>
        <extensions>
          <ns3:TrackPointExtension>
            <ns3:hr>86</ns3:hr>
          </ns3:TrackPointExtension>
        </extensions>
      </trkpt>
      <trkpt lat="23.1969168595969676971435546875" lon="113.26999247074127197265625">
        <ele>11.80000019073486328125</ele>
        <time>2025-04-20T12:32:08.000Z</time>
        <extensions>
          <ns3:TrackPointExtension>
            <ns3:hr>85</ns3:hr>
          </ns3:TrackPointExtension>
        </extensions>
      </trkpt>
      <trkpt lat="23.19688291288912296295166015625" lon="113.26996590010821819305419921875">
        <ele>11.80000019073486328125</ele>
        <time>2025-04-20T12:32:09.000Z</time>
        <extensions>
          <ns3:TrackPointExtension>
            <ns3:hr>85</ns3:hr>
          </ns3:TrackPointExtension>
        </extensions>
      </trkpt>
      <trkpt lat="23.19684326648712158203125" lon="113.2699423469603061676025390625">
        <ele>11.80000019073486328125</ele>
        <time>2025-04-20T12:32:10.000Z</time>
        <extensions>
          <ns3:TrackPointExtension>
            <ns3:hr>85</ns3:hr>
          </ns3:TrackPointExtension>
        </extensions>
      </trkpt>
      <trkpt lat="23.196803033351898193359375" lon="113.2699198834598064422607421875">
        <ele>11.6000003814697265625</ele>
        <time>2025-04-20T12:32:11.000Z</time>
        <extensions>
          <ns3:TrackPointExtension>
            <ns3:hr>85</ns3:hr>
          </ns3:TrackPointExtension>
        </extensions>
      </trkpt>
      <trkpt lat="23.1967656500637531280517578125" lon="113.2698972523212432861328125">
        <ele>11.6000003814697265625</ele>
        <time>2025-04-20T12:32:12.000Z</time>
        <extensions>
          <ns3:TrackPointExtension>
            <ns3:hr>86</ns3:hr>
          </ns3:TrackPointExtension>
        </extensions>
      </trkpt>
      <trkpt lat="23.1967297755181789398193359375" lon="113.26987219043076038360595703125">
        <ele>11.6000003814697265625</ele>
        <time>2025-04-20T12:32:13.000Z</time>
        <extensions>
          <ns3:TrackPointExtension>
            <ns3:hr>86</ns3:hr>
          </ns3:TrackPointExtension>
        </extensions>
      </trkpt>
      <trkpt lat="23.196695409715175628662109375" lon="113.26985291205346584320068359375">
        <ele>11.6000003814697265625</ele>
        <time>2025-04-20T12:32:14.000Z</time>
        <extensions>
          <ns3:TrackPointExtension>
            <ns3:hr>86</ns3:hr>
          </ns3:TrackPointExtension>
        </extensions>
      </trkpt>
      <trkpt lat="23.19665676914155483245849609375" lon="113.2698347233235836029052734375">
        <ele>11.6000003814697265625</ele>
        <time>2025-04-20T12:32:15.000Z</time>
        <extensions>
          <ns3:TrackPointExtension>
            <ns3:hr>86</ns3:hr>
          </ns3:TrackPointExtension>
        </extensions>
      </trkpt>
      <trkpt lat="23.196621648967266082763671875" lon="113.2698193006217479705810546875">
        <ele>11.6000003814697265625</ele>
        <time>2025-04-20T12:32:16.000Z</time>
        <extensions>
          <ns3:TrackPointExtension>
            <ns3:hr>86</ns3:hr>
          </ns3:TrackPointExtension>
        </extensions>
      </trkpt>
      <trkpt lat="23.196589462459087371826171875" lon="113.2698042131960391998291015625">
        <ele>11.80000019073486328125</ele>
        <time>2025-04-20T12:32:17.000Z</time>
        <extensions>
          <ns3:TrackPointExtension>
            <ns3:hr>85</ns3:hr>
          </ns3:TrackPointExtension>
        </extensions>
      </trkpt>
      <trkpt lat="23.1965591199696063995361328125" lon="113.26978149823844432830810546875">
        <ele>11.80000019073486328125</ele>
        <time>2025-04-20T12:32:18.000Z</time>
        <extensions>
          <ns3:TrackPointExtension>
            <ns3:hr>86</ns3:hr>
          </ns3:TrackPointExtension>
        </extensions>
      </trkpt>
      <trkpt lat="23.19652835838496685028076171875" lon="113.2697577774524688720703125">
        <ele>11.80000019073486328125</ele>
        <time>2025-04-20T12:32:19.000Z</time>
        <extensions>
          <ns3:TrackPointExtension>
            <ns3:hr>85</ns3:hr>
          </ns3:TrackPointExtension>
        </extensions>
      </trkpt>
      <trkpt lat="23.19649935699999332427978515625" lon="113.26973388902842998504638671875">
        <ele>11.6000003814697265625</ele>
        <time>2025-04-20T12:32:20.000Z</time>
        <extensions>
          <ns3:TrackPointExtension>
            <ns3:hr>85</ns3:hr>
          </ns3:TrackPointExtension>
        </extensions>
      </trkpt>
      <trkpt lat="23.1964766420423984527587890625" lon="113.2697079889476299285888671875">
        <ele>11.6000003814697265625</ele>
        <time>2025-04-20T12:32:21.000Z</time>
        <extensions>
          <ns3:TrackPointExtension>
            <ns3:hr>84</ns3:hr>
          </ns3:TrackPointExtension>
        </extensions>
      </trkpt>
      <trkpt lat="23.1964598782360553741455078125" lon="113.26968091540038585662841796875">
        <ele>11.6000003814697265625</ele>
        <time>2025-04-20T12:32:22.000Z</time>
        <extensions>
          <ns3:TrackPointExtension>
            <ns3:hr>84</ns3:hr>
          </ns3:TrackPointExtension>
        </extensions>
      </trkpt>
      <trkpt lat="23.19644697010517120361328125" lon="113.26965275220572948455810546875">
        <ele>11.6000003814697265625</ele>
        <time>2025-04-20T12:32:23.000Z</time>
        <extensions>
          <ns3:TrackPointExtension>
            <ns3:hr>84</ns3:hr>
          </ns3:TrackPointExtension>
        </extensions>
      </trkpt>
      <trkpt lat="23.19643800146877765655517578125" lon="113.26962810941040515899658203125">
        <ele>11.6000003814697265625</ele>
        <time>2025-04-20T12:32:24.000Z</time>
        <extensions>
          <ns3:TrackPointExtension>
            <ns3:hr>85</ns3:hr>
          </ns3:TrackPointExtension>
        </extensions>
      </trkpt>
      <trkpt lat="23.19643984548747539520263671875" lon="113.26959910802543163299560546875">
        <ele>11.6000003814697265625</ele>
        <time>2025-04-20T12:32:25.000Z</time>
        <extensions>
          <ns3:TrackPointExtension>
            <ns3:hr>85</ns3:hr>
          </ns3:TrackPointExtension>
        </extensions>
      </trkpt>
      <trkpt lat="23.19643867202103137969970703125" lon="113.2695772312581539154052734375">
        <ele>11.6000003814697265625</ele>
        <time>2025-04-20T12:32:26.000Z</time>
        <extensions>
          <ns3:TrackPointExtension>
            <ns3:hr>85</ns3:hr>
          </ns3:TrackPointExtension>
        </extensions>
      </trkpt>
      <trkpt lat="23.19644437171518802642822265625" lon="113.26955585740506649017333984375">
        <ele>11.3999996185302734375</ele>
        <time>2025-04-20T12:32:27.000Z</time>
        <extensions>
          <ns3:TrackPointExtension>
            <ns3:hr>84</ns3:hr>
          </ns3:TrackPointExtension>
        </extensions>
      </trkpt>
      <trkpt lat="23.1964461319148540496826171875" lon="113.26954378746449947357177734375">
        <ele>11.3999996185302734375</ele>
        <time>2025-04-20T12:32:28.000Z</time>
        <extensions>
          <ns3:TrackPointExtension>
            <ns3:hr>84</ns3:hr>
          </ns3:TrackPointExtension>
        </extensions>
      </trkpt>
      <trkpt lat="23.19644160568714141845703125" lon="113.26955434866249561309814453125">
        <ele>11.3999996185302734375</ele>
        <time>2025-04-20T12:32:29.000Z</time>
        <extensions>
          <ns3:TrackPointExtension>
            <ns3:hr>84</ns3:hr>
          </ns3:TrackPointExtension>
        </extensions>
      </trkpt>
      <trkpt lat="23.1964414380490779876708984375" lon="113.26955451630055904388427734375">
        <ele>11.3999996185302734375</ele>
        <time>2025-04-20T12:32:30.000Z</time>
        <extensions>
          <ns3:TrackPointExtension>
            <ns3:hr>84</ns3:hr>
          </ns3:TrackPointExtension>
        </extensions>
      </trkpt>
      <trkpt lat="23.19644118659198284149169921875" lon="113.2695547677576541900634765625">
        <ele>11.3999996185302734375</ele>
        <time>2025-04-20T12:32:31.000Z</time>
        <extensions>
          <ns3:TrackPointExtension>
            <ns3:hr>85</ns3:hr>
          </ns3:TrackPointExtension>
        </extensions>
      </trkpt>
      <trkpt lat="23.1964409351348876953125" lon="113.26955518685281276702880859375">
        <ele>11.19999980926513671875</ele>
        <time>2025-04-20T12:32:32.000Z</time>
        <extensions>
          <ns3:TrackPointExtension>
            <ns3:hr>85</ns3:hr>
          </ns3:TrackPointExtension>
        </extensions>
      </trkpt>
      <trkpt lat="23.19644068367779254913330078125" lon="113.26955568976700305938720703125">
        <ele>11.19999980926513671875</ele>
        <time>2025-04-20T12:32:33.000Z</time>
        <extensions>
          <ns3:TrackPointExtension>
            <ns3:hr>85</ns3:hr>
          </ns3:TrackPointExtension>
        </extensions>
      </trkpt>
      <trkpt lat="23.1964256800711154937744140625" lon="113.26955904252827167510986328125">
        <ele>11.19999980926513671875</ele>
        <time>2025-04-20T12:32:34.000Z</time>
        <extensions>
          <ns3:TrackPointExtension>
            <ns3:hr>85</ns3:hr>
          </ns3:TrackPointExtension>
        </extensions>
      </trkpt>
      <trkpt lat="23.19641553796827793121337890625" lon="113.269559629261493682861328125">
        <ele>11.19999980926513671875</ele>
        <time>2025-04-20T12:32:35.000Z</time>
        <extensions>
          <ns3:TrackPointExtension>
            <ns3:hr>85</ns3:hr>
          </ns3:TrackPointExtension>
        </extensions>
      </trkpt>
      <trkpt lat="23.19640003144741058349609375" lon="113.26955988071858882904052734375">
        <ele>11</ele>
        <time>2025-04-20T12:32:36.000Z</time>
        <extensions>
          <ns3:TrackPointExtension>
            <ns3:hr>85</ns3:hr>
          </ns3:TrackPointExtension>
        </extensions>
      </trkpt>
      <trkpt lat="23.196382932364940643310546875" lon="113.2695597968995571136474609375">
        <ele>11</ele>
        <time>2025-04-20T12:32:37.000Z</time>
        <extensions>
          <ns3:TrackPointExtension>
            <ns3:hr>85</ns3:hr>
          </ns3:TrackPointExtension>
        </extensions>
      </trkpt>
      <trkpt lat="23.19636256434023380279541015625" lon="113.269557617604732513427734375">
        <ele>11</ele>
        <time>2025-04-20T12:32:38.000Z</time>
        <extensions>
          <ns3:TrackPointExtension>
            <ns3:hr>84</ns3:hr>
          </ns3:TrackPointExtension>
        </extensions>
      </trkpt>
      <trkpt lat="23.1963388435542583465576171875" lon="113.26955594122409820556640625">
        <ele>11</ele>
        <time>2025-04-20T12:32:39.000Z</time>
        <extensions>
          <ns3:TrackPointExtension>
            <ns3:hr>84</ns3:hr>
          </ns3:TrackPointExtension>
        </extensions>
      </trkpt>
      <trkpt lat="23.196318559348583221435546875" lon="113.26955501921474933624267578125">
        <ele>11</ele>
        <time>2025-04-20T12:32:40.000Z</time>
        <extensions>
          <ns3:TrackPointExtension>
            <ns3:hr>84</ns3:hr>
          </ns3:TrackPointExtension>
        </extensions>
      </trkpt>
      <trkpt lat="23.1962959282100200653076171875" lon="113.2695497386157512664794921875">
        <ele>11.19999980926513671875</ele>
        <time>2025-04-20T12:32:41.000Z</time>
        <extensions>
          <ns3:TrackPointExtension>
            <ns3:hr>84</ns3:hr>
          </ns3:TrackPointExtension>
        </extensions>
      </trkpt>
      <trkpt lat="23.19627396762371063232421875" lon="113.26954328455030918121337890625">
        <ele>11.19999980926513671875</ele>
        <time>2025-04-20T12:32:42.000Z</time>
        <extensions>
          <ns3:TrackPointExtension>
            <ns3:hr>84</ns3:hr>
          </ns3:TrackPointExtension>
        </extensions>
      </trkpt>
      <trkpt lat="23.1962545216083526611328125" lon="113.269537501037120819091796875">
        <ele>11.19999980926513671875</ele>
        <time>2025-04-20T12:32:43.000Z</time>
        <extensions>
          <ns3:TrackPointExtension>
            <ns3:hr>84</ns3:hr>
          </ns3:TrackPointExtension>
        </extensions>
      </trkpt>
      <trkpt lat="23.19622778333723545074462890625" lon="113.26952987350523471832275390625">
        <ele>11.19999980926513671875</ele>
        <time>2025-04-20T12:32:44.000Z</time>
        <extensions>
          <ns3:TrackPointExtension>
            <ns3:hr>84</ns3:hr>
          </ns3:TrackPointExtension>
        </extensions>
      </trkpt>
      <trkpt lat="23.1961983628571033477783203125" lon="113.269519396126270294189453125">
        <ele>11.19999980926513671875</ele>
        <time>2025-04-20T12:32:45.000Z</time>
        <extensions>
          <ns3:TrackPointExtension>
            <ns3:hr>85</ns3:hr>
          </ns3:TrackPointExtension>
        </extensions>
      </trkpt>
      <trkpt lat="23.19616667926311492919921875" lon="113.26950707472860813140869140625">
        <ele>11.19999980926513671875</ele>
        <time>2025-04-20T12:32:46.000Z</time>
        <extensions>
          <ns3:TrackPointExtension>
            <ns3:hr>85</ns3:hr>
          </ns3:TrackPointExtension>
        </extensions>
      </trkpt>
      <trkpt lat="23.196132816374301910400390625" lon="113.26949232257902622222900390625">
        <ele>11.19999980926513671875</ele>
        <time>2025-04-20T12:32:47.000Z</time>
        <extensions>
          <ns3:TrackPointExtension>
            <ns3:hr>85</ns3:hr>
          </ns3:TrackPointExtension>
        </extensions>
      </trkpt>
      <trkpt lat="23.19610825739800930023193359375" lon="113.26946868561208248138427734375">
        <ele>11</ele>
        <time>2025-04-20T12:32:48.000Z</time>
        <extensions>
          <ns3:TrackPointExtension>
            <ns3:hr>85</ns3:hr>
          </ns3:TrackPointExtension>
        </extensions>
      </trkpt>
      <trkpt lat="23.1960857100784778594970703125" lon="113.2694397680461406707763671875">
        <ele>11</ele>
        <time>2025-04-20T12:32:49.000Z</time>
        <extensions>
          <ns3:TrackPointExtension>
            <ns3:hr>85</ns3:hr>
          </ns3:TrackPointExtension>
        </extensions>
      </trkpt>
      <trkpt lat="23.19606081582605838775634765625" lon="113.26941872946918010711669921875">
        <ele>11</ele>
        <time>2025-04-20T12:32:50.000Z</time>
        <extensions>
          <ns3:TrackPointExtension>
            <ns3:hr>84</ns3:hr>
          </ns3:TrackPointExtension>
        </extensions>
      </trkpt>
      <trkpt lat="23.196032904088497161865234375" lon="113.26940045692026615142822265625">
        <ele>10.80000019073486328125</ele>
        <time>2025-04-20T12:32:51.000Z</time>
        <extensions>
          <ns3:TrackPointExtension>
            <ns3:hr>84</ns3:hr>
          </ns3:TrackPointExtension>
        </extensions>
      </trkpt>
      <trkpt lat="23.19600013084709644317626953125" lon="113.26938285492360591888427734375">
        <ele>10.80000019073486328125</ele>
        <time>2025-04-20T12:32:52.000Z</time>
        <extensions>
          <ns3:TrackPointExtension>
            <ns3:hr>84</ns3:hr>
          </ns3:TrackPointExtension>
        </extensions>
      </trkpt>
      <trkpt lat="23.195967860519886016845703125" lon="113.26937397010624408721923828125">
        <ele>10.80000019073486328125</ele>
        <time>2025-04-20T12:32:53.000Z</time>
        <extensions>
          <ns3:TrackPointExtension>
            <ns3:hr>84</ns3:hr>
          </ns3:TrackPointExtension>
        </extensions>
      </trkpt>
      <trkpt lat="23.19593324325978755950927734375" lon="113.26936508528888225555419921875">
        <ele>10.6000003814697265625</ele>
        <time>2025-04-20T12:32:54.000Z</time>
        <extensions>
          <ns3:TrackPointExtension>
            <ns3:hr>84</ns3:hr>
          </ns3:TrackPointExtension>
        </extensions>
      </trkpt>
      <trkpt lat="23.19589770399034023284912109375" lon="113.26936055906116962432861328125">
        <ele>10.6000003814697265625</ele>
        <time>2025-04-20T12:32:55.000Z</time>
        <extensions>
          <ns3:TrackPointExtension>
            <ns3:hr>84</ns3:hr>
          </ns3:TrackPointExtension>
        </extensions>
      </trkpt>
      <trkpt lat="23.19586702622473239898681640625" lon="113.2693529315292835235595703125">
        <ele>10.3999996185302734375</ele>
        <time>2025-04-20T12:32:56.000Z</time>
        <extensions>
          <ns3:TrackPointExtension>
            <ns3:hr>84</ns3:hr>
          </ns3:TrackPointExtension>
        </extensions>
      </trkpt>
      <trkpt lat="23.1958360970020294189453125" lon="113.26934211887419223785400390625">
        <ele>10.3999996185302734375</ele>
        <time>2025-04-20T12:32:57.000Z</time>
        <extensions>
          <ns3:TrackPointExtension>
            <ns3:hr>85</ns3:hr>
          </ns3:TrackPointExtension>
        </extensions>
      </trkpt>
      <trkpt lat="23.1958054192364215850830078125" lon="113.2693277858197689056396484375">
        <ele>10.19999980926513671875</ele>
        <time>2025-04-20T12:32:58.000Z</time>
        <extensions>
          <ns3:TrackPointExtension>
            <ns3:hr>85</ns3:hr>
          </ns3:TrackPointExtension>
        </extensions>
      </trkpt>
      <trkpt lat="23.19577105343341827392578125" lon="113.269307501614093780517578125">
        <ele>10.19999980926513671875</ele>
        <time>2025-04-20T12:32:59.000Z</time>
        <extensions>
          <ns3:TrackPointExtension>
            <ns3:hr>84</ns3:hr>
          </ns3:TrackPointExtension>
        </extensions>
      </trkpt>
      <trkpt lat="23.1957341730594635009765625" lon="113.26929040253162384033203125">
        <ele>10.19999980926513671875</ele>
        <time>2025-04-20T12:33:00.000Z</time>
        <extensions>
          <ns3:TrackPointExtension>
            <ns3:hr>84</ns3:hr>
          </ns3:TrackPointExtension>
        </extensions>
      </trkpt>
      <trkpt lat="23.19569570012390613555908203125" lon="113.2692721299827098846435546875">
        <ele>10.19999980926513671875</ele>
        <time>2025-04-20T12:33:01.000Z</time>
        <extensions>
          <ns3:TrackPointExtension>
            <ns3:hr>84</ns3:hr>
          </ns3:TrackPointExtension>
        </extensions>
      </trkpt>
      <trkpt lat="23.19565462879836559295654296875" lon="113.2692508399486541748046875">
        <ele>10.19999980926513671875</ele>
        <time>2025-04-20T12:33:02.000Z</time>
        <extensions>
          <ns3:TrackPointExtension>
            <ns3:hr>84</ns3:hr>
          </ns3:TrackPointExtension>
        </extensions>
      </trkpt>
      <trkpt lat="23.19561556912958621978759765625" lon="113.26922896318137645721435546875">
        <ele>10.3999996185302734375</ele>
        <time>2025-04-20T12:33:03.000Z</time>
        <extensions>
          <ns3:TrackPointExtension>
            <ns3:hr>84</ns3:hr>
          </ns3:TrackPointExtension>
        </extensions>
      </trkpt>
      <trkpt lat="23.1955757550895214080810546875" lon="113.2692070864140987396240234375">
        <ele>10.3999996185302734375</ele>
        <time>2025-04-20T12:33:04.000Z</time>
        <extensions>
          <ns3:TrackPointExtension>
            <ns3:hr>84</ns3:hr>
          </ns3:TrackPointExtension>
        </extensions>
      </trkpt>
      <trkpt lat="23.19553434848785400390625" lon="113.269186802208423614501953125">
        <ele>10.3999996185302734375</ele>
        <time>2025-04-20T12:33:05.000Z</time>
        <extensions>
          <ns3:TrackPointExtension>
            <ns3:hr>86</ns3:hr>
          </ns3:TrackPointExtension>
        </extensions>
      </trkpt>
      <trkpt lat="23.19549235515296459197998046875" lon="113.26916425488889217376708984375">
        <ele>10.3999996185302734375</ele>
        <time>2025-04-20T12:33:06.000Z</time>
        <extensions>
          <ns3:TrackPointExtension>
            <ns3:hr>86</ns3:hr>
          </ns3:TrackPointExtension>
        </extensions>
      </trkpt>
      <trkpt lat="23.1954538822174072265625" lon="113.26913860626518726348876953125">
        <ele>10.3999996185302734375</ele>
        <time>2025-04-20T12:33:07.000Z</time>
        <extensions>
          <ns3:TrackPointExtension>
            <ns3:hr>86</ns3:hr>
          </ns3:TrackPointExtension>
        </extensions>
      </trkpt>
      <trkpt lat="23.19541633129119873046875" lon="113.269115388393402099609375">
        <ele>10.19999980926513671875</ele>
        <time>2025-04-20T12:33:08.000Z</time>
        <extensions>
          <ns3:TrackPointExtension>
            <ns3:hr>86</ns3:hr>
          </ns3:TrackPointExtension>
        </extensions>
      </trkpt>
      <trkpt lat="23.195377774536609649658203125" lon="113.269094265997409820556640625">
        <ele>10.19999980926513671875</ele>
        <time>2025-04-20T12:33:09.000Z</time>
        <extensions>
          <ns3:TrackPointExtension>
            <ns3:hr>86</ns3:hr>
          </ns3:TrackPointExtension>
        </extensions>
      </trkpt>
      <trkpt lat="23.1953390501439571380615234375" lon="113.2690702937543392181396484375">
        <ele>10.19999980926513671875</ele>
        <time>2025-04-20T12:33:10.000Z</time>
        <extensions>
          <ns3:TrackPointExtension>
            <ns3:hr>86</ns3:hr>
          </ns3:TrackPointExtension>
        </extensions>
      </trkpt>
      <trkpt lat="23.19530175067484378814697265625" lon="113.26904607005417346954345703125">
        <ele>10.3999996185302734375</ele>
        <time>2025-04-20T12:33:11.000Z</time>
        <extensions>
          <ns3:TrackPointExtension>
            <ns3:hr>87</ns3:hr>
          </ns3:TrackPointExtension>
        </extensions>
      </trkpt>
      <trkpt lat="23.19526419974863529205322265625" lon="113.2690206728875637054443359375">
        <ele>10.6000003814697265625</ele>
        <time>2025-04-20T12:33:12.000Z</time>
        <extensions>
          <ns3:TrackPointExtension>
            <ns3:hr>87</ns3:hr>
          </ns3:TrackPointExtension>
        </extensions>
      </trkpt>
      <trkpt lat="23.19522815756499767303466796875" lon="113.2689978741109371185302734375">
        <ele>10.6000003814697265625</ele>
        <time>2025-04-20T12:33:13.000Z</time>
        <extensions>
          <ns3:TrackPointExtension>
            <ns3:hr>87</ns3:hr>
          </ns3:TrackPointExtension>
        </extensions>
      </trkpt>
      <trkpt lat="23.195190019905567169189453125" lon="113.2689799368381500244140625">
        <ele>10.6000003814697265625</ele>
        <time>2025-04-20T12:33:14.000Z</time>
        <extensions>
          <ns3:TrackPointExtension>
            <ns3:hr>87</ns3:hr>
          </ns3:TrackPointExtension>
        </extensions>
      </trkpt>
      <trkpt lat="23.1951516307890415191650390625" lon="113.268962167203426361083984375">
        <ele>10.6000003814697265625</ele>
        <time>2025-04-20T12:33:15.000Z</time>
        <extensions>
          <ns3:TrackPointExtension>
            <ns3:hr>87</ns3:hr>
          </ns3:TrackPointExtension>
        </extensions>
      </trkpt>
      <trkpt lat="23.19511198438704013824462890625" lon="113.2689442299306392669677734375">
        <ele>10.6000003814697265625</ele>
        <time>2025-04-20T12:33:16.000Z</time>
        <extensions>
          <ns3:TrackPointExtension>
            <ns3:hr>87</ns3:hr>
          </ns3:TrackPointExtension>
        </extensions>
      </trkpt>
      <trkpt lat="23.19506739266216754913330078125" lon="113.2689262926578521728515625">
        <ele>10.6000003814697265625</ele>
        <time>2025-04-20T12:33:17.000Z</time>
        <extensions>
          <ns3:TrackPointExtension>
            <ns3:hr>87</ns3:hr>
          </ns3:TrackPointExtension>
        </extensions>
      </trkpt>
      <trkpt lat="23.19502866826951503753662109375" lon="113.26890391297638416290283203125">
        <ele>10.3999996185302734375</ele>
        <time>2025-04-20T12:33:18.000Z</time>
        <extensions>
          <ns3:TrackPointExtension>
            <ns3:hr>87</ns3:hr>
          </ns3:TrackPointExtension>
        </extensions>
      </trkpt>
      <trkpt lat="23.19498960860073566436767578125" lon="113.268885724246501922607421875">
        <ele>10.3999996185302734375</ele>
        <time>2025-04-20T12:33:19.000Z</time>
        <extensions>
          <ns3:TrackPointExtension>
            <ns3:hr>87</ns3:hr>
          </ns3:TrackPointExtension>
        </extensions>
      </trkpt>
      <trkpt lat="23.1949548237025737762451171875" lon="113.268869630992412567138671875">
        <ele>10.3999996185302734375</ele>
        <time>2025-04-20T12:33:20.000Z</time>
        <extensions>
          <ns3:TrackPointExtension>
            <ns3:hr>87</ns3:hr>
          </ns3:TrackPointExtension>
        </extensions>
      </trkpt>
      <trkpt lat="23.19491500966250896453857421875" lon="113.26885311864316463470458984375">
        <ele>10.3999996185302734375</ele>
        <time>2025-04-20T12:33:21.000Z</time>
        <extensions>
          <ns3:TrackPointExtension>
            <ns3:hr>87</ns3:hr>
          </ns3:TrackPointExtension>
        </extensions>
      </trkpt>
      <trkpt lat="23.1948736868798732757568359375" lon="113.2688350975513458251953125">
        <ele>10.3999996185302734375</ele>
        <time>2025-04-20T12:33:22.000Z</time>
        <extensions>
          <ns3:TrackPointExtension>
            <ns3:hr>87</ns3:hr>
          </ns3:TrackPointExtension>
        </extensions>
      </trkpt>
      <trkpt lat="23.19483387283980846405029296875" lon="113.26881724409759044647216796875">
        <ele>10.6000003814697265625</ele>
        <time>2025-04-20T12:33:23.000Z</time>
        <extensions>
          <ns3:TrackPointExtension>
            <ns3:hr>87</ns3:hr>
          </ns3:TrackPointExtension>
        </extensions>
      </trkpt>
      <trkpt lat="23.19479330442845821380615234375" lon="113.26879980973899364471435546875">
        <ele>10.6000003814697265625</ele>
        <time>2025-04-20T12:33:24.000Z</time>
        <extensions>
          <ns3:TrackPointExtension>
            <ns3:hr>87</ns3:hr>
          </ns3:TrackPointExtension>
        </extensions>
      </trkpt>
      <trkpt lat="23.1947563402354717254638671875" lon="113.26878388412296772003173828125">
        <ele>10.6000003814697265625</ele>
        <time>2025-04-20T12:33:25.000Z</time>
        <extensions>
          <ns3:TrackPointExtension>
            <ns3:hr>87</ns3:hr>
          </ns3:TrackPointExtension>
        </extensions>
      </trkpt>
      <trkpt lat="23.19471971131861209869384765625" lon="113.26876963488757610321044921875">
        <ele>10.6000003814697265625</ele>
        <time>2025-04-20T12:33:26.000Z</time>
        <extensions>
          <ns3:TrackPointExtension>
            <ns3:hr>87</ns3:hr>
          </ns3:TrackPointExtension>
        </extensions>
      </trkpt>
      <trkpt lat="23.19468517787754535675048828125" lon="113.268752284348011016845703125">
        <ele>10.80000019073486328125</ele>
        <time>2025-04-20T12:33:27.000Z</time>
        <extensions>
          <ns3:TrackPointExtension>
            <ns3:hr>87</ns3:hr>
          </ns3:TrackPointExtension>
        </extensions>
      </trkpt>
      <trkpt lat="23.1946503929793834686279296875" lon="113.2687309943139553070068359375">
        <ele>10.80000019073486328125</ele>
        <time>2025-04-20T12:33:28.000Z</time>
        <extensions>
          <ns3:TrackPointExtension>
            <ns3:hr>86</ns3:hr>
          </ns3:TrackPointExtension>
        </extensions>
      </trkpt>
      <trkpt lat="23.19461694918572902679443359375" lon="113.2687145657837390899658203125">
        <ele>10.80000019073486328125</ele>
        <time>2025-04-20T12:33:29.000Z</time>
        <extensions>
          <ns3:TrackPointExtension>
            <ns3:hr>86</ns3:hr>
          </ns3:TrackPointExtension>
        </extensions>
      </trkpt>
      <trkpt lat="23.19458283483982086181640625" lon="113.268699310719966888427734375">
        <ele>10.80000019073486328125</ele>
        <time>2025-04-20T12:33:30.000Z</time>
        <extensions>
          <ns3:TrackPointExtension>
            <ns3:hr>86</ns3:hr>
          </ns3:TrackPointExtension>
        </extensions>
      </trkpt>
      <trkpt lat="23.1945486366748809814453125" lon="113.26867810450494289398193359375">
        <ele>10.80000019073486328125</ele>
        <time>2025-04-20T12:33:31.000Z</time>
        <extensions>
          <ns3:TrackPointExtension>
            <ns3:hr>86</ns3:hr>
          </ns3:TrackPointExtension>
        </extensions>
      </trkpt>
      <trkpt lat="23.1945136003196239471435546875" lon="113.26865530572831630706787109375">
        <ele>10.80000019073486328125</ele>
        <time>2025-04-20T12:33:32.000Z</time>
        <extensions>
          <ns3:TrackPointExtension>
            <ns3:hr>86</ns3:hr>
          </ns3:TrackPointExtension>
        </extensions>
      </trkpt>
      <trkpt lat="23.1944757141172885894775390625" lon="113.26863267458975315093994140625">
        <ele>10.80000019073486328125</ele>
        <time>2025-04-20T12:33:33.000Z</time>
        <extensions>
          <ns3:TrackPointExtension>
            <ns3:hr>86</ns3:hr>
          </ns3:TrackPointExtension>
        </extensions>
      </trkpt>
      <trkpt lat="23.19443556480109691619873046875" lon="113.268610127270221710205078125">
        <ele>10.80000019073486328125</ele>
        <time>2025-04-20T12:33:34.000Z</time>
        <extensions>
          <ns3:TrackPointExtension>
            <ns3:hr>86</ns3:hr>
          </ns3:TrackPointExtension>
        </extensions>
      </trkpt>
      <trkpt lat="23.1943969242274761199951171875" lon="113.2685861550271511077880859375">
        <ele>10.80000019073486328125</ele>
        <time>2025-04-20T12:33:35.000Z</time>
        <extensions>
          <ns3:TrackPointExtension>
            <ns3:hr>86</ns3:hr>
          </ns3:TrackPointExtension>
        </extensions>
      </trkpt>
      <trkpt lat="23.19435895420610904693603515625" lon="113.2685630209743976593017578125">
        <ele>10.6000003814697265625</ele>
        <time>2025-04-20T12:33:36.000Z</time>
        <extensions>
          <ns3:TrackPointExtension>
            <ns3:hr>86</ns3:hr>
          </ns3:TrackPointExtension>
        </extensions>
      </trkpt>
      <trkpt lat="23.19432123564183712005615234375" lon="113.26854416169226169586181640625">
        <ele>10.6000003814697265625</ele>
        <time>2025-04-20T12:33:37.000Z</time>
        <extensions>
          <ns3:TrackPointExtension>
            <ns3:hr>86</ns3:hr>
          </ns3:TrackPointExtension>
        </extensions>
      </trkpt>
      <trkpt lat="23.19428510963916778564453125" lon="113.268522284924983978271484375">
        <ele>10.6000003814697265625</ele>
        <time>2025-04-20T12:33:38.000Z</time>
        <extensions>
          <ns3:TrackPointExtension>
            <ns3:hr>86</ns3:hr>
          </ns3:TrackPointExtension>
        </extensions>
      </trkpt>
      <trkpt lat="23.1942490674555301666259765625" lon="113.2684998214244842529296875">
        <ele>10.6000003814697265625</ele>
        <time>2025-04-20T12:33:39.000Z</time>
        <extensions>
          <ns3:TrackPointExtension>
            <ns3:hr>86</ns3:hr>
          </ns3:TrackPointExtension>
        </extensions>
      </trkpt>
      <trkpt lat="23.19421545602381229400634765625" lon="113.26847995631396770477294921875">
        <ele>10.6000003814697265625</ele>
        <time>2025-04-20T12:33:40.000Z</time>
        <extensions>
          <ns3:TrackPointExtension>
            <ns3:hr>87</ns3:hr>
          </ns3:TrackPointExtension>
        </extensions>
      </trkpt>
      <trkpt lat="23.19418050348758697509765625" lon="113.26845782808959484100341796875">
        <ele>10.6000003814697265625</ele>
        <time>2025-04-20T12:33:41.000Z</time>
        <extensions>
          <ns3:TrackPointExtension>
            <ns3:hr>87</ns3:hr>
          </ns3:TrackPointExtension>
        </extensions>
      </trkpt>
      <trkpt lat="23.19414203055202960968017578125" lon="113.26843469403684139251708984375">
        <ele>10.6000003814697265625</ele>
        <time>2025-04-20T12:33:42.000Z</time>
        <extensions>
          <ns3:TrackPointExtension>
            <ns3:hr>87</ns3:hr>
          </ns3:TrackPointExtension>
        </extensions>
      </trkpt>
      <trkpt lat="23.19410230033099651336669921875" lon="113.26841558329761028289794921875">
        <ele>10.6000003814697265625</ele>
        <time>2025-04-20T12:33:43.000Z</time>
        <extensions>
          <ns3:TrackPointExtension>
            <ns3:hr>87</ns3:hr>
          </ns3:TrackPointExtension>
        </extensions>
      </trkpt>
      <trkpt lat="23.19406491704285144805908203125" lon="113.26839680783450603485107421875">
        <ele>10.6000003814697265625</ele>
        <time>2025-04-20T12:33:44.000Z</time>
        <extensions>
          <ns3:TrackPointExtension>
            <ns3:hr>87</ns3:hr>
          </ns3:TrackPointExtension>
        </extensions>
      </trkpt>
      <trkpt lat="23.19402853958308696746826171875" lon="113.268377780914306640625">
        <ele>10.6000003814697265625</ele>
        <time>2025-04-20T12:33:45.000Z</time>
        <extensions>
          <ns3:TrackPointExtension>
            <ns3:hr>87</ns3:hr>
          </ns3:TrackPointExtension>
        </extensions>
      </trkpt>
      <trkpt lat="23.19398797117173671722412109375" lon="113.26835758052766323089599609375">
        <ele>10.6000003814697265625</ele>
        <time>2025-04-20T12:33:46.000Z</time>
        <extensions>
          <ns3:TrackPointExtension>
            <ns3:hr>88</ns3:hr>
          </ns3:TrackPointExtension>
        </extensions>
      </trkpt>
      <trkpt lat="23.193949162960052490234375" lon="113.268338553607463836669921875">
        <ele>10.6000003814697265625</ele>
        <time>2025-04-20T12:33:47.000Z</time>
        <extensions>
          <ns3:TrackPointExtension>
            <ns3:hr>88</ns3:hr>
          </ns3:TrackPointExtension>
        </extensions>
      </trkpt>
      <trkpt lat="23.19391353987157344818115234375" lon="113.26831701211631298065185546875">
        <ele>10.6000003814697265625</ele>
        <time>2025-04-20T12:33:48.000Z</time>
        <extensions>
          <ns3:TrackPointExtension>
            <ns3:hr>88</ns3:hr>
          </ns3:TrackPointExtension>
        </extensions>
      </trkpt>
      <trkpt lat="23.19388118572533130645751953125" lon="113.26829530298709869384765625">
        <ele>10.6000003814697265625</ele>
        <time>2025-04-20T12:33:49.000Z</time>
        <extensions>
          <ns3:TrackPointExtension>
            <ns3:hr>88</ns3:hr>
          </ns3:TrackPointExtension>
        </extensions>
      </trkpt>
      <trkpt lat="23.19384966976940631866455078125" lon="113.2682756893336772918701171875">
        <ele>10.6000003814697265625</ele>
        <time>2025-04-20T12:33:50.000Z</time>
        <extensions>
          <ns3:TrackPointExtension>
            <ns3:hr>88</ns3:hr>
          </ns3:TrackPointExtension>
        </extensions>
      </trkpt>
      <trkpt lat="23.19381630979478359222412109375" lon="113.26825498603284358978271484375">
        <ele>10.80000019073486328125</ele>
        <time>2025-04-20T12:33:51.000Z</time>
        <extensions>
          <ns3:TrackPointExtension>
            <ns3:hr>87</ns3:hr>
          </ns3:TrackPointExtension>
        </extensions>
      </trkpt>
      <trkpt lat="23.19378429092466831207275390625" lon="113.26823419891297817230224609375">
        <ele>10.80000019073486328125</ele>
        <time>2025-04-20T12:33:52.000Z</time>
        <extensions>
          <ns3:TrackPointExtension>
            <ns3:hr>86</ns3:hr>
          </ns3:TrackPointExtension>
        </extensions>
      </trkpt>
      <trkpt lat="23.19375445134937763214111328125" lon="113.26821609400212764739990234375">
        <ele>10.80000019073486328125</ele>
        <time>2025-04-20T12:33:53.000Z</time>
        <extensions>
          <ns3:TrackPointExtension>
            <ns3:hr>85</ns3:hr>
          </ns3:TrackPointExtension>
        </extensions>
      </trkpt>
      <trkpt lat="23.1937246955931186676025390625" lon="113.2681995816528797149658203125">
        <ele>10.80000019073486328125</ele>
        <time>2025-04-20T12:33:54.000Z</time>
        <extensions>
          <ns3:TrackPointExtension>
            <ns3:hr>86</ns3:hr>
          </ns3:TrackPointExtension>
        </extensions>
      </trkpt>
      <trkpt lat="23.193697370588779449462890625" lon="113.2681858353316783905029296875">
        <ele>10.80000019073486328125</ele>
        <time>2025-04-20T12:33:55.000Z</time>
        <extensions>
          <ns3:TrackPointExtension>
            <ns3:hr>86</ns3:hr>
          </ns3:TrackPointExtension>
        </extensions>
      </trkpt>
      <trkpt lat="23.1936720572412014007568359375" lon="113.26817451976239681243896484375">
        <ele>11</ele>
        <time>2025-04-20T12:33:56.000Z</time>
        <extensions>
          <ns3:TrackPointExtension>
            <ns3:hr>86</ns3:hr>
          </ns3:TrackPointExtension>
        </extensions>
      </trkpt>
      <trkpt lat="23.19364733062684535980224609375" lon="113.26816798187792301177978515625">
        <ele>11</ele>
        <time>2025-04-20T12:33:57.000Z</time>
        <extensions>
          <ns3:TrackPointExtension>
            <ns3:hr>87</ns3:hr>
          </ns3:TrackPointExtension>
        </extensions>
      </trkpt>
      <trkpt lat="23.19362461566925048828125" lon="113.26816211454570293426513671875">
        <ele>11</ele>
        <time>2025-04-20T12:33:58.000Z</time>
        <extensions>
          <ns3:TrackPointExtension>
            <ns3:hr>88</ns3:hr>
          </ns3:TrackPointExtension>
        </extensions>
      </trkpt>
      <trkpt lat="23.19360055960714817047119140625" lon="113.2681526429951190948486328125">
        <ele>11.19999980926513671875</ele>
        <time>2025-04-20T12:33:59.000Z</time>
        <extensions>
          <ns3:TrackPointExtension>
            <ns3:hr>89</ns3:hr>
          </ns3:TrackPointExtension>
        </extensions>
      </trkpt>
      <trkpt lat="23.19357994012534618377685546875" lon="113.26813881285488605499267578125">
        <ele>11.19999980926513671875</ele>
        <time>2025-04-20T12:34:00.000Z</time>
        <extensions>
          <ns3:TrackPointExtension>
            <ns3:hr>90</ns3:hr>
          </ns3:TrackPointExtension>
        </extensions>
      </trkpt>
      <trkpt lat="23.19355630315840244293212890625" lon="113.26812204904854297637939453125">
        <ele>11.19999980926513671875</ele>
        <time>2025-04-20T12:34:01.000Z</time>
        <extensions>
          <ns3:TrackPointExtension>
            <ns3:hr>93</ns3:hr>
          </ns3:TrackPointExtension>
        </extensions>
      </trkpt>
      <trkpt lat="23.193533085286617279052734375" lon="113.26810696162283420562744140625">
        <ele>11.19999980926513671875</ele>
        <time>2025-04-20T12:34:02.000Z</time>
        <extensions>
          <ns3:TrackPointExtension>
            <ns3:hr>96</ns3:hr>
          </ns3:TrackPointExtension>
        </extensions>
      </trkpt>
      <trkpt lat="23.193506933748722076416015625" lon="113.26808650977909564971923828125">
        <ele>11.19999980926513671875</ele>
        <time>2025-04-20T12:34:03.000Z</time>
        <extensions>
          <ns3:TrackPointExtension>
            <ns3:hr>97</ns3:hr>
          </ns3:TrackPointExtension>
        </extensions>
      </trkpt>
      <trkpt lat="23.1934812851250171661376953125" lon="113.26806505210697650909423828125">
        <ele>11.19999980926513671875</ele>
        <time>2025-04-20T12:34:04.000Z</time>
        <extensions>
          <ns3:TrackPointExtension>
            <ns3:hr>98</ns3:hr>
          </ns3:TrackPointExtension>
        </extensions>
      </trkpt>
      <trkpt lat="23.193454630672931671142578125" lon="113.2680436782538890838623046875">
        <ele>11</ele>
        <time>2025-04-20T12:34:05.000Z</time>
        <extensions>
          <ns3:TrackPointExtension>
            <ns3:hr>98</ns3:hr>
          </ns3:TrackPointExtension>
        </extensions>
      </trkpt>
      <trkpt lat="23.19342948496341705322265625" lon="113.268021382391452789306640625">
        <ele>11</ele>
        <time>2025-04-20T12:34:06.000Z</time>
        <extensions>
          <ns3:TrackPointExtension>
            <ns3:hr>99</ns3:hr>
          </ns3:TrackPointExtension>
        </extensions>
      </trkpt>
      <trkpt lat="23.19340257905423641204833984375" lon="113.26799632050096988677978515625">
        <ele>11</ele>
        <time>2025-04-20T12:34:07.000Z</time>
        <extensions>
          <ns3:TrackPointExtension>
            <ns3:hr>99</ns3:hr>
          </ns3:TrackPointExtension>
        </extensions>
      </trkpt>
      <trkpt lat="23.19337391294538974761962890625" lon="113.26797184534370899200439453125">
        <ele>11</ele>
        <time>2025-04-20T12:34:08.000Z</time>
        <extensions>
          <ns3:TrackPointExtension>
            <ns3:hr>99</ns3:hr>
          </ns3:TrackPointExtension>
        </extensions>
      </trkpt>
      <trkpt lat="23.19334725849330425262451171875" lon="113.267948292195796966552734375">
        <ele>11</ele>
        <time>2025-04-20T12:34:09.000Z</time>
        <extensions>
          <ns3:TrackPointExtension>
            <ns3:hr>98</ns3:hr>
          </ns3:TrackPointExtension>
        </extensions>
      </trkpt>
      <trkpt lat="23.19331683218479156494140625" lon="113.26792323030531406402587890625">
        <ele>10.80000019073486328125</ele>
        <time>2025-04-20T12:34:10.000Z</time>
        <extensions>
          <ns3:TrackPointExtension>
            <ns3:hr>98</ns3:hr>
          </ns3:TrackPointExtension>
        </extensions>
      </trkpt>
      <trkpt lat="23.19328590296208858489990234375" lon="113.26789959333837032318115234375">
        <ele>10.80000019073486328125</ele>
        <time>2025-04-20T12:34:11.000Z</time>
        <extensions>
          <ns3:TrackPointExtension>
            <ns3:hr>97</ns3:hr>
          </ns3:TrackPointExtension>
        </extensions>
      </trkpt>
      <trkpt lat="23.19325287826359272003173828125" lon="113.26787696219980716705322265625">
        <ele>10.80000019073486328125</ele>
        <time>2025-04-20T12:34:12.000Z</time>
        <extensions>
          <ns3:TrackPointExtension>
            <ns3:hr>96</ns3:hr>
          </ns3:TrackPointExtension>
        </extensions>
      </trkpt>
      <trkpt lat="23.1932180933654308319091796875" lon="113.26785349287092685699462890625">
        <ele>10.80000019073486328125</ele>
        <time>2025-04-20T12:34:13.000Z</time>
        <extensions>
          <ns3:TrackPointExtension>
            <ns3:hr>94</ns3:hr>
          </ns3:TrackPointExtension>
        </extensions>
      </trkpt>
      <trkpt lat="23.19318481720983982086181640625" lon="113.2678284309804439544677734375">
        <ele>10.80000019073486328125</ele>
        <time>2025-04-20T12:34:14.000Z</time>
        <extensions>
          <ns3:TrackPointExtension>
            <ns3:hr>92</ns3:hr>
          </ns3:TrackPointExtension>
        </extensions>
      </trkpt>
      <trkpt lat="23.19315128959715366363525390625" lon="113.26780487783253192901611328125">
        <ele>10.80000019073486328125</ele>
        <time>2025-04-20T12:34:15.000Z</time>
        <extensions>
          <ns3:TrackPointExtension>
            <ns3:hr>90</ns3:hr>
          </ns3:TrackPointExtension>
        </extensions>
      </trkpt>
      <trkpt lat="23.19311675615608692169189453125" lon="113.26778124086558818817138671875">
        <ele>10.80000019073486328125</ele>
        <time>2025-04-20T12:34:16.000Z</time>
        <extensions>
          <ns3:TrackPointExtension>
            <ns3:hr>89</ns3:hr>
          </ns3:TrackPointExtension>
        </extensions>
      </trkpt>
      <trkpt lat="23.19308213889598846435546875" lon="113.2677566818892955780029296875">
        <ele>10.80000019073486328125</ele>
        <time>2025-04-20T12:34:17.000Z</time>
        <extensions>
          <ns3:TrackPointExtension>
            <ns3:hr>89</ns3:hr>
          </ns3:TrackPointExtension>
        </extensions>
      </trkpt>
      <trkpt lat="23.193052299320697784423828125" lon="113.26773530803620815277099609375">
        <ele>10.80000019073486328125</ele>
        <time>2025-04-20T12:34:18.000Z</time>
        <extensions>
          <ns3:TrackPointExtension>
            <ns3:hr>88</ns3:hr>
          </ns3:TrackPointExtension>
        </extensions>
      </trkpt>
      <trkpt lat="23.193021118640899658203125" lon="113.26771150343120098114013671875">
        <ele>10.80000019073486328125</ele>
        <time>2025-04-20T12:34:19.000Z</time>
        <extensions>
          <ns3:TrackPointExtension>
            <ns3:hr>88</ns3:hr>
          </ns3:TrackPointExtension>
        </extensions>
      </trkpt>
      <trkpt lat="23.19298935122787952423095703125" lon="113.2676872797310352325439453125">
        <ele>10.6000003814697265625</ele>
        <time>2025-04-20T12:34:20.000Z</time>
        <extensions>
          <ns3:TrackPointExtension>
            <ns3:hr>88</ns3:hr>
          </ns3:TrackPointExtension>
        </extensions>
      </trkpt>
      <trkpt lat="23.19295951165258884429931640625" lon="113.26765819452702999114990234375">
        <ele>10.6000003814697265625</ele>
        <time>2025-04-20T12:34:21.000Z</time>
        <extensions>
          <ns3:TrackPointExtension>
            <ns3:hr>88</ns3:hr>
          </ns3:TrackPointExtension>
        </extensions>
      </trkpt>
      <trkpt lat="23.19292564876377582550048828125" lon="113.2676319591701030731201171875">
        <ele>10.6000003814697265625</ele>
        <time>2025-04-20T12:34:22.000Z</time>
        <extensions>
          <ns3:TrackPointExtension>
            <ns3:hr>87</ns3:hr>
          </ns3:TrackPointExtension>
        </extensions>
      </trkpt>
      <trkpt lat="23.1928898580372333526611328125" lon="113.2676091603934764862060546875">
        <ele>10.6000003814697265625</ele>
        <time>2025-04-20T12:34:23.000Z</time>
        <extensions>
          <ns3:TrackPointExtension>
            <ns3:hr>87</ns3:hr>
          </ns3:TrackPointExtension>
        </extensions>
      </trkpt>
      <trkpt lat="23.192853815853595733642578125" lon="113.26758426614105701446533203125">
        <ele>10.6000003814697265625</ele>
        <time>2025-04-20T12:34:24.000Z</time>
        <extensions>
          <ns3:TrackPointExtension>
            <ns3:hr>87</ns3:hr>
          </ns3:TrackPointExtension>
        </extensions>
      </trkpt>
      <trkpt lat="23.1928191147744655609130859375" lon="113.26755828224122524261474609375">
        <ele>10.6000003814697265625</ele>
        <time>2025-04-20T12:34:25.000Z</time>
        <extensions>
          <ns3:TrackPointExtension>
            <ns3:hr>87</ns3:hr>
          </ns3:TrackPointExtension>
        </extensions>
      </trkpt>
      <trkpt lat="23.19278449751436710357666015625" lon="113.26752995140850543975830078125">
        <ele>10.6000003814697265625</ele>
        <time>2025-04-20T12:34:26.000Z</time>
        <extensions>
          <ns3:TrackPointExtension>
            <ns3:hr>86</ns3:hr>
          </ns3:TrackPointExtension>
        </extensions>
      </trkpt>
      <trkpt lat="23.19274996407330036163330078125" lon="113.2675058953464031219482421875">
        <ele>10.6000003814697265625</ele>
        <time>2025-04-20T12:34:27.000Z</time>
        <extensions>
          <ns3:TrackPointExtension>
            <ns3:hr>86</ns3:hr>
          </ns3:TrackPointExtension>
        </extensions>
      </trkpt>
      <trkpt lat="23.192709647119045257568359375" lon="113.26748250983655452728271484375">
        <ele>10.6000003814697265625</ele>
        <time>2025-04-20T12:34:28.000Z</time>
        <extensions>
          <ns3:TrackPointExtension>
            <ns3:hr>87</ns3:hr>
          </ns3:TrackPointExtension>
        </extensions>
      </trkpt>
      <trkpt lat="23.19267435930669307708740234375" lon="113.267460130155086517333984375">
        <ele>10.3999996185302734375</ele>
        <time>2025-04-20T12:34:29.000Z</time>
        <extensions>
          <ns3:TrackPointExtension>
            <ns3:hr>87</ns3:hr>
          </ns3:TrackPointExtension>
        </extensions>
      </trkpt>
      <trkpt lat="23.1926400773227214813232421875" lon="113.2674395106732845306396484375">
        <ele>10.3999996185302734375</ele>
        <time>2025-04-20T12:34:30.000Z</time>
        <extensions>
          <ns3:TrackPointExtension>
            <ns3:hr>87</ns3:hr>
          </ns3:TrackPointExtension>
        </extensions>
      </trkpt>
      <trkpt lat="23.1926045380532741546630859375" lon="113.26741143129765987396240234375">
        <ele>10.3999996185302734375</ele>
        <time>2025-04-20T12:34:31.000Z</time>
        <extensions>
          <ns3:TrackPointExtension>
            <ns3:hr>88</ns3:hr>
          </ns3:TrackPointExtension>
        </extensions>
      </trkpt>
      <trkpt lat="23.19256707094609737396240234375" lon="113.2673855312168598175048828125">
        <ele>10.19999980926513671875</ele>
        <time>2025-04-20T12:34:32.000Z</time>
        <extensions>
          <ns3:TrackPointExtension>
            <ns3:hr>88</ns3:hr>
          </ns3:TrackPointExtension>
        </extensions>
      </trkpt>
      <trkpt lat="23.1925297714769840240478515625" lon="113.26736197806894779205322265625">
        <ele>10.19999980926513671875</ele>
        <time>2025-04-20T12:34:33.000Z</time>
        <extensions>
          <ns3:TrackPointExtension>
            <ns3:hr>88</ns3:hr>
          </ns3:TrackPointExtension>
        </extensions>
      </trkpt>
      <trkpt lat="23.19249062798917293548583984375" lon="113.2673411071300506591796875">
        <ele>10.19999980926513671875</ele>
        <time>2025-04-20T12:34:34.000Z</time>
        <extensions>
          <ns3:TrackPointExtension>
            <ns3:hr>88</ns3:hr>
          </ns3:TrackPointExtension>
        </extensions>
      </trkpt>
      <trkpt lat="23.19245223887264728546142578125" lon="113.26732040382921695709228515625">
        <ele>10.19999980926513671875</ele>
        <time>2025-04-20T12:34:35.000Z</time>
        <extensions>
          <ns3:TrackPointExtension>
            <ns3:hr>88</ns3:hr>
          </ns3:TrackPointExtension>
        </extensions>
      </trkpt>
      <trkpt lat="23.192411251366138458251953125" lon="113.26729576103389263153076171875">
        <ele>10.19999980926513671875</ele>
        <time>2025-04-20T12:34:36.000Z</time>
        <extensions>
          <ns3:TrackPointExtension>
            <ns3:hr>88</ns3:hr>
          </ns3:TrackPointExtension>
        </extensions>
      </trkpt>
      <trkpt lat="23.1923701800405979156494140625" lon="113.26727195642888545989990234375">
        <ele>10.19999980926513671875</ele>
        <time>2025-04-20T12:34:37.000Z</time>
        <extensions>
          <ns3:TrackPointExtension>
            <ns3:hr>88</ns3:hr>
          </ns3:TrackPointExtension>
        </extensions>
      </trkpt>
      <trkpt lat="23.192330114543437957763671875" lon="113.26724614016711711883544921875">
        <ele>10.19999980926513671875</ele>
        <time>2025-04-20T12:34:38.000Z</time>
        <extensions>
          <ns3:TrackPointExtension>
            <ns3:hr>88</ns3:hr>
          </ns3:TrackPointExtension>
        </extensions>
      </trkpt>
      <trkpt lat="23.19229080341756343841552734375" lon="113.2672204077243804931640625">
        <ele>10.3999996185302734375</ele>
        <time>2025-04-20T12:34:39.000Z</time>
        <extensions>
          <ns3:TrackPointExtension>
            <ns3:hr>88</ns3:hr>
          </ns3:TrackPointExtension>
        </extensions>
      </trkpt>
      <trkpt lat="23.1922541745007038116455078125" lon="113.26719651930034160614013671875">
        <ele>10.3999996185302734375</ele>
        <time>2025-04-20T12:34:40.000Z</time>
        <extensions>
          <ns3:TrackPointExtension>
            <ns3:hr>89</ns3:hr>
          </ns3:TrackPointExtension>
        </extensions>
      </trkpt>
      <trkpt lat="23.19221846759319305419921875" lon="113.2671726308763027191162109375">
        <ele>10.3999996185302734375</ele>
        <time>2025-04-20T12:34:41.000Z</time>
        <extensions>
          <ns3:TrackPointExtension>
            <ns3:hr>89</ns3:hr>
          </ns3:TrackPointExtension>
        </extensions>
      </trkpt>
      <trkpt lat="23.1921824254095554351806640625" lon="113.2671506702899932861328125">
        <ele>10.3999996185302734375</ele>
        <time>2025-04-20T12:34:42.000Z</time>
        <extensions>
          <ns3:TrackPointExtension>
            <ns3:hr>89</ns3:hr>
          </ns3:TrackPointExtension>
        </extensions>
      </trkpt>
      <trkpt lat="23.19214210845530033111572265625" lon="113.2671330682933330535888671875">
        <ele>10.6000003814697265625</ele>
        <time>2025-04-20T12:34:43.000Z</time>
        <extensions>
          <ns3:TrackPointExtension>
            <ns3:hr>90</ns3:hr>
          </ns3:TrackPointExtension>
        </extensions>
      </trkpt>
      <trkpt lat="23.19210422225296497344970703125" lon="113.2671131193637847900390625">
        <ele>10.6000003814697265625</ele>
        <time>2025-04-20T12:34:44.000Z</time>
        <extensions>
          <ns3:TrackPointExtension>
            <ns3:hr>90</ns3:hr>
          </ns3:TrackPointExtension>
        </extensions>
      </trkpt>
      <trkpt lat="23.19206600077450275421142578125" lon="113.26709258370101451873779296875">
        <ele>10.6000003814697265625</ele>
        <time>2025-04-20T12:34:45.000Z</time>
        <extensions>
          <ns3:TrackPointExtension>
            <ns3:hr>90</ns3:hr>
          </ns3:TrackPointExtension>
        </extensions>
      </trkpt>
      <trkpt lat="23.19202560000121593475341796875" lon="113.26707313768565654754638671875">
        <ele>10.6000003814697265625</ele>
        <time>2025-04-20T12:34:46.000Z</time>
        <extensions>
          <ns3:TrackPointExtension>
            <ns3:hr>90</ns3:hr>
          </ns3:TrackPointExtension>
        </extensions>
      </trkpt>
      <trkpt lat="23.1919859535992145538330078125" lon="113.2670495845377445220947265625">
        <ele>10.6000003814697265625</ele>
        <time>2025-04-20T12:34:47.000Z</time>
        <extensions>
          <ns3:TrackPointExtension>
            <ns3:hr>90</ns3:hr>
          </ns3:TrackPointExtension>
        </extensions>
      </trkpt>
      <trkpt lat="23.19194563664495944976806640625" lon="113.267028965055942535400390625">
        <ele>10.6000003814697265625</ele>
        <time>2025-04-20T12:34:48.000Z</time>
        <extensions>
          <ns3:TrackPointExtension>
            <ns3:hr>90</ns3:hr>
          </ns3:TrackPointExtension>
        </extensions>
      </trkpt>
      <trkpt lat="23.1919014640152454376220703125" lon="113.2670053280889987945556640625">
        <ele>10.6000003814697265625</ele>
        <time>2025-04-20T12:34:49.000Z</time>
        <extensions>
          <ns3:TrackPointExtension>
            <ns3:hr>90</ns3:hr>
          </ns3:TrackPointExtension>
        </extensions>
      </trkpt>
      <trkpt lat="23.191860727965831756591796875" lon="113.266983367502689361572265625">
        <ele>10.6000003814697265625</ele>
        <time>2025-04-20T12:34:50.000Z</time>
        <extensions>
          <ns3:TrackPointExtension>
            <ns3:hr>90</ns3:hr>
          </ns3:TrackPointExtension>
        </extensions>
      </trkpt>
      <trkpt lat="23.1918193213641643524169921875" lon="113.2669627480208873748779296875">
        <ele>10.6000003814697265625</ele>
        <time>2025-04-20T12:34:51.000Z</time>
        <extensions>
          <ns3:TrackPointExtension>
            <ns3:hr>90</ns3:hr>
          </ns3:TrackPointExtension>
        </extensions>
      </trkpt>
      <trkpt lat="23.19177648983895778656005859375" lon="113.26693676412105560302734375">
        <ele>10.6000003814697265625</ele>
        <time>2025-04-20T12:34:52.000Z</time>
        <extensions>
          <ns3:TrackPointExtension>
            <ns3:hr>90</ns3:hr>
          </ns3:TrackPointExtension>
        </extensions>
      </trkpt>
      <trkpt lat="23.19173441268503665924072265625" lon="113.26691304333508014678955078125">
        <ele>10.6000003814697265625</ele>
        <time>2025-04-20T12:34:53.000Z</time>
        <extensions>
          <ns3:TrackPointExtension>
            <ns3:hr>91</ns3:hr>
          </ns3:TrackPointExtension>
        </extensions>
      </trkpt>
      <trkpt lat="23.19169585593044757843017578125" lon="113.2668859697878360748291015625">
        <ele>10.6000003814697265625</ele>
        <time>2025-04-20T12:34:54.000Z</time>
        <extensions>
          <ns3:TrackPointExtension>
            <ns3:hr>91</ns3:hr>
          </ns3:TrackPointExtension>
        </extensions>
      </trkpt>
      <trkpt lat="23.191655538976192474365234375" lon="113.26685705222189426422119140625">
        <ele>10.3999996185302734375</ele>
        <time>2025-04-20T12:34:55.000Z</time>
        <extensions>
          <ns3:TrackPointExtension>
            <ns3:hr>91</ns3:hr>
          </ns3:TrackPointExtension>
        </extensions>
      </trkpt>
      <trkpt lat="23.191618658602237701416015625" lon="113.26682939194142818450927734375">
        <ele>10.3999996185302734375</ele>
        <time>2025-04-20T12:34:56.000Z</time>
        <extensions>
          <ns3:TrackPointExtension>
            <ns3:hr>91</ns3:hr>
          </ns3:TrackPointExtension>
        </extensions>
      </trkpt>
      <trkpt lat="23.19158186204731464385986328125" lon="113.26680407859385013580322265625">
        <ele>10.3999996185302734375</ele>
        <time>2025-04-20T12:34:57.000Z</time>
        <extensions>
          <ns3:TrackPointExtension>
            <ns3:hr>91</ns3:hr>
          </ns3:TrackPointExtension>
        </extensions>
      </trkpt>
      <trkpt lat="23.19154431112110614776611328125" lon="113.2667810283601284027099609375">
        <ele>10.3999996185302734375</ele>
        <time>2025-04-20T12:34:58.000Z</time>
        <extensions>
          <ns3:TrackPointExtension>
            <ns3:hr>91</ns3:hr>
          </ns3:TrackPointExtension>
        </extensions>
      </trkpt>
      <trkpt lat="23.191504664719104766845703125" lon="113.266757391393184661865234375">
        <ele>10</ele>
        <time>2025-04-20T12:34:59.000Z</time>
        <extensions>
          <ns3:TrackPointExtension>
            <ns3:hr>92</ns3:hr>
          </ns3:TrackPointExtension>
        </extensions>
      </trkpt>
      <trkpt lat="23.1914612464606761932373046875" lon="113.2667314074933528900146484375">
        <ele>9.80000019073486328125</ele>
        <time>2025-04-20T12:35:00.000Z</time>
        <extensions>
          <ns3:TrackPointExtension>
            <ns3:hr>92</ns3:hr>
          </ns3:TrackPointExtension>
        </extensions>
      </trkpt>
      <trkpt lat="23.19141053594648838043212890625" lon="113.2667099498212337493896484375">
        <ele>9.80000019073486328125</ele>
        <time>2025-04-20T12:35:01.000Z</time>
        <extensions>
          <ns3:TrackPointExtension>
            <ns3:hr>92</ns3:hr>
          </ns3:TrackPointExtension>
        </extensions>
      </trkpt>
      <trkpt lat="23.191365189850330352783203125" lon="113.266688995063304901123046875">
        <ele>9.80000019073486328125</ele>
        <time>2025-04-20T12:35:02.000Z</time>
        <extensions>
          <ns3:TrackPointExtension>
            <ns3:hr>92</ns3:hr>
          </ns3:TrackPointExtension>
        </extensions>
      </trkpt>
      <trkpt lat="23.19132336415350437164306640625" lon="113.2666697166860103607177734375">
        <ele>9.80000019073486328125</ele>
        <time>2025-04-20T12:35:03.000Z</time>
        <extensions>
          <ns3:TrackPointExtension>
            <ns3:hr>92</ns3:hr>
          </ns3:TrackPointExtension>
        </extensions>
      </trkpt>
      <trkpt lat="23.19128816016018390655517578125" lon="113.26664750464260578155517578125">
        <ele>10</ele>
        <time>2025-04-20T12:35:04.000Z</time>
        <extensions>
          <ns3:TrackPointExtension>
            <ns3:hr>92</ns3:hr>
          </ns3:TrackPointExtension>
        </extensions>
      </trkpt>
      <trkpt lat="23.191253207623958587646484375" lon="113.2666221074759960174560546875">
        <ele>10</ele>
        <time>2025-04-20T12:35:05.000Z</time>
        <extensions>
          <ns3:TrackPointExtension>
            <ns3:hr>92</ns3:hr>
          </ns3:TrackPointExtension>
        </extensions>
      </trkpt>
      <trkpt lat="23.1912173330783843994140625" lon="113.2665996439754962921142578125">
        <ele>10</ele>
        <time>2025-04-20T12:35:06.000Z</time>
        <extensions>
          <ns3:TrackPointExtension>
            <ns3:hr>92</ns3:hr>
          </ns3:TrackPointExtension>
        </extensions>
      </trkpt>
      <trkpt lat="23.19117936305701732635498046875" lon="113.26657441444694995880126953125">
        <ele>10</ele>
        <time>2025-04-20T12:35:07.000Z</time>
        <extensions>
          <ns3:TrackPointExtension>
            <ns3:hr>92</ns3:hr>
          </ns3:TrackPointExtension>
        </extensions>
      </trkpt>
      <trkpt lat="23.1911380402743816375732421875" lon="113.2665483467280864715576171875">
        <ele>10.19999980926513671875</ele>
        <time>2025-04-20T12:35:08.000Z</time>
        <extensions>
          <ns3:TrackPointExtension>
            <ns3:hr>93</ns3:hr>
          </ns3:TrackPointExtension>
        </extensions>
      </trkpt>
      <trkpt lat="23.191101662814617156982421875" lon="113.266528062522411346435546875">
        <ele>10</ele>
        <time>2025-04-20T12:35:09.000Z</time>
        <extensions>
          <ns3:TrackPointExtension>
            <ns3:hr>93</ns3:hr>
          </ns3:TrackPointExtension>
        </extensions>
      </trkpt>
      <trkpt lat="23.1910662911832332611083984375" lon="113.26650652103126049041748046875">
        <ele>10</ele>
        <time>2025-04-20T12:35:10.000Z</time>
        <extensions>
          <ns3:TrackPointExtension>
            <ns3:hr>94</ns3:hr>
          </ns3:TrackPointExtension>
        </extensions>
      </trkpt>
      <trkpt lat="23.19102882407605648040771484375" lon="113.26648539863526821136474609375">
        <ele>10.19999980926513671875</ele>
        <time>2025-04-20T12:35:11.000Z</time>
        <extensions>
          <ns3:TrackPointExtension>
            <ns3:hr>94</ns3:hr>
          </ns3:TrackPointExtension>
        </extensions>
      </trkpt>
      <trkpt lat="23.190991021692752838134765625" lon="113.2664640247821807861328125">
        <ele>10.19999980926513671875</ele>
        <time>2025-04-20T12:35:12.000Z</time>
        <extensions>
          <ns3:TrackPointExtension>
            <ns3:hr>94</ns3:hr>
          </ns3:TrackPointExtension>
        </extensions>
      </trkpt>
      <trkpt lat="23.19095104001462459564208984375" lon="113.2664437405765056610107421875">
        <ele>10.19999980926513671875</ele>
        <time>2025-04-20T12:35:13.000Z</time>
        <extensions>
          <ns3:TrackPointExtension>
            <ns3:hr>95</ns3:hr>
          </ns3:TrackPointExtension>
        </extensions>
      </trkpt>
      <trkpt lat="23.19091415964066982269287109375" lon="113.2664273120462894439697265625">
        <ele>10.3999996185302734375</ele>
        <time>2025-04-20T12:35:14.000Z</time>
        <extensions>
          <ns3:TrackPointExtension>
            <ns3:hr>95</ns3:hr>
          </ns3:TrackPointExtension>
        </extensions>
      </trkpt>
      <trkpt lat="23.1908802129328250885009765625" lon="113.266412727534770965576171875">
        <ele>10.19999980926513671875</ele>
        <time>2025-04-20T12:35:15.000Z</time>
        <extensions>
          <ns3:TrackPointExtension>
            <ns3:hr>95</ns3:hr>
          </ns3:TrackPointExtension>
        </extensions>
      </trkpt>
      <trkpt lat="23.1908480264246463775634765625" lon="113.2663984782993793487548828125">
        <ele>10.19999980926513671875</ele>
        <time>2025-04-20T12:35:16.000Z</time>
        <extensions>
          <ns3:TrackPointExtension>
            <ns3:hr>95</ns3:hr>
          </ns3:TrackPointExtension>
        </extensions>
      </trkpt>
      <trkpt lat="23.19081433117389678955078125" lon="113.2663867436349391937255859375">
        <ele>10.19999980926513671875</ele>
        <time>2025-04-20T12:35:17.000Z</time>
        <extensions>
          <ns3:TrackPointExtension>
            <ns3:hr>95</ns3:hr>
          </ns3:TrackPointExtension>
        </extensions>
      </trkpt>
      <trkpt lat="23.19078457541763782501220703125" lon="113.266371153295040130615234375">
        <ele>10.19999980926513671875</ele>
        <time>2025-04-20T12:35:18.000Z</time>
        <extensions>
          <ns3:TrackPointExtension>
            <ns3:hr>94</ns3:hr>
          </ns3:TrackPointExtension>
        </extensions>
      </trkpt>
      <trkpt lat="23.1907578371465206146240234375" lon="113.266351707279682159423828125">
        <ele>10.19999980926513671875</ele>
        <time>2025-04-20T12:35:19.000Z</time>
        <extensions>
          <ns3:TrackPointExtension>
            <ns3:hr>94</ns3:hr>
          </ns3:TrackPointExtension>
        </extensions>
      </trkpt>
      <trkpt lat="23.19072791375219821929931640625" lon="113.26633670367300510406494140625">
        <ele>10.19999980926513671875</ele>
        <time>2025-04-20T12:35:20.000Z</time>
        <extensions>
          <ns3:TrackPointExtension>
            <ns3:hr>94</ns3:hr>
          </ns3:TrackPointExtension>
        </extensions>
      </trkpt>
      <trkpt lat="23.19069631397724151611328125" lon="113.2663220353424549102783203125">
        <ele>10.19999980926513671875</ele>
        <time>2025-04-20T12:35:21.000Z</time>
        <extensions>
          <ns3:TrackPointExtension>
            <ns3:hr>93</ns3:hr>
          </ns3:TrackPointExtension>
        </extensions>
      </trkpt>
      <trkpt lat="23.1906674802303314208984375" lon="113.26630569063127040863037109375">
        <ele>10.19999980926513671875</ele>
        <time>2025-04-20T12:35:22.000Z</time>
        <extensions>
          <ns3:TrackPointExtension>
            <ns3:hr>94</ns3:hr>
          </ns3:TrackPointExtension>
        </extensions>
      </trkpt>
      <trkpt lat="23.19063923321664333343505859375" lon="113.266286663711071014404296875">
        <ele>10.19999980926513671875</ele>
        <time>2025-04-20T12:35:23.000Z</time>
        <extensions>
          <ns3:TrackPointExtension>
            <ns3:hr>94</ns3:hr>
          </ns3:TrackPointExtension>
        </extensions>
      </trkpt>
      <trkpt lat="23.1906086392700672149658203125" lon="113.266268558800220489501953125">
        <ele>10.19999980926513671875</ele>
        <time>2025-04-20T12:35:24.000Z</time>
        <extensions>
          <ns3:TrackPointExtension>
            <ns3:hr>94</ns3:hr>
          </ns3:TrackPointExtension>
        </extensions>
      </trkpt>
      <trkpt lat="23.19057771004736423492431640625" lon="113.2662559859454631805419921875">
        <ele>10.19999980926513671875</ele>
        <time>2025-04-20T12:35:25.000Z</time>
        <extensions>
          <ns3:TrackPointExtension>
            <ns3:hr>94</ns3:hr>
          </ns3:TrackPointExtension>
        </extensions>
      </trkpt>
      <trkpt lat="23.19054543972015380859375" lon="113.266246430575847625732421875">
        <ele>10.19999980926513671875</ele>
        <time>2025-04-20T12:35:26.000Z</time>
        <extensions>
          <ns3:TrackPointExtension>
            <ns3:hr>93</ns3:hr>
          </ns3:TrackPointExtension>
        </extensions>
      </trkpt>
      <trkpt lat="23.19052104838192462921142578125" lon="113.2662425749003887176513671875">
        <ele>10.19999980926513671875</ele>
        <time>2025-04-20T12:35:27.000Z</time>
        <extensions>
          <ns3:TrackPointExtension>
            <ns3:hr>93</ns3:hr>
          </ns3:TrackPointExtension>
        </extensions>
      </trkpt>
      <trkpt lat="23.1904953159391880035400390625" lon="113.26623628847301006317138671875">
        <ele>10.19999980926513671875</ele>
        <time>2025-04-20T12:35:28.000Z</time>
        <extensions>
          <ns3:TrackPointExtension>
            <ns3:hr>93</ns3:hr>
          </ns3:TrackPointExtension>
        </extensions>
      </trkpt>
      <trkpt lat="23.1904798932373523712158203125" lon="113.266219608485698699951171875">
        <ele>10.19999980926513671875</ele>
        <time>2025-04-20T12:35:29.000Z</time>
        <extensions>
          <ns3:TrackPointExtension>
            <ns3:hr>92</ns3:hr>
          </ns3:TrackPointExtension>
        </extensions>
      </trkpt>
      <trkpt lat="23.1904671527445316314697265625" lon="113.26620426960289478302001953125">
        <ele>10.19999980926513671875</ele>
        <time>2025-04-20T12:35:30.000Z</time>
        <extensions>
          <ns3:TrackPointExtension>
            <ns3:hr>92</ns3:hr>
          </ns3:TrackPointExtension>
        </extensions>
      </trkpt>
      <trkpt lat="23.190453909337520599365234375" lon="113.26619890518486499786376953125">
        <ele>10.19999980926513671875</ele>
        <time>2025-04-20T12:35:31.000Z</time>
        <extensions>
          <ns3:TrackPointExtension>
            <ns3:hr>91</ns3:hr>
          </ns3:TrackPointExtension>
        </extensions>
      </trkpt>
      <trkpt lat="23.190440498292446136474609375" lon="113.2661889307200908660888671875">
        <ele>10.19999980926513671875</ele>
        <time>2025-04-20T12:35:32.000Z</time>
        <extensions>
          <ns3:TrackPointExtension>
            <ns3:hr>91</ns3:hr>
          </ns3:TrackPointExtension>
        </extensions>
      </trkpt>
      <trkpt lat="23.1904341280460357666015625" lon="113.26617493294179439544677734375">
        <ele>10</ele>
        <time>2025-04-20T12:35:33.000Z</time>
        <extensions>
          <ns3:TrackPointExtension>
            <ns3:hr>91</ns3:hr>
          </ns3:TrackPointExtension>
        </extensions>
      </trkpt>
      <trkpt lat="23.19042448885738849639892578125" lon="113.26616772450506687164306640625">
        <ele>10</ele>
        <time>2025-04-20T12:35:34.000Z</time>
        <extensions>
          <ns3:TrackPointExtension>
            <ns3:hr>91</ns3:hr>
          </ns3:TrackPointExtension>
        </extensions>
      </trkpt>
      <trkpt lat="23.190408982336521148681640625" lon="113.26616001315414905548095703125">
        <ele>10</ele>
        <time>2025-04-20T12:35:35.000Z</time>
        <extensions>
          <ns3:TrackPointExtension>
            <ns3:hr>91</ns3:hr>
          </ns3:TrackPointExtension>
        </extensions>
      </trkpt>
      <trkpt lat="23.1903923861682415008544921875" lon="113.266153894364833831787109375">
        <ele>10</ele>
        <time>2025-04-20T12:35:36.000Z</time>
        <extensions>
          <ns3:TrackPointExtension>
            <ns3:hr>91</ns3:hr>
          </ns3:TrackPointExtension>
        </extensions>
      </trkpt>
      <trkpt lat="23.1903762929141521453857421875" lon="113.26614576391875743865966796875">
        <ele>9.80000019073486328125</ele>
        <time>2025-04-20T12:35:37.000Z</time>
        <extensions>
          <ns3:TrackPointExtension>
            <ns3:hr>91</ns3:hr>
          </ns3:TrackPointExtension>
        </extensions>
      </trkpt>
      <trkpt lat="23.19035978056490421295166015625" lon="113.26613134704530239105224609375">
        <ele>9.80000019073486328125</ele>
        <time>2025-04-20T12:35:38.000Z</time>
        <extensions>
          <ns3:TrackPointExtension>
            <ns3:hr>91</ns3:hr>
          </ns3:TrackPointExtension>
        </extensions>
      </trkpt>
      <trkpt lat="23.1903434358537197113037109375" lon="113.26611743308603763580322265625">
        <ele>9.80000019073486328125</ele>
        <time>2025-04-20T12:35:39.000Z</time>
        <extensions>
          <ns3:TrackPointExtension>
            <ns3:hr>91</ns3:hr>
          </ns3:TrackPointExtension>
        </extensions>
      </trkpt>
      <trkpt lat="23.19032575003802776336669921875" lon="113.2661046087741851806640625">
        <ele>9.80000019073486328125</ele>
        <time>2025-04-20T12:35:40.000Z</time>
        <extensions>
          <ns3:TrackPointExtension>
            <ns3:hr>90</ns3:hr>
          </ns3:TrackPointExtension>
        </extensions>
      </trkpt>
      <trkpt lat="23.1903089024126529693603515625" lon="113.2660863362252712249755859375">
        <ele>9.80000019073486328125</ele>
        <time>2025-04-20T12:35:41.000Z</time>
        <extensions>
          <ns3:TrackPointExtension>
            <ns3:hr>90</ns3:hr>
          </ns3:TrackPointExtension>
        </extensions>
      </trkpt>
      <trkpt lat="23.1902901269495487213134765625" lon="113.26607518829405307769775390625">
        <ele>9.80000019073486328125</ele>
        <time>2025-04-20T12:35:42.000Z</time>
        <extensions>
          <ns3:TrackPointExtension>
            <ns3:hr>90</ns3:hr>
          </ns3:TrackPointExtension>
        </extensions>
      </trkpt>
      <trkpt lat="23.1902683340013027191162109375" lon="113.2660658843815326690673828125">
        <ele>10</ele>
        <time>2025-04-20T12:35:43.000Z</time>
        <extensions>
          <ns3:TrackPointExtension>
            <ns3:hr>90</ns3:hr>
          </ns3:TrackPointExtension>
        </extensions>
      </trkpt>
      <trkpt lat="23.1902492232620716094970703125" lon="113.2660643756389617919921875">
        <ele>10</ele>
        <time>2025-04-20T12:35:44.000Z</time>
        <extensions>
          <ns3:TrackPointExtension>
            <ns3:hr>90</ns3:hr>
          </ns3:TrackPointExtension>
        </extensions>
      </trkpt>
      <trkpt lat="23.19024075753986835479736328125" lon="113.2660692371428012847900390625">
        <ele>10</ele>
        <time>2025-04-20T12:35:45.000Z</time>
        <extensions>
          <ns3:TrackPointExtension>
            <ns3:hr>90</ns3:hr>
          </ns3:TrackPointExtension>
        </extensions>
      </trkpt>
      <trkpt lat="23.1902317889034748077392578125" lon="113.266084492206573486328125">
        <ele>10</ele>
        <time>2025-04-20T12:35:46.000Z</time>
        <extensions>
          <ns3:TrackPointExtension>
            <ns3:hr>90</ns3:hr>
          </ns3:TrackPointExtension>
        </extensions>
      </trkpt>
      <trkpt lat="23.19021594710648059844970703125" lon="113.26610117219388484954833984375">
        <ele>10</ele>
        <time>2025-04-20T12:35:47.000Z</time>
        <extensions>
          <ns3:TrackPointExtension>
            <ns3:hr>90</ns3:hr>
          </ns3:TrackPointExtension>
        </extensions>
      </trkpt>
      <trkpt lat="23.19019868038594722747802734375" lon="113.2661171816289424896240234375">
        <ele>10</ele>
        <time>2025-04-20T12:35:48.000Z</time>
        <extensions>
          <ns3:TrackPointExtension>
            <ns3:hr>90</ns3:hr>
          </ns3:TrackPointExtension>
        </extensions>
      </trkpt>
      <trkpt lat="23.19018962793052196502685546875" lon="113.26613654382526874542236328125">
        <ele>10</ele>
        <time>2025-04-20T12:35:49.000Z</time>
        <extensions>
          <ns3:TrackPointExtension>
            <ns3:hr>90</ns3:hr>
          </ns3:TrackPointExtension>
        </extensions>
      </trkpt>
      <trkpt lat="23.19018744863569736480712890625" lon="113.26616168953478336334228515625">
        <ele>10</ele>
        <time>2025-04-20T12:35:50.000Z</time>
        <extensions>
          <ns3:TrackPointExtension>
            <ns3:hr>89</ns3:hr>
          </ns3:TrackPointExtension>
        </extensions>
      </trkpt>
      <trkpt lat="23.19018267095088958740234375" lon="113.26618976891040802001953125">
        <ele>10</ele>
        <time>2025-04-20T12:35:51.000Z</time>
        <extensions>
          <ns3:TrackPointExtension>
            <ns3:hr>89</ns3:hr>
          </ns3:TrackPointExtension>
        </extensions>
      </trkpt>
      <trkpt lat="23.190177641808986663818359375" lon="113.26621231622993946075439453125">
        <ele>10</ele>
        <time>2025-04-20T12:35:52.000Z</time>
        <extensions>
          <ns3:TrackPointExtension>
            <ns3:hr>89</ns3:hr>
          </ns3:TrackPointExtension>
        </extensions>
      </trkpt>
      <trkpt lat="23.1901700980961322784423828125" lon="113.2662311755120754241943359375">
        <ele>10</ele>
        <time>2025-04-20T12:35:53.000Z</time>
        <extensions>
          <ns3:TrackPointExtension>
            <ns3:hr>89</ns3:hr>
          </ns3:TrackPointExtension>
        </extensions>
      </trkpt>
      <trkpt lat="23.19015995599329471588134765625" lon="113.26625414192676544189453125">
        <ele>10</ele>
        <time>2025-04-20T12:35:54.000Z</time>
        <extensions>
          <ns3:TrackPointExtension>
            <ns3:hr>89</ns3:hr>
          </ns3:TrackPointExtension>
        </extensions>
      </trkpt>
      <trkpt lat="23.19014956243336200714111328125" lon="113.26627987436950206756591796875">
        <ele>10</ele>
        <time>2025-04-20T12:35:55.000Z</time>
        <extensions>
          <ns3:TrackPointExtension>
            <ns3:hr>88</ns3:hr>
          </ns3:TrackPointExtension>
        </extensions>
      </trkpt>
      <trkpt lat="23.19013598375022411346435546875" lon="113.26630912721157073974609375">
        <ele>10.19999980926513671875</ele>
        <time>2025-04-20T12:35:56.000Z</time>
        <extensions>
          <ns3:TrackPointExtension>
            <ns3:hr>88</ns3:hr>
          </ns3:TrackPointExtension>
        </extensions>
      </trkpt>
      <trkpt lat="23.19012575782835483551025390625" lon="113.26633594930171966552734375">
        <ele>10.19999980926513671875</ele>
        <time>2025-04-20T12:35:57.000Z</time>
        <extensions>
          <ns3:TrackPointExtension>
            <ns3:hr>88</ns3:hr>
          </ns3:TrackPointExtension>
        </extensions>
      </trkpt>
      <trkpt lat="23.19011385552585124969482421875" lon="113.2663646154105663299560546875">
        <ele>10</ele>
        <time>2025-04-20T12:35:58.000Z</time>
        <extensions>
          <ns3:TrackPointExtension>
            <ns3:hr>88</ns3:hr>
          </ns3:TrackPointExtension>
        </extensions>
      </trkpt>
      <trkpt lat="23.1901006959378719329833984375" lon="113.26639420352876186370849609375">
        <ele>10</ele>
        <time>2025-04-20T12:35:59.000Z</time>
        <extensions>
          <ns3:TrackPointExtension>
            <ns3:hr>88</ns3:hr>
          </ns3:TrackPointExtension>
        </extensions>
      </trkpt>
      <trkpt lat="23.1900889612734317779541015625" lon="113.2664236240088939666748046875">
        <ele>10</ele>
        <time>2025-04-20T12:36:00.000Z</time>
        <extensions>
          <ns3:TrackPointExtension>
            <ns3:hr>89</ns3:hr>
          </ns3:TrackPointExtension>
        </extensions>
      </trkpt>
      <trkpt lat="23.190073706209659576416015625" lon="113.266452290117740631103515625">
        <ele>10</ele>
        <time>2025-04-20T12:36:01.000Z</time>
        <extensions>
          <ns3:TrackPointExtension>
            <ns3:hr>89</ns3:hr>
          </ns3:TrackPointExtension>
        </extensions>
      </trkpt>
      <trkpt lat="23.1900591216981410980224609375" lon="113.26648355461657047271728515625">
        <ele>10</ele>
        <time>2025-04-20T12:36:02.000Z</time>
        <extensions>
          <ns3:TrackPointExtension>
            <ns3:hr>89</ns3:hr>
          </ns3:TrackPointExtension>
        </extensions>
      </trkpt>
      <trkpt lat="23.19004227407276630401611328125" lon="113.26651699841022491455078125">
        <ele>10.19999980926513671875</ele>
        <time>2025-04-20T12:36:03.000Z</time>
        <extensions>
          <ns3:TrackPointExtension>
            <ns3:hr>89</ns3:hr>
          </ns3:TrackPointExtension>
        </extensions>
      </trkpt>
      <trkpt lat="23.19002785719931125640869140625" lon="113.26654893346130847930908203125">
        <ele>10.19999980926513671875</ele>
        <time>2025-04-20T12:36:04.000Z</time>
        <extensions>
          <ns3:TrackPointExtension>
            <ns3:hr>88</ns3:hr>
          </ns3:TrackPointExtension>
        </extensions>
      </trkpt>
      <trkpt lat="23.1900111772119998931884765625" lon="113.26658095233142375946044921875">
        <ele>10.19999980926513671875</ele>
        <time>2025-04-20T12:36:05.000Z</time>
        <extensions>
          <ns3:TrackPointExtension>
            <ns3:hr>88</ns3:hr>
          </ns3:TrackPointExtension>
        </extensions>
      </trkpt>
      <trkpt lat="23.1899974308907985687255859375" lon="113.26661431230604648590087890625">
        <ele>10.19999980926513671875</ele>
        <time>2025-04-20T12:36:06.000Z</time>
        <extensions>
          <ns3:TrackPointExtension>
            <ns3:hr>88</ns3:hr>
          </ns3:TrackPointExtension>
        </extensions>
      </trkpt>
      <trkpt lat="23.18998427130281925201416015625" lon="113.26665102504193782806396484375">
        <ele>10.19999980926513671875</ele>
        <time>2025-04-20T12:36:07.000Z</time>
        <extensions>
          <ns3:TrackPointExtension>
            <ns3:hr>88</ns3:hr>
          </ns3:TrackPointExtension>
        </extensions>
      </trkpt>
      <trkpt lat="23.18997186608612537384033203125" lon="113.26668572612106800079345703125">
        <ele>10.19999980926513671875</ele>
        <time>2025-04-20T12:36:08.000Z</time>
        <extensions>
          <ns3:TrackPointExtension>
            <ns3:hr>88</ns3:hr>
          </ns3:TrackPointExtension>
        </extensions>
      </trkpt>
      <trkpt lat="23.1899602152407169342041015625" lon="113.266722522675991058349609375">
        <ele>10.19999980926513671875</ele>
        <time>2025-04-20T12:36:09.000Z</time>
        <extensions>
          <ns3:TrackPointExtension>
            <ns3:hr>88</ns3:hr>
          </ns3:TrackPointExtension>
        </extensions>
      </trkpt>
      <trkpt lat="23.189947307109832763671875" lon="113.26675663702189922332763671875">
        <ele>10.19999980926513671875</ele>
        <time>2025-04-20T12:36:10.000Z</time>
        <extensions>
          <ns3:TrackPointExtension>
            <ns3:hr>88</ns3:hr>
          </ns3:TrackPointExtension>
        </extensions>
      </trkpt>
      <trkpt lat="23.1899330578744411468505859375" lon="113.26678848825395107269287109375">
        <ele>10.3999996185302734375</ele>
        <time>2025-04-20T12:36:11.000Z</time>
        <extensions>
          <ns3:TrackPointExtension>
            <ns3:hr>88</ns3:hr>
          </ns3:TrackPointExtension>
        </extensions>
      </trkpt>
      <trkpt lat="23.18991788662970066070556640625" lon="113.26682084240019321441650390625">
        <ele>10.3999996185302734375</ele>
        <time>2025-04-20T12:36:12.000Z</time>
        <extensions>
          <ns3:TrackPointExtension>
            <ns3:hr>88</ns3:hr>
          </ns3:TrackPointExtension>
        </extensions>
      </trkpt>
      <trkpt lat="23.18990263156592845916748046875" lon="113.26685202307999134063720703125">
        <ele>10.3999996185302734375</ele>
        <time>2025-04-20T12:36:13.000Z</time>
        <extensions>
          <ns3:TrackPointExtension>
            <ns3:hr>87</ns3:hr>
          </ns3:TrackPointExtension>
        </extensions>
      </trkpt>
      <trkpt lat="23.1898869574069976806640625" lon="113.26688353903591632843017578125">
        <ele>10.3999996185302734375</ele>
        <time>2025-04-20T12:36:14.000Z</time>
        <extensions>
          <ns3:TrackPointExtension>
            <ns3:hr>87</ns3:hr>
          </ns3:TrackPointExtension>
        </extensions>
      </trkpt>
      <trkpt lat="23.1898706965148448944091796875" lon="113.26691262423992156982421875">
        <ele>10.3999996185302734375</ele>
        <time>2025-04-20T12:36:15.000Z</time>
        <extensions>
          <ns3:TrackPointExtension>
            <ns3:hr>88</ns3:hr>
          </ns3:TrackPointExtension>
        </extensions>
      </trkpt>
      <trkpt lat="23.18985317833721637725830078125" lon="113.266938440501689910888671875">
        <ele>10.3999996185302734375</ele>
        <time>2025-04-20T12:36:16.000Z</time>
        <extensions>
          <ns3:TrackPointExtension>
            <ns3:hr>88</ns3:hr>
          </ns3:TrackPointExtension>
        </extensions>
      </trkpt>
      <trkpt lat="23.18983532488346099853515625" lon="113.2669664360582828521728515625">
        <ele>10.3999996185302734375</ele>
        <time>2025-04-20T12:36:17.000Z</time>
        <extensions>
          <ns3:TrackPointExtension>
            <ns3:hr>88</ns3:hr>
          </ns3:TrackPointExtension>
        </extensions>
      </trkpt>
      <trkpt lat="23.18982057273387908935546875" lon="113.2669945992529392242431640625">
        <ele>10.3999996185302734375</ele>
        <time>2025-04-20T12:36:18.000Z</time>
        <extensions>
          <ns3:TrackPointExtension>
            <ns3:hr>89</ns3:hr>
          </ns3:TrackPointExtension>
        </extensions>
      </trkpt>
      <trkpt lat="23.18980640731751918792724609375" lon="113.2670287974178791046142578125">
        <ele>10.3999996185302734375</ele>
        <time>2025-04-20T12:36:19.000Z</time>
        <extensions>
          <ns3:TrackPointExtension>
            <ns3:hr>88</ns3:hr>
          </ns3:TrackPointExtension>
        </extensions>
      </trkpt>
      <trkpt lat="23.18978914059698581695556640625" lon="113.26706056483089923858642578125">
        <ele>10.3999996185302734375</ele>
        <time>2025-04-20T12:36:20.000Z</time>
        <extensions>
          <ns3:TrackPointExtension>
            <ns3:hr>88</ns3:hr>
          </ns3:TrackPointExtension>
        </extensions>
      </trkpt>
      <trkpt lat="23.18976935930550098419189453125" lon="113.267093002796173095703125">
        <ele>10.3999996185302734375</ele>
        <time>2025-04-20T12:36:21.000Z</time>
        <extensions>
          <ns3:TrackPointExtension>
            <ns3:hr>88</ns3:hr>
          </ns3:TrackPointExtension>
        </extensions>
      </trkpt>
      <trkpt lat="23.1897523440420627593994140625" lon="113.267126865684986114501953125">
        <ele>10.3999996185302734375</ele>
        <time>2025-04-20T12:36:22.000Z</time>
        <extensions>
          <ns3:TrackPointExtension>
            <ns3:hr>88</ns3:hr>
          </ns3:TrackPointExtension>
        </extensions>
      </trkpt>
      <trkpt lat="23.18973616696894168853759765625" lon="113.26715829782187938690185546875">
        <ele>10.3999996185302734375</ele>
        <time>2025-04-20T12:36:23.000Z</time>
        <extensions>
          <ns3:TrackPointExtension>
            <ns3:hr>88</ns3:hr>
          </ns3:TrackPointExtension>
        </extensions>
      </trkpt>
      <trkpt lat="23.1897238455712795257568359375" lon="113.2671910710632801055908203125">
        <ele>10.3999996185302734375</ele>
        <time>2025-04-20T12:36:24.000Z</time>
        <extensions>
          <ns3:TrackPointExtension>
            <ns3:hr>88</ns3:hr>
          </ns3:TrackPointExtension>
        </extensions>
      </trkpt>
      <trkpt lat="23.18970867432653903961181640625" lon="113.26722753234207630157470703125">
        <ele>10.3999996185302734375</ele>
        <time>2025-04-20T12:36:25.000Z</time>
        <extensions>
          <ns3:TrackPointExtension>
            <ns3:hr>89</ns3:hr>
          </ns3:TrackPointExtension>
        </extensions>
      </trkpt>
      <trkpt lat="23.18969006650149822235107421875" lon="113.26726826839148998260498046875">
        <ele>10.6000003814697265625</ele>
        <time>2025-04-20T12:36:26.000Z</time>
        <extensions>
          <ns3:TrackPointExtension>
            <ns3:hr>89</ns3:hr>
          </ns3:TrackPointExtension>
        </extensions>
      </trkpt>
      <trkpt lat="23.18967263214290142059326171875" lon="113.2673089206218719482421875">
        <ele>10.6000003814697265625</ele>
        <time>2025-04-20T12:36:27.000Z</time>
        <extensions>
          <ns3:TrackPointExtension>
            <ns3:hr>89</ns3:hr>
          </ns3:TrackPointExtension>
        </extensions>
      </trkpt>
      <trkpt lat="23.18965293467044830322265625" lon="113.26734856702387332916259765625">
        <ele>10.80000019073486328125</ele>
        <time>2025-04-20T12:36:28.000Z</time>
        <extensions>
          <ns3:TrackPointExtension>
            <ns3:hr>89</ns3:hr>
          </ns3:TrackPointExtension>
        </extensions>
      </trkpt>
      <trkpt lat="23.189635165035724639892578125" lon="113.26738595031201839447021484375">
        <ele>10.80000019073486328125</ele>
        <time>2025-04-20T12:36:29.000Z</time>
        <extensions>
          <ns3:TrackPointExtension>
            <ns3:hr>89</ns3:hr>
          </ns3:TrackPointExtension>
        </extensions>
      </trkpt>
      <trkpt lat="23.18961831741034984588623046875" lon="113.26742148958146572113037109375">
        <ele>11</ele>
        <time>2025-04-20T12:36:30.000Z</time>
        <extensions>
          <ns3:TrackPointExtension>
            <ns3:hr>89</ns3:hr>
          </ns3:TrackPointExtension>
        </extensions>
      </trkpt>
      <trkpt lat="23.18960121832787990570068359375" lon="113.267454765737056732177734375">
        <ele>11</ele>
        <time>2025-04-20T12:36:31.000Z</time>
        <extensions>
          <ns3:TrackPointExtension>
            <ns3:hr>90</ns3:hr>
          </ns3:TrackPointExtension>
        </extensions>
      </trkpt>
      <trkpt lat="23.1895843707025051116943359375" lon="113.26749089173972606658935546875">
        <ele>11</ele>
        <time>2025-04-20T12:36:32.000Z</time>
        <extensions>
          <ns3:TrackPointExtension>
            <ns3:hr>90</ns3:hr>
          </ns3:TrackPointExtension>
        </extensions>
      </trkpt>
      <trkpt lat="23.1895686127245426177978515625" lon="113.2675286941230297088623046875">
        <ele>11.19999980926513671875</ele>
        <time>2025-04-20T12:36:33.000Z</time>
        <extensions>
          <ns3:TrackPointExtension>
            <ns3:hr>90</ns3:hr>
          </ns3:TrackPointExtension>
        </extensions>
      </trkpt>
      <trkpt lat="23.1895525194704532623291015625" lon="113.2675664126873016357421875">
        <ele>11.19999980926513671875</ele>
        <time>2025-04-20T12:36:34.000Z</time>
        <extensions>
          <ns3:TrackPointExtension>
            <ns3:hr>90</ns3:hr>
          </ns3:TrackPointExtension>
        </extensions>
      </trkpt>
      <trkpt lat="23.1895347498357295989990234375" lon="113.2676061429083347320556640625">
        <ele>11.19999980926513671875</ele>
        <time>2025-04-20T12:36:35.000Z</time>
        <extensions>
          <ns3:TrackPointExtension>
            <ns3:hr>90</ns3:hr>
          </ns3:TrackPointExtension>
        </extensions>
      </trkpt>
      <trkpt lat="23.189518153667449951171875" lon="113.26764486730098724365234375">
        <ele>11.19999980926513671875</ele>
        <time>2025-04-20T12:36:36.000Z</time>
        <extensions>
          <ns3:TrackPointExtension>
            <ns3:hr>90</ns3:hr>
          </ns3:TrackPointExtension>
        </extensions>
      </trkpt>
      <trkpt lat="23.18949979729950428009033203125" lon="113.26768401078879833221435546875">
        <ele>11.19999980926513671875</ele>
        <time>2025-04-20T12:36:37.000Z</time>
        <extensions>
          <ns3:TrackPointExtension>
            <ns3:hr>90</ns3:hr>
          </ns3:TrackPointExtension>
        </extensions>
      </trkpt>
      <trkpt lat="23.1894811056554317474365234375" lon="113.26772374100983142852783203125">
        <ele>11.19999980926513671875</ele>
        <time>2025-04-20T12:36:38.000Z</time>
        <extensions>
          <ns3:TrackPointExtension>
            <ns3:hr>91</ns3:hr>
          </ns3:TrackPointExtension>
        </extensions>
      </trkpt>
      <trkpt lat="23.189462833106517791748046875" lon="113.2677580229938030242919921875">
        <ele>11.19999980926513671875</ele>
        <time>2025-04-20T12:36:39.000Z</time>
        <extensions>
          <ns3:TrackPointExtension>
            <ns3:hr>91</ns3:hr>
          </ns3:TrackPointExtension>
        </extensions>
      </trkpt>
      <trkpt lat="23.1894415430724620819091796875" lon="113.26779565773904323577880859375">
        <ele>11.19999980926513671875</ele>
        <time>2025-04-20T12:36:40.000Z</time>
        <extensions>
          <ns3:TrackPointExtension>
            <ns3:hr>91</ns3:hr>
          </ns3:TrackPointExtension>
        </extensions>
      </trkpt>
      <trkpt lat="23.18942234851419925689697265625" lon="113.26783253811299800872802734375">
        <ele>11.19999980926513671875</ele>
        <time>2025-04-20T12:36:41.000Z</time>
        <extensions>
          <ns3:TrackPointExtension>
            <ns3:hr>91</ns3:hr>
          </ns3:TrackPointExtension>
        </extensions>
      </trkpt>
      <trkpt lat="23.18940256722271442413330078125" lon="113.26786858029663562774658203125">
        <ele>11.19999980926513671875</ele>
        <time>2025-04-20T12:36:42.000Z</time>
        <extensions>
          <ns3:TrackPointExtension>
            <ns3:hr>91</ns3:hr>
          </ns3:TrackPointExtension>
        </extensions>
      </trkpt>
      <trkpt lat="23.1893852166831493377685546875" lon="113.26790546067059040069580078125">
        <ele>11.19999980926513671875</ele>
        <time>2025-04-20T12:36:43.000Z</time>
        <extensions>
          <ns3:TrackPointExtension>
            <ns3:hr>91</ns3:hr>
          </ns3:TrackPointExtension>
        </extensions>
      </trkpt>
      <trkpt lat="23.1893694587051868438720703125" lon="113.26794250868260860443115234375">
        <ele>11.19999980926513671875</ele>
        <time>2025-04-20T12:36:44.000Z</time>
        <extensions>
          <ns3:TrackPointExtension>
            <ns3:hr>91</ns3:hr>
          </ns3:TrackPointExtension>
        </extensions>
      </trkpt>
      <trkpt lat="23.1893533654510974884033203125" lon="113.26797653920948505401611328125">
        <ele>11</ele>
        <time>2025-04-20T12:36:45.000Z</time>
        <extensions>
          <ns3:TrackPointExtension>
            <ns3:hr>91</ns3:hr>
          </ns3:TrackPointExtension>
        </extensions>
      </trkpt>
      <trkpt lat="23.1893371045589447021484375" lon="113.2680118270218372344970703125">
        <ele>11</ele>
        <time>2025-04-20T12:36:46.000Z</time>
        <extensions>
          <ns3:TrackPointExtension>
            <ns3:hr>92</ns3:hr>
          </ns3:TrackPointExtension>
        </extensions>
      </trkpt>
      <trkpt lat="23.18931573070585727691650390625" lon="113.268047869205474853515625">
        <ele>11.19999980926513671875</ele>
        <time>2025-04-20T12:36:47.000Z</time>
        <extensions>
          <ns3:TrackPointExtension>
            <ns3:hr>92</ns3:hr>
          </ns3:TrackPointExtension>
        </extensions>
      </trkpt>
      <trkpt lat="23.189295865595340728759765625" lon="113.2680842466652393341064453125">
        <ele>11.19999980926513671875</ele>
        <time>2025-04-20T12:36:48.000Z</time>
        <extensions>
          <ns3:TrackPointExtension>
            <ns3:hr>92</ns3:hr>
          </ns3:TrackPointExtension>
        </extensions>
      </trkpt>
      <trkpt lat="23.1892762519419193267822265625" lon="113.2681238092482089996337890625">
        <ele>11.19999980926513671875</ele>
        <time>2025-04-20T12:36:49.000Z</time>
        <extensions>
          <ns3:TrackPointExtension>
            <ns3:hr>91</ns3:hr>
          </ns3:TrackPointExtension>
        </extensions>
      </trkpt>
      <trkpt lat="23.1892547942698001861572265625" lon="113.2681610248982906341552734375">
        <ele>11.19999980926513671875</ele>
        <time>2025-04-20T12:36:50.000Z</time>
        <extensions>
          <ns3:TrackPointExtension>
            <ns3:hr>91</ns3:hr>
          </ns3:TrackPointExtension>
        </extensions>
      </trkpt>
      <trkpt lat="23.18923928774893283843994140625" lon="113.2681955583393573760986328125">
        <ele>11.19999980926513671875</ele>
        <time>2025-04-20T12:36:51.000Z</time>
        <extensions>
          <ns3:TrackPointExtension>
            <ns3:hr>91</ns3:hr>
          </ns3:TrackPointExtension>
        </extensions>
      </trkpt>
      <trkpt lat="23.18922914564609527587890625" lon="113.26822414062917232513427734375">
        <ele>11.19999980926513671875</ele>
        <time>2025-04-20T12:36:52.000Z</time>
        <extensions>
          <ns3:TrackPointExtension>
            <ns3:hr>91</ns3:hr>
          </ns3:TrackPointExtension>
        </extensions>
      </trkpt>
      <trkpt lat="23.18921280093491077423095703125" lon="113.2682549022138118743896484375">
        <ele>11.19999980926513671875</ele>
        <time>2025-04-20T12:36:53.000Z</time>
        <extensions>
          <ns3:TrackPointExtension>
            <ns3:hr>91</ns3:hr>
          </ns3:TrackPointExtension>
        </extensions>
      </trkpt>
      <trkpt lat="23.18919402547180652618408203125" lon="113.26828616671264171600341796875">
        <ele>11.19999980926513671875</ele>
        <time>2025-04-20T12:36:54.000Z</time>
        <extensions>
          <ns3:TrackPointExtension>
            <ns3:hr>91</ns3:hr>
          </ns3:TrackPointExtension>
        </extensions>
      </trkpt>
      <trkpt lat="23.189175166189670562744140625" lon="113.26832036487758159637451171875">
        <ele>11.19999980926513671875</ele>
        <time>2025-04-20T12:36:55.000Z</time>
        <extensions>
          <ns3:TrackPointExtension>
            <ns3:hr>92</ns3:hr>
          </ns3:TrackPointExtension>
        </extensions>
      </trkpt>
      <trkpt lat="23.18915538489818572998046875" lon="113.26835623942315578460693359375">
        <ele>11.19999980926513671875</ele>
        <time>2025-04-20T12:36:56.000Z</time>
        <extensions>
          <ns3:TrackPointExtension>
            <ns3:hr>92</ns3:hr>
          </ns3:TrackPointExtension>
        </extensions>
      </trkpt>
      <trkpt lat="23.18913920782506465911865234375" lon="113.26838490553200244903564453125">
        <ele>11.19999980926513671875</ele>
        <time>2025-04-20T12:36:57.000Z</time>
        <extensions>
          <ns3:TrackPointExtension>
            <ns3:hr>92</ns3:hr>
          </ns3:TrackPointExtension>
        </extensions>
      </trkpt>
      <trkpt lat="23.18912177346646785736083984375" lon="113.2684166729450225830078125">
        <ele>11.19999980926513671875</ele>
        <time>2025-04-20T12:36:58.000Z</time>
        <extensions>
          <ns3:TrackPointExtension>
            <ns3:hr>92</ns3:hr>
          </ns3:TrackPointExtension>
        </extensions>
      </trkpt>
      <trkpt lat="23.1891039200127124786376953125" lon="113.26844374649226665496826171875">
        <ele>11.3999996185302734375</ele>
        <time>2025-04-20T12:36:59.000Z</time>
        <extensions>
          <ns3:TrackPointExtension>
            <ns3:hr>92</ns3:hr>
          </ns3:TrackPointExtension>
        </extensions>
      </trkpt>
      <trkpt lat="23.18908858112990856170654296875" lon="113.26847325079143047332763671875">
        <ele>11.3999996185302734375</ele>
        <time>2025-04-20T12:37:00.000Z</time>
        <extensions>
          <ns3:TrackPointExtension>
            <ns3:hr>92</ns3:hr>
          </ns3:TrackPointExtension>
        </extensions>
      </trkpt>
      <trkpt lat="23.18907349370419979095458984375" lon="113.26850845478475093841552734375">
        <ele>11.3999996185302734375</ele>
        <time>2025-04-20T12:37:01.000Z</time>
        <extensions>
          <ns3:TrackPointExtension>
            <ns3:hr>92</ns3:hr>
          </ns3:TrackPointExtension>
        </extensions>
      </trkpt>
      <trkpt lat="23.1890623457729816436767578125" lon="113.26854097656905651092529296875">
        <ele>11.3999996185302734375</ele>
        <time>2025-04-20T12:37:02.000Z</time>
        <extensions>
          <ns3:TrackPointExtension>
            <ns3:hr>92</ns3:hr>
          </ns3:TrackPointExtension>
        </extensions>
      </trkpt>
      <trkpt lat="23.18904851563274860382080078125" lon="113.26857500709593296051025390625">
        <ele>11.3999996185302734375</ele>
        <time>2025-04-20T12:37:03.000Z</time>
        <extensions>
          <ns3:TrackPointExtension>
            <ns3:hr>92</ns3:hr>
          </ns3:TrackPointExtension>
        </extensions>
      </trkpt>
      <trkpt lat="23.18903510458767414093017578125" lon="113.2686009071767330169677734375">
        <ele>11.6000003814697265625</ele>
        <time>2025-04-20T12:37:04.000Z</time>
        <extensions>
          <ns3:TrackPointExtension>
            <ns3:hr>92</ns3:hr>
          </ns3:TrackPointExtension>
        </extensions>
      </trkpt>
      <trkpt lat="23.18902253173291683197021484375" lon="113.268628232181072235107421875">
        <ele>11.6000003814697265625</ele>
        <time>2025-04-20T12:37:05.000Z</time>
        <extensions>
          <ns3:TrackPointExtension>
            <ns3:hr>92</ns3:hr>
          </ns3:TrackPointExtension>
        </extensions>
      </trkpt>
      <trkpt lat="23.18901129998266696929931640625" lon="113.26865413226187229156494140625">
        <ele>11.80000019073486328125</ele>
        <time>2025-04-20T12:37:06.000Z</time>
        <extensions>
          <ns3:TrackPointExtension>
            <ns3:hr>92</ns3:hr>
          </ns3:TrackPointExtension>
        </extensions>
      </trkpt>
      <trkpt lat="23.18899805657565593719482421875" lon="113.268682546913623809814453125">
        <ele>11.80000019073486328125</ele>
        <time>2025-04-20T12:37:07.000Z</time>
        <extensions>
          <ns3:TrackPointExtension>
            <ns3:hr>93</ns3:hr>
          </ns3:TrackPointExtension>
        </extensions>
      </trkpt>
      <trkpt lat="23.18898615427315235137939453125" lon="113.2687103748321533203125">
        <ele>11.80000019073486328125</ele>
        <time>2025-04-20T12:37:08.000Z</time>
        <extensions>
          <ns3:TrackPointExtension>
            <ns3:hr>93</ns3:hr>
          </ns3:TrackPointExtension>
        </extensions>
      </trkpt>
      <trkpt lat="23.18897358141839504241943359375" lon="113.2687383703887462615966796875">
        <ele>11.80000019073486328125</ele>
        <time>2025-04-20T12:37:09.000Z</time>
        <extensions>
          <ns3:TrackPointExtension>
            <ns3:hr>93</ns3:hr>
          </ns3:TrackPointExtension>
        </extensions>
      </trkpt>
      <trkpt lat="23.1889610923826694488525390625" lon="113.26876577921211719512939453125">
        <ele>11.80000019073486328125</ele>
        <time>2025-04-20T12:37:10.000Z</time>
        <extensions>
          <ns3:TrackPointExtension>
            <ns3:hr>93</ns3:hr>
          </ns3:TrackPointExtension>
        </extensions>
      </trkpt>
      <trkpt lat="23.18894910626113414764404296875" lon="113.26879285275936126708984375">
        <ele>11.80000019073486328125</ele>
        <time>2025-04-20T12:37:11.000Z</time>
        <extensions>
          <ns3:TrackPointExtension>
            <ns3:hr>93</ns3:hr>
          </ns3:TrackPointExtension>
        </extensions>
      </trkpt>
      <trkpt lat="23.18893468938767910003662109375" lon="113.26882109977304935455322265625">
        <ele>11.80000019073486328125</ele>
        <time>2025-04-20T12:37:12.000Z</time>
        <extensions>
          <ns3:TrackPointExtension>
            <ns3:hr>93</ns3:hr>
          </ns3:TrackPointExtension>
        </extensions>
      </trkpt>
      <trkpt lat="23.18892111070454120635986328125" lon="113.26885052025318145751953125">
        <ele>11.80000019073486328125</ele>
        <time>2025-04-20T12:37:13.000Z</time>
        <extensions>
          <ns3:TrackPointExtension>
            <ns3:hr>93</ns3:hr>
          </ns3:TrackPointExtension>
        </extensions>
      </trkpt>
      <trkpt lat="23.1889061070978641510009765625" lon="113.26887843199074268341064453125">
        <ele>11.80000019073486328125</ele>
        <time>2025-04-20T12:37:14.000Z</time>
        <extensions>
          <ns3:TrackPointExtension>
            <ns3:hr>92</ns3:hr>
          </ns3:TrackPointExtension>
        </extensions>
      </trkpt>
      <trkpt lat="23.188890181481838226318359375" lon="113.2689060084521770477294921875">
        <ele>11.80000019073486328125</ele>
        <time>2025-04-20T12:37:15.000Z</time>
        <extensions>
          <ns3:TrackPointExtension>
            <ns3:hr>92</ns3:hr>
          </ns3:TrackPointExtension>
        </extensions>
      </trkpt>
      <trkpt lat="23.188874088227748870849609375" lon="113.26893308199942111968994140625">
        <ele>11.80000019073486328125</ele>
        <time>2025-04-20T12:37:16.000Z</time>
        <extensions>
          <ns3:TrackPointExtension>
            <ns3:hr>92</ns3:hr>
          </ns3:TrackPointExtension>
        </extensions>
      </trkpt>
      <trkpt lat="23.18886277265846729278564453125" lon="113.26896049082279205322265625">
        <ele>11.80000019073486328125</ele>
        <time>2025-04-20T12:37:17.000Z</time>
        <extensions>
          <ns3:TrackPointExtension>
            <ns3:hr>92</ns3:hr>
          </ns3:TrackPointExtension>
        </extensions>
      </trkpt>
      <trkpt lat="23.18885028362274169921875" lon="113.2689854688942432403564453125">
        <ele>11.80000019073486328125</ele>
        <time>2025-04-20T12:37:18.000Z</time>
        <extensions>
          <ns3:TrackPointExtension>
            <ns3:hr>92</ns3:hr>
          </ns3:TrackPointExtension>
        </extensions>
      </trkpt>
      <trkpt lat="23.1888397224247455596923828125" lon="113.269013129174709320068359375">
        <ele>11.80000019073486328125</ele>
        <time>2025-04-20T12:37:19.000Z</time>
        <extensions>
          <ns3:TrackPointExtension>
            <ns3:hr>92</ns3:hr>
          </ns3:TrackPointExtension>
        </extensions>
      </trkpt>
      <trkpt lat="23.18882547318935394287109375" lon="113.26904104091227054595947265625">
        <ele>11.80000019073486328125</ele>
        <time>2025-04-20T12:37:20.000Z</time>
        <extensions>
          <ns3:TrackPointExtension>
            <ns3:hr>92</ns3:hr>
          </ns3:TrackPointExtension>
        </extensions>
      </trkpt>
      <trkpt lat="23.18881281651556491851806640625" lon="113.26907046139240264892578125">
        <ele>11.80000019073486328125</ele>
        <time>2025-04-20T12:37:21.000Z</time>
        <extensions>
          <ns3:TrackPointExtension>
            <ns3:hr>92</ns3:hr>
          </ns3:TrackPointExtension>
        </extensions>
      </trkpt>
      <trkpt lat="23.18879672326147556304931640625" lon="113.269099295139312744140625">
        <ele>11.80000019073486328125</ele>
        <time>2025-04-20T12:37:22.000Z</time>
        <extensions>
          <ns3:TrackPointExtension>
            <ns3:hr>92</ns3:hr>
          </ns3:TrackPointExtension>
        </extensions>
      </trkpt>
      <trkpt lat="23.18878649733960628509521484375" lon="113.2691276259720325469970703125">
        <ele>11.80000019073486328125</ele>
        <time>2025-04-20T12:37:23.000Z</time>
        <extensions>
          <ns3:TrackPointExtension>
            <ns3:hr>91</ns3:hr>
          </ns3:TrackPointExtension>
        </extensions>
      </trkpt>
      <trkpt lat="23.18877442739903926849365234375" lon="113.269155286252498626708984375">
        <ele>11.80000019073486328125</ele>
        <time>2025-04-20T12:37:24.000Z</time>
        <extensions>
          <ns3:TrackPointExtension>
            <ns3:hr>96</ns3:hr>
          </ns3:TrackPointExtension>
        </extensions>
      </trkpt>
      <trkpt lat="23.18875573575496673583984375" lon="113.26918353326618671417236328125">
        <ele>11.80000019073486328125</ele>
        <time>2025-04-20T12:37:25.000Z</time>
        <extensions>
          <ns3:TrackPointExtension>
            <ns3:hr>95</ns3:hr>
          </ns3:TrackPointExtension>
        </extensions>
      </trkpt>
      <trkpt lat="23.18874123506247997283935546875" lon="113.2692090980708599090576171875">
        <ele>11.80000019073486328125</ele>
        <time>2025-04-20T12:37:26.000Z</time>
        <extensions>
          <ns3:TrackPointExtension>
            <ns3:hr>95</ns3:hr>
          </ns3:TrackPointExtension>
        </extensions>
      </trkpt>
      <trkpt lat="23.188727907836437225341796875" lon="113.2692375965416431427001953125">
        <ele>12</ele>
        <time>2025-04-20T12:37:27.000Z</time>
        <extensions>
          <ns3:TrackPointExtension>
            <ns3:hr>95</ns3:hr>
          </ns3:TrackPointExtension>
        </extensions>
      </trkpt>
      <trkpt lat="23.1887153349816799163818359375" lon="113.26926785521209239959716796875">
        <ele>12</ele>
        <time>2025-04-20T12:37:28.000Z</time>
        <extensions>
          <ns3:TrackPointExtension>
            <ns3:hr>95</ns3:hr>
          </ns3:TrackPointExtension>
        </extensions>
      </trkpt>
      <trkpt lat="23.18870267830789089202880859375" lon="113.269299454987049102783203125">
        <ele>12.19999980926513671875</ele>
        <time>2025-04-20T12:37:29.000Z</time>
        <extensions>
          <ns3:TrackPointExtension>
            <ns3:hr>95</ns3:hr>
          </ns3:TrackPointExtension>
        </extensions>
      </trkpt>
      <trkpt lat="23.1886901892721652984619140625" lon="113.26932401396334171295166015625">
        <ele>12.19999980926513671875</ele>
        <time>2025-04-20T12:37:30.000Z</time>
        <extensions>
          <ns3:TrackPointExtension>
            <ns3:hr>95</ns3:hr>
          </ns3:TrackPointExtension>
        </extensions>
      </trkpt>
      <trkpt lat="23.1886764429509639739990234375" lon="113.2693500816822052001953125">
        <ele>12.19999980926513671875</ele>
        <time>2025-04-20T12:37:31.000Z</time>
        <extensions>
          <ns3:TrackPointExtension>
            <ns3:hr>95</ns3:hr>
          </ns3:TrackPointExtension>
        </extensions>
      </trkpt>
      <trkpt lat="23.18866328336298465728759765625" lon="113.2693755626678466796875">
        <ele>12.3999996185302734375</ele>
        <time>2025-04-20T12:37:32.000Z</time>
        <extensions>
          <ns3:TrackPointExtension>
            <ns3:hr>96</ns3:hr>
          </ns3:TrackPointExtension>
        </extensions>
      </trkpt>
      <trkpt lat="23.188652135431766510009765625" lon="113.26940380968153476715087890625">
        <ele>12.3999996185302734375</ele>
        <time>2025-04-20T12:37:33.000Z</time>
        <extensions>
          <ns3:TrackPointExtension>
            <ns3:hr>96</ns3:hr>
          </ns3:TrackPointExtension>
        </extensions>
      </trkpt>
      <trkpt lat="23.1886412389576435089111328125" lon="113.269431553781032562255859375">
        <ele>12.3999996185302734375</ele>
        <time>2025-04-20T12:37:34.000Z</time>
        <extensions>
          <ns3:TrackPointExtension>
            <ns3:hr>96</ns3:hr>
          </ns3:TrackPointExtension>
        </extensions>
      </trkpt>
      <trkpt lat="23.1886303424835205078125" lon="113.26946047134697437286376953125">
        <ele>12.6000003814697265625</ele>
        <time>2025-04-20T12:37:35.000Z</time>
        <extensions>
          <ns3:TrackPointExtension>
            <ns3:hr>96</ns3:hr>
          </ns3:TrackPointExtension>
        </extensions>
      </trkpt>
      <trkpt lat="23.188616931438446044921875" lon="113.26948913745582103729248046875">
        <ele>12.6000003814697265625</ele>
        <time>2025-04-20T12:37:36.000Z</time>
        <extensions>
          <ns3:TrackPointExtension>
            <ns3:hr>96</ns3:hr>
          </ns3:TrackPointExtension>
        </extensions>
      </trkpt>
      <trkpt lat="23.188603855669498443603515625" lon="113.26951704919338226318359375">
        <ele>12.6000003814697265625</ele>
        <time>2025-04-20T12:37:37.000Z</time>
        <extensions>
          <ns3:TrackPointExtension>
            <ns3:hr>96</ns3:hr>
          </ns3:TrackPointExtension>
        </extensions>
      </trkpt>
      <trkpt lat="23.1885892711579799652099609375" lon="113.26954261399805545806884765625">
        <ele>12.6000003814697265625</ele>
        <time>2025-04-20T12:37:38.000Z</time>
        <extensions>
          <ns3:TrackPointExtension>
            <ns3:hr>96</ns3:hr>
          </ns3:TrackPointExtension>
        </extensions>
      </trkpt>
      <trkpt lat="23.1885758601129055023193359375" lon="113.269568346440792083740234375">
        <ele>12.6000003814697265625</ele>
        <time>2025-04-20T12:37:39.000Z</time>
        <extensions>
          <ns3:TrackPointExtension>
            <ns3:hr>96</ns3:hr>
          </ns3:TrackPointExtension>
        </extensions>
      </trkpt>
      <trkpt lat="23.1885601021349430084228515625" lon="113.26959106139838695526123046875">
        <ele>12.6000003814697265625</ele>
        <time>2025-04-20T12:37:40.000Z</time>
        <extensions>
          <ns3:TrackPointExtension>
            <ns3:hr>96</ns3:hr>
          </ns3:TrackPointExtension>
        </extensions>
      </trkpt>
      <trkpt lat="23.188547529280185699462890625" lon="113.26961386017501354217529296875">
        <ele>12.80000019073486328125</ele>
        <time>2025-04-20T12:37:41.000Z</time>
        <extensions>
          <ns3:TrackPointExtension>
            <ns3:hr>96</ns3:hr>
          </ns3:TrackPointExtension>
        </extensions>
      </trkpt>
      <trkpt lat="23.188534118235111236572265625" lon="113.26963640749454498291015625">
        <ele>12.80000019073486328125</ele>
        <time>2025-04-20T12:37:42.000Z</time>
        <extensions>
          <ns3:TrackPointExtension>
            <ns3:hr>96</ns3:hr>
          </ns3:TrackPointExtension>
        </extensions>
      </trkpt>
      <trkpt lat="23.1885228864848613739013671875" lon="113.2696530036628246307373046875">
        <ele>12.80000019073486328125</ele>
        <time>2025-04-20T12:37:43.000Z</time>
        <extensions>
          <ns3:TrackPointExtension>
            <ns3:hr>96</ns3:hr>
          </ns3:TrackPointExtension>
        </extensions>
      </trkpt>
      <trkpt lat="23.18850939162075519561767578125" lon="113.26967940665781497955322265625">
        <ele>12.80000019073486328125</ele>
        <time>2025-04-20T12:37:44.000Z</time>
        <extensions>
          <ns3:TrackPointExtension>
            <ns3:hr>96</ns3:hr>
          </ns3:TrackPointExtension>
        </extensions>
      </trkpt>
      <trkpt lat="23.188498578965663909912109375" lon="113.26969868503510951995849609375">
        <ele>13</ele>
        <time>2025-04-20T12:37:45.000Z</time>
        <extensions>
          <ns3:TrackPointExtension>
            <ns3:hr>97</ns3:hr>
          </ns3:TrackPointExtension>
        </extensions>
      </trkpt>
      <trkpt lat="23.18848525173962116241455078125" lon="113.26971947215497493743896484375">
        <ele>13</ele>
        <time>2025-04-20T12:37:46.000Z</time>
        <extensions>
          <ns3:TrackPointExtension>
            <ns3:hr>97</ns3:hr>
          </ns3:TrackPointExtension>
        </extensions>
      </trkpt>
      <trkpt lat="23.188473768532276153564453125" lon="113.26974327675998210906982421875">
        <ele>13</ele>
        <time>2025-04-20T12:37:47.000Z</time>
        <extensions>
          <ns3:TrackPointExtension>
            <ns3:hr>96</ns3:hr>
          </ns3:TrackPointExtension>
        </extensions>
      </trkpt>
      <trkpt lat="23.18846471607685089111328125" lon="113.26976515352725982666015625">
        <ele>13</ele>
        <time>2025-04-20T12:37:48.000Z</time>
        <extensions>
          <ns3:TrackPointExtension>
            <ns3:hr>96</ns3:hr>
          </ns3:TrackPointExtension>
        </extensions>
      </trkpt>
      <trkpt lat="23.18845826201140880584716796875" lon="113.26979423873126506805419921875">
        <ele>13</ele>
        <time>2025-04-20T12:37:49.000Z</time>
        <extensions>
          <ns3:TrackPointExtension>
            <ns3:hr>96</ns3:hr>
          </ns3:TrackPointExtension>
        </extensions>
      </trkpt>
      <trkpt lat="23.188445270061492919921875" lon="113.269818127155303955078125">
        <ele>13</ele>
        <time>2025-04-20T12:37:50.000Z</time>
        <extensions>
          <ns3:TrackPointExtension>
            <ns3:hr>97</ns3:hr>
          </ns3:TrackPointExtension>
        </extensions>
      </trkpt>
      <trkpt lat="23.1884343735873699188232421875" lon="113.269840590655803680419921875">
        <ele>13.19999980926513671875</ele>
        <time>2025-04-20T12:37:51.000Z</time>
        <extensions>
          <ns3:TrackPointExtension>
            <ns3:hr>97</ns3:hr>
          </ns3:TrackPointExtension>
        </extensions>
      </trkpt>
      <trkpt lat="23.1884192861616611480712890625" lon="113.26985727064311504364013671875">
        <ele>13.19999980926513671875</ele>
        <time>2025-04-20T12:37:52.000Z</time>
        <extensions>
          <ns3:TrackPointExtension>
            <ns3:hr>97</ns3:hr>
          </ns3:TrackPointExtension>
        </extensions>
      </trkpt>
      <trkpt lat="23.18840143270790576934814453125" lon="113.26986732892692089080810546875">
        <ele>13.19999980926513671875</ele>
        <time>2025-04-20T12:37:53.000Z</time>
        <extensions>
          <ns3:TrackPointExtension>
            <ns3:hr>97</ns3:hr>
          </ns3:TrackPointExtension>
        </extensions>
      </trkpt>
      <trkpt lat="23.188389949500560760498046875" lon="113.26987973414361476898193359375">
        <ele>13.3999996185302734375</ele>
        <time>2025-04-20T12:37:54.000Z</time>
        <extensions>
          <ns3:TrackPointExtension>
            <ns3:hr>96</ns3:hr>
          </ns3:TrackPointExtension>
        </extensions>
      </trkpt>
      <trkpt lat="23.18837058730423450469970703125" lon="113.26989817433059215545654296875">
        <ele>13.3999996185302734375</ele>
        <time>2025-04-20T12:37:55.000Z</time>
        <extensions>
          <ns3:TrackPointExtension>
            <ns3:hr>96</ns3:hr>
          </ns3:TrackPointExtension>
        </extensions>
      </trkpt>
      <trkpt lat="23.18836589343845844268798828125" lon="113.2699098251760005950927734375">
        <ele>13.3999996185302734375</ele>
        <time>2025-04-20T12:37:56.000Z</time>
        <extensions>
          <ns3:TrackPointExtension>
            <ns3:hr>97</ns3:hr>
          </ns3:TrackPointExtension>
        </extensions>
      </trkpt>
      <trkpt lat="23.18834845907986164093017578125" lon="113.2699296064674854278564453125">
        <ele>13.3999996185302734375</ele>
        <time>2025-04-20T12:37:57.000Z</time>
        <extensions>
          <ns3:TrackPointExtension>
            <ns3:hr>97</ns3:hr>
          </ns3:TrackPointExtension>
        </extensions>
      </trkpt>
      <trkpt lat="23.18832498975098133087158203125" lon="113.26993639580905437469482421875">
        <ele>13.3999996185302734375</ele>
        <time>2025-04-20T12:37:58.000Z</time>
        <extensions>
          <ns3:TrackPointExtension>
            <ns3:hr>97</ns3:hr>
          </ns3:TrackPointExtension>
        </extensions>
      </trkpt>
      <trkpt lat="23.1883066333830356597900390625" lon="113.26994192786514759063720703125">
        <ele>13.3999996185302734375</ele>
        <time>2025-04-20T12:37:59.000Z</time>
        <extensions>
          <ns3:TrackPointExtension>
            <ns3:hr>96</ns3:hr>
          </ns3:TrackPointExtension>
        </extensions>
      </trkpt>
      <trkpt lat="23.18828492425382137298583984375" lon="113.2699487172067165374755859375">
        <ele>13.3999996185302734375</ele>
        <time>2025-04-20T12:38:00.000Z</time>
        <extensions>
          <ns3:TrackPointExtension>
            <ns3:hr>96</ns3:hr>
          </ns3:TrackPointExtension>
        </extensions>
      </trkpt>
      <trkpt lat="23.18825307302176952362060546875" lon="113.269949220120906829833984375">
        <ele>13.19999980926513671875</ele>
        <time>2025-04-20T12:38:01.000Z</time>
        <extensions>
          <ns3:TrackPointExtension>
            <ns3:hr>97</ns3:hr>
          </ns3:TrackPointExtension>
        </extensions>
      </trkpt>
      <trkpt lat="23.18822759203612804412841796875" lon="113.269949220120906829833984375">
        <ele>13.19999980926513671875</ele>
        <time>2025-04-20T12:38:02.000Z</time>
        <extensions>
          <ns3:TrackPointExtension>
            <ns3:hr>97</ns3:hr>
          </ns3:TrackPointExtension>
        </extensions>
      </trkpt>
      <trkpt lat="23.18820177577435970306396484375" lon="113.26994745992124080657958984375">
        <ele>13.19999980926513671875</ele>
        <time>2025-04-20T12:38:03.000Z</time>
        <extensions>
          <ns3:TrackPointExtension>
            <ns3:hr>97</ns3:hr>
          </ns3:TrackPointExtension>
        </extensions>
      </trkpt>
      <trkpt lat="23.18817730061709880828857421875" lon="113.26993891038000583648681640625">
        <ele>13</ele>
        <time>2025-04-20T12:38:04.000Z</time>
        <extensions>
          <ns3:TrackPointExtension>
            <ns3:hr>97</ns3:hr>
          </ns3:TrackPointExtension>
        </extensions>
      </trkpt>
      <trkpt lat="23.1881497241556644439697265625" lon="113.2699356414377689361572265625">
        <ele>13</ele>
        <time>2025-04-20T12:38:05.000Z</time>
        <extensions>
          <ns3:TrackPointExtension>
            <ns3:hr>97</ns3:hr>
          </ns3:TrackPointExtension>
        </extensions>
      </trkpt>
      <trkpt lat="23.18812114186584949493408203125" lon="113.2699334621429443359375">
        <ele>13</ele>
        <time>2025-04-20T12:38:06.000Z</time>
        <extensions>
          <ns3:TrackPointExtension>
            <ns3:hr>97</ns3:hr>
          </ns3:TrackPointExtension>
        </extensions>
      </trkpt>
      <trkpt lat="23.188093565404415130615234375" lon="113.2699202187359333038330078125">
        <ele>12.80000019073486328125</ele>
        <time>2025-04-20T12:38:07.000Z</time>
        <extensions>
          <ns3:TrackPointExtension>
            <ns3:hr>96</ns3:hr>
          </ns3:TrackPointExtension>
        </extensions>
      </trkpt>
      <trkpt lat="23.1880652345716953277587890625" lon="113.26990789733827114105224609375">
        <ele>13</ele>
        <time>2025-04-20T12:38:08.000Z</time>
        <extensions>
          <ns3:TrackPointExtension>
            <ns3:hr>97</ns3:hr>
          </ns3:TrackPointExtension>
        </extensions>
      </trkpt>
      <trkpt lat="23.18803581409156322479248046875" lon="113.26989314518868923187255859375">
        <ele>13.19999980926513671875</ele>
        <time>2025-04-20T12:38:09.000Z</time>
        <extensions>
          <ns3:TrackPointExtension>
            <ns3:hr>97</ns3:hr>
          </ns3:TrackPointExtension>
        </extensions>
      </trkpt>
      <trkpt lat="23.18800748325884342193603515625" lon="113.2698769681155681610107421875">
        <ele>13.19999980926513671875</ele>
        <time>2025-04-20T12:38:10.000Z</time>
        <extensions>
          <ns3:TrackPointExtension>
            <ns3:hr>97</ns3:hr>
          </ns3:TrackPointExtension>
        </extensions>
      </trkpt>
      <trkpt lat="23.18797789514064788818359375" lon="113.26986297033727169036865234375">
        <ele>13.19999980926513671875</ele>
        <time>2025-04-20T12:38:11.000Z</time>
        <extensions>
          <ns3:TrackPointExtension>
            <ns3:hr>96</ns3:hr>
          </ns3:TrackPointExtension>
        </extensions>
      </trkpt>
      <trkpt lat="23.1879482232034206390380859375" lon="113.26984888873994350433349609375">
        <ele>13.19999980926513671875</ele>
        <time>2025-04-20T12:38:12.000Z</time>
        <extensions>
          <ns3:TrackPointExtension>
            <ns3:hr>98</ns3:hr>
          </ns3:TrackPointExtension>
        </extensions>
      </trkpt>
      <trkpt lat="23.187919221818447113037109375" lon="113.2698337174952030181884765625">
        <ele>13.19999980926513671875</ele>
        <time>2025-04-20T12:38:13.000Z</time>
        <extensions>
          <ns3:TrackPointExtension>
            <ns3:hr>99</ns3:hr>
          </ns3:TrackPointExtension>
        </extensions>
      </trkpt>
      <trkpt lat="23.18789005279541015625" lon="113.2698169536888599395751953125">
        <ele>13.19999980926513671875</ele>
        <time>2025-04-20T12:38:14.000Z</time>
        <extensions>
          <ns3:TrackPointExtension>
            <ns3:hr>102</ns3:hr>
          </ns3:TrackPointExtension>
        </extensions>
      </trkpt>
      <trkpt lat="23.1878563575446605682373046875" lon="113.26979993842542171478271484375">
        <ele>13.19999980926513671875</ele>
        <time>2025-04-20T12:38:15.000Z</time>
        <extensions>
          <ns3:TrackPointExtension>
            <ns3:hr>106</ns3:hr>
          </ns3:TrackPointExtension>
        </extensions>
      </trkpt>
      <trkpt lat="23.18782366812229156494140625" lon="113.26978392899036407470703125">
        <ele>13.19999980926513671875</ele>
        <time>2025-04-20T12:38:16.000Z</time>
        <extensions>
          <ns3:TrackPointExtension>
            <ns3:hr>109</ns3:hr>
          </ns3:TrackPointExtension>
        </extensions>
      </trkpt>
      <trkpt lat="23.187791816890239715576171875" lon="113.26976842246949672698974609375">
        <ele>13.19999980926513671875</ele>
        <time>2025-04-20T12:38:17.000Z</time>
        <extensions>
          <ns3:TrackPointExtension>
            <ns3:hr>112</ns3:hr>
          </ns3:TrackPointExtension>
        </extensions>
      </trkpt>
      <trkpt lat="23.18776222877204418182373046875" lon="113.26974981464445590972900390625">
        <ele>13.19999980926513671875</ele>
        <time>2025-04-20T12:38:18.000Z</time>
        <extensions>
          <ns3:TrackPointExtension>
            <ns3:hr>116</ns3:hr>
          </ns3:TrackPointExtension>
        </extensions>
      </trkpt>
      <trkpt lat="23.18772844970226287841796875" lon="113.26973321847617626190185546875">
        <ele>13.19999980926513671875</ele>
        <time>2025-04-20T12:38:19.000Z</time>
        <extensions>
          <ns3:TrackPointExtension>
            <ns3:hr>118</ns3:hr>
          </ns3:TrackPointExtension>
        </extensions>
      </trkpt>
      <trkpt lat="23.1876954250037670135498046875" lon="113.2697177119553089141845703125">
        <ele>13.19999980926513671875</ele>
        <time>2025-04-20T12:38:20.000Z</time>
        <extensions>
          <ns3:TrackPointExtension>
            <ns3:hr>119</ns3:hr>
          </ns3:TrackPointExtension>
        </extensions>
      </trkpt>
      <trkpt lat="23.1876608915627002716064453125" lon="113.269705474376678466796875">
        <ele>13.19999980926513671875</ele>
        <time>2025-04-20T12:38:21.000Z</time>
        <extensions>
          <ns3:TrackPointExtension>
            <ns3:hr>119</ns3:hr>
          </ns3:TrackPointExtension>
        </extensions>
      </trkpt>
      <trkpt lat="23.1876280345022678375244140625" lon="113.2696979306638240814208984375">
        <ele>13.19999980926513671875</ele>
        <time>2025-04-20T12:38:22.000Z</time>
        <extensions>
          <ns3:TrackPointExtension>
            <ns3:hr>119</ns3:hr>
          </ns3:TrackPointExtension>
        </extensions>
      </trkpt>
      <trkpt lat="23.18759433925151824951171875" lon="113.2696912251412868499755859375">
        <ele>13.19999980926513671875</ele>
        <time>2025-04-20T12:38:23.000Z</time>
        <extensions>
          <ns3:TrackPointExtension>
            <ns3:hr>119</ns3:hr>
          </ns3:TrackPointExtension>
        </extensions>
      </trkpt>
      <trkpt lat="23.18755947053432464599609375" lon="113.269684016704559326171875">
        <ele>13.19999980926513671875</ele>
        <time>2025-04-20T12:38:24.000Z</time>
        <extensions>
          <ns3:TrackPointExtension>
            <ns3:hr>119</ns3:hr>
          </ns3:TrackPointExtension>
        </extensions>
      </trkpt>
      <trkpt lat="23.18752585910260677337646484375" lon="113.269673623144626617431640625">
        <ele>13.3999996185302734375</ele>
        <time>2025-04-20T12:38:25.000Z</time>
        <extensions>
          <ns3:TrackPointExtension>
            <ns3:hr>119</ns3:hr>
          </ns3:TrackPointExtension>
        </extensions>
      </trkpt>
      <trkpt lat="23.18749333731830120086669921875" lon="113.26965811662375926971435546875">
        <ele>13.3999996185302734375</ele>
        <time>2025-04-20T12:38:26.000Z</time>
        <extensions>
          <ns3:TrackPointExtension>
            <ns3:hr>120</ns3:hr>
          </ns3:TrackPointExtension>
        </extensions>
      </trkpt>
      <trkpt lat="23.1874587200582027435302734375" lon="113.269640766084194183349609375">
        <ele>13.3999996185302734375</ele>
        <time>2025-04-20T12:38:27.000Z</time>
        <extensions>
          <ns3:TrackPointExtension>
            <ns3:hr>119</ns3:hr>
          </ns3:TrackPointExtension>
        </extensions>
      </trkpt>
      <trkpt lat="23.18742804229259490966796875" lon="113.26962056569755077362060546875">
        <ele>13.3999996185302734375</ele>
        <time>2025-04-20T12:38:28.000Z</time>
        <extensions>
          <ns3:TrackPointExtension>
            <ns3:hr>119</ns3:hr>
          </ns3:TrackPointExtension>
        </extensions>
      </trkpt>
      <trkpt lat="23.18739510141313076019287109375" lon="113.26960480771958827972412109375">
        <ele>13.3999996185302734375</ele>
        <time>2025-04-20T12:38:29.000Z</time>
        <extensions>
          <ns3:TrackPointExtension>
            <ns3:hr>119</ns3:hr>
          </ns3:TrackPointExtension>
        </extensions>
      </trkpt>
      <trkpt lat="23.1873611547052860260009765625" lon="113.26958938501775264739990234375">
        <ele>13.3999996185302734375</ele>
        <time>2025-04-20T12:38:30.000Z</time>
        <extensions>
          <ns3:TrackPointExtension>
            <ns3:hr>119</ns3:hr>
          </ns3:TrackPointExtension>
        </extensions>
      </trkpt>
      <trkpt lat="23.18732720799744129180908203125" lon="113.26957245357334613800048828125">
        <ele>13.3999996185302734375</ele>
        <time>2025-04-20T12:38:31.000Z</time>
        <extensions>
          <ns3:TrackPointExtension>
            <ns3:hr>120</ns3:hr>
          </ns3:TrackPointExtension>
        </extensions>
      </trkpt>
      <trkpt lat="23.1872883997857570648193359375" lon="113.269555605947971343994140625">
        <ele>13.3999996185302734375</ele>
        <time>2025-04-20T12:38:32.000Z</time>
        <extensions>
          <ns3:TrackPointExtension>
            <ns3:hr>120</ns3:hr>
          </ns3:TrackPointExtension>
        </extensions>
      </trkpt>
      <trkpt lat="23.18725277669727802276611328125" lon="113.26953708194196224212646484375">
        <ele>13.3999996185302734375</ele>
        <time>2025-04-20T12:38:33.000Z</time>
        <extensions>
          <ns3:TrackPointExtension>
            <ns3:hr>120</ns3:hr>
          </ns3:TrackPointExtension>
        </extensions>
      </trkpt>
      <trkpt lat="23.1872183270752429962158203125" lon="113.2695198990404605865478515625">
        <ele>13.3999996185302734375</ele>
        <time>2025-04-20T12:38:34.000Z</time>
        <extensions>
          <ns3:TrackPointExtension>
            <ns3:hr>120</ns3:hr>
          </ns3:TrackPointExtension>
        </extensions>
      </trkpt>
      <trkpt lat="23.187186308205127716064453125" lon="113.26950254850089550018310546875">
        <ele>13.3999996185302734375</ele>
        <time>2025-04-20T12:38:35.000Z</time>
        <extensions>
          <ns3:TrackPointExtension>
            <ns3:hr>119</ns3:hr>
          </ns3:TrackPointExtension>
        </extensions>
      </trkpt>
      <trkpt lat="23.18715303204953670501708984375" lon="113.26948410831391811370849609375">
        <ele>13.3999996185302734375</ele>
        <time>2025-04-20T12:38:36.000Z</time>
        <extensions>
          <ns3:TrackPointExtension>
            <ns3:hr>119</ns3:hr>
          </ns3:TrackPointExtension>
        </extensions>
      </trkpt>
      <trkpt lat="23.1871200911700725555419921875" lon="113.26946340501308441162109375">
        <ele>13.6000003814697265625</ele>
        <time>2025-04-20T12:38:37.000Z</time>
        <extensions>
          <ns3:TrackPointExtension>
            <ns3:hr>120</ns3:hr>
          </ns3:TrackPointExtension>
        </extensions>
      </trkpt>
      <trkpt lat="23.18708606064319610595703125" lon="113.26944136060774326324462890625">
        <ele>13.6000003814697265625</ele>
        <time>2025-04-20T12:38:38.000Z</time>
        <extensions>
          <ns3:TrackPointExtension>
            <ns3:hr>119</ns3:hr>
          </ns3:TrackPointExtension>
        </extensions>
      </trkpt>
      <trkpt lat="23.18705379031598567962646484375" lon="113.26942174695432186126708984375">
        <ele>13.3999996185302734375</ele>
        <time>2025-04-20T12:38:39.000Z</time>
        <extensions>
          <ns3:TrackPointExtension>
            <ns3:hr>119</ns3:hr>
          </ns3:TrackPointExtension>
        </extensions>
      </trkpt>
      <trkpt lat="23.187022693455219268798828125" lon="113.26940305531024932861328125">
        <ele>13.3999996185302734375</ele>
        <time>2025-04-20T12:38:40.000Z</time>
        <extensions>
          <ns3:TrackPointExtension>
            <ns3:hr>119</ns3:hr>
          </ns3:TrackPointExtension>
        </extensions>
      </trkpt>
      <trkpt lat="23.18699075840413570404052734375" lon="113.26938386075198650360107421875">
        <ele>13.3999996185302734375</ele>
        <time>2025-04-20T12:38:41.000Z</time>
        <extensions>
          <ns3:TrackPointExtension>
            <ns3:hr>119</ns3:hr>
          </ns3:TrackPointExtension>
        </extensions>
      </trkpt>
      <trkpt lat="23.18695756606757640838623046875" lon="113.26936508528888225555419921875">
        <ele>13.3999996185302734375</ele>
        <time>2025-04-20T12:38:42.000Z</time>
        <extensions>
          <ns3:TrackPointExtension>
            <ns3:hr>117</ns3:hr>
          </ns3:TrackPointExtension>
        </extensions>
      </trkpt>
      <trkpt lat="23.1869232840836048126220703125" lon="113.26934463344514369964599609375">
        <ele>13.3999996185302734375</ele>
        <time>2025-04-20T12:38:43.000Z</time>
        <extensions>
          <ns3:TrackPointExtension>
            <ns3:hr>115</ns3:hr>
          </ns3:TrackPointExtension>
        </extensions>
      </trkpt>
      <trkpt lat="23.186891265213489532470703125" lon="113.26932736672461032867431640625">
        <ele>13.3999996185302734375</ele>
        <time>2025-04-20T12:38:44.000Z</time>
        <extensions>
          <ns3:TrackPointExtension>
            <ns3:hr>112</ns3:hr>
          </ns3:TrackPointExtension>
        </extensions>
      </trkpt>
      <trkpt lat="23.186857737600803375244140625" lon="113.26930607669055461883544921875">
        <ele>13.6000003814697265625</ele>
        <time>2025-04-20T12:38:45.000Z</time>
        <extensions>
          <ns3:TrackPointExtension>
            <ns3:hr>108</ns3:hr>
          </ns3:TrackPointExtension>
        </extensions>
      </trkpt>
      <trkpt lat="23.18682697601616382598876953125" lon="113.26928746886551380157470703125">
        <ele>13.6000003814697265625</ele>
        <time>2025-04-20T12:38:46.000Z</time>
        <extensions>
          <ns3:TrackPointExtension>
            <ns3:hr>106</ns3:hr>
          </ns3:TrackPointExtension>
        </extensions>
      </trkpt>
      <trkpt lat="23.18679261021316051483154296875" lon="113.26927204616367816925048828125">
        <ele>13.6000003814697265625</ele>
        <time>2025-04-20T12:38:47.000Z</time>
        <extensions>
          <ns3:TrackPointExtension>
            <ns3:hr>103</ns3:hr>
          </ns3:TrackPointExtension>
        </extensions>
      </trkpt>
      <trkpt lat="23.1867596693336963653564453125" lon="113.26925377361476421356201171875">
        <ele>13.6000003814697265625</ele>
        <time>2025-04-20T12:38:48.000Z</time>
        <extensions>
          <ns3:TrackPointExtension>
            <ns3:hr>100</ns3:hr>
          </ns3:TrackPointExtension>
        </extensions>
      </trkpt>
      <trkpt lat="23.1867274828255176544189453125" lon="113.26923675835132598876953125">
        <ele>13.6000003814697265625</ele>
        <time>2025-04-20T12:38:49.000Z</time>
        <extensions>
          <ns3:TrackPointExtension>
            <ns3:hr>98</ns3:hr>
          </ns3:TrackPointExtension>
        </extensions>
      </trkpt>
      <trkpt lat="23.186692111194133758544921875" lon="113.269216977059841156005859375">
        <ele>13.6000003814697265625</ele>
        <time>2025-04-20T12:38:50.000Z</time>
        <extensions>
          <ns3:TrackPointExtension>
            <ns3:hr>97</ns3:hr>
          </ns3:TrackPointExtension>
        </extensions>
      </trkpt>
      <trkpt lat="23.18665933795273303985595703125" lon="113.2691997103393077850341796875">
        <ele>13.6000003814697265625</ele>
        <time>2025-04-20T12:38:51.000Z</time>
        <extensions>
          <ns3:TrackPointExtension>
            <ns3:hr>97</ns3:hr>
          </ns3:TrackPointExtension>
        </extensions>
      </trkpt>
      <trkpt lat="23.18662463687360286712646484375" lon="113.269180096685886383056640625">
        <ele>13.6000003814697265625</ele>
        <time>2025-04-20T12:38:52.000Z</time>
        <extensions>
          <ns3:TrackPointExtension>
            <ns3:hr>97</ns3:hr>
          </ns3:TrackPointExtension>
        </extensions>
      </trkpt>
      <trkpt lat="23.186591528356075286865234375" lon="113.26916190795600414276123046875">
        <ele>13.6000003814697265625</ele>
        <time>2025-04-20T12:38:53.000Z</time>
        <extensions>
          <ns3:TrackPointExtension>
            <ns3:hr>97</ns3:hr>
          </ns3:TrackPointExtension>
        </extensions>
      </trkpt>
      <trkpt lat="23.18655875511467456817626953125" lon="113.26914179138839244842529296875">
        <ele>13.6000003814697265625</ele>
        <time>2025-04-20T12:38:54.000Z</time>
        <extensions>
          <ns3:TrackPointExtension>
            <ns3:hr>96</ns3:hr>
          </ns3:TrackPointExtension>
        </extensions>
      </trkpt>
      <trkpt lat="23.18652682006359100341796875" lon="113.26912117190659046173095703125">
        <ele>13.6000003814697265625</ele>
        <time>2025-04-20T12:38:55.000Z</time>
        <extensions>
          <ns3:TrackPointExtension>
            <ns3:hr>97</ns3:hr>
          </ns3:TrackPointExtension>
        </extensions>
      </trkpt>
      <trkpt lat="23.18649220280349254608154296875" lon="113.26910264790058135986328125">
        <ele>13.6000003814697265625</ele>
        <time>2025-04-20T12:38:56.000Z</time>
        <extensions>
          <ns3:TrackPointExtension>
            <ns3:hr>97</ns3:hr>
          </ns3:TrackPointExtension>
        </extensions>
      </trkpt>
      <trkpt lat="23.18645498715341091156005859375" lon="113.26907984912395477294921875">
        <ele>13.6000003814697265625</ele>
        <time>2025-04-20T12:38:57.000Z</time>
        <extensions>
          <ns3:TrackPointExtension>
            <ns3:hr>97</ns3:hr>
          </ns3:TrackPointExtension>
        </extensions>
      </trkpt>
      <trkpt lat="23.18642087280750274658203125" lon="113.2690609060227870941162109375">
        <ele>13.6000003814697265625</ele>
        <time>2025-04-20T12:38:58.000Z</time>
        <extensions>
          <ns3:TrackPointExtension>
            <ns3:hr>97</ns3:hr>
          </ns3:TrackPointExtension>
        </extensions>
      </trkpt>
      <trkpt lat="23.1863821484148502349853515625" lon="113.2690424658358097076416015625">
        <ele>13.3999996185302734375</ele>
        <time>2025-04-20T12:38:59.000Z</time>
        <extensions>
          <ns3:TrackPointExtension>
            <ns3:hr>97</ns3:hr>
          </ns3:TrackPointExtension>
        </extensions>
      </trkpt>
      <trkpt lat="23.1863464415073394775390625" lon="113.26902461238205432891845703125">
        <ele>13.3999996185302734375</ele>
        <time>2025-04-20T12:39:00.000Z</time>
        <extensions>
          <ns3:TrackPointExtension>
            <ns3:hr>97</ns3:hr>
          </ns3:TrackPointExtension>
        </extensions>
      </trkpt>
      <trkpt lat="23.18630947731435298919677734375" lon="113.2690094411373138427734375">
        <ele>13.3999996185302734375</ele>
        <time>2025-04-20T12:39:01.000Z</time>
        <extensions>
          <ns3:TrackPointExtension>
            <ns3:hr>97</ns3:hr>
          </ns3:TrackPointExtension>
        </extensions>
      </trkpt>
      <trkpt lat="23.18627645261585712432861328125" lon="113.2689933478832244873046875">
        <ele>13.3999996185302734375</ele>
        <time>2025-04-20T12:39:02.000Z</time>
        <extensions>
          <ns3:TrackPointExtension>
            <ns3:hr>97</ns3:hr>
          </ns3:TrackPointExtension>
        </extensions>
      </trkpt>
      <trkpt lat="23.18623982369899749755859375" lon="113.26897582970559597015380859375">
        <ele>13.3999996185302734375</ele>
        <time>2025-04-20T12:39:03.000Z</time>
        <extensions>
          <ns3:TrackPointExtension>
            <ns3:hr>97</ns3:hr>
          </ns3:TrackPointExtension>
        </extensions>
      </trkpt>
      <trkpt lat="23.1862034462392330169677734375" lon="113.26895646750926971435546875">
        <ele>13.3999996185302734375</ele>
        <time>2025-04-20T12:39:04.000Z</time>
        <extensions>
          <ns3:TrackPointExtension>
            <ns3:hr>97</ns3:hr>
          </ns3:TrackPointExtension>
        </extensions>
      </trkpt>
      <trkpt lat="23.18616715259850025177001953125" lon="113.268942721188068389892578125">
        <ele>13.3999996185302734375</ele>
        <time>2025-04-20T12:39:05.000Z</time>
        <extensions>
          <ns3:TrackPointExtension>
            <ns3:hr>97</ns3:hr>
          </ns3:TrackPointExtension>
        </extensions>
      </trkpt>
      <trkpt lat="23.18613312207162380218505859375" lon="113.2689257897436618804931640625">
        <ele>13.3999996185302734375</ele>
        <time>2025-04-20T12:39:06.000Z</time>
        <extensions>
          <ns3:TrackPointExtension>
            <ns3:hr>97</ns3:hr>
          </ns3:TrackPointExtension>
        </extensions>
      </trkpt>
      <trkpt lat="23.186098672449588775634765625" lon="113.2689070142805576324462890625">
        <ele>13.3999996185302734375</ele>
        <time>2025-04-20T12:39:07.000Z</time>
        <extensions>
          <ns3:TrackPointExtension>
            <ns3:hr>97</ns3:hr>
          </ns3:TrackPointExtension>
        </extensions>
      </trkpt>
      <trkpt lat="23.18606640212237834930419921875" lon="113.26888807117938995361328125">
        <ele>13.3999996185302734375</ele>
        <time>2025-04-20T12:39:08.000Z</time>
        <extensions>
          <ns3:TrackPointExtension>
            <ns3:hr>97</ns3:hr>
          </ns3:TrackPointExtension>
        </extensions>
      </trkpt>
      <trkpt lat="23.186034299433231353759765625" lon="113.26886971481144428253173828125">
        <ele>13.3999996185302734375</ele>
        <time>2025-04-20T12:39:09.000Z</time>
        <extensions>
          <ns3:TrackPointExtension>
            <ns3:hr>97</ns3:hr>
          </ns3:TrackPointExtension>
        </extensions>
      </trkpt>
      <trkpt lat="23.185998089611530303955078125" lon="113.2688493467867374420166015625">
        <ele>13.3999996185302734375</ele>
        <time>2025-04-20T12:39:10.000Z</time>
        <extensions>
          <ns3:TrackPointExtension>
            <ns3:hr>97</ns3:hr>
          </ns3:TrackPointExtension>
        </extensions>
      </trkpt>
      <trkpt lat="23.1859633885324001312255859375" lon="113.268832080066204071044921875">
        <ele>13.3999996185302734375</ele>
        <time>2025-04-20T12:39:11.000Z</time>
        <extensions>
          <ns3:TrackPointExtension>
            <ns3:hr>97</ns3:hr>
          </ns3:TrackPointExtension>
        </extensions>
      </trkpt>
      <trkpt lat="23.185924328863620758056640625" lon="113.26880986802279949188232421875">
        <ele>13.3999996185302734375</ele>
        <time>2025-04-20T12:39:12.000Z</time>
        <extensions>
          <ns3:TrackPointExtension>
            <ns3:hr>97</ns3:hr>
          </ns3:TrackPointExtension>
        </extensions>
      </trkpt>
      <trkpt lat="23.18588174879550933837890625" lon="113.26879411004483699798583984375">
        <ele>13.3999996185302734375</ele>
        <time>2025-04-20T12:39:13.000Z</time>
        <extensions>
          <ns3:TrackPointExtension>
            <ns3:hr>97</ns3:hr>
          </ns3:TrackPointExtension>
        </extensions>
      </trkpt>
      <trkpt lat="23.18584344349801540374755859375" lon="113.2687755860388278961181640625">
        <ele>13.3999996185302734375</ele>
        <time>2025-04-20T12:39:14.000Z</time>
        <extensions>
          <ns3:TrackPointExtension>
            <ns3:hr>97</ns3:hr>
          </ns3:TrackPointExtension>
        </extensions>
      </trkpt>
      <trkpt lat="23.18580287508666515350341796875" lon="113.26875974424183368682861328125">
        <ele>13.3999996185302734375</ele>
        <time>2025-04-20T12:39:15.000Z</time>
        <extensions>
          <ns3:TrackPointExtension>
            <ns3:hr>97</ns3:hr>
          </ns3:TrackPointExtension>
        </extensions>
      </trkpt>
      <trkpt lat="23.18576415069401264190673828125" lon="113.2687413878738880157470703125">
        <ele>13.3999996185302734375</ele>
        <time>2025-04-20T12:39:16.000Z</time>
        <extensions>
          <ns3:TrackPointExtension>
            <ns3:hr>97</ns3:hr>
          </ns3:TrackPointExtension>
        </extensions>
      </trkpt>
      <trkpt lat="23.18572525866329669952392578125" lon="113.26872068457305431365966796875">
        <ele>13.3999996185302734375</ele>
        <time>2025-04-20T12:39:17.000Z</time>
        <extensions>
          <ns3:TrackPointExtension>
            <ns3:hr>97</ns3:hr>
          </ns3:TrackPointExtension>
        </extensions>
      </trkpt>
      <trkpt lat="23.18568871356546878814697265625" lon="113.26870433986186981201171875">
        <ele>13.3999996185302734375</ele>
        <time>2025-04-20T12:39:18.000Z</time>
        <extensions>
          <ns3:TrackPointExtension>
            <ns3:hr>97</ns3:hr>
          </ns3:TrackPointExtension>
        </extensions>
      </trkpt>
      <trkpt lat="23.18565032444894313812255859375" lon="113.26868615113198757171630859375">
        <ele>13.3999996185302734375</ele>
        <time>2025-04-20T12:39:19.000Z</time>
        <extensions>
          <ns3:TrackPointExtension>
            <ns3:hr>97</ns3:hr>
          </ns3:TrackPointExtension>
        </extensions>
      </trkpt>
      <trkpt lat="23.18560891784727573394775390625" lon="113.26866603456437587738037109375">
        <ele>13.3999996185302734375</ele>
        <time>2025-04-20T12:39:20.000Z</time>
        <extensions>
          <ns3:TrackPointExtension>
            <ns3:hr>97</ns3:hr>
          </ns3:TrackPointExtension>
        </extensions>
      </trkpt>
      <trkpt lat="23.18556725978851318359375" lon="113.26864927075803279876708984375">
        <ele>13.3999996185302734375</ele>
        <time>2025-04-20T12:39:21.000Z</time>
        <extensions>
          <ns3:TrackPointExtension>
            <ns3:hr>97</ns3:hr>
          </ns3:TrackPointExtension>
        </extensions>
      </trkpt>
      <trkpt lat="23.18552526645362377166748046875" lon="113.2686290703713893890380859375">
        <ele>13.3999996185302734375</ele>
        <time>2025-04-20T12:39:22.000Z</time>
        <extensions>
          <ns3:TrackPointExtension>
            <ns3:hr>97</ns3:hr>
          </ns3:TrackPointExtension>
        </extensions>
      </trkpt>
      <trkpt lat="23.18548855371773242950439453125" lon="113.2686082832515239715576171875">
        <ele>13.3999996185302734375</ele>
        <time>2025-04-20T12:39:23.000Z</time>
        <extensions>
          <ns3:TrackPointExtension>
            <ns3:hr>97</ns3:hr>
          </ns3:TrackPointExtension>
        </extensions>
      </trkpt>
      <trkpt lat="23.18544882349669933319091796875" lon="113.268588669598102569580078125">
        <ele>13.3999996185302734375</ele>
        <time>2025-04-20T12:39:24.000Z</time>
        <extensions>
          <ns3:TrackPointExtension>
            <ns3:hr>97</ns3:hr>
          </ns3:TrackPointExtension>
        </extensions>
      </trkpt>
      <trkpt lat="23.18541043438017368316650390625" lon="113.26857048086822032928466796875">
        <ele>13.3999996185302734375</ele>
        <time>2025-04-20T12:39:25.000Z</time>
        <extensions>
          <ns3:TrackPointExtension>
            <ns3:hr>97</ns3:hr>
          </ns3:TrackPointExtension>
        </extensions>
      </trkpt>
      <trkpt lat="23.185371123254299163818359375" lon="113.2685534656047821044921875">
        <ele>13.3999996185302734375</ele>
        <time>2025-04-20T12:39:26.000Z</time>
        <extensions>
          <ns3:TrackPointExtension>
            <ns3:hr>97</ns3:hr>
          </ns3:TrackPointExtension>
        </extensions>
      </trkpt>
      <trkpt lat="23.18533097393810749053955078125" lon="113.2685348577797412872314453125">
        <ele>13.3999996185302734375</ele>
        <time>2025-04-20T12:39:27.000Z</time>
        <extensions>
          <ns3:TrackPointExtension>
            <ns3:hr>97</ns3:hr>
          </ns3:TrackPointExtension>
        </extensions>
      </trkpt>
      <trkpt lat="23.185292668640613555908203125" lon="113.268518932163715362548828125">
        <ele>13.3999996185302734375</ele>
        <time>2025-04-20T12:39:28.000Z</time>
        <extensions>
          <ns3:TrackPointExtension>
            <ns3:hr>97</ns3:hr>
          </ns3:TrackPointExtension>
        </extensions>
      </trkpt>
      <trkpt lat="23.18525151349604129791259765625" lon="113.2685063593089580535888671875">
        <ele>13.3999996185302734375</ele>
        <time>2025-04-20T12:39:29.000Z</time>
        <extensions>
          <ns3:TrackPointExtension>
            <ns3:hr>97</ns3:hr>
          </ns3:TrackPointExtension>
        </extensions>
      </trkpt>
      <trkpt lat="23.1852133758366107940673828125" lon="113.2684906013309955596923828125">
        <ele>13.3999996185302734375</ele>
        <time>2025-04-20T12:39:30.000Z</time>
        <extensions>
          <ns3:TrackPointExtension>
            <ns3:hr>96</ns3:hr>
          </ns3:TrackPointExtension>
        </extensions>
      </trkpt>
      <trkpt lat="23.1851756572723388671875" lon="113.26847559772431850433349609375">
        <ele>13.3999996185302734375</ele>
        <time>2025-04-20T12:39:31.000Z</time>
        <extensions>
          <ns3:TrackPointExtension>
            <ns3:hr>96</ns3:hr>
          </ns3:TrackPointExtension>
        </extensions>
      </trkpt>
      <trkpt lat="23.18513802252709865570068359375" lon="113.268463946878910064697265625">
        <ele>13.3999996185302734375</ele>
        <time>2025-04-20T12:39:32.000Z</time>
        <extensions>
          <ns3:TrackPointExtension>
            <ns3:hr>96</ns3:hr>
          </ns3:TrackPointExtension>
        </extensions>
      </trkpt>
      <trkpt lat="23.1850992143154144287109375" lon="113.26845011673867702484130859375">
        <ele>13.3999996185302734375</ele>
        <time>2025-04-20T12:39:33.000Z</time>
        <extensions>
          <ns3:TrackPointExtension>
            <ns3:hr>96</ns3:hr>
          </ns3:TrackPointExtension>
        </extensions>
      </trkpt>
      <trkpt lat="23.185061328113079071044921875" lon="113.26842731796205043792724609375">
        <ele>13.3999996185302734375</ele>
        <time>2025-04-20T12:39:34.000Z</time>
        <extensions>
          <ns3:TrackPointExtension>
            <ns3:hr>96</ns3:hr>
          </ns3:TrackPointExtension>
        </extensions>
      </trkpt>
      <trkpt lat="23.18502687849104404449462890625" lon="113.2684051059186458587646484375">
        <ele>13.3999996185302734375</ele>
        <time>2025-04-20T12:39:35.000Z</time>
        <extensions>
          <ns3:TrackPointExtension>
            <ns3:hr>96</ns3:hr>
          </ns3:TrackPointExtension>
        </extensions>
      </trkpt>
      <trkpt lat="23.1849920935928821563720703125" lon="113.26838490553200244903564453125">
        <ele>13.3999996185302734375</ele>
        <time>2025-04-20T12:39:36.000Z</time>
        <extensions>
          <ns3:TrackPointExtension>
            <ns3:hr>96</ns3:hr>
          </ns3:TrackPointExtension>
        </extensions>
      </trkpt>
      <trkpt lat="23.184953369200229644775390625" lon="113.2683657109737396240234375">
        <ele>13.3999996185302734375</ele>
        <time>2025-04-20T12:39:37.000Z</time>
        <extensions>
          <ns3:TrackPointExtension>
            <ns3:hr>96</ns3:hr>
          </ns3:TrackPointExtension>
        </extensions>
      </trkpt>
      <trkpt lat="23.18491472862660884857177734375" lon="113.26834584586322307586669921875">
        <ele>13.19999980926513671875</ele>
        <time>2025-04-20T12:39:38.000Z</time>
        <extensions>
          <ns3:TrackPointExtension>
            <ns3:hr>96</ns3:hr>
          </ns3:TrackPointExtension>
        </extensions>
      </trkpt>
      <trkpt lat="23.18487466312944889068603515625" lon="113.26832774095237255096435546875">
        <ele>13.19999980926513671875</ele>
        <time>2025-04-20T12:39:39.000Z</time>
        <extensions>
          <ns3:TrackPointExtension>
            <ns3:hr>96</ns3:hr>
          </ns3:TrackPointExtension>
        </extensions>
      </trkpt>
      <trkpt lat="23.18483426235616207122802734375" lon="113.2683108933269977569580078125">
        <ele>13</ele>
        <time>2025-04-20T12:39:40.000Z</time>
        <extensions>
          <ns3:TrackPointExtension>
            <ns3:hr>96</ns3:hr>
          </ns3:TrackPointExtension>
        </extensions>
      </trkpt>
      <trkpt lat="23.1847966276109218597412109375" lon="113.2682917825877666473388671875">
        <ele>13</ele>
        <time>2025-04-20T12:39:41.000Z</time>
        <extensions>
          <ns3:TrackPointExtension>
            <ns3:hr>96</ns3:hr>
          </ns3:TrackPointExtension>
        </extensions>
      </trkpt>
      <trkpt lat="23.18476033397018909454345703125" lon="113.26827384531497955322265625">
        <ele>12.80000019073486328125</ele>
        <time>2025-04-20T12:39:42.000Z</time>
        <extensions>
          <ns3:TrackPointExtension>
            <ns3:hr>96</ns3:hr>
          </ns3:TrackPointExtension>
        </extensions>
      </trkpt>
      <trkpt lat="23.184725381433963775634765625" lon="113.26825783587992191314697265625">
        <ele>12.80000019073486328125</ele>
        <time>2025-04-20T12:39:43.000Z</time>
        <extensions>
          <ns3:TrackPointExtension>
            <ns3:hr>95</ns3:hr>
          </ns3:TrackPointExtension>
        </extensions>
      </trkpt>
      <trkpt lat="23.18469093181192874908447265625" lon="113.2682428322732448577880859375">
        <ele>12.80000019073486328125</ele>
        <time>2025-04-20T12:39:44.000Z</time>
        <extensions>
          <ns3:TrackPointExtension>
            <ns3:hr>95</ns3:hr>
          </ns3:TrackPointExtension>
        </extensions>
      </trkpt>
      <trkpt lat="23.18465304560959339141845703125" lon="113.26822715811431407928466796875">
        <ele>12.80000019073486328125</ele>
        <time>2025-04-20T12:39:45.000Z</time>
        <extensions>
          <ns3:TrackPointExtension>
            <ns3:hr>95</ns3:hr>
          </ns3:TrackPointExtension>
        </extensions>
      </trkpt>
      <trkpt lat="23.18461532704532146453857421875" lon="113.26820938847959041595458984375">
        <ele>13</ele>
        <time>2025-04-20T12:39:46.000Z</time>
        <extensions>
          <ns3:TrackPointExtension>
            <ns3:hr>95</ns3:hr>
          </ns3:TrackPointExtension>
        </extensions>
      </trkpt>
      <trkpt lat="23.184575848281383514404296875" lon="113.268191702663898468017578125">
        <ele>13</ele>
        <time>2025-04-20T12:39:47.000Z</time>
        <extensions>
          <ns3:TrackPointExtension>
            <ns3:hr>95</ns3:hr>
          </ns3:TrackPointExtension>
        </extensions>
      </trkpt>
      <trkpt lat="23.184538967907428741455078125" lon="113.26817770488560199737548828125">
        <ele>13</ele>
        <time>2025-04-20T12:39:48.000Z</time>
        <extensions>
          <ns3:TrackPointExtension>
            <ns3:hr>95</ns3:hr>
          </ns3:TrackPointExtension>
        </extensions>
      </trkpt>
      <trkpt lat="23.18449965678155422210693359375" lon="113.26816546730697154998779296875">
        <ele>13</ele>
        <time>2025-04-20T12:39:49.000Z</time>
        <extensions>
          <ns3:TrackPointExtension>
            <ns3:hr>95</ns3:hr>
          </ns3:TrackPointExtension>
        </extensions>
      </trkpt>
      <trkpt lat="23.1844640336930751800537109375" lon="113.26814803294837474822998046875">
        <ele>13</ele>
        <time>2025-04-20T12:39:50.000Z</time>
        <extensions>
          <ns3:TrackPointExtension>
            <ns3:hr>95</ns3:hr>
          </ns3:TrackPointExtension>
        </extensions>
      </trkpt>
      <trkpt lat="23.1844305060803890228271484375" lon="113.268128670752048492431640625">
        <ele>13</ele>
        <time>2025-04-20T12:39:51.000Z</time>
        <extensions>
          <ns3:TrackPointExtension>
            <ns3:hr>95</ns3:hr>
          </ns3:TrackPointExtension>
        </extensions>
      </trkpt>
      <trkpt lat="23.18439781665802001953125" lon="113.2681055366992950439453125">
        <ele>13</ele>
        <time>2025-04-20T12:39:52.000Z</time>
        <extensions>
          <ns3:TrackPointExtension>
            <ns3:hr>95</ns3:hr>
          </ns3:TrackPointExtension>
        </extensions>
      </trkpt>
      <trkpt lat="23.18436487577855587005615234375" lon="113.2680775411427021026611328125">
        <ele>13</ele>
        <time>2025-04-20T12:39:53.000Z</time>
        <extensions>
          <ns3:TrackPointExtension>
            <ns3:hr>95</ns3:hr>
          </ns3:TrackPointExtension>
        </extensions>
      </trkpt>
      <trkpt lat="23.18433436565101146697998046875" lon="113.26805063523352146148681640625">
        <ele>13</ele>
        <time>2025-04-20T12:39:54.000Z</time>
        <extensions>
          <ns3:TrackPointExtension>
            <ns3:hr>95</ns3:hr>
          </ns3:TrackPointExtension>
        </extensions>
      </trkpt>
      <trkpt lat="23.18429999984800815582275390625" lon="113.26802867464721202850341796875">
        <ele>13</ele>
        <time>2025-04-20T12:39:55.000Z</time>
        <extensions>
          <ns3:TrackPointExtension>
            <ns3:hr>95</ns3:hr>
          </ns3:TrackPointExtension>
        </extensions>
      </trkpt>
      <trkpt lat="23.18426563404500484466552734375" lon="113.26801140792667865753173828125">
        <ele>13</ele>
        <time>2025-04-20T12:39:56.000Z</time>
        <extensions>
          <ns3:TrackPointExtension>
            <ns3:hr>95</ns3:hr>
          </ns3:TrackPointExtension>
        </extensions>
      </trkpt>
      <trkpt lat="23.184231184422969818115234375" lon="113.26799598522484302520751953125">
        <ele>13</ele>
        <time>2025-04-20T12:39:57.000Z</time>
        <extensions>
          <ns3:TrackPointExtension>
            <ns3:hr>95</ns3:hr>
          </ns3:TrackPointExtension>
        </extensions>
      </trkpt>
      <trkpt lat="23.184196986258029937744140625" lon="113.26798056252300739288330078125">
        <ele>13</ele>
        <time>2025-04-20T12:39:58.000Z</time>
        <extensions>
          <ns3:TrackPointExtension>
            <ns3:hr>95</ns3:hr>
          </ns3:TrackPointExtension>
        </extensions>
      </trkpt>
      <trkpt lat="23.18416220135986804962158203125" lon="113.267962038516998291015625">
        <ele>13</ele>
        <time>2025-04-20T12:39:59.000Z</time>
        <extensions>
          <ns3:TrackPointExtension>
            <ns3:hr>95</ns3:hr>
          </ns3:TrackPointExtension>
        </extensions>
      </trkpt>
      <trkpt lat="23.184125237166881561279296875" lon="113.267938904464244842529296875">
        <ele>12.80000019073486328125</ele>
        <time>2025-04-20T12:40:00.000Z</time>
        <extensions>
          <ns3:TrackPointExtension>
            <ns3:hr>95</ns3:hr>
          </ns3:TrackPointExtension>
        </extensions>
      </trkpt>
      <trkpt lat="23.18409028463065624237060546875" lon="113.26791887171566486358642578125">
        <ele>13</ele>
        <time>2025-04-20T12:40:01.000Z</time>
        <extensions>
          <ns3:TrackPointExtension>
            <ns3:hr>95</ns3:hr>
          </ns3:TrackPointExtension>
        </extensions>
      </trkpt>
      <trkpt lat="23.18405575118958950042724609375" lon="113.267901353538036346435546875">
        <ele>13</ele>
        <time>2025-04-20T12:40:02.000Z</time>
        <extensions>
          <ns3:TrackPointExtension>
            <ns3:hr>97</ns3:hr>
          </ns3:TrackPointExtension>
        </extensions>
      </trkpt>
      <trkpt lat="23.18402121774852275848388671875" lon="113.2678829133510589599609375">
        <ele>13</ele>
        <time>2025-04-20T12:40:03.000Z</time>
        <extensions>
          <ns3:TrackPointExtension>
            <ns3:hr>97</ns3:hr>
          </ns3:TrackPointExtension>
        </extensions>
      </trkpt>
      <trkpt lat="23.18398584611713886260986328125" lon="113.26786749064922332763671875">
        <ele>13</ele>
        <time>2025-04-20T12:40:04.000Z</time>
        <extensions>
          <ns3:TrackPointExtension>
            <ns3:hr>97</ns3:hr>
          </ns3:TrackPointExtension>
        </extensions>
      </trkpt>
      <trkpt lat="23.18395382724702358245849609375" lon="113.26785366050899028778076171875">
        <ele>13</ele>
        <time>2025-04-20T12:40:05.000Z</time>
        <extensions>
          <ns3:TrackPointExtension>
            <ns3:hr>97</ns3:hr>
          </ns3:TrackPointExtension>
        </extensions>
      </trkpt>
      <trkpt lat="23.1839195452630519866943359375" lon="113.26784159056842327117919921875">
        <ele>13</ele>
        <time>2025-04-20T12:40:06.000Z</time>
        <extensions>
          <ns3:TrackPointExtension>
            <ns3:hr>97</ns3:hr>
          </ns3:TrackPointExtension>
        </extensions>
      </trkpt>
      <trkpt lat="23.18388559855520725250244140625" lon="113.26782918535172939300537109375">
        <ele>13</ele>
        <time>2025-04-20T12:40:07.000Z</time>
        <extensions>
          <ns3:TrackPointExtension>
            <ns3:hr>97</ns3:hr>
          </ns3:TrackPointExtension>
        </extensions>
      </trkpt>
      <trkpt lat="23.18385089747607707977294921875" lon="113.26781342737376689910888671875">
        <ele>13</ele>
        <time>2025-04-20T12:40:08.000Z</time>
        <extensions>
          <ns3:TrackPointExtension>
            <ns3:hr>97</ns3:hr>
          </ns3:TrackPointExtension>
        </extensions>
      </trkpt>
      <trkpt lat="23.1838179565966129302978515625" lon="113.2677979208528995513916015625">
        <ele>13</ele>
        <time>2025-04-20T12:40:09.000Z</time>
        <extensions>
          <ns3:TrackPointExtension>
            <ns3:hr>97</ns3:hr>
          </ns3:TrackPointExtension>
        </extensions>
      </trkpt>
      <trkpt lat="23.183784596621990203857421875" lon="113.26777738519012928009033203125">
        <ele>13</ele>
        <time>2025-04-20T12:40:10.000Z</time>
        <extensions>
          <ns3:TrackPointExtension>
            <ns3:hr>97</ns3:hr>
          </ns3:TrackPointExtension>
        </extensions>
      </trkpt>
      <trkpt lat="23.18375316448509693145751953125" lon="113.26775349676609039306640625">
        <ele>13</ele>
        <time>2025-04-20T12:40:11.000Z</time>
        <extensions>
          <ns3:TrackPointExtension>
            <ns3:hr>97</ns3:hr>
          </ns3:TrackPointExtension>
        </extensions>
      </trkpt>
      <trkpt lat="23.18372567184269428253173828125" lon="113.26772307045757770538330078125">
        <ele>13</ele>
        <time>2025-04-20T12:40:12.000Z</time>
        <extensions>
          <ns3:TrackPointExtension>
            <ns3:hr>97</ns3:hr>
          </ns3:TrackPointExtension>
        </extensions>
      </trkpt>
      <trkpt lat="23.1837053038179874420166015625" lon="113.26768903993070125579833984375">
        <ele>13</ele>
        <time>2025-04-20T12:40:13.000Z</time>
        <extensions>
          <ns3:TrackPointExtension>
            <ns3:hr>97</ns3:hr>
          </ns3:TrackPointExtension>
        </extensions>
      </trkpt>
      <trkpt lat="23.18368543870747089385986328125" lon="113.26765425503253936767578125">
        <ele>13</ele>
        <time>2025-04-20T12:40:14.000Z</time>
        <extensions>
          <ns3:TrackPointExtension>
            <ns3:hr>96</ns3:hr>
          </ns3:TrackPointExtension>
        </extensions>
      </trkpt>
      <trkpt lat="23.18366825580596923828125" lon="113.26761997304856777191162109375">
        <ele>13</ele>
        <time>2025-04-20T12:40:15.000Z</time>
        <extensions>
          <ns3:TrackPointExtension>
            <ns3:hr>96</ns3:hr>
          </ns3:TrackPointExtension>
        </extensions>
      </trkpt>
      <trkpt lat="23.18365677259862422943115234375" lon="113.26757906936109066009521484375">
        <ele>12.80000019073486328125</ele>
        <time>2025-04-20T12:40:16.000Z</time>
        <extensions>
          <ns3:TrackPointExtension>
            <ns3:hr>96</ns3:hr>
          </ns3:TrackPointExtension>
        </extensions>
      </trkpt>
      <trkpt lat="23.1836489774286746978759765625" lon="113.2675374113023281097412109375">
        <ele>12.80000019073486328125</ele>
        <time>2025-04-20T12:40:17.000Z</time>
        <extensions>
          <ns3:TrackPointExtension>
            <ns3:hr>95</ns3:hr>
          </ns3:TrackPointExtension>
        </extensions>
      </trkpt>
      <trkpt lat="23.18364419974386692047119140625" lon="113.26749357394874095916748046875">
        <ele>12.6000003814697265625</ele>
        <time>2025-04-20T12:40:18.000Z</time>
        <extensions>
          <ns3:TrackPointExtension>
            <ns3:hr>95</ns3:hr>
          </ns3:TrackPointExtension>
        </extensions>
      </trkpt>
      <trkpt lat="23.1836427748203277587890625" lon="113.26744143851101398468017578125">
        <ele>12.3999996185302734375</ele>
        <time>2025-04-20T12:40:19.000Z</time>
        <extensions>
          <ns3:TrackPointExtension>
            <ns3:hr>95</ns3:hr>
          </ns3:TrackPointExtension>
        </extensions>
      </trkpt>
      <trkpt lat="23.18364604376256465911865234375" lon="113.26739399693906307220458984375">
        <ele>12.3999996185302734375</ele>
        <time>2025-04-20T12:40:20.000Z</time>
        <extensions>
          <ns3:TrackPointExtension>
            <ns3:hr>95</ns3:hr>
          </ns3:TrackPointExtension>
        </extensions>
      </trkpt>
      <trkpt lat="23.1836553476750850677490234375" lon="113.26734940521419048309326171875">
        <ele>12.19999980926513671875</ele>
        <time>2025-04-20T12:40:21.000Z</time>
        <extensions>
          <ns3:TrackPointExtension>
            <ns3:hr>95</ns3:hr>
          </ns3:TrackPointExtension>
        </extensions>
      </trkpt>
      <trkpt lat="23.1836684234440326690673828125" lon="113.2673067413270473480224609375">
        <ele>12</ele>
        <time>2025-04-20T12:40:22.000Z</time>
        <extensions>
          <ns3:TrackPointExtension>
            <ns3:hr>96</ns3:hr>
          </ns3:TrackPointExtension>
        </extensions>
      </trkpt>
      <trkpt lat="23.18368510343134403228759765625" lon="113.26726667582988739013671875">
        <ele>12</ele>
        <time>2025-04-20T12:40:23.000Z</time>
        <extensions>
          <ns3:TrackPointExtension>
            <ns3:hr>95</ns3:hr>
          </ns3:TrackPointExtension>
        </extensions>
      </trkpt>
      <trkpt lat="23.18370270542800426483154296875" lon="113.26723088510334491729736328125">
        <ele>12</ele>
        <time>2025-04-20T12:40:24.000Z</time>
        <extensions>
          <ns3:TrackPointExtension>
            <ns3:hr>95</ns3:hr>
          </ns3:TrackPointExtension>
        </extensions>
      </trkpt>
      <trkpt lat="23.18372366018593311309814453125" lon="113.2671930827200412750244140625">
        <ele>11.80000019073486328125</ele>
        <time>2025-04-20T12:40:25.000Z</time>
        <extensions>
          <ns3:TrackPointExtension>
            <ns3:hr>95</ns3:hr>
          </ns3:TrackPointExtension>
        </extensions>
      </trkpt>
      <trkpt lat="23.18374562077224254608154296875" lon="113.26714731752872467041015625">
        <ele>11.80000019073486328125</ele>
        <time>2025-04-20T12:40:26.000Z</time>
        <extensions>
          <ns3:TrackPointExtension>
            <ns3:hr>95</ns3:hr>
          </ns3:TrackPointExtension>
        </extensions>
      </trkpt>
      <trkpt lat="23.18377126939594745635986328125" lon="113.2671042345464229583740234375">
        <ele>11.6000003814697265625</ele>
        <time>2025-04-20T12:40:27.000Z</time>
        <extensions>
          <ns3:TrackPointExtension>
            <ns3:hr>95</ns3:hr>
          </ns3:TrackPointExtension>
        </extensions>
      </trkpt>
      <trkpt lat="23.18379499018192291259765625" lon="113.26706039719283580780029296875">
        <ele>11.6000003814697265625</ele>
        <time>2025-04-20T12:40:28.000Z</time>
        <extensions>
          <ns3:TrackPointExtension>
            <ns3:hr>95</ns3:hr>
          </ns3:TrackPointExtension>
        </extensions>
      </trkpt>
      <trkpt lat="23.18381510674953460693359375" lon="113.2670163922011852264404296875">
        <ele>11.6000003814697265625</ele>
        <time>2025-04-20T12:40:29.000Z</time>
        <extensions>
          <ns3:TrackPointExtension>
            <ns3:hr>92</ns3:hr>
          </ns3:TrackPointExtension>
        </extensions>
      </trkpt>
      <trkpt lat="23.1838340498507022857666015625" lon="113.26697699725627899169921875">
        <ele>11.3999996185302734375</ele>
        <time>2025-04-20T12:40:30.000Z</time>
        <extensions>
          <ns3:TrackPointExtension>
            <ns3:hr>92</ns3:hr>
          </ns3:TrackPointExtension>
        </extensions>
      </trkpt>
      <trkpt lat="23.18385408259928226470947265625" lon="113.2669342495501041412353515625">
        <ele>11.3999996185302734375</ele>
        <time>2025-04-20T12:40:31.000Z</time>
        <extensions>
          <ns3:TrackPointExtension>
            <ns3:hr>92</ns3:hr>
          </ns3:TrackPointExtension>
        </extensions>
      </trkpt>
      <trkpt lat="23.183875791728496551513671875" lon="113.266894854605197906494140625">
        <ele>11.3999996185302734375</ele>
        <time>2025-04-20T12:40:32.000Z</time>
        <extensions>
          <ns3:TrackPointExtension>
            <ns3:hr>92</ns3:hr>
          </ns3:TrackPointExtension>
        </extensions>
      </trkpt>
      <trkpt lat="23.18389481864869594573974609375" lon="113.26685017906129360198974609375">
        <ele>11.19999980926513671875</ele>
        <time>2025-04-20T12:40:33.000Z</time>
        <extensions>
          <ns3:TrackPointExtension>
            <ns3:hr>92</ns3:hr>
          </ns3:TrackPointExtension>
        </extensions>
      </trkpt>
      <trkpt lat="23.183912672102451324462890625" lon="113.2668051682412624359130859375">
        <ele>11.19999980926513671875</ele>
        <time>2025-04-20T12:40:34.000Z</time>
        <extensions>
          <ns3:TrackPointExtension>
            <ns3:hr>92</ns3:hr>
          </ns3:TrackPointExtension>
        </extensions>
      </trkpt>
      <trkpt lat="23.18393236957490444183349609375" lon="113.26676166616380214691162109375">
        <ele>11</ele>
        <time>2025-04-20T12:40:35.000Z</time>
        <extensions>
          <ns3:TrackPointExtension>
            <ns3:hr>92</ns3:hr>
          </ns3:TrackPointExtension>
        </extensions>
      </trkpt>
      <trkpt lat="23.18395332433283329010009765625" lon="113.266718499362468719482421875">
        <ele>11</ele>
        <time>2025-04-20T12:40:36.000Z</time>
        <extensions>
          <ns3:TrackPointExtension>
            <ns3:hr>92</ns3:hr>
          </ns3:TrackPointExtension>
        </extensions>
      </trkpt>
      <trkpt lat="23.1839741952717304229736328125" lon="113.26667332090437412261962890625">
        <ele>11</ele>
        <time>2025-04-20T12:40:37.000Z</time>
        <extensions>
          <ns3:TrackPointExtension>
            <ns3:hr>92</ns3:hr>
          </ns3:TrackPointExtension>
        </extensions>
      </trkpt>
      <trkpt lat="23.18399338982999324798583984375" lon="113.26662939973175525665283203125">
        <ele>11</ele>
        <time>2025-04-20T12:40:38.000Z</time>
        <extensions>
          <ns3:TrackPointExtension>
            <ns3:hr>92</ns3:hr>
          </ns3:TrackPointExtension>
        </extensions>
      </trkpt>
      <trkpt lat="23.18401300348341464996337890625" lon="113.2665862329304218292236328125">
        <ele>10.80000019073486328125</ele>
        <time>2025-04-20T12:40:39.000Z</time>
        <extensions>
          <ns3:TrackPointExtension>
            <ns3:hr>92</ns3:hr>
          </ns3:TrackPointExtension>
        </extensions>
      </trkpt>
      <trkpt lat="23.18403362296521663665771484375" lon="113.2665444910526275634765625">
        <ele>10.80000019073486328125</ele>
        <time>2025-04-20T12:40:40.000Z</time>
        <extensions>
          <ns3:TrackPointExtension>
            <ns3:hr>93</ns3:hr>
          </ns3:TrackPointExtension>
        </extensions>
      </trkpt>
      <trkpt lat="23.18404988385736942291259765625" lon="113.2665010727941989898681640625">
        <ele>10.80000019073486328125</ele>
        <time>2025-04-20T12:40:41.000Z</time>
        <extensions>
          <ns3:TrackPointExtension>
            <ns3:hr>93</ns3:hr>
          </ns3:TrackPointExtension>
        </extensions>
      </trkpt>
      <trkpt lat="23.18406899459660053253173828125" lon="113.2664615102112293243408203125">
        <ele>10.6000003814697265625</ele>
        <time>2025-04-20T12:40:42.000Z</time>
        <extensions>
          <ns3:TrackPointExtension>
            <ns3:hr>92</ns3:hr>
          </ns3:TrackPointExtension>
        </extensions>
      </trkpt>
      <trkpt lat="23.18408726714551448822021484375" lon="113.2664192654192447662353515625">
        <ele>10.6000003814697265625</ele>
        <time>2025-04-20T12:40:43.000Z</time>
        <extensions>
          <ns3:TrackPointExtension>
            <ns3:hr>92</ns3:hr>
          </ns3:TrackPointExtension>
        </extensions>
      </trkpt>
      <trkpt lat="23.1841036118566989898681640625" lon="113.26637425459921360015869140625">
        <ele>10.6000003814697265625</ele>
        <time>2025-04-20T12:40:44.000Z</time>
        <extensions>
          <ns3:TrackPointExtension>
            <ns3:hr>92</ns3:hr>
          </ns3:TrackPointExtension>
        </extensions>
      </trkpt>
      <trkpt lat="23.18412079475820064544677734375" lon="113.26633318327367305755615234375">
        <ele>10.6000003814697265625</ele>
        <time>2025-04-20T12:40:45.000Z</time>
        <extensions>
          <ns3:TrackPointExtension>
            <ns3:hr>92</ns3:hr>
          </ns3:TrackPointExtension>
        </extensions>
      </trkpt>
      <trkpt lat="23.184139318764209747314453125" lon="113.26629077084362506866455078125">
        <ele>10.6000003814697265625</ele>
        <time>2025-04-20T12:40:46.000Z</time>
        <extensions>
          <ns3:TrackPointExtension>
            <ns3:hr>93</ns3:hr>
          </ns3:TrackPointExtension>
        </extensions>
      </trkpt>
      <trkpt lat="23.184162788093090057373046875" lon="113.26624768786132335662841796875">
        <ele>10.6000003814697265625</ele>
        <time>2025-04-20T12:40:47.000Z</time>
        <extensions>
          <ns3:TrackPointExtension>
            <ns3:hr>92</ns3:hr>
          </ns3:TrackPointExtension>
        </extensions>
      </trkpt>
      <trkpt lat="23.184185586869716644287109375" lon="113.26621248386800289154052734375">
        <ele>10.6000003814697265625</ele>
        <time>2025-04-20T12:40:48.000Z</time>
        <extensions>
          <ns3:TrackPointExtension>
            <ns3:hr>91</ns3:hr>
          </ns3:TrackPointExtension>
        </extensions>
      </trkpt>
      <trkpt lat="23.18420478142797946929931640625" lon="113.26617795042693614959716796875">
        <ele>10.6000003814697265625</ele>
        <time>2025-04-20T12:40:49.000Z</time>
        <extensions>
          <ns3:TrackPointExtension>
            <ns3:hr>91</ns3:hr>
          </ns3:TrackPointExtension>
        </extensions>
      </trkpt>
      <trkpt lat="23.18422590382397174835205078125" lon="113.26614090241491794586181640625">
        <ele>10.6000003814697265625</ele>
        <time>2025-04-20T12:40:50.000Z</time>
        <extensions>
          <ns3:TrackPointExtension>
            <ns3:hr>91</ns3:hr>
          </ns3:TrackPointExtension>
        </extensions>
      </trkpt>
      <trkpt lat="23.18424132652580738067626953125" lon="113.26610033400356769561767578125">
        <ele>10.6000003814697265625</ele>
        <time>2025-04-20T12:40:51.000Z</time>
        <extensions>
          <ns3:TrackPointExtension>
            <ns3:hr>90</ns3:hr>
          </ns3:TrackPointExtension>
        </extensions>
      </trkpt>
      <trkpt lat="23.18425574339926242828369140625" lon="113.26606043614447116851806640625">
        <ele>10.3999996185302734375</ele>
        <time>2025-04-20T12:40:52.000Z</time>
        <extensions>
          <ns3:TrackPointExtension>
            <ns3:hr>91</ns3:hr>
          </ns3:TrackPointExtension>
        </extensions>
      </trkpt>
      <trkpt lat="23.18427552469074726104736328125" lon="113.26602456159889698028564453125">
        <ele>10.3999996185302734375</ele>
        <time>2025-04-20T12:40:53.000Z</time>
        <extensions>
          <ns3:TrackPointExtension>
            <ns3:hr>91</ns3:hr>
          </ns3:TrackPointExtension>
        </extensions>
      </trkpt>
      <trkpt lat="23.18429497070610523223876953125" lon="113.2659892737865447998046875">
        <ele>10.3999996185302734375</ele>
        <time>2025-04-20T12:40:54.000Z</time>
        <extensions>
          <ns3:TrackPointExtension>
            <ns3:hr>91</ns3:hr>
          </ns3:TrackPointExtension>
        </extensions>
      </trkpt>
      <trkpt lat="23.1843133270740509033203125" lon="113.2659532316029071807861328125">
        <ele>10.19999980926513671875</ele>
        <time>2025-04-20T12:40:55.000Z</time>
        <extensions>
          <ns3:TrackPointExtension>
            <ns3:hr>91</ns3:hr>
          </ns3:TrackPointExtension>
        </extensions>
      </trkpt>
      <trkpt lat="23.1843342818319797515869140625" lon="113.26591886579990386962890625">
        <ele>10.19999980926513671875</ele>
        <time>2025-04-20T12:40:56.000Z</time>
        <extensions>
          <ns3:TrackPointExtension>
            <ns3:hr>91</ns3:hr>
          </ns3:TrackPointExtension>
        </extensions>
      </trkpt>
      <trkpt lat="23.18435615859925746917724609375" lon="113.26588575728237628936767578125">
        <ele>10.19999980926513671875</ele>
        <time>2025-04-20T12:40:57.000Z</time>
        <extensions>
          <ns3:TrackPointExtension>
            <ns3:hr>91</ns3:hr>
          </ns3:TrackPointExtension>
        </extensions>
      </trkpt>
      <trkpt lat="23.184376694262027740478515625" lon="113.265858851373195648193359375">
        <ele>10.19999980926513671875</ele>
        <time>2025-04-20T12:40:58.000Z</time>
        <extensions>
          <ns3:TrackPointExtension>
            <ns3:hr>91</ns3:hr>
          </ns3:TrackPointExtension>
        </extensions>
      </trkpt>
      <trkpt lat="23.18439873866736888885498046875" lon="113.26582373119890689849853515625">
        <ele>10.19999980926513671875</ele>
        <time>2025-04-20T12:40:59.000Z</time>
        <extensions>
          <ns3:TrackPointExtension>
            <ns3:hr>91</ns3:hr>
          </ns3:TrackPointExtension>
        </extensions>
      </trkpt>
      <trkpt lat="23.1844154186546802520751953125" lon="113.26578467153012752532958984375">
        <ele>10.19999980926513671875</ele>
        <time>2025-04-20T12:41:00.000Z</time>
        <extensions>
          <ns3:TrackPointExtension>
            <ns3:hr>91</ns3:hr>
          </ns3:TrackPointExtension>
        </extensions>
      </trkpt>
      <trkpt lat="23.18443511612713336944580078125" lon="113.265751563012599945068359375">
        <ele>10</ele>
        <time>2025-04-20T12:41:01.000Z</time>
        <extensions>
          <ns3:TrackPointExtension>
            <ns3:hr>90</ns3:hr>
          </ns3:TrackPointExtension>
        </extensions>
      </trkpt>
      <trkpt lat="23.18445590324699878692626953125" lon="113.26571770012378692626953125">
        <ele>10</ele>
        <time>2025-04-20T12:41:02.000Z</time>
        <extensions>
          <ns3:TrackPointExtension>
            <ns3:hr>91</ns3:hr>
          </ns3:TrackPointExtension>
        </extensions>
      </trkpt>
      <trkpt lat="23.184475265443325042724609375" lon="113.26568551361560821533203125">
        <ele>9.80000019073486328125</ele>
        <time>2025-04-20T12:41:03.000Z</time>
        <extensions>
          <ns3:TrackPointExtension>
            <ns3:hr>91</ns3:hr>
          </ns3:TrackPointExtension>
        </extensions>
      </trkpt>
      <trkpt lat="23.184496723115444183349609375" lon="113.26565206982195377349853515625">
        <ele>9.80000019073486328125</ele>
        <time>2025-04-20T12:41:04.000Z</time>
        <extensions>
          <ns3:TrackPointExtension>
            <ns3:hr>91</ns3:hr>
          </ns3:TrackPointExtension>
        </extensions>
      </trkpt>
      <trkpt lat="23.18451725877821445465087890625" lon="113.26561938039958477020263671875">
        <ele>9.80000019073486328125</ele>
        <time>2025-04-20T12:41:05.000Z</time>
        <extensions>
          <ns3:TrackPointExtension>
            <ns3:hr>91</ns3:hr>
          </ns3:TrackPointExtension>
        </extensions>
      </trkpt>
      <trkpt lat="23.18452882580459117889404296875" lon="113.2655837573111057281494140625">
        <ele>9.80000019073486328125</ele>
        <time>2025-04-20T12:41:06.000Z</time>
        <extensions>
          <ns3:TrackPointExtension>
            <ns3:hr>91</ns3:hr>
          </ns3:TrackPointExtension>
        </extensions>
      </trkpt>
      <trkpt lat="23.18454827181994915008544921875" lon="113.26554478146135807037353515625">
        <ele>9.80000019073486328125</ele>
        <time>2025-04-20T12:41:07.000Z</time>
        <extensions>
          <ns3:TrackPointExtension>
            <ns3:hr>91</ns3:hr>
          </ns3:TrackPointExtension>
        </extensions>
      </trkpt>
      <trkpt lat="23.1845699809491634368896484375" lon="113.26550974510610103607177734375">
        <ele>9.6000003814697265625</ele>
        <time>2025-04-20T12:41:08.000Z</time>
        <extensions>
          <ns3:TrackPointExtension>
            <ns3:hr>91</ns3:hr>
          </ns3:TrackPointExtension>
        </extensions>
      </trkpt>
      <trkpt lat="23.184589259326457977294921875" lon="113.265478648245334625244140625">
        <ele>9.6000003814697265625</ele>
        <time>2025-04-20T12:41:09.000Z</time>
        <extensions>
          <ns3:TrackPointExtension>
            <ns3:hr>91</ns3:hr>
          </ns3:TrackPointExtension>
        </extensions>
      </trkpt>
      <trkpt lat="23.18460769951343536376953125" lon="113.2654469646513462066650390625">
        <ele>9.6000003814697265625</ele>
        <time>2025-04-20T12:41:10.000Z</time>
        <extensions>
          <ns3:TrackPointExtension>
            <ns3:hr>90</ns3:hr>
          </ns3:TrackPointExtension>
        </extensions>
      </trkpt>
      <trkpt lat="23.18462622351944446563720703125" lon="113.26541234739124774932861328125">
        <ele>9.6000003814697265625</ele>
        <time>2025-04-20T12:41:11.000Z</time>
        <extensions>
          <ns3:TrackPointExtension>
            <ns3:hr>90</ns3:hr>
          </ns3:TrackPointExtension>
        </extensions>
      </trkpt>
      <trkpt lat="23.1846407242119312286376953125" lon="113.26537479646503925323486328125">
        <ele>9.80000019073486328125</ele>
        <time>2025-04-20T12:41:12.000Z</time>
        <extensions>
          <ns3:TrackPointExtension>
            <ns3:hr>90</ns3:hr>
          </ns3:TrackPointExtension>
        </extensions>
      </trkpt>
      <trkpt lat="23.18465790711343288421630859375" lon="113.265340514481067657470703125">
        <ele>9.80000019073486328125</ele>
        <time>2025-04-20T12:41:13.000Z</time>
        <extensions>
          <ns3:TrackPointExtension>
            <ns3:hr>90</ns3:hr>
          </ns3:TrackPointExtension>
        </extensions>
      </trkpt>
      <trkpt lat="23.18467517383396625518798828125" lon="113.26530606485903263092041015625">
        <ele>9.80000019073486328125</ele>
        <time>2025-04-20T12:41:14.000Z</time>
        <extensions>
          <ns3:TrackPointExtension>
            <ns3:hr>90</ns3:hr>
          </ns3:TrackPointExtension>
        </extensions>
      </trkpt>
      <trkpt lat="23.1846863217651844024658203125" lon="113.26527387835085391998291015625">
        <ele>9.80000019073486328125</ele>
        <time>2025-04-20T12:41:15.000Z</time>
        <extensions>
          <ns3:TrackPointExtension>
            <ns3:hr>91</ns3:hr>
          </ns3:TrackPointExtension>
        </extensions>
      </trkpt>
      <trkpt lat="23.1846960447728633880615234375" lon="113.2652471400797367095947265625">
        <ele>9.80000019073486328125</ele>
        <time>2025-04-20T12:41:16.000Z</time>
        <extensions>
          <ns3:TrackPointExtension>
            <ns3:hr>91</ns3:hr>
          </ns3:TrackPointExtension>
        </extensions>
      </trkpt>
      <trkpt lat="23.1847114674746990203857421875" lon="113.26521880924701690673828125">
        <ele>9.6000003814697265625</ele>
        <time>2025-04-20T12:41:17.000Z</time>
        <extensions>
          <ns3:TrackPointExtension>
            <ns3:hr>91</ns3:hr>
          </ns3:TrackPointExtension>
        </extensions>
      </trkpt>
      <trkpt lat="23.18472194485366344451904296875" lon="113.2651924900710582733154296875">
        <ele>9.6000003814697265625</ele>
        <time>2025-04-20T12:41:18.000Z</time>
        <extensions>
          <ns3:TrackPointExtension>
            <ns3:hr>91</ns3:hr>
          </ns3:TrackPointExtension>
        </extensions>
      </trkpt>
      <trkpt lat="23.18473376333713531494140625" lon="113.2651566155254840850830078125">
        <ele>9.6000003814697265625</ele>
        <time>2025-04-20T12:41:19.000Z</time>
        <extensions>
          <ns3:TrackPointExtension>
            <ns3:hr>90</ns3:hr>
          </ns3:TrackPointExtension>
        </extensions>
      </trkpt>
      <trkpt lat="23.1847483478486537933349609375" lon="113.26512484811246395111083984375">
        <ele>9.6000003814697265625</ele>
        <time>2025-04-20T12:41:20.000Z</time>
        <extensions>
          <ns3:TrackPointExtension>
            <ns3:hr>91</ns3:hr>
          </ns3:TrackPointExtension>
        </extensions>
      </trkpt>
      <trkpt lat="23.18476268090307712554931640625" lon="113.2650979422032833099365234375">
        <ele>9.6000003814697265625</ele>
        <time>2025-04-20T12:41:21.000Z</time>
        <extensions>
          <ns3:TrackPointExtension>
            <ns3:hr>90</ns3:hr>
          </ns3:TrackPointExtension>
        </extensions>
      </trkpt>
      <trkpt lat="23.1847734935581684112548828125" lon="113.26506734825670719146728515625">
        <ele>9.6000003814697265625</ele>
        <time>2025-04-20T12:41:22.000Z</time>
        <extensions>
          <ns3:TrackPointExtension>
            <ns3:hr>90</ns3:hr>
          </ns3:TrackPointExtension>
        </extensions>
      </trkpt>
      <trkpt lat="23.18478740751743316650390625" lon="113.2650339044630527496337890625">
        <ele>9.6000003814697265625</ele>
        <time>2025-04-20T12:41:23.000Z</time>
        <extensions>
          <ns3:TrackPointExtension>
            <ns3:hr>91</ns3:hr>
          </ns3:TrackPointExtension>
        </extensions>
      </trkpt>
      <trkpt lat="23.1847983039915561676025390625" lon="113.2650023885071277618408203125">
        <ele>9.3999996185302734375</ele>
        <time>2025-04-20T12:41:24.000Z</time>
        <extensions>
          <ns3:TrackPointExtension>
            <ns3:hr>91</ns3:hr>
          </ns3:TrackPointExtension>
        </extensions>
      </trkpt>
      <trkpt lat="23.184811882674694061279296875" lon="113.26497070491313934326171875">
        <ele>9.3999996185302734375</ele>
        <time>2025-04-20T12:41:25.000Z</time>
        <extensions>
          <ns3:TrackPointExtension>
            <ns3:hr>92</ns3:hr>
          </ns3:TrackPointExtension>
        </extensions>
      </trkpt>
      <trkpt lat="23.1848227791488170623779296875" lon="113.26494120061397552490234375">
        <ele>9.3999996185302734375</ele>
        <time>2025-04-20T12:41:26.000Z</time>
        <extensions>
          <ns3:TrackPointExtension>
            <ns3:hr>93</ns3:hr>
          </ns3:TrackPointExtension>
        </extensions>
      </trkpt>
      <trkpt lat="23.1848358549177646636962890625" lon="113.2649135403335094451904296875">
        <ele>9.3999996185302734375</ele>
        <time>2025-04-20T12:41:27.000Z</time>
        <extensions>
          <ns3:TrackPointExtension>
            <ns3:hr>94</ns3:hr>
          </ns3:TrackPointExtension>
        </extensions>
      </trkpt>
      <trkpt lat="23.184851445257663726806640625" lon="113.26488244347274303436279296875">
        <ele>9.19999980926513671875</ele>
        <time>2025-04-20T12:41:28.000Z</time>
        <extensions>
          <ns3:TrackPointExtension>
            <ns3:hr>95</ns3:hr>
          </ns3:TrackPointExtension>
        </extensions>
      </trkpt>
      <trkpt lat="23.1848687119781970977783203125" lon="113.264850340783596038818359375">
        <ele>9.19999980926513671875</ele>
        <time>2025-04-20T12:41:29.000Z</time>
        <extensions>
          <ns3:TrackPointExtension>
            <ns3:hr>95</ns3:hr>
          </ns3:TrackPointExtension>
        </extensions>
      </trkpt>
      <trkpt lat="23.184886984527111053466796875" lon="113.26481513679027557373046875">
        <ele>9.19999980926513671875</ele>
        <time>2025-04-20T12:41:30.000Z</time>
        <extensions>
          <ns3:TrackPointExtension>
            <ns3:hr>96</ns3:hr>
          </ns3:TrackPointExtension>
        </extensions>
      </trkpt>
      <trkpt lat="23.18490684963762760162353515625" lon="113.2647777535021305084228515625">
        <ele>9</ele>
        <time>2025-04-20T12:41:31.000Z</time>
        <extensions>
          <ns3:TrackPointExtension>
            <ns3:hr>96</ns3:hr>
          </ns3:TrackPointExtension>
        </extensions>
      </trkpt>
      <trkpt lat="23.18492763675749301910400390625" lon="113.26473458670079708099365234375">
        <ele>9</ele>
        <time>2025-04-20T12:41:32.000Z</time>
        <extensions>
          <ns3:TrackPointExtension>
            <ns3:hr>96</ns3:hr>
          </ns3:TrackPointExtension>
        </extensions>
      </trkpt>
      <trkpt lat="23.18494808860123157501220703125" lon="113.26468932442367076873779296875">
        <ele>9</ele>
        <time>2025-04-20T12:41:33.000Z</time>
        <extensions>
          <ns3:TrackPointExtension>
            <ns3:hr>96</ns3:hr>
          </ns3:TrackPointExtension>
        </extensions>
      </trkpt>
      <trkpt lat="23.184968121349811553955078125" lon="113.26464171521365642547607421875">
        <ele>8.80000019073486328125</ele>
        <time>2025-04-20T12:41:34.000Z</time>
        <extensions>
          <ns3:TrackPointExtension>
            <ns3:hr>97</ns3:hr>
          </ns3:TrackPointExtension>
        </extensions>
      </trkpt>
      <trkpt lat="23.18498865701258182525634765625" lon="113.2645945250988006591796875">
        <ele>8.80000019073486328125</ele>
        <time>2025-04-20T12:41:35.000Z</time>
        <extensions>
          <ns3:TrackPointExtension>
            <ns3:hr>97</ns3:hr>
          </ns3:TrackPointExtension>
        </extensions>
      </trkpt>
      <trkpt lat="23.18500810302793979644775390625" lon="113.264549933373928070068359375">
        <ele>8.80000019073486328125</ele>
        <time>2025-04-20T12:41:36.000Z</time>
        <extensions>
          <ns3:TrackPointExtension>
            <ns3:hr>97</ns3:hr>
          </ns3:TrackPointExtension>
        </extensions>
      </trkpt>
      <trkpt lat="23.18502989597618579864501953125" lon="113.26450844295322895050048828125">
        <ele>8.80000019073486328125</ele>
        <time>2025-04-20T12:41:37.000Z</time>
        <extensions>
          <ns3:TrackPointExtension>
            <ns3:hr>96</ns3:hr>
          </ns3:TrackPointExtension>
        </extensions>
      </trkpt>
      <trkpt lat="23.1850511021912097930908203125" lon="113.26446955092251300811767578125">
        <ele>8.80000019073486328125</ele>
        <time>2025-04-20T12:41:38.000Z</time>
        <extensions>
          <ns3:TrackPointExtension>
            <ns3:hr>97</ns3:hr>
          </ns3:TrackPointExtension>
        </extensions>
      </trkpt>
      <trkpt lat="23.18507063202559947967529296875" lon="113.26443267054855823516845703125">
        <ele>9</ele>
        <time>2025-04-20T12:41:39.000Z</time>
        <extensions>
          <ns3:TrackPointExtension>
            <ns3:hr>97</ns3:hr>
          </ns3:TrackPointExtension>
        </extensions>
      </trkpt>
      <trkpt lat="23.185085467994213104248046875" lon="113.26439277268946170806884765625">
        <ele>9</ele>
        <time>2025-04-20T12:41:40.000Z</time>
        <extensions>
          <ns3:TrackPointExtension>
            <ns3:hr>97</ns3:hr>
          </ns3:TrackPointExtension>
        </extensions>
      </trkpt>
      <trkpt lat="23.185104243457317352294921875" lon="113.26435220427811145782470703125">
        <ele>9</ele>
        <time>2025-04-20T12:41:41.000Z</time>
        <extensions>
          <ns3:TrackPointExtension>
            <ns3:hr>97</ns3:hr>
          </ns3:TrackPointExtension>
        </extensions>
      </trkpt>
      <trkpt lat="23.185121677815914154052734375" lon="113.26431163586676120758056640625">
        <ele>9</ele>
        <time>2025-04-20T12:41:42.000Z</time>
        <extensions>
          <ns3:TrackPointExtension>
            <ns3:hr>96</ns3:hr>
          </ns3:TrackPointExtension>
        </extensions>
      </trkpt>
      <trkpt lat="23.185141123831272125244140625" lon="113.264277018606662750244140625">
        <ele>9</ele>
        <time>2025-04-20T12:41:43.000Z</time>
        <extensions>
          <ns3:TrackPointExtension>
            <ns3:hr>97</ns3:hr>
          </ns3:TrackPointExtension>
        </extensions>
      </trkpt>
      <trkpt lat="23.185159228742122650146484375" lon="113.26424357481300830841064453125">
        <ele>9</ele>
        <time>2025-04-20T12:41:44.000Z</time>
        <extensions>
          <ns3:TrackPointExtension>
            <ns3:hr>97</ns3:hr>
          </ns3:TrackPointExtension>
        </extensions>
      </trkpt>
      <trkpt lat="23.18517909385263919830322265625" lon="113.26420987956225872039794921875">
        <ele>9</ele>
        <time>2025-04-20T12:41:45.000Z</time>
        <extensions>
          <ns3:TrackPointExtension>
            <ns3:hr>96</ns3:hr>
          </ns3:TrackPointExtension>
        </extensions>
      </trkpt>
      <trkpt lat="23.18519468419253826141357421875" lon="113.2641792856156826019287109375">
        <ele>9</ele>
        <time>2025-04-20T12:41:46.000Z</time>
        <extensions>
          <ns3:TrackPointExtension>
            <ns3:hr>96</ns3:hr>
          </ns3:TrackPointExtension>
        </extensions>
      </trkpt>
      <trkpt lat="23.185208849608898162841796875" lon="113.26414768584072589874267578125">
        <ele>9</ele>
        <time>2025-04-20T12:41:47.000Z</time>
        <extensions>
          <ns3:TrackPointExtension>
            <ns3:hr>96</ns3:hr>
          </ns3:TrackPointExtension>
        </extensions>
      </trkpt>
      <trkpt lat="23.185222931206226348876953125" lon="113.26411566697061061859130859375">
        <ele>9</ele>
        <time>2025-04-20T12:41:48.000Z</time>
        <extensions>
          <ns3:TrackPointExtension>
            <ns3:hr>95</ns3:hr>
          </ns3:TrackPointExtension>
        </extensions>
      </trkpt>
      <trkpt lat="23.18523466587066650390625" lon="113.264083564281463623046875">
        <ele>9</ele>
        <time>2025-04-20T12:41:49.000Z</time>
        <extensions>
          <ns3:TrackPointExtension>
            <ns3:hr>95</ns3:hr>
          </ns3:TrackPointExtension>
        </extensions>
      </trkpt>
      <trkpt lat="23.1852494180202484130859375" lon="113.264058418571949005126953125">
        <ele>9</ele>
        <time>2025-04-20T12:41:50.000Z</time>
        <extensions>
          <ns3:TrackPointExtension>
            <ns3:hr>94</ns3:hr>
          </ns3:TrackPointExtension>
        </extensions>
      </trkpt>
      <trkpt lat="23.1852572970092296600341796875" lon="113.2640445046126842498779296875">
        <ele>9</ele>
        <time>2025-04-20T12:41:51.000Z</time>
        <extensions>
          <ns3:TrackPointExtension>
            <ns3:hr>93</ns3:hr>
          </ns3:TrackPointExtension>
        </extensions>
      </trkpt>
      <trkpt lat="23.1852572970092296600341796875" lon="113.2640445046126842498779296875">
        <ele>9.19999980926513671875</ele>
        <time>2025-04-20T12:41:52.000Z</time>
        <extensions>
          <ns3:TrackPointExtension>
            <ns3:hr>93</ns3:hr>
          </ns3:TrackPointExtension>
        </extensions>
      </trkpt>
      <trkpt lat="23.1852613203227519989013671875" lon="113.264028914272785186767578125">
        <ele>9.19999980926513671875</ele>
        <time>2025-04-20T12:41:53.000Z</time>
        <extensions>
          <ns3:TrackPointExtension>
            <ns3:hr>91</ns3:hr>
          </ns3:TrackPointExtension>
        </extensions>
      </trkpt>
      <trkpt lat="23.185258470475673675537109375" lon="113.26402765698730945587158203125">
        <ele>9</ele>
        <time>2025-04-20T12:41:54.000Z</time>
        <extensions>
          <ns3:TrackPointExtension>
            <ns3:hr>90</ns3:hr>
          </ns3:TrackPointExtension>
        </extensions>
      </trkpt>
      <trkpt lat="23.185258805751800537109375" lon="113.2640277408063411712646484375">
        <ele>9</ele>
        <time>2025-04-20T12:41:55.000Z</time>
        <extensions>
          <ns3:TrackPointExtension>
            <ns3:hr>88</ns3:hr>
          </ns3:TrackPointExtension>
        </extensions>
      </trkpt>
      <trkpt lat="23.18525855429470539093017578125" lon="113.26402765698730945587158203125">
        <ele>9</ele>
        <time>2025-04-20T12:41:56.000Z</time>
        <extensions>
          <ns3:TrackPointExtension>
            <ns3:hr>87</ns3:hr>
          </ns3:TrackPointExtension>
        </extensions>
      </trkpt>
      <trkpt lat="23.18525838665664196014404296875" lon="113.264027573168277740478515625">
        <ele>9</ele>
        <time>2025-04-20T12:41:57.000Z</time>
        <extensions>
          <ns3:TrackPointExtension>
            <ns3:hr>88</ns3:hr>
          </ns3:TrackPointExtension>
        </extensions>
      </trkpt>
      <trkpt lat="23.1852583028376102447509765625" lon="113.2640274055302143096923828125">
        <ele>9</ele>
        <time>2025-04-20T12:41:58.000Z</time>
        <extensions>
          <ns3:TrackPointExtension>
            <ns3:hr>88</ns3:hr>
          </ns3:TrackPointExtension>
        </extensions>
      </trkpt>
      <trkpt lat="23.18525603972375392913818359375" lon="113.264028243720531463623046875">
        <ele>9</ele>
        <time>2025-04-20T12:41:59.000Z</time>
        <extensions>
          <ns3:TrackPointExtension>
            <ns3:hr>88</ns3:hr>
          </ns3:TrackPointExtension>
        </extensions>
      </trkpt>
      <trkpt lat="23.1852569617331027984619140625" lon="113.264024555683135986328125">
        <ele>9</ele>
        <time>2025-04-20T12:42:00.000Z</time>
        <extensions>
          <ns3:TrackPointExtension>
            <ns3:hr>88</ns3:hr>
          </ns3:TrackPointExtension>
        </extensions>
      </trkpt>
      <trkpt lat="23.18525704555213451385498046875" lon="113.26402447186410427093505859375">
        <ele>9</ele>
        <time>2025-04-20T12:42:01.000Z</time>
        <extensions>
          <ns3:TrackPointExtension>
            <ns3:hr>87</ns3:hr>
          </ns3:TrackPointExtension>
        </extensions>
      </trkpt>
      <trkpt lat="23.18525721319019794464111328125" lon="113.2640243880450725555419921875">
        <ele>9</ele>
        <time>2025-04-20T12:42:02.000Z</time>
        <extensions>
          <ns3:TrackPointExtension>
            <ns3:hr>87</ns3:hr>
          </ns3:TrackPointExtension>
        </extensions>
      </trkpt>
      <trkpt lat="23.18525738082826137542724609375" lon="113.2640243880450725555419921875">
        <ele>9</ele>
        <time>2025-04-20T12:42:03.000Z</time>
        <extensions>
          <ns3:TrackPointExtension>
            <ns3:hr>87</ns3:hr>
          </ns3:TrackPointExtension>
        </extensions>
      </trkpt>
      <trkpt lat="23.1852576322853565216064453125" lon="113.26402430422604084014892578125">
        <ele>9</ele>
        <time>2025-04-20T12:42:04.000Z</time>
        <extensions>
          <ns3:TrackPointExtension>
            <ns3:hr>87</ns3:hr>
          </ns3:TrackPointExtension>
        </extensions>
      </trkpt>
      <trkpt lat="23.18525788374245166778564453125" lon="113.264024220407009124755859375">
        <ele>9</ele>
        <time>2025-04-20T12:42:05.000Z</time>
        <extensions>
          <ns3:TrackPointExtension>
            <ns3:hr>86</ns3:hr>
          </ns3:TrackPointExtension>
        </extensions>
      </trkpt>
      <trkpt lat="23.18525821901857852935791015625" lon="113.2640240527689456939697265625">
        <ele>9</ele>
        <time>2025-04-20T12:42:06.000Z</time>
        <extensions>
          <ns3:TrackPointExtension>
            <ns3:hr>86</ns3:hr>
          </ns3:TrackPointExtension>
        </extensions>
      </trkpt>
      <trkpt lat="23.18525855429470539093017578125" lon="113.26402388513088226318359375">
        <ele>9</ele>
        <time>2025-04-20T12:42:07.000Z</time>
        <extensions>
          <ns3:TrackPointExtension>
            <ns3:hr>86</ns3:hr>
          </ns3:TrackPointExtension>
        </extensions>
      </trkpt>
      <trkpt lat="23.18525905720889568328857421875" lon="113.2640237174928188323974609375">
        <ele>9</ele>
        <time>2025-04-20T12:42:08.000Z</time>
        <extensions>
          <ns3:TrackPointExtension>
            <ns3:hr>86</ns3:hr>
          </ns3:TrackPointExtension>
        </extensions>
      </trkpt>
      <trkpt lat="23.18527565337717533111572265625" lon="113.26401240192353725433349609375">
        <ele>9</ele>
        <time>2025-04-20T12:42:09.000Z</time>
        <extensions>
          <ns3:TrackPointExtension>
            <ns3:hr>86</ns3:hr>
          </ns3:TrackPointExtension>
        </extensions>
      </trkpt>
      <trkpt lat="23.1852800957858562469482421875" lon="113.26399949379265308380126953125">
        <ele>8.80000019073486328125</ele>
        <time>2025-04-20T12:42:10.000Z</time>
        <extensions>
          <ns3:TrackPointExtension>
            <ns3:hr>85</ns3:hr>
          </ns3:TrackPointExtension>
        </extensions>
      </trkpt>
      <trkpt lat="23.18528688512742519378662109375" lon="113.26398004777729511260986328125">
        <ele>8.80000019073486328125</ele>
        <time>2025-04-20T12:42:11.000Z</time>
        <extensions>
          <ns3:TrackPointExtension>
            <ns3:hr>85</ns3:hr>
          </ns3:TrackPointExtension>
        </extensions>
      </trkpt>
      <trkpt lat="23.1852992065250873565673828125" lon="113.26396076940000057220458984375">
        <ele>8.80000019073486328125</ele>
        <time>2025-04-20T12:42:12.000Z</time>
        <extensions>
          <ns3:TrackPointExtension>
            <ns3:hr>85</ns3:hr>
          </ns3:TrackPointExtension>
        </extensions>
      </trkpt>
      <trkpt lat="23.1853049062192440032958984375" lon="113.26394878327846527099609375">
        <ele>8.80000019073486328125</ele>
        <time>2025-04-20T12:42:13.000Z</time>
        <extensions>
          <ns3:TrackPointExtension>
            <ns3:hr>85</ns3:hr>
          </ns3:TrackPointExtension>
        </extensions>
      </trkpt>
      <trkpt lat="23.18531471304595470428466796875" lon="113.26392925344407558441162109375">
        <ele>8.80000019073486328125</ele>
        <time>2025-04-20T12:42:14.000Z</time>
        <extensions>
          <ns3:TrackPointExtension>
            <ns3:hr>84</ns3:hr>
          </ns3:TrackPointExtension>
        </extensions>
      </trkpt>
      <trkpt lat="23.18532594479620456695556640625" lon="113.2639130763709545135498046875">
        <ele>8.80000019073486328125</ele>
        <time>2025-04-20T12:42:15.000Z</time>
        <extensions>
          <ns3:TrackPointExtension>
            <ns3:hr>84</ns3:hr>
          </ns3:TrackPointExtension>
        </extensions>
      </trkpt>
      <trkpt lat="23.1853350810706615447998046875" lon="113.2638949714601039886474609375">
        <ele>8.80000019073486328125</ele>
        <time>2025-04-20T12:42:16.000Z</time>
        <extensions>
          <ns3:TrackPointExtension>
            <ns3:hr>85</ns3:hr>
          </ns3:TrackPointExtension>
        </extensions>
      </trkpt>
      <trkpt lat="23.18534455262124538421630859375" lon="113.26387862674891948699951171875">
        <ele>8.80000019073486328125</ele>
        <time>2025-04-20T12:42:17.000Z</time>
        <extensions>
          <ns3:TrackPointExtension>
            <ns3:hr>85</ns3:hr>
          </ns3:TrackPointExtension>
        </extensions>
      </trkpt>
      <trkpt lat="23.185353018343448638916015625" lon="113.26386303640902042388916015625">
        <ele>8.80000019073486328125</ele>
        <time>2025-04-20T12:42:18.000Z</time>
        <extensions>
          <ns3:TrackPointExtension>
            <ns3:hr>85</ns3:hr>
          </ns3:TrackPointExtension>
        </extensions>
      </trkpt>
      <trkpt lat="23.18535880185663700103759765625" lon="113.263847865164279937744140625">
        <ele>8.80000019073486328125</ele>
        <time>2025-04-20T12:42:19.000Z</time>
        <extensions>
          <ns3:TrackPointExtension>
            <ns3:hr>86</ns3:hr>
          </ns3:TrackPointExtension>
        </extensions>
      </trkpt>
      <trkpt lat="23.185367770493030548095703125" lon="113.2638292573392391204833984375">
        <ele>8.80000019073486328125</ele>
        <time>2025-04-20T12:42:20.000Z</time>
        <extensions>
          <ns3:TrackPointExtension>
            <ns3:hr>86</ns3:hr>
          </ns3:TrackPointExtension>
        </extensions>
      </trkpt>
      <trkpt lat="23.18537556566298007965087890625" lon="113.2638165168464183807373046875">
        <ele>8.80000019073486328125</ele>
        <time>2025-04-20T12:42:21.000Z</time>
        <extensions>
          <ns3:TrackPointExtension>
            <ns3:hr>87</ns3:hr>
          </ns3:TrackPointExtension>
        </extensions>
      </trkpt>
      <trkpt lat="23.18538344465196132659912109375" lon="113.26379933394491672515869140625">
        <ele>8.80000019073486328125</ele>
        <time>2025-04-20T12:42:22.000Z</time>
        <extensions>
          <ns3:TrackPointExtension>
            <ns3:hr>88</ns3:hr>
          </ns3:TrackPointExtension>
        </extensions>
      </trkpt>
      <trkpt lat="23.18539400584995746612548828125" lon="113.26378055848181247711181640625">
        <ele>8.80000019073486328125</ele>
        <time>2025-04-20T12:42:23.000Z</time>
        <extensions>
          <ns3:TrackPointExtension>
            <ns3:hr>88</ns3:hr>
          </ns3:TrackPointExtension>
        </extensions>
      </trkpt>
      <trkpt lat="23.1854024715721607208251953125" lon="113.263763375580310821533203125">
        <ele>8.80000019073486328125</ele>
        <time>2025-04-20T12:42:24.000Z</time>
        <extensions>
          <ns3:TrackPointExtension>
            <ns3:hr>88</ns3:hr>
          </ns3:TrackPointExtension>
        </extensions>
      </trkpt>
      <trkpt lat="23.18540959618985652923583984375" lon="113.26374359428882598876953125">
        <ele>8.80000019073486328125</ele>
        <time>2025-04-20T12:42:25.000Z</time>
        <extensions>
          <ns3:TrackPointExtension>
            <ns3:hr>89</ns3:hr>
          </ns3:TrackPointExtension>
        </extensions>
      </trkpt>
      <trkpt lat="23.18541998974978923797607421875" lon="113.263722471892833709716796875">
        <ele>8.80000019073486328125</ele>
        <time>2025-04-20T12:42:26.000Z</time>
        <extensions>
          <ns3:TrackPointExtension>
            <ns3:hr>88</ns3:hr>
          </ns3:TrackPointExtension>
        </extensions>
      </trkpt>
      <trkpt lat="23.185428120195865631103515625" lon="113.263703696429729461669921875">
        <ele>8.80000019073486328125</ele>
        <time>2025-04-20T12:42:27.000Z</time>
        <extensions>
          <ns3:TrackPointExtension>
            <ns3:hr>89</ns3:hr>
          </ns3:TrackPointExtension>
        </extensions>
      </trkpt>
      <trkpt lat="23.18543658591806888580322265625" lon="113.263685591518878936767578125">
        <ele>8.80000019073486328125</ele>
        <time>2025-04-20T12:42:28.000Z</time>
        <extensions>
          <ns3:TrackPointExtension>
            <ns3:hr>88</ns3:hr>
          </ns3:TrackPointExtension>
        </extensions>
      </trkpt>
      <trkpt lat="23.1854452192783355712890625" lon="113.26366757042706012725830078125">
        <ele>8.80000019073486328125</ele>
        <time>2025-04-20T12:42:29.000Z</time>
        <extensions>
          <ns3:TrackPointExtension>
            <ns3:hr>88</ns3:hr>
          </ns3:TrackPointExtension>
        </extensions>
      </trkpt>
      <trkpt lat="23.18545393645763397216796875" lon="113.2636451907455921173095703125">
        <ele>8.80000019073486328125</ele>
        <time>2025-04-20T12:42:30.000Z</time>
        <extensions>
          <ns3:TrackPointExtension>
            <ns3:hr>88</ns3:hr>
          </ns3:TrackPointExtension>
        </extensions>
      </trkpt>
      <trkpt lat="23.18546558730304241180419921875" lon="113.2636277563869953155517578125">
        <ele>8.80000019073486328125</ele>
        <time>2025-04-20T12:42:31.000Z</time>
        <extensions>
          <ns3:TrackPointExtension>
            <ns3:hr>88</ns3:hr>
          </ns3:TrackPointExtension>
        </extensions>
      </trkpt>
      <trkpt lat="23.18547380156815052032470703125" lon="113.26361476443707942962646484375">
        <ele>8.80000019073486328125</ele>
        <time>2025-04-20T12:42:32.000Z</time>
        <extensions>
          <ns3:TrackPointExtension>
            <ns3:hr>87</ns3:hr>
          </ns3:TrackPointExtension>
        </extensions>
      </trkpt>
      <trkpt lat="23.18547950126230716705322265625" lon="113.26359867118299007415771484375">
        <ele>8.80000019073486328125</ele>
        <time>2025-04-20T12:42:33.000Z</time>
        <extensions>
          <ns3:TrackPointExtension>
            <ns3:hr>87</ns3:hr>
          </ns3:TrackPointExtension>
        </extensions>
      </trkpt>
      <trkpt lat="23.1854876317083835601806640625" lon="113.2635804824531078338623046875">
        <ele>8.80000019073486328125</ele>
        <time>2025-04-20T12:42:34.000Z</time>
        <extensions>
          <ns3:TrackPointExtension>
            <ns3:hr>87</ns3:hr>
          </ns3:TrackPointExtension>
        </extensions>
      </trkpt>
      <trkpt lat="23.1854943372309207916259765625" lon="113.2635600306093692779541015625">
        <ele>8.80000019073486328125</ele>
        <time>2025-04-20T12:42:35.000Z</time>
        <extensions>
          <ns3:TrackPointExtension>
            <ns3:hr>86</ns3:hr>
          </ns3:TrackPointExtension>
        </extensions>
      </trkpt>
      <trkpt lat="23.18550397641956806182861328125" lon="113.26354100368916988372802734375">
        <ele>8.80000019073486328125</ele>
        <time>2025-04-20T12:42:36.000Z</time>
        <extensions>
          <ns3:TrackPointExtension>
            <ns3:hr>85</ns3:hr>
          </ns3:TrackPointExtension>
        </extensions>
      </trkpt>
      <trkpt lat="23.18550967611372470855712890625" lon="113.26352097094058990478515625">
        <ele>8.80000019073486328125</ele>
        <time>2025-04-20T12:42:37.000Z</time>
        <extensions>
          <ns3:TrackPointExtension>
            <ns3:hr>84</ns3:hr>
          </ns3:TrackPointExtension>
        </extensions>
      </trkpt>
      <trkpt lat="23.18552023731172084808349609375" lon="113.2635003514587879180908203125">
        <ele>8.80000019073486328125</ele>
        <time>2025-04-20T12:42:38.000Z</time>
        <extensions>
          <ns3:TrackPointExtension>
            <ns3:hr>83</ns3:hr>
          </ns3:TrackPointExtension>
        </extensions>
      </trkpt>
      <trkpt lat="23.185527026653289794921875" lon="113.26347847469151020050048828125">
        <ele>8.80000019073486328125</ele>
        <time>2025-04-20T12:42:39.000Z</time>
        <extensions>
          <ns3:TrackPointExtension>
            <ns3:hr>82</ns3:hr>
          </ns3:TrackPointExtension>
        </extensions>
      </trkpt>
      <trkpt lat="23.18553817458450794219970703125" lon="113.263458274304866790771484375">
        <ele>8.80000019073486328125</ele>
        <time>2025-04-20T12:42:40.000Z</time>
        <extensions>
          <ns3:TrackPointExtension>
            <ns3:hr>82</ns3:hr>
          </ns3:TrackPointExtension>
        </extensions>
      </trkpt>
      <trkpt lat="23.18554890342056751251220703125" lon="113.2634358108043670654296875">
        <ele>8.80000019073486328125</ele>
        <time>2025-04-20T12:42:41.000Z</time>
        <extensions>
          <ns3:TrackPointExtension>
            <ns3:hr>81</ns3:hr>
          </ns3:TrackPointExtension>
        </extensions>
      </trkpt>
      <trkpt lat="23.185558877885341644287109375" lon="113.2634138502180576324462890625">
        <ele>8.80000019073486328125</ele>
        <time>2025-04-20T12:42:42.000Z</time>
        <extensions>
          <ns3:TrackPointExtension>
            <ns3:hr>81</ns3:hr>
          </ns3:TrackPointExtension>
        </extensions>
      </trkpt>
      <trkpt lat="23.1855701096355915069580078125" lon="113.2633913867175579071044921875">
        <ele>9</ele>
        <time>2025-04-20T12:42:43.000Z</time>
        <extensions>
          <ns3:TrackPointExtension>
            <ns3:hr>81</ns3:hr>
          </ns3:TrackPointExtension>
        </extensions>
      </trkpt>
      <trkpt lat="23.1855821795761585235595703125" lon="113.26337051577866077423095703125">
        <ele>9</ele>
        <time>2025-04-20T12:42:44.000Z</time>
        <extensions>
          <ns3:TrackPointExtension>
            <ns3:hr>80</ns3:hr>
          </ns3:TrackPointExtension>
        </extensions>
      </trkpt>
      <trkpt lat="23.18558913655579090118408203125" lon="113.26335777528584003448486328125">
        <ele>9</ele>
        <time>2025-04-20T12:42:45.000Z</time>
        <extensions>
          <ns3:TrackPointExtension>
            <ns3:hr>80</ns3:hr>
          </ns3:TrackPointExtension>
        </extensions>
      </trkpt>
      <trkpt lat="23.18558804690837860107421875" lon="113.26335391961038112640380859375">
        <ele>9</ele>
        <time>2025-04-20T12:42:46.000Z</time>
        <extensions>
          <ns3:TrackPointExtension>
            <ns3:hr>80</ns3:hr>
          </ns3:TrackPointExtension>
        </extensions>
      </trkpt>
      <trkpt lat="23.185580670833587646484375" lon="113.2633491419255733489990234375">
        <ele>9</ele>
        <time>2025-04-20T12:42:47.000Z</time>
        <extensions>
          <ns3:TrackPointExtension>
            <ns3:hr>80</ns3:hr>
          </ns3:TrackPointExtension>
        </extensions>
      </trkpt>
      <trkpt lat="23.1855731271207332611083984375" lon="113.2633538357913494110107421875">
        <ele>9</ele>
        <time>2025-04-20T12:42:48.000Z</time>
        <extensions>
          <ns3:TrackPointExtension>
            <ns3:hr>80</ns3:hr>
          </ns3:TrackPointExtension>
        </extensions>
      </trkpt>
      <trkpt lat="23.18557321093976497650146484375" lon="113.26335391961038112640380859375">
        <ele>8.80000019073486328125</ele>
        <time>2025-04-20T12:42:49.000Z</time>
        <extensions>
          <ns3:TrackPointExtension>
            <ns3:hr>80</ns3:hr>
          </ns3:TrackPointExtension>
        </extensions>
      </trkpt>
      <trkpt lat="23.1855717860162258148193359375" lon="113.26335174031555652618408203125">
        <ele>8.80000019073486328125</ele>
        <time>2025-04-20T12:42:50.000Z</time>
        <extensions>
          <ns3:TrackPointExtension>
            <ns3:hr>80</ns3:hr>
          </ns3:TrackPointExtension>
        </extensions>
      </trkpt>
      <trkpt lat="23.18557170219719409942626953125" lon="113.26335174031555652618408203125">
        <ele>8.80000019073486328125</ele>
        <time>2025-04-20T12:42:51.000Z</time>
        <extensions>
          <ns3:TrackPointExtension>
            <ns3:hr>80</ns3:hr>
          </ns3:TrackPointExtension>
        </extensions>
      </trkpt>
      <trkpt lat="23.185571618378162384033203125" lon="113.2633518241345882415771484375">
        <ele>8.80000019073486328125</ele>
        <time>2025-04-20T12:42:52.000Z</time>
        <extensions>
          <ns3:TrackPointExtension>
            <ns3:hr>80</ns3:hr>
          </ns3:TrackPointExtension>
        </extensions>
      </trkpt>
      <trkpt lat="23.18557153455913066864013671875" lon="113.263351656496524810791015625">
        <ele>8.80000019073486328125</ele>
        <time>2025-04-20T12:42:53.000Z</time>
        <extensions>
          <ns3:TrackPointExtension>
            <ns3:hr>80</ns3:hr>
          </ns3:TrackPointExtension>
        </extensions>
      </trkpt>
      <trkpt lat="23.18557136692106723785400390625" lon="113.2633514888584613800048828125">
        <ele>8.80000019073486328125</ele>
        <time>2025-04-20T12:42:54.000Z</time>
        <extensions>
          <ns3:TrackPointExtension>
            <ns3:hr>80</ns3:hr>
          </ns3:TrackPointExtension>
        </extensions>
      </trkpt>
      <trkpt lat="23.18557136692106723785400390625" lon="113.26335140503942966461181640625">
        <ele>8.80000019073486328125</ele>
        <time>2025-04-20T12:42:55.000Z</time>
        <extensions>
          <ns3:TrackPointExtension>
            <ns3:hr>80</ns3:hr>
          </ns3:TrackPointExtension>
        </extensions>
      </trkpt>
      <trkpt lat="23.1855712831020355224609375" lon="113.26335140503942966461181640625">
        <ele>8.80000019073486328125</ele>
        <time>2025-04-20T12:42:56.000Z</time>
        <extensions>
          <ns3:TrackPointExtension>
            <ns3:hr>80</ns3:hr>
          </ns3:TrackPointExtension>
        </extensions>
      </trkpt>
      <trkpt lat="23.1855711154639720916748046875" lon="113.26335123740136623382568359375">
        <ele>8.6000003814697265625</ele>
        <time>2025-04-20T12:42:57.000Z</time>
        <extensions>
          <ns3:TrackPointExtension>
            <ns3:hr>79</ns3:hr>
          </ns3:TrackPointExtension>
        </extensions>
      </trkpt>
      <trkpt lat="23.1855711154639720916748046875" lon="113.2633511535823345184326171875">
        <ele>8.3999996185302734375</ele>
        <time>2025-04-20T12:42:58.000Z</time>
        <extensions>
          <ns3:TrackPointExtension>
            <ns3:hr>79</ns3:hr>
          </ns3:TrackPointExtension>
        </extensions>
      </trkpt>
      <trkpt lat="23.185570947825908660888671875" lon="113.263350985944271087646484375">
        <ele>8.3999996185302734375</ele>
        <time>2025-04-20T12:42:59.000Z</time>
        <extensions>
          <ns3:TrackPointExtension>
            <ns3:hr>79</ns3:hr>
          </ns3:TrackPointExtension>
        </extensions>
      </trkpt>
      <trkpt lat="23.185570947825908660888671875" lon="113.26335090212523937225341796875">
        <ele>8.19999980926513671875</ele>
        <time>2025-04-20T12:43:00.000Z</time>
        <extensions>
          <ns3:TrackPointExtension>
            <ns3:hr>79</ns3:hr>
          </ns3:TrackPointExtension>
        </extensions>
      </trkpt>
      <trkpt lat="23.18557086400687694549560546875" lon="113.26335090212523937225341796875">
        <ele>8.19999980926513671875</ele>
        <time>2025-04-20T12:43:01.000Z</time>
        <extensions>
          <ns3:TrackPointExtension>
            <ns3:hr>78</ns3:hr>
          </ns3:TrackPointExtension>
        </extensions>
      </trkpt>
      <trkpt lat="23.18556834943592548370361328125" lon="113.26335106976330280303955078125">
        <ele>8.19999980926513671875</ele>
        <time>2025-04-20T12:43:02.000Z</time>
        <extensions>
          <ns3:TrackPointExtension>
            <ns3:hr>78</ns3:hr>
          </ns3:TrackPointExtension>
        </extensions>
      </trkpt>
      <trkpt lat="23.185568265616893768310546875" lon="113.26335073448717594146728515625">
        <ele>8.19999980926513671875</ele>
        <time>2025-04-20T12:43:03.000Z</time>
        <extensions>
          <ns3:TrackPointExtension>
            <ns3:hr>78</ns3:hr>
          </ns3:TrackPointExtension>
        </extensions>
      </trkpt>
      <trkpt lat="23.18556130863726139068603515625" lon="113.263336233794689178466796875">
        <ele>8.19999980926513671875</ele>
        <time>2025-04-20T12:43:04.000Z</time>
        <extensions>
          <ns3:TrackPointExtension>
            <ns3:hr>78</ns3:hr>
          </ns3:TrackPointExtension>
        </extensions>
      </trkpt>
      <trkpt lat="23.18554521538317203521728515625" lon="113.26333296485245227813720703125">
        <ele>8.3999996185302734375</ele>
        <time>2025-04-20T12:43:05.000Z</time>
        <extensions>
          <ns3:TrackPointExtension>
            <ns3:hr>78</ns3:hr>
          </ns3:TrackPointExtension>
        </extensions>
      </trkpt>
      <trkpt lat="23.18553306162357330322265625" lon="113.2633256725966930389404296875">
        <ele>8.6000003814697265625</ele>
        <time>2025-04-20T12:43:06.000Z</time>
        <extensions>
          <ns3:TrackPointExtension>
            <ns3:hr>77</ns3:hr>
          </ns3:TrackPointExtension>
        </extensions>
      </trkpt>
      <trkpt lat="23.18551772274076938629150390625" lon="113.26331167481839656829833984375">
        <ele>8.6000003814697265625</ele>
        <time>2025-04-20T12:43:07.000Z</time>
        <extensions>
          <ns3:TrackPointExtension>
            <ns3:hr>77</ns3:hr>
          </ns3:TrackPointExtension>
        </extensions>
      </trkpt>
      <trkpt lat="23.185501210391521453857421875" lon="113.26329960487782955169677734375">
        <ele>8.6000003814697265625</ele>
        <time>2025-04-20T12:43:08.000Z</time>
        <extensions>
          <ns3:TrackPointExtension>
            <ns3:hr>77</ns3:hr>
          </ns3:TrackPointExtension>
        </extensions>
      </trkpt>
      <trkpt lat="23.18549023009836673736572265625" lon="113.26329105533659458160400390625">
        <ele>8.80000019073486328125</ele>
        <time>2025-04-20T12:43:09.000Z</time>
        <extensions>
          <ns3:TrackPointExtension>
            <ns3:hr>77</ns3:hr>
          </ns3:TrackPointExtension>
        </extensions>
      </trkpt>
      <trkpt lat="23.18547631613910198211669921875" lon="113.2632794044911861419677734375">
        <ele>8.80000019073486328125</ele>
        <time>2025-04-20T12:43:10.000Z</time>
        <extensions>
          <ns3:TrackPointExtension>
            <ns3:hr>77</ns3:hr>
          </ns3:TrackPointExtension>
        </extensions>
      </trkpt>
      <trkpt lat="23.18546525202691555023193359375" lon="113.26326775364577770233154296875">
        <ele>8.80000019073486328125</ele>
        <time>2025-04-20T12:43:11.000Z</time>
        <extensions>
          <ns3:TrackPointExtension>
            <ns3:hr>76</ns3:hr>
          </ns3:TrackPointExtension>
        </extensions>
      </trkpt>
      <trkpt lat="23.18545167334377765655517578125" lon="113.26325987465679645538330078125">
        <ele>9</ele>
        <time>2025-04-20T12:43:12.000Z</time>
        <extensions>
          <ns3:TrackPointExtension>
            <ns3:hr>76</ns3:hr>
          </ns3:TrackPointExtension>
        </extensions>
      </trkpt>
      <trkpt lat="23.1854370050132274627685546875" lon="113.26325417496263980865478515625">
        <ele>9</ele>
        <time>2025-04-20T12:43:13.000Z</time>
        <extensions>
          <ns3:TrackPointExtension>
            <ns3:hr>76</ns3:hr>
          </ns3:TrackPointExtension>
        </extensions>
      </trkpt>
      <trkpt lat="23.18541998974978923797607421875" lon="113.26325031928718090057373046875">
        <ele>9</ele>
        <time>2025-04-20T12:43:14.000Z</time>
        <extensions>
          <ns3:TrackPointExtension>
            <ns3:hr>76</ns3:hr>
          </ns3:TrackPointExtension>
        </extensions>
      </trkpt>
      <trkpt lat="23.18540104664862155914306640625" lon="113.26323891989886760711669921875">
        <ele>9</ele>
        <time>2025-04-20T12:43:15.000Z</time>
        <extensions>
          <ns3:TrackPointExtension>
            <ns3:hr>76</ns3:hr>
          </ns3:TrackPointExtension>
        </extensions>
      </trkpt>
      <trkpt lat="23.1853810139000415802001953125" lon="113.26322182081639766693115234375">
        <ele>9</ele>
        <time>2025-04-20T12:43:16.000Z</time>
        <extensions>
          <ns3:TrackPointExtension>
            <ns3:hr>75</ns3:hr>
          </ns3:TrackPointExtension>
        </extensions>
      </trkpt>
      <trkpt lat="23.1853629089891910552978515625" lon="113.26320790685713291168212890625">
        <ele>9</ele>
        <time>2025-04-20T12:43:17.000Z</time>
        <extensions>
          <ns3:TrackPointExtension>
            <ns3:hr>75</ns3:hr>
          </ns3:TrackPointExtension>
        </extensions>
      </trkpt>
      <trkpt lat="23.185342960059642791748046875" lon="113.26319684274494647979736328125">
        <ele>9</ele>
        <time>2025-04-20T12:43:18.000Z</time>
        <extensions>
          <ns3:TrackPointExtension>
            <ns3:hr>74</ns3:hr>
          </ns3:TrackPointExtension>
        </extensions>
      </trkpt>
      <trkpt lat="23.18532141856849193572998046875" lon="113.26318695209920406341552734375">
        <ele>9</ele>
        <time>2025-04-20T12:43:19.000Z</time>
        <extensions>
          <ns3:TrackPointExtension>
            <ns3:hr>74</ns3:hr>
          </ns3:TrackPointExtension>
        </extensions>
      </trkpt>
      <trkpt lat="23.18529794923961162567138671875" lon="113.263176977634429931640625">
        <ele>9</ele>
        <time>2025-04-20T12:43:20.000Z</time>
        <extensions>
          <ns3:TrackPointExtension>
            <ns3:hr>74</ns3:hr>
          </ns3:TrackPointExtension>
        </extensions>
      </trkpt>
      <trkpt lat="23.1852733902633190155029296875" lon="113.26315711252391338348388671875">
        <ele>9</ele>
        <time>2025-04-20T12:43:21.000Z</time>
        <extensions>
          <ns3:TrackPointExtension>
            <ns3:hr>73</ns3:hr>
          </ns3:TrackPointExtension>
        </extensions>
      </trkpt>
      <trkpt lat="23.18524472415447235107421875" lon="113.2631372474133968353271484375">
        <ele>9</ele>
        <time>2025-04-20T12:43:22.000Z</time>
        <extensions>
          <ns3:TrackPointExtension>
            <ns3:hr>73</ns3:hr>
          </ns3:TrackPointExtension>
        </extensions>
      </trkpt>
      <trkpt lat="23.18521362729370594024658203125" lon="113.26312140561640262603759765625">
        <ele>8.80000019073486328125</ele>
        <time>2025-04-20T12:43:23.000Z</time>
        <extensions>
          <ns3:TrackPointExtension>
            <ns3:hr>73</ns3:hr>
          </ns3:TrackPointExtension>
        </extensions>
      </trkpt>
      <trkpt lat="23.18519015796482563018798828125" lon="113.26310832984745502471923828125">
        <ele>8.80000019073486328125</ele>
        <time>2025-04-20T12:43:24.000Z</time>
        <extensions>
          <ns3:TrackPointExtension>
            <ns3:hr>73</ns3:hr>
          </ns3:TrackPointExtension>
        </extensions>
      </trkpt>
      <trkpt lat="23.185170628130435943603515625" lon="113.263090811669826507568359375">
        <ele>8.80000019073486328125</ele>
        <time>2025-04-20T12:43:25.000Z</time>
        <extensions>
          <ns3:TrackPointExtension>
            <ns3:hr>74</ns3:hr>
          </ns3:TrackPointExtension>
        </extensions>
      </trkpt>
      <trkpt lat="23.185151852667331695556640625" lon="113.2630725391209125518798828125">
        <ele>8.6000003814697265625</ele>
        <time>2025-04-20T12:43:26.000Z</time>
        <extensions>
          <ns3:TrackPointExtension>
            <ns3:hr>74</ns3:hr>
          </ns3:TrackPointExtension>
        </extensions>
      </trkpt>
      <trkpt lat="23.1851295568048954010009765625" lon="113.26305828988552093505859375">
        <ele>8.6000003814697265625</ele>
        <time>2025-04-20T12:43:27.000Z</time>
        <extensions>
          <ns3:TrackPointExtension>
            <ns3:hr>75</ns3:hr>
          </ns3:TrackPointExtension>
        </extensions>
      </trkpt>
      <trkpt lat="23.18509812466800212860107421875" lon="113.26305300928652286529541015625">
        <ele>8.6000003814697265625</ele>
        <time>2025-04-20T12:43:28.000Z</time>
        <extensions>
          <ns3:TrackPointExtension>
            <ns3:hr>74</ns3:hr>
          </ns3:TrackPointExtension>
        </extensions>
      </trkpt>
      <trkpt lat="23.18506862036883831024169921875" lon="113.2630524225533008575439453125">
        <ele>8.3999996185302734375</ele>
        <time>2025-04-20T12:43:29.000Z</time>
        <extensions>
          <ns3:TrackPointExtension>
            <ns3:hr>75</ns3:hr>
          </ns3:TrackPointExtension>
        </extensions>
      </trkpt>
      <trkpt lat="23.18503609858453273773193359375" lon="113.263053596019744873046875">
        <ele>8.3999996185302734375</ele>
        <time>2025-04-20T12:43:30.000Z</time>
        <extensions>
          <ns3:TrackPointExtension>
            <ns3:hr>75</ns3:hr>
          </ns3:TrackPointExtension>
        </extensions>
      </trkpt>
      <trkpt lat="23.18500089459121227264404296875" lon="113.26304865069687366485595703125">
        <ele>8.3999996185302734375</ele>
        <time>2025-04-20T12:43:31.000Z</time>
        <extensions>
          <ns3:TrackPointExtension>
            <ns3:hr>75</ns3:hr>
          </ns3:TrackPointExtension>
        </extensions>
      </trkpt>
      <trkpt lat="23.18497180938720703125" lon="113.2630403526127338409423828125">
        <ele>8.3999996185302734375</ele>
        <time>2025-04-20T12:43:32.000Z</time>
        <extensions>
          <ns3:TrackPointExtension>
            <ns3:hr>75</ns3:hr>
          </ns3:TrackPointExtension>
        </extensions>
      </trkpt>
      <trkpt lat="23.1849407963454723358154296875" lon="113.263031132519245147705078125">
        <ele>8.3999996185302734375</ele>
        <time>2025-04-20T12:43:33.000Z</time>
        <extensions>
          <ns3:TrackPointExtension>
            <ns3:hr>74</ns3:hr>
          </ns3:TrackPointExtension>
        </extensions>
      </trkpt>
      <trkpt lat="23.184912465512752532958984375" lon="113.26301897875964641571044921875">
        <ele>8.3999996185302734375</ele>
        <time>2025-04-20T12:43:34.000Z</time>
        <extensions>
          <ns3:TrackPointExtension>
            <ns3:hr>73</ns3:hr>
          </ns3:TrackPointExtension>
        </extensions>
      </trkpt>
      <trkpt lat="23.18488304503262042999267578125" lon="113.26300540007650852203369140625">
        <ele>8.3999996185302734375</ele>
        <time>2025-04-20T12:43:35.000Z</time>
        <extensions>
          <ns3:TrackPointExtension>
            <ns3:hr>76</ns3:hr>
          </ns3:TrackPointExtension>
        </extensions>
      </trkpt>
      <trkpt lat="23.184854127466678619384765625" lon="113.26298712752759456634521484375">
        <ele>8.3999996185302734375</ele>
        <time>2025-04-20T12:43:36.000Z</time>
        <extensions>
          <ns3:TrackPointExtension>
            <ns3:hr>76</ns3:hr>
          </ns3:TrackPointExtension>
        </extensions>
      </trkpt>
      <trkpt lat="23.1848256289958953857421875" lon="113.262972123920917510986328125">
        <ele>8.6000003814697265625</ele>
        <time>2025-04-20T12:43:37.000Z</time>
        <extensions>
          <ns3:TrackPointExtension>
            <ns3:hr>76</ns3:hr>
          </ns3:TrackPointExtension>
        </extensions>
      </trkpt>
      <trkpt lat="23.1847956217825412750244140625" lon="113.262954689562320709228515625">
        <ele>8.6000003814697265625</ele>
        <time>2025-04-20T12:43:38.000Z</time>
        <extensions>
          <ns3:TrackPointExtension>
            <ns3:hr>77</ns3:hr>
          </ns3:TrackPointExtension>
        </extensions>
      </trkpt>
      <trkpt lat="23.18476351909339427947998046875" lon="113.262933231890201568603515625">
        <ele>8.6000003814697265625</ele>
        <time>2025-04-20T12:43:39.000Z</time>
        <extensions>
          <ns3:TrackPointExtension>
            <ns3:hr>77</ns3:hr>
          </ns3:TrackPointExtension>
        </extensions>
      </trkpt>
      <trkpt lat="23.1847302429378032684326171875" lon="113.26291353441774845123291015625">
        <ele>8.6000003814697265625</ele>
        <time>2025-04-20T12:43:40.000Z</time>
        <extensions>
          <ns3:TrackPointExtension>
            <ns3:hr>78</ns3:hr>
          </ns3:TrackPointExtension>
        </extensions>
      </trkpt>
      <trkpt lat="23.18469218909740447998046875" lon="113.2628965191543102264404296875">
        <ele>8.6000003814697265625</ele>
        <time>2025-04-20T12:43:41.000Z</time>
        <extensions>
          <ns3:TrackPointExtension>
            <ns3:hr>78</ns3:hr>
          </ns3:TrackPointExtension>
        </extensions>
      </trkpt>
      <trkpt lat="23.18465673364698886871337890625" lon="113.26288126409053802490234375">
        <ele>8.6000003814697265625</ele>
        <time>2025-04-20T12:43:42.000Z</time>
        <extensions>
          <ns3:TrackPointExtension>
            <ns3:hr>78</ns3:hr>
          </ns3:TrackPointExtension>
        </extensions>
      </trkpt>
      <trkpt lat="23.18462421186268329620361328125" lon="113.26286139898002147674560546875">
        <ele>8.6000003814697265625</ele>
        <time>2025-04-20T12:43:43.000Z</time>
        <extensions>
          <ns3:TrackPointExtension>
            <ns3:hr>78</ns3:hr>
          </ns3:TrackPointExtension>
        </extensions>
      </trkpt>
      <trkpt lat="23.18459638394415378570556640625" lon="113.26283633708953857421875">
        <ele>8.6000003814697265625</ele>
        <time>2025-04-20T12:43:44.000Z</time>
        <extensions>
          <ns3:TrackPointExtension>
            <ns3:hr>78</ns3:hr>
          </ns3:TrackPointExtension>
        </extensions>
      </trkpt>
      <trkpt lat="23.18456604145467281341552734375" lon="113.26281110756099224090576171875">
        <ele>8.6000003814697265625</ele>
        <time>2025-04-20T12:43:45.000Z</time>
        <extensions>
          <ns3:TrackPointExtension>
            <ns3:hr>78</ns3:hr>
          </ns3:TrackPointExtension>
        </extensions>
      </trkpt>
      <trkpt lat="23.18453335203230381011962890625" lon="113.26278763823211193084716796875">
        <ele>8.6000003814697265625</ele>
        <time>2025-04-20T12:43:46.000Z</time>
        <extensions>
          <ns3:TrackPointExtension>
            <ns3:hr>78</ns3:hr>
          </ns3:TrackPointExtension>
        </extensions>
      </trkpt>
      <trkpt lat="23.18450099788606166839599609375" lon="113.26276165433228015899658203125">
        <ele>8.3999996185302734375</ele>
        <time>2025-04-20T12:43:47.000Z</time>
        <extensions>
          <ns3:TrackPointExtension>
            <ns3:hr>78</ns3:hr>
          </ns3:TrackPointExtension>
        </extensions>
      </trkpt>
      <trkpt lat="23.18446822464466094970703125" lon="113.2627386040985584259033203125">
        <ele>8.3999996185302734375</ele>
        <time>2025-04-20T12:43:48.000Z</time>
        <extensions>
          <ns3:TrackPointExtension>
            <ns3:hr>78</ns3:hr>
          </ns3:TrackPointExtension>
        </extensions>
      </trkpt>
      <trkpt lat="23.1844331882894039154052734375" lon="113.2627144642174243927001953125">
        <ele>8.3999996185302734375</ele>
        <time>2025-04-20T12:43:49.000Z</time>
        <extensions>
          <ns3:TrackPointExtension>
            <ns3:hr>78</ns3:hr>
          </ns3:TrackPointExtension>
        </extensions>
      </trkpt>
      <trkpt lat="23.18439823575317859649658203125" lon="113.262695185840129852294921875">
        <ele>8.3999996185302734375</ele>
        <time>2025-04-20T12:43:50.000Z</time>
        <extensions>
          <ns3:TrackPointExtension>
            <ns3:hr>79</ns3:hr>
          </ns3:TrackPointExtension>
        </extensions>
      </trkpt>
      <trkpt lat="23.184362612664699554443359375" lon="113.2626740634441375732421875">
        <ele>8.3999996185302734375</ele>
        <time>2025-04-20T12:43:51.000Z</time>
        <extensions>
          <ns3:TrackPointExtension>
            <ns3:hr>79</ns3:hr>
          </ns3:TrackPointExtension>
        </extensions>
      </trkpt>
      <trkpt lat="23.18432548083364963531494140625" lon="113.26265553943812847137451171875">
        <ele>8.3999996185302734375</ele>
        <time>2025-04-20T12:43:52.000Z</time>
        <extensions>
          <ns3:TrackPointExtension>
            <ns3:hr>78</ns3:hr>
          </ns3:TrackPointExtension>
        </extensions>
      </trkpt>
      <trkpt lat="23.18428960628807544708251953125" lon="113.26263659633696079254150390625">
        <ele>8.3999996185302734375</ele>
        <time>2025-04-20T12:43:53.000Z</time>
        <extensions>
          <ns3:TrackPointExtension>
            <ns3:hr>78</ns3:hr>
          </ns3:TrackPointExtension>
        </extensions>
      </trkpt>
      <trkpt lat="23.18425322882831096649169921875" lon="113.26261245645582675933837890625">
        <ele>8.3999996185302734375</ele>
        <time>2025-04-20T12:43:54.000Z</time>
        <extensions>
          <ns3:TrackPointExtension>
            <ns3:hr>78</ns3:hr>
          </ns3:TrackPointExtension>
        </extensions>
      </trkpt>
      <trkpt lat="23.18421618081629276275634765625" lon="113.262587897479534149169921875">
        <ele>8.3999996185302734375</ele>
        <time>2025-04-20T12:43:55.000Z</time>
        <extensions>
          <ns3:TrackPointExtension>
            <ns3:hr>78</ns3:hr>
          </ns3:TrackPointExtension>
        </extensions>
      </trkpt>
      <trkpt lat="23.18417896516621112823486328125" lon="113.262565769255161285400390625">
        <ele>8.3999996185302734375</ele>
        <time>2025-04-20T12:43:56.000Z</time>
        <extensions>
          <ns3:TrackPointExtension>
            <ns3:hr>78</ns3:hr>
          </ns3:TrackPointExtension>
        </extensions>
      </trkpt>
      <trkpt lat="23.1841401569545269012451171875" lon="113.26254607178270816802978515625">
        <ele>8.3999996185302734375</ele>
        <time>2025-04-20T12:43:57.000Z</time>
        <extensions>
          <ns3:TrackPointExtension>
            <ns3:hr>78</ns3:hr>
          </ns3:TrackPointExtension>
        </extensions>
      </trkpt>
      <trkpt lat="23.18410134874284267425537109375" lon="113.26252528466284275054931640625">
        <ele>8.3999996185302734375</ele>
        <time>2025-04-20T12:43:58.000Z</time>
        <extensions>
          <ns3:TrackPointExtension>
            <ns3:hr>78</ns3:hr>
          </ns3:TrackPointExtension>
        </extensions>
      </trkpt>
      <trkpt lat="23.18406455218791961669921875" lon="113.262504078447818756103515625">
        <ele>8.3999996185302734375</ele>
        <time>2025-04-20T12:43:59.000Z</time>
        <extensions>
          <ns3:TrackPointExtension>
            <ns3:hr>78</ns3:hr>
          </ns3:TrackPointExtension>
        </extensions>
      </trkpt>
      <trkpt lat="23.18402507342398166656494140625" lon="113.26248572207987308502197265625">
        <ele>8.3999996185302734375</ele>
        <time>2025-04-20T12:44:00.000Z</time>
        <extensions>
          <ns3:TrackPointExtension>
            <ns3:hr>80</ns3:hr>
          </ns3:TrackPointExtension>
        </extensions>
      </trkpt>
      <trkpt lat="23.18398802541196346282958984375" lon="113.26246527023613452911376953125">
        <ele>8.3999996185302734375</ele>
        <time>2025-04-20T12:44:01.000Z</time>
        <extensions>
          <ns3:TrackPointExtension>
            <ns3:hr>80</ns3:hr>
          </ns3:TrackPointExtension>
        </extensions>
      </trkpt>
      <trkpt lat="23.1839520670473575592041015625" lon="113.2624455727636814117431640625">
        <ele>8.19999980926513671875</ele>
        <time>2025-04-20T12:44:02.000Z</time>
        <extensions>
          <ns3:TrackPointExtension>
            <ns3:hr>80</ns3:hr>
          </ns3:TrackPointExtension>
        </extensions>
      </trkpt>
      <trkpt lat="23.18391812033951282501220703125" lon="113.26242671348154544830322265625">
        <ele>8.19999980926513671875</ele>
        <time>2025-04-20T12:44:03.000Z</time>
        <extensions>
          <ns3:TrackPointExtension>
            <ns3:hr>79</ns3:hr>
          </ns3:TrackPointExtension>
        </extensions>
      </trkpt>
      <trkpt lat="23.18388358689844608306884765625" lon="113.26240927912294864654541015625">
        <ele>8</ele>
        <time>2025-04-20T12:44:04.000Z</time>
        <extensions>
          <ns3:TrackPointExtension>
            <ns3:hr>79</ns3:hr>
          </ns3:TrackPointExtension>
        </extensions>
      </trkpt>
      <trkpt lat="23.1838518194854259490966796875" lon="113.2623885758221149444580078125">
        <ele>8</ele>
        <time>2025-04-20T12:44:05.000Z</time>
        <extensions>
          <ns3:TrackPointExtension>
            <ns3:hr>79</ns3:hr>
          </ns3:TrackPointExtension>
        </extensions>
      </trkpt>
      <trkpt lat="23.1838105805218219757080078125" lon="113.2623805291950702667236328125">
        <ele>8</ele>
        <time>2025-04-20T12:44:06.000Z</time>
        <extensions>
          <ns3:TrackPointExtension>
            <ns3:hr>79</ns3:hr>
          </ns3:TrackPointExtension>
        </extensions>
      </trkpt>
      <trkpt lat="23.18377160467207431793212890625" lon="113.26236384920775890350341796875">
        <ele>8</ele>
        <time>2025-04-20T12:44:07.000Z</time>
        <extensions>
          <ns3:TrackPointExtension>
            <ns3:hr>79</ns3:hr>
          </ns3:TrackPointExtension>
        </extensions>
      </trkpt>
      <trkpt lat="23.18373355083167552947998046875" lon="113.26234473846852779388427734375">
        <ele>8</ele>
        <time>2025-04-20T12:44:08.000Z</time>
        <extensions>
          <ns3:TrackPointExtension>
            <ns3:hr>78</ns3:hr>
          </ns3:TrackPointExtension>
        </extensions>
      </trkpt>
      <trkpt lat="23.1836964190006256103515625" lon="113.26232680119574069976806640625">
        <ele>8.19999980926513671875</ele>
        <time>2025-04-20T12:44:09.000Z</time>
        <extensions>
          <ns3:TrackPointExtension>
            <ns3:hr>78</ns3:hr>
          </ns3:TrackPointExtension>
        </extensions>
      </trkpt>
      <trkpt lat="23.1836603768169879913330078125" lon="113.26230769045650959014892578125">
        <ele>8.19999980926513671875</ele>
        <time>2025-04-20T12:44:10.000Z</time>
        <extensions>
          <ns3:TrackPointExtension>
            <ns3:hr>78</ns3:hr>
          </ns3:TrackPointExtension>
        </extensions>
      </trkpt>
      <trkpt lat="23.18362307734787464141845703125" lon="113.26229159720242023468017578125">
        <ele>8.19999980926513671875</ele>
        <time>2025-04-20T12:44:11.000Z</time>
        <extensions>
          <ns3:TrackPointExtension>
            <ns3:hr>78</ns3:hr>
          </ns3:TrackPointExtension>
        </extensions>
      </trkpt>
      <trkpt lat="23.18358619697391986846923828125" lon="113.2622708939015865325927734375">
        <ele>8.19999980926513671875</ele>
        <time>2025-04-20T12:44:12.000Z</time>
        <extensions>
          <ns3:TrackPointExtension>
            <ns3:hr>78</ns3:hr>
          </ns3:TrackPointExtension>
        </extensions>
      </trkpt>
      <trkpt lat="23.18355199880897998809814453125" lon="113.26225521974265575408935546875">
        <ele>8.19999980926513671875</ele>
        <time>2025-04-20T12:44:13.000Z</time>
        <extensions>
          <ns3:TrackPointExtension>
            <ns3:hr>78</ns3:hr>
          </ns3:TrackPointExtension>
        </extensions>
      </trkpt>
      <trkpt lat="23.1835195608437061309814453125" lon="113.2622377015650272369384765625">
        <ele>8</ele>
        <time>2025-04-20T12:44:14.000Z</time>
        <extensions>
          <ns3:TrackPointExtension>
            <ns3:hr>78</ns3:hr>
          </ns3:TrackPointExtension>
        </extensions>
      </trkpt>
      <trkpt lat="23.1834840215742588043212890625" lon="113.26221917755901813507080078125">
        <ele>8</ele>
        <time>2025-04-20T12:44:15.000Z</time>
        <extensions>
          <ns3:TrackPointExtension>
            <ns3:hr>77</ns3:hr>
          </ns3:TrackPointExtension>
        </extensions>
      </trkpt>
      <trkpt lat="23.1834478117525577545166015625" lon="113.26220274902880191802978515625">
        <ele>8.19999980926513671875</ele>
        <time>2025-04-20T12:44:16.000Z</time>
        <extensions>
          <ns3:TrackPointExtension>
            <ns3:hr>77</ns3:hr>
          </ns3:TrackPointExtension>
        </extensions>
      </trkpt>
      <trkpt lat="23.1834112666547298431396484375" lon="113.26218313537538051605224609375">
        <ele>8.19999980926513671875</ele>
        <time>2025-04-20T12:44:17.000Z</time>
        <extensions>
          <ns3:TrackPointExtension>
            <ns3:hr>77</ns3:hr>
          </ns3:TrackPointExtension>
        </extensions>
      </trkpt>
      <trkpt lat="23.18337447009980678558349609375" lon="113.26216486282646656036376953125">
        <ele>8.19999980926513671875</ele>
        <time>2025-04-20T12:44:18.000Z</time>
        <extensions>
          <ns3:TrackPointExtension>
            <ns3:hr>77</ns3:hr>
          </ns3:TrackPointExtension>
        </extensions>
      </trkpt>
      <trkpt lat="23.18333993665874004364013671875" lon="113.2621498592197895050048828125">
        <ele>8.19999980926513671875</ele>
        <time>2025-04-20T12:44:19.000Z</time>
        <extensions>
          <ns3:TrackPointExtension>
            <ns3:hr>78</ns3:hr>
          </ns3:TrackPointExtension>
        </extensions>
      </trkpt>
      <trkpt lat="23.18330171518027782440185546875" lon="113.26212429441511631011962890625">
        <ele>8.19999980926513671875</ele>
        <time>2025-04-20T12:44:20.000Z</time>
        <extensions>
          <ns3:TrackPointExtension>
            <ns3:hr>78</ns3:hr>
          </ns3:TrackPointExtension>
        </extensions>
      </trkpt>
      <trkpt lat="23.1832691095769405364990234375" lon="113.262104429304599761962890625">
        <ele>8.19999980926513671875</ele>
        <time>2025-04-20T12:44:21.000Z</time>
        <extensions>
          <ns3:TrackPointExtension>
            <ns3:hr>78</ns3:hr>
          </ns3:TrackPointExtension>
        </extensions>
      </trkpt>
      <trkpt lat="23.18323750980198383331298828125" lon="113.2620874978601932525634765625">
        <ele>8.19999980926513671875</ele>
        <time>2025-04-20T12:44:22.000Z</time>
        <extensions>
          <ns3:TrackPointExtension>
            <ns3:hr>78</ns3:hr>
          </ns3:TrackPointExtension>
        </extensions>
      </trkpt>
      <trkpt lat="23.1832028925418853759765625" lon="113.26206763274967670440673828125">
        <ele>8.19999980926513671875</ele>
        <time>2025-04-20T12:44:23.000Z</time>
        <extensions>
          <ns3:TrackPointExtension>
            <ns3:hr>77</ns3:hr>
          </ns3:TrackPointExtension>
        </extensions>
      </trkpt>
      <trkpt lat="23.18316869437694549560546875" lon="113.26204583980143070220947265625">
        <ele>8.19999980926513671875</ele>
        <time>2025-04-20T12:44:24.000Z</time>
        <extensions>
          <ns3:TrackPointExtension>
            <ns3:hr>77</ns3:hr>
          </ns3:TrackPointExtension>
        </extensions>
      </trkpt>
      <trkpt lat="23.18313390947878360748291015625" lon="113.26202773489058017730712890625">
        <ele>8.3999996185302734375</ele>
        <time>2025-04-20T12:44:25.000Z</time>
        <extensions>
          <ns3:TrackPointExtension>
            <ns3:hr>79</ns3:hr>
          </ns3:TrackPointExtension>
        </extensions>
      </trkpt>
      <trkpt lat="23.183095939457416534423828125" lon="113.26200979761779308319091796875">
        <ele>8.3999996185302734375</ele>
        <time>2025-04-20T12:44:26.000Z</time>
        <extensions>
          <ns3:TrackPointExtension>
            <ns3:hr>79</ns3:hr>
          </ns3:TrackPointExtension>
        </extensions>
      </trkpt>
      <trkpt lat="23.1830592267215251922607421875" lon="113.261993117630481719970703125">
        <ele>8.6000003814697265625</ele>
        <time>2025-04-20T12:44:27.000Z</time>
        <extensions>
          <ns3:TrackPointExtension>
            <ns3:hr>79</ns3:hr>
          </ns3:TrackPointExtension>
        </extensions>
      </trkpt>
      <trkpt lat="23.1830220110714435577392578125" lon="113.26197694055736064910888671875">
        <ele>8.6000003814697265625</ele>
        <time>2025-04-20T12:44:28.000Z</time>
        <extensions>
          <ns3:TrackPointExtension>
            <ns3:hr>79</ns3:hr>
          </ns3:TrackPointExtension>
        </extensions>
      </trkpt>
      <trkpt lat="23.1829864718019962310791015625" lon="113.2619610987603664398193359375">
        <ele>8.6000003814697265625</ele>
        <time>2025-04-20T12:44:29.000Z</time>
        <extensions>
          <ns3:TrackPointExtension>
            <ns3:hr>79</ns3:hr>
          </ns3:TrackPointExtension>
        </extensions>
      </trkpt>
      <trkpt lat="23.1829480826854705810546875" lon="113.26194517314434051513671875">
        <ele>8.6000003814697265625</ele>
        <time>2025-04-20T12:44:30.000Z</time>
        <extensions>
          <ns3:TrackPointExtension>
            <ns3:hr>79</ns3:hr>
          </ns3:TrackPointExtension>
        </extensions>
      </trkpt>
      <trkpt lat="23.1829130463302135467529296875" lon="113.2619342766702175140380859375">
        <ele>8.6000003814697265625</ele>
        <time>2025-04-20T12:44:31.000Z</time>
        <extensions>
          <ns3:TrackPointExtension>
            <ns3:hr>79</ns3:hr>
          </ns3:TrackPointExtension>
        </extensions>
      </trkpt>
      <trkpt lat="23.18287675268948078155517578125" lon="113.26192363165318965911865234375">
        <ele>8.6000003814697265625</ele>
        <time>2025-04-20T12:44:32.000Z</time>
        <extensions>
          <ns3:TrackPointExtension>
            <ns3:hr>79</ns3:hr>
          </ns3:TrackPointExtension>
        </extensions>
      </trkpt>
      <trkpt lat="23.18283953703939914703369140625" lon="113.26191407628357410430908203125">
        <ele>8.80000019073486328125</ele>
        <time>2025-04-20T12:44:33.000Z</time>
        <extensions>
          <ns3:TrackPointExtension>
            <ns3:hr>79</ns3:hr>
          </ns3:TrackPointExtension>
        </extensions>
      </trkpt>
      <trkpt lat="23.18280533887445926666259765625" lon="113.26190452091395854949951171875">
        <ele>8.80000019073486328125</ele>
        <time>2025-04-20T12:44:34.000Z</time>
        <extensions>
          <ns3:TrackPointExtension>
            <ns3:hr>79</ns3:hr>
          </ns3:TrackPointExtension>
        </extensions>
      </trkpt>
      <trkpt lat="23.1827695481479167938232421875" lon="113.26188993640244007110595703125">
        <ele>8.80000019073486328125</ele>
        <time>2025-04-20T12:44:35.000Z</time>
        <extensions>
          <ns3:TrackPointExtension>
            <ns3:hr>79</ns3:hr>
          </ns3:TrackPointExtension>
        </extensions>
      </trkpt>
      <trkpt lat="23.182734511792659759521484375" lon="113.26187820173799991607666015625">
        <ele>8.80000019073486328125</ele>
        <time>2025-04-20T12:44:36.000Z</time>
        <extensions>
          <ns3:TrackPointExtension>
            <ns3:hr>79</ns3:hr>
          </ns3:TrackPointExtension>
        </extensions>
      </trkpt>
      <trkpt lat="23.182702325284481048583984375" lon="113.2618628628551959991455078125">
        <ele>8.80000019073486328125</ele>
        <time>2025-04-20T12:44:37.000Z</time>
        <extensions>
          <ns3:TrackPointExtension>
            <ns3:hr>79</ns3:hr>
          </ns3:TrackPointExtension>
        </extensions>
      </trkpt>
      <trkpt lat="23.1826713122427463531494140625" lon="113.2618494518101215362548828125">
        <ele>8.80000019073486328125</ele>
        <time>2025-04-20T12:44:38.000Z</time>
        <extensions>
          <ns3:TrackPointExtension>
            <ns3:hr>78</ns3:hr>
          </ns3:TrackPointExtension>
        </extensions>
      </trkpt>
      <trkpt lat="23.18264021538197994232177734375" lon="113.261835873126983642578125">
        <ele>8.80000019073486328125</ele>
        <time>2025-04-20T12:44:39.000Z</time>
        <extensions>
          <ns3:TrackPointExtension>
            <ns3:hr>78</ns3:hr>
          </ns3:TrackPointExtension>
        </extensions>
      </trkpt>
      <trkpt lat="23.18260769359767436981201171875" lon="113.2618216238915920257568359375">
        <ele>8.80000019073486328125</ele>
        <time>2025-04-20T12:44:40.000Z</time>
        <extensions>
          <ns3:TrackPointExtension>
            <ns3:hr>78</ns3:hr>
          </ns3:TrackPointExtension>
        </extensions>
      </trkpt>
      <trkpt lat="23.182572908699512481689453125" lon="113.26180838048458099365234375">
        <ele>8.80000019073486328125</ele>
        <time>2025-04-20T12:44:41.000Z</time>
        <extensions>
          <ns3:TrackPointExtension>
            <ns3:hr>78</ns3:hr>
          </ns3:TrackPointExtension>
        </extensions>
      </trkpt>
      <trkpt lat="23.1825368665158748626708984375" lon="113.26179689727723598480224609375">
        <ele>8.80000019073486328125</ele>
        <time>2025-04-20T12:44:42.000Z</time>
        <extensions>
          <ns3:TrackPointExtension>
            <ns3:hr>78</ns3:hr>
          </ns3:TrackPointExtension>
        </extensions>
      </trkpt>
      <trkpt lat="23.18249520845711231231689453125" lon="113.26178692281246185302734375">
        <ele>8.80000019073486328125</ele>
        <time>2025-04-20T12:44:43.000Z</time>
        <extensions>
          <ns3:TrackPointExtension>
            <ns3:hr>80</ns3:hr>
          </ns3:TrackPointExtension>
        </extensions>
      </trkpt>
      <trkpt lat="23.18245681934058666229248046875" lon="113.2617730088531970977783203125">
        <ele>8.80000019073486328125</ele>
        <time>2025-04-20T12:44:44.000Z</time>
        <extensions>
          <ns3:TrackPointExtension>
            <ns3:hr>80</ns3:hr>
          </ns3:TrackPointExtension>
        </extensions>
      </trkpt>
      <trkpt lat="23.1824225373566150665283203125" lon="113.2617549039423465728759765625">
        <ele>9</ele>
        <time>2025-04-20T12:44:45.000Z</time>
        <extensions>
          <ns3:TrackPointExtension>
            <ns3:hr>80</ns3:hr>
          </ns3:TrackPointExtension>
        </extensions>
      </trkpt>
      <trkpt lat="23.1823875010013580322265625" lon="113.2617334462702274322509765625">
        <ele>9</ele>
        <time>2025-04-20T12:44:46.000Z</time>
        <extensions>
          <ns3:TrackPointExtension>
            <ns3:hr>81</ns3:hr>
          </ns3:TrackPointExtension>
        </extensions>
      </trkpt>
      <trkpt lat="23.18235372193157672882080078125" lon="113.2617136649787425994873046875">
        <ele>8.80000019073486328125</ele>
        <time>2025-04-20T12:44:47.000Z</time>
        <extensions>
          <ns3:TrackPointExtension>
            <ns3:hr>81</ns3:hr>
          </ns3:TrackPointExtension>
        </extensions>
      </trkpt>
      <trkpt lat="23.18231885321438312530517578125" lon="113.261693380773067474365234375">
        <ele>8.80000019073486328125</ele>
        <time>2025-04-20T12:44:48.000Z</time>
        <extensions>
          <ns3:TrackPointExtension>
            <ns3:hr>81</ns3:hr>
          </ns3:TrackPointExtension>
        </extensions>
      </trkpt>
      <trkpt lat="23.18228758871555328369140625" lon="113.2616724260151386260986328125">
        <ele>8.80000019073486328125</ele>
        <time>2025-04-20T12:44:49.000Z</time>
        <extensions>
          <ns3:TrackPointExtension>
            <ns3:hr>81</ns3:hr>
          </ns3:TrackPointExtension>
        </extensions>
      </trkpt>
      <trkpt lat="23.1822555698454380035400390625" lon="113.2616516388952732086181640625">
        <ele>8.80000019073486328125</ele>
        <time>2025-04-20T12:44:50.000Z</time>
        <extensions>
          <ns3:TrackPointExtension>
            <ns3:hr>81</ns3:hr>
          </ns3:TrackPointExtension>
        </extensions>
      </trkpt>
      <trkpt lat="23.18222279660403728485107421875" lon="113.26163412071764469146728515625">
        <ele>8.80000019073486328125</ele>
        <time>2025-04-20T12:44:51.000Z</time>
        <extensions>
          <ns3:TrackPointExtension>
            <ns3:hr>81</ns3:hr>
          </ns3:TrackPointExtension>
        </extensions>
      </trkpt>
      <trkpt lat="23.1821891851723194122314453125" lon="113.2616160996258258819580078125">
        <ele>8.80000019073486328125</ele>
        <time>2025-04-20T12:44:52.000Z</time>
        <extensions>
          <ns3:TrackPointExtension>
            <ns3:hr>81</ns3:hr>
          </ns3:TrackPointExtension>
        </extensions>
      </trkpt>
      <trkpt lat="23.18215440027415752410888671875" lon="113.261596150696277618408203125">
        <ele>8.80000019073486328125</ele>
        <time>2025-04-20T12:44:53.000Z</time>
        <extensions>
          <ns3:TrackPointExtension>
            <ns3:hr>81</ns3:hr>
          </ns3:TrackPointExtension>
        </extensions>
      </trkpt>
      <trkpt lat="23.18212439306080341339111328125" lon="113.2615765370428562164306640625">
        <ele>9</ele>
        <time>2025-04-20T12:44:54.000Z</time>
        <extensions>
          <ns3:TrackPointExtension>
            <ns3:hr>81</ns3:hr>
          </ns3:TrackPointExtension>
        </extensions>
      </trkpt>
      <trkpt lat="23.18209237419068813323974609375" lon="113.261556588113307952880859375">
        <ele>9</ele>
        <time>2025-04-20T12:44:55.000Z</time>
        <extensions>
          <ns3:TrackPointExtension>
            <ns3:hr>81</ns3:hr>
          </ns3:TrackPointExtension>
        </extensions>
      </trkpt>
      <trkpt lat="23.18205960094928741455078125" lon="113.2615396566689014434814453125">
        <ele>9</ele>
        <time>2025-04-20T12:44:56.000Z</time>
        <extensions>
          <ns3:TrackPointExtension>
            <ns3:hr>81</ns3:hr>
          </ns3:TrackPointExtension>
        </extensions>
      </trkpt>
      <trkpt lat="23.18202783353626728057861328125" lon="113.261521048843860626220703125">
        <ele>9.19999980926513671875</ele>
        <time>2025-04-20T12:44:57.000Z</time>
        <extensions>
          <ns3:TrackPointExtension>
            <ns3:hr>81</ns3:hr>
          </ns3:TrackPointExtension>
        </extensions>
      </trkpt>
      <trkpt lat="23.1819960661232471466064453125" lon="113.26150420121848583221435546875">
        <ele>9.19999980926513671875</ele>
        <time>2025-04-20T12:44:58.000Z</time>
        <extensions>
          <ns3:TrackPointExtension>
            <ns3:hr>81</ns3:hr>
          </ns3:TrackPointExtension>
        </extensions>
      </trkpt>
      <trkpt lat="23.18196563981473445892333984375" lon="113.26148274354636669158935546875">
        <ele>9.19999980926513671875</ele>
        <time>2025-04-20T12:44:59.000Z</time>
        <extensions>
          <ns3:TrackPointExtension>
            <ns3:hr>81</ns3:hr>
          </ns3:TrackPointExtension>
        </extensions>
      </trkpt>
      <trkpt lat="23.1819355487823486328125" lon="113.26145944185554981231689453125">
        <ele>9.3999996185302734375</ele>
        <time>2025-04-20T12:45:00.000Z</time>
        <extensions>
          <ns3:TrackPointExtension>
            <ns3:hr>81</ns3:hr>
          </ns3:TrackPointExtension>
        </extensions>
      </trkpt>
      <trkpt lat="23.18190512247383594512939453125" lon="113.2614387385547161102294921875">
        <ele>9.3999996185302734375</ele>
        <time>2025-04-20T12:45:01.000Z</time>
        <extensions>
          <ns3:TrackPointExtension>
            <ns3:hr>81</ns3:hr>
          </ns3:TrackPointExtension>
        </extensions>
      </trkpt>
      <trkpt lat="23.18187494762241840362548828125" lon="113.26142004691064357757568359375">
        <ele>9.6000003814697265625</ele>
        <time>2025-04-20T12:45:02.000Z</time>
        <extensions>
          <ns3:TrackPointExtension>
            <ns3:hr>81</ns3:hr>
          </ns3:TrackPointExtension>
        </extensions>
      </trkpt>
      <trkpt lat="23.18184644915163516998291015625" lon="113.26140143908560276031494140625">
        <ele>9.6000003814697265625</ele>
        <time>2025-04-20T12:45:03.000Z</time>
        <extensions>
          <ns3:TrackPointExtension>
            <ns3:hr>81</ns3:hr>
          </ns3:TrackPointExtension>
        </extensions>
      </trkpt>
      <trkpt lat="23.18181283771991729736328125" lon="113.2613861002027988433837890625">
        <ele>9.6000003814697265625</ele>
        <time>2025-04-20T12:45:04.000Z</time>
        <extensions>
          <ns3:TrackPointExtension>
            <ns3:hr>81</ns3:hr>
          </ns3:TrackPointExtension>
        </extensions>
      </trkpt>
      <trkpt lat="23.1817781366407871246337890625" lon="113.26136849820613861083984375">
        <ele>9.6000003814697265625</ele>
        <time>2025-04-20T12:45:05.000Z</time>
        <extensions>
          <ns3:TrackPointExtension>
            <ns3:hr>81</ns3:hr>
          </ns3:TrackPointExtension>
        </extensions>
      </trkpt>
      <trkpt lat="23.18174150772392749786376953125" lon="113.26134712435305118560791015625">
        <ele>9.6000003814697265625</ele>
        <time>2025-04-20T12:45:06.000Z</time>
        <extensions>
          <ns3:TrackPointExtension>
            <ns3:hr>82</ns3:hr>
          </ns3:TrackPointExtension>
        </extensions>
      </trkpt>
      <trkpt lat="23.18170261569321155548095703125" lon="113.26132248155772686004638671875">
        <ele>9.3999996185302734375</ele>
        <time>2025-04-20T12:45:07.000Z</time>
        <extensions>
          <ns3:TrackPointExtension>
            <ns3:hr>82</ns3:hr>
          </ns3:TrackPointExtension>
        </extensions>
      </trkpt>
      <trkpt lat="23.1816658191382884979248046875" lon="113.26129850931465625762939453125">
        <ele>9.3999996185302734375</ele>
        <time>2025-04-20T12:45:08.000Z</time>
        <extensions>
          <ns3:TrackPointExtension>
            <ns3:hr>82</ns3:hr>
          </ns3:TrackPointExtension>
        </extensions>
      </trkpt>
      <trkpt lat="23.18163312971591949462890625" lon="113.261278308928012847900390625">
        <ele>9.19999980926513671875</ele>
        <time>2025-04-20T12:45:09.000Z</time>
        <extensions>
          <ns3:TrackPointExtension>
            <ns3:hr>82</ns3:hr>
          </ns3:TrackPointExtension>
        </extensions>
      </trkpt>
      <trkpt lat="23.18159817717969417572021484375" lon="113.26125978492200374603271484375">
        <ele>9.19999980926513671875</ele>
        <time>2025-04-20T12:45:10.000Z</time>
        <extensions>
          <ns3:TrackPointExtension>
            <ns3:hr>80</ns3:hr>
          </ns3:TrackPointExtension>
        </extensions>
      </trkpt>
      <trkpt lat="23.1815602071583271026611328125" lon="113.26123983599245548248291015625">
        <ele>9.19999980926513671875</ele>
        <time>2025-04-20T12:45:11.000Z</time>
        <extensions>
          <ns3:TrackPointExtension>
            <ns3:hr>80</ns3:hr>
          </ns3:TrackPointExtension>
        </extensions>
      </trkpt>
      <trkpt lat="23.181522153317928314208984375" lon="113.26122592203319072723388671875">
        <ele>9</ele>
        <time>2025-04-20T12:45:12.000Z</time>
        <extensions>
          <ns3:TrackPointExtension>
            <ns3:hr>80</ns3:hr>
          </ns3:TrackPointExtension>
        </extensions>
      </trkpt>
      <trkpt lat="23.1814830936491489410400390625" lon="113.26120865531265735626220703125">
        <ele>9</ele>
        <time>2025-04-20T12:45:13.000Z</time>
        <extensions>
          <ns3:TrackPointExtension>
            <ns3:hr>80</ns3:hr>
          </ns3:TrackPointExtension>
        </extensions>
      </trkpt>
      <trkpt lat="23.1814448721706867218017578125" lon="113.26118744909763336181640625">
        <ele>9</ele>
        <time>2025-04-20T12:45:14.000Z</time>
        <extensions>
          <ns3:TrackPointExtension>
            <ns3:hr>79</ns3:hr>
          </ns3:TrackPointExtension>
        </extensions>
      </trkpt>
      <trkpt lat="23.1814063154160976409912109375" lon="113.26116389594972133636474609375">
        <ele>9.19999980926513671875</ele>
        <time>2025-04-20T12:45:15.000Z</time>
        <extensions>
          <ns3:TrackPointExtension>
            <ns3:hr>79</ns3:hr>
          </ns3:TrackPointExtension>
        </extensions>
      </trkpt>
      <trkpt lat="23.1813670881092548370361328125" lon="113.2611410133540630340576171875">
        <ele>9.19999980926513671875</ele>
        <time>2025-04-20T12:45:16.000Z</time>
        <extensions>
          <ns3:TrackPointExtension>
            <ns3:hr>79</ns3:hr>
          </ns3:TrackPointExtension>
        </extensions>
      </trkpt>
      <trkpt lat="23.18132811225950717926025390625" lon="113.26111913658678531646728515625">
        <ele>9.3999996185302734375</ele>
        <time>2025-04-20T12:45:17.000Z</time>
        <extensions>
          <ns3:TrackPointExtension>
            <ns3:hr>79</ns3:hr>
          </ns3:TrackPointExtension>
        </extensions>
      </trkpt>
      <trkpt lat="23.18128804676234722137451171875" lon="113.26109617017209529876708984375">
        <ele>9.3999996185302734375</ele>
        <time>2025-04-20T12:45:18.000Z</time>
        <extensions>
          <ns3:TrackPointExtension>
            <ns3:hr>78</ns3:hr>
          </ns3:TrackPointExtension>
        </extensions>
      </trkpt>
      <trkpt lat="23.18125083111226558685302734375" lon="113.261074125766754150390625">
        <ele>9.3999996185302734375</ele>
        <time>2025-04-20T12:45:19.000Z</time>
        <extensions>
          <ns3:TrackPointExtension>
            <ns3:hr>78</ns3:hr>
          </ns3:TrackPointExtension>
        </extensions>
      </trkpt>
      <trkpt lat="23.181214034557342529296875" lon="113.2610528357326984405517578125">
        <ele>9.3999996185302734375</ele>
        <time>2025-04-20T12:45:20.000Z</time>
        <extensions>
          <ns3:TrackPointExtension>
            <ns3:hr>78</ns3:hr>
          </ns3:TrackPointExtension>
        </extensions>
      </trkpt>
      <trkpt lat="23.18117556162178516387939453125" lon="113.2610325515270233154296875">
        <ele>9.3999996185302734375</ele>
        <time>2025-04-20T12:45:21.000Z</time>
        <extensions>
          <ns3:TrackPointExtension>
            <ns3:hr>78</ns3:hr>
          </ns3:TrackPointExtension>
        </extensions>
      </trkpt>
      <trkpt lat="23.18113683722913265228271484375" lon="113.26101084239780902862548828125">
        <ele>9.19999980926513671875</ele>
        <time>2025-04-20T12:45:22.000Z</time>
        <extensions>
          <ns3:TrackPointExtension>
            <ns3:hr>79</ns3:hr>
          </ns3:TrackPointExtension>
        </extensions>
      </trkpt>
      <trkpt lat="23.181099705398082733154296875" lon="113.2609914802014827728271484375">
        <ele>9.19999980926513671875</ele>
        <time>2025-04-20T12:45:23.000Z</time>
        <extensions>
          <ns3:TrackPointExtension>
            <ns3:hr>79</ns3:hr>
          </ns3:TrackPointExtension>
        </extensions>
      </trkpt>
      <trkpt lat="23.1810613162815570831298828125" lon="113.26097513549029827117919921875">
        <ele>9.19999980926513671875</ele>
        <time>2025-04-20T12:45:24.000Z</time>
        <extensions>
          <ns3:TrackPointExtension>
            <ns3:hr>79</ns3:hr>
          </ns3:TrackPointExtension>
        </extensions>
      </trkpt>
      <trkpt lat="23.181026279926300048828125" lon="113.260956108570098876953125">
        <ele>9.19999980926513671875</ele>
        <time>2025-04-20T12:45:25.000Z</time>
        <extensions>
          <ns3:TrackPointExtension>
            <ns3:hr>79</ns3:hr>
          </ns3:TrackPointExtension>
        </extensions>
      </trkpt>
      <trkpt lat="23.18099250085651874542236328125" lon="113.26093624345958232879638671875">
        <ele>9.19999980926513671875</ele>
        <time>2025-04-20T12:45:26.000Z</time>
        <extensions>
          <ns3:TrackPointExtension>
            <ns3:hr>79</ns3:hr>
          </ns3:TrackPointExtension>
        </extensions>
      </trkpt>
      <trkpt lat="23.1809610687196254730224609375" lon="113.26091922819614410400390625">
        <ele>9.19999980926513671875</ele>
        <time>2025-04-20T12:45:27.000Z</time>
        <extensions>
          <ns3:TrackPointExtension>
            <ns3:hr>79</ns3:hr>
          </ns3:TrackPointExtension>
        </extensions>
      </trkpt>
      <trkpt lat="23.18092879839241504669189453125" lon="113.26090154238045215606689453125">
        <ele>9.19999980926513671875</ele>
        <time>2025-04-20T12:45:28.000Z</time>
        <extensions>
          <ns3:TrackPointExtension>
            <ns3:hr>78</ns3:hr>
          </ns3:TrackPointExtension>
        </extensions>
      </trkpt>
      <trkpt lat="23.18089644424617290496826171875" lon="113.26088561676442623138427734375">
        <ele>9.19999980926513671875</ele>
        <time>2025-04-20T12:45:29.000Z</time>
        <extensions>
          <ns3:TrackPointExtension>
            <ns3:hr>79</ns3:hr>
          </ns3:TrackPointExtension>
        </extensions>
      </trkpt>
      <trkpt lat="23.18086509592831134796142578125" lon="113.260870277881622314453125">
        <ele>9.19999980926513671875</ele>
        <time>2025-04-20T12:45:30.000Z</time>
        <extensions>
          <ns3:TrackPointExtension>
            <ns3:hr>79</ns3:hr>
          </ns3:TrackPointExtension>
        </extensions>
      </trkpt>
      <trkpt lat="23.18083056248724460601806640625" lon="113.2608597166836261749267578125">
        <ele>9.19999980926513671875</ele>
        <time>2025-04-20T12:45:31.000Z</time>
        <extensions>
          <ns3:TrackPointExtension>
            <ns3:hr>80</ns3:hr>
          </ns3:TrackPointExtension>
        </extensions>
      </trkpt>
      <trkpt lat="23.18079686723649501800537109375" lon="113.26085141859948635101318359375">
        <ele>9.19999980926513671875</ele>
        <time>2025-04-20T12:45:32.000Z</time>
        <extensions>
          <ns3:TrackPointExtension>
            <ns3:hr>81</ns3:hr>
          </ns3:TrackPointExtension>
        </extensions>
      </trkpt>
      <trkpt lat="23.1807622499763965606689453125" lon="113.2608483172953128814697265625">
        <ele>9.19999980926513671875</ele>
        <time>2025-04-20T12:45:33.000Z</time>
        <extensions>
          <ns3:TrackPointExtension>
            <ns3:hr>83</ns3:hr>
          </ns3:TrackPointExtension>
        </extensions>
      </trkpt>
      <trkpt lat="23.18072997964918613433837890625" lon="113.26083851046860218048095703125">
        <ele>9.19999980926513671875</ele>
        <time>2025-04-20T12:45:34.000Z</time>
        <extensions>
          <ns3:TrackPointExtension>
            <ns3:hr>84</ns3:hr>
          </ns3:TrackPointExtension>
        </extensions>
      </trkpt>
      <trkpt lat="23.180702067911624908447265625" lon="113.26082669198513031005859375">
        <ele>9.19999980926513671875</ele>
        <time>2025-04-20T12:45:35.000Z</time>
        <extensions>
          <ns3:TrackPointExtension>
            <ns3:hr>85</ns3:hr>
          </ns3:TrackPointExtension>
        </extensions>
      </trkpt>
      <trkpt lat="23.1806737370789051055908203125" lon="113.260810934007167816162109375">
        <ele>9.19999980926513671875</ele>
        <time>2025-04-20T12:45:36.000Z</time>
        <extensions>
          <ns3:TrackPointExtension>
            <ns3:hr>85</ns3:hr>
          </ns3:TrackPointExtension>
        </extensions>
      </trkpt>
      <trkpt lat="23.18065085448324680328369140625" lon="113.2607936672866344451904296875">
        <ele>9.19999980926513671875</ele>
        <time>2025-04-20T12:45:37.000Z</time>
        <extensions>
          <ns3:TrackPointExtension>
            <ns3:hr>85</ns3:hr>
          </ns3:TrackPointExtension>
        </extensions>
      </trkpt>
      <trkpt lat="23.18062688224017620086669921875" lon="113.26077816076576709747314453125">
        <ele>9</ele>
        <time>2025-04-20T12:45:38.000Z</time>
        <extensions>
          <ns3:TrackPointExtension>
            <ns3:hr>85</ns3:hr>
          </ns3:TrackPointExtension>
        </extensions>
      </trkpt>
      <trkpt lat="23.18060106597840785980224609375" lon="113.26076609082520008087158203125">
        <ele>9</ele>
        <time>2025-04-20T12:45:39.000Z</time>
        <extensions>
          <ns3:TrackPointExtension>
            <ns3:hr>86</ns3:hr>
          </ns3:TrackPointExtension>
        </extensions>
      </trkpt>
      <trkpt lat="23.18057692609727382659912109375" lon="113.26075829565525054931640625">
        <ele>9</ele>
        <time>2025-04-20T12:45:40.000Z</time>
        <extensions>
          <ns3:TrackPointExtension>
            <ns3:hr>86</ns3:hr>
          </ns3:TrackPointExtension>
        </extensions>
      </trkpt>
      <trkpt lat="23.1805513612926006317138671875" lon="113.26074396260082721710205078125">
        <ele>9</ele>
        <time>2025-04-20T12:45:41.000Z</time>
        <extensions>
          <ns3:TrackPointExtension>
            <ns3:hr>86</ns3:hr>
          </ns3:TrackPointExtension>
        </extensions>
      </trkpt>
      <trkpt lat="23.18052864633500576019287109375" lon="113.2607262767851352691650390625">
        <ele>9</ele>
        <time>2025-04-20T12:45:42.000Z</time>
        <extensions>
          <ns3:TrackPointExtension>
            <ns3:hr>85</ns3:hr>
          </ns3:TrackPointExtension>
        </extensions>
      </trkpt>
      <trkpt lat="23.18050526082515716552734375" lon="113.2607111893594264984130859375">
        <ele>9</ele>
        <time>2025-04-20T12:45:43.000Z</time>
        <extensions>
          <ns3:TrackPointExtension>
            <ns3:hr>85</ns3:hr>
          </ns3:TrackPointExtension>
        </extensions>
      </trkpt>
      <trkpt lat="23.18047969602048397064208984375" lon="113.26069182716310024261474609375">
        <ele>9</ele>
        <time>2025-04-20T12:45:44.000Z</time>
        <extensions>
          <ns3:TrackPointExtension>
            <ns3:hr>85</ns3:hr>
          </ns3:TrackPointExtension>
        </extensions>
      </trkpt>
      <trkpt lat="23.1804536283016204833984375" lon="113.2606766559183597564697265625">
        <ele>9</ele>
        <time>2025-04-20T12:45:45.000Z</time>
        <extensions>
          <ns3:TrackPointExtension>
            <ns3:hr>85</ns3:hr>
          </ns3:TrackPointExtension>
        </extensions>
      </trkpt>
      <trkpt lat="23.180428482592105865478515625" lon="113.26066366396844387054443359375">
        <ele>9</ele>
        <time>2025-04-20T12:45:46.000Z</time>
        <extensions>
          <ns3:TrackPointExtension>
            <ns3:hr>84</ns3:hr>
          </ns3:TrackPointExtension>
        </extensions>
      </trkpt>
      <trkpt lat="23.1804058514535427093505859375" lon="113.2606525160372257232666015625">
        <ele>9</ele>
        <time>2025-04-20T12:45:47.000Z</time>
        <extensions>
          <ns3:TrackPointExtension>
            <ns3:hr>85</ns3:hr>
          </ns3:TrackPointExtension>
        </extensions>
      </trkpt>
      <trkpt lat="23.18038498051464557647705078125" lon="113.260637931525707244873046875">
        <ele>9</ele>
        <time>2025-04-20T12:45:48.000Z</time>
        <extensions>
          <ns3:TrackPointExtension>
            <ns3:hr>85</ns3:hr>
          </ns3:TrackPointExtension>
        </extensions>
      </trkpt>
      <trkpt lat="23.18036167882382869720458984375" lon="113.2606220059096813201904296875">
        <ele>9</ele>
        <time>2025-04-20T12:45:49.000Z</time>
        <extensions>
          <ns3:TrackPointExtension>
            <ns3:hr>85</ns3:hr>
          </ns3:TrackPointExtension>
        </extensions>
      </trkpt>
      <trkpt lat="23.180339634418487548828125" lon="113.260607086122035980224609375">
        <ele>9</ele>
        <time>2025-04-20T12:45:50.000Z</time>
        <extensions>
          <ns3:TrackPointExtension>
            <ns3:hr>85</ns3:hr>
          </ns3:TrackPointExtension>
        </extensions>
      </trkpt>
      <trkpt lat="23.1803200207650661468505859375" lon="113.26059325598180294036865234375">
        <ele>9</ele>
        <time>2025-04-20T12:45:51.000Z</time>
        <extensions>
          <ns3:TrackPointExtension>
            <ns3:hr>85</ns3:hr>
          </ns3:TrackPointExtension>
        </extensions>
      </trkpt>
      <trkpt lat="23.18029881455004215240478515625" lon="113.26057992875576019287109375">
        <ele>9</ele>
        <time>2025-04-20T12:45:52.000Z</time>
        <extensions>
          <ns3:TrackPointExtension>
            <ns3:hr>85</ns3:hr>
          </ns3:TrackPointExtension>
        </extensions>
      </trkpt>
      <trkpt lat="23.1802771054208278656005859375" lon="113.26056727208197116851806640625">
        <ele>9</ele>
        <time>2025-04-20T12:45:53.000Z</time>
        <extensions>
          <ns3:TrackPointExtension>
            <ns3:hr>85</ns3:hr>
          </ns3:TrackPointExtension>
        </extensions>
      </trkpt>
      <trkpt lat="23.18025522865355014801025390625" lon="113.26055352576076984405517578125">
        <ele>9.19999980926513671875</ele>
        <time>2025-04-20T12:45:54.000Z</time>
        <extensions>
          <ns3:TrackPointExtension>
            <ns3:hr>84</ns3:hr>
          </ns3:TrackPointExtension>
        </extensions>
      </trkpt>
      <trkpt lat="23.180231340229511260986328125" lon="113.26053894124925136566162109375">
        <ele>9.19999980926513671875</ele>
        <time>2025-04-20T12:45:55.000Z</time>
        <extensions>
          <ns3:TrackPointExtension>
            <ns3:hr>84</ns3:hr>
          </ns3:TrackPointExtension>
        </extensions>
      </trkpt>
      <trkpt lat="23.18020828999578952789306640625" lon="113.260526619851589202880859375">
        <ele>9.3999996185302734375</ele>
        <time>2025-04-20T12:45:56.000Z</time>
        <extensions>
          <ns3:TrackPointExtension>
            <ns3:hr>85</ns3:hr>
          </ns3:TrackPointExtension>
        </extensions>
      </trkpt>
      <trkpt lat="23.18018264137208461761474609375" lon="113.260513879358768463134765625">
        <ele>9.3999996185302734375</ele>
        <time>2025-04-20T12:45:57.000Z</time>
        <extensions>
          <ns3:TrackPointExtension>
            <ns3:hr>85</ns3:hr>
          </ns3:TrackPointExtension>
        </extensions>
      </trkpt>
      <trkpt lat="23.1801537238061428070068359375" lon="113.26049921102821826934814453125">
        <ele>9.3999996185302734375</ele>
        <time>2025-04-20T12:45:58.000Z</time>
        <extensions>
          <ns3:TrackPointExtension>
            <ns3:hr>85</ns3:hr>
          </ns3:TrackPointExtension>
        </extensions>
      </trkpt>
      <trkpt lat="23.18012530915439128875732421875" lon="113.26048471033573150634765625">
        <ele>9.3999996185302734375</ele>
        <time>2025-04-20T12:45:59.000Z</time>
        <extensions>
          <ns3:TrackPointExtension>
            <ns3:hr>84</ns3:hr>
          </ns3:TrackPointExtension>
        </extensions>
      </trkpt>
      <trkpt lat="23.180093877017498016357421875" lon="113.26047088019549846649169921875">
        <ele>9.19999980926513671875</ele>
        <time>2025-04-20T12:46:00.000Z</time>
        <extensions>
          <ns3:TrackPointExtension>
            <ns3:hr>85</ns3:hr>
          </ns3:TrackPointExtension>
        </extensions>
      </trkpt>
      <trkpt lat="23.180060684680938720703125" lon="113.26045964844524860382080078125">
        <ele>9.19999980926513671875</ele>
        <time>2025-04-20T12:46:01.000Z</time>
        <extensions>
          <ns3:TrackPointExtension>
            <ns3:hr>85</ns3:hr>
          </ns3:TrackPointExtension>
        </extensions>
      </trkpt>
      <trkpt lat="23.18002992309629917144775390625" lon="113.260446488857269287109375">
        <ele>9.19999980926513671875</ele>
        <time>2025-04-20T12:46:02.000Z</time>
        <extensions>
          <ns3:TrackPointExtension>
            <ns3:hr>85</ns3:hr>
          </ns3:TrackPointExtension>
        </extensions>
      </trkpt>
      <trkpt lat="23.18000234663486480712890625" lon="113.26042964123189449310302734375">
        <ele>9</ele>
        <time>2025-04-20T12:46:03.000Z</time>
        <extensions>
          <ns3:TrackPointExtension>
            <ns3:hr>85</ns3:hr>
          </ns3:TrackPointExtension>
        </extensions>
      </trkpt>
      <trkpt lat="23.17997678183019161224365234375" lon="113.2604102790355682373046875">
        <ele>9</ele>
        <time>2025-04-20T12:46:04.000Z</time>
        <extensions>
          <ns3:TrackPointExtension>
            <ns3:hr>84</ns3:hr>
          </ns3:TrackPointExtension>
        </extensions>
      </trkpt>
      <trkpt lat="23.17995130084455013275146484375" lon="113.2603896595537662506103515625">
        <ele>9</ele>
        <time>2025-04-20T12:46:05.000Z</time>
        <extensions>
          <ns3:TrackPointExtension>
            <ns3:hr>84</ns3:hr>
          </ns3:TrackPointExtension>
        </extensions>
      </trkpt>
      <trkpt lat="23.17992456257343292236328125" lon="113.26037130318582057952880859375">
        <ele>9</ele>
        <time>2025-04-20T12:46:06.000Z</time>
        <extensions>
          <ns3:TrackPointExtension>
            <ns3:hr>84</ns3:hr>
          </ns3:TrackPointExtension>
        </extensions>
      </trkpt>
      <trkpt lat="23.17989732138812541961669921875" lon="113.260350935161113739013671875">
        <ele>9</ele>
        <time>2025-04-20T12:46:07.000Z</time>
        <extensions>
          <ns3:TrackPointExtension>
            <ns3:hr>85</ns3:hr>
          </ns3:TrackPointExtension>
        </extensions>
      </trkpt>
      <trkpt lat="23.179869242012500762939453125" lon="113.260329477488994598388671875">
        <ele>9</ele>
        <time>2025-04-20T12:46:08.000Z</time>
        <extensions>
          <ns3:TrackPointExtension>
            <ns3:hr>85</ns3:hr>
          </ns3:TrackPointExtension>
        </extensions>
      </trkpt>
      <trkpt lat="23.17983873188495635986328125" lon="113.26030726544559001922607421875">
        <ele>9</ele>
        <time>2025-04-20T12:46:09.000Z</time>
        <extensions>
          <ns3:TrackPointExtension>
            <ns3:hr>85</ns3:hr>
          </ns3:TrackPointExtension>
        </extensions>
      </trkpt>
      <trkpt lat="23.1798110716044902801513671875" lon="113.26028010807931423187255859375">
        <ele>9.19999980926513671875</ele>
        <time>2025-04-20T12:46:10.000Z</time>
        <extensions>
          <ns3:TrackPointExtension>
            <ns3:hr>85</ns3:hr>
          </ns3:TrackPointExtension>
        </extensions>
      </trkpt>
      <trkpt lat="23.179787434637546539306640625" lon="113.26025404036045074462890625">
        <ele>9.19999980926513671875</ele>
        <time>2025-04-20T12:46:11.000Z</time>
        <extensions>
          <ns3:TrackPointExtension>
            <ns3:hr>85</ns3:hr>
          </ns3:TrackPointExtension>
        </extensions>
      </trkpt>
      <trkpt lat="23.1797589361667633056640625" lon="113.2602320797741413116455078125">
        <ele>9.19999980926513671875</ele>
        <time>2025-04-20T12:46:12.000Z</time>
        <extensions>
          <ns3:TrackPointExtension>
            <ns3:hr>85</ns3:hr>
          </ns3:TrackPointExtension>
        </extensions>
      </trkpt>
      <trkpt lat="23.1797275878489017486572265625" lon="113.26021254993975162506103515625">
        <ele>9.19999980926513671875</ele>
        <time>2025-04-20T12:46:13.000Z</time>
        <extensions>
          <ns3:TrackPointExtension>
            <ns3:hr>85</ns3:hr>
          </ns3:TrackPointExtension>
        </extensions>
      </trkpt>
      <trkpt lat="23.17969582043588161468505859375" lon="113.26019092462956905364990234375">
        <ele>9.3999996185302734375</ele>
        <time>2025-04-20T12:46:14.000Z</time>
        <extensions>
          <ns3:TrackPointExtension>
            <ns3:hr>86</ns3:hr>
          </ns3:TrackPointExtension>
        </extensions>
      </trkpt>
      <trkpt lat="23.179661370813846588134765625" lon="113.260168544948101043701171875">
        <ele>9.3999996185302734375</ele>
        <time>2025-04-20T12:46:15.000Z</time>
        <extensions>
          <ns3:TrackPointExtension>
            <ns3:hr>86</ns3:hr>
          </ns3:TrackPointExtension>
        </extensions>
      </trkpt>
      <trkpt lat="23.179628513753414154052734375" lon="113.26014482416212558746337890625">
        <ele>9.3999996185302734375</ele>
        <time>2025-04-20T12:46:16.000Z</time>
        <extensions>
          <ns3:TrackPointExtension>
            <ns3:hr>86</ns3:hr>
          </ns3:TrackPointExtension>
        </extensions>
      </trkpt>
      <trkpt lat="23.17959641106426715850830078125" lon="113.26012194156646728515625">
        <ele>9.3999996185302734375</ele>
        <time>2025-04-20T12:46:17.000Z</time>
        <extensions>
          <ns3:TrackPointExtension>
            <ns3:hr>86</ns3:hr>
          </ns3:TrackPointExtension>
        </extensions>
      </trkpt>
      <trkpt lat="23.17956321872770786285400390625" lon="113.2601018249988555908203125">
        <ele>9.3999996185302734375</ele>
        <time>2025-04-20T12:46:18.000Z</time>
        <extensions>
          <ns3:TrackPointExtension>
            <ns3:hr>86</ns3:hr>
          </ns3:TrackPointExtension>
        </extensions>
      </trkpt>
      <trkpt lat="23.1795280985534191131591796875" lon="113.26008011586964130401611328125">
        <ele>9.19999980926513671875</ele>
        <time>2025-04-20T12:46:19.000Z</time>
        <extensions>
          <ns3:TrackPointExtension>
            <ns3:hr>87</ns3:hr>
          </ns3:TrackPointExtension>
        </extensions>
      </trkpt>
      <trkpt lat="23.17949473857879638671875" lon="113.2600604183971881866455078125">
        <ele>9.19999980926513671875</ele>
        <time>2025-04-20T12:46:20.000Z</time>
        <extensions>
          <ns3:TrackPointExtension>
            <ns3:hr>87</ns3:hr>
          </ns3:TrackPointExtension>
        </extensions>
      </trkpt>
      <trkpt lat="23.17945978604257106781005859375" lon="113.260037116706371307373046875">
        <ele>9.19999980926513671875</ele>
        <time>2025-04-20T12:46:21.000Z</time>
        <extensions>
          <ns3:TrackPointExtension>
            <ns3:hr>87</ns3:hr>
          </ns3:TrackPointExtension>
        </extensions>
      </trkpt>
      <trkpt lat="23.1794255040585994720458984375" lon="113.2600159943103790283203125">
        <ele>9</ele>
        <time>2025-04-20T12:46:22.000Z</time>
        <extensions>
          <ns3:TrackPointExtension>
            <ns3:hr>87</ns3:hr>
          </ns3:TrackPointExtension>
        </extensions>
      </trkpt>
      <trkpt lat="23.179390467703342437744140625" lon="113.25999797321856021881103515625">
        <ele>9</ele>
        <time>2025-04-20T12:46:23.000Z</time>
        <extensions>
          <ns3:TrackPointExtension>
            <ns3:hr>87</ns3:hr>
          </ns3:TrackPointExtension>
        </extensions>
      </trkpt>
      <trkpt lat="23.17935685627162456512451171875" lon="113.25997936539351940155029296875">
        <ele>9</ele>
        <time>2025-04-20T12:46:24.000Z</time>
        <extensions>
          <ns3:TrackPointExtension>
            <ns3:hr>87</ns3:hr>
          </ns3:TrackPointExtension>
        </extensions>
      </trkpt>
      <trkpt lat="23.17932349629700183868408203125" lon="113.25996075756847858428955078125">
        <ele>9</ele>
        <time>2025-04-20T12:46:25.000Z</time>
        <extensions>
          <ns3:TrackPointExtension>
            <ns3:hr>87</ns3:hr>
          </ns3:TrackPointExtension>
        </extensions>
      </trkpt>
      <trkpt lat="23.17928963340818881988525390625" lon="113.25994424521923065185546875">
        <ele>9</ele>
        <time>2025-04-20T12:46:26.000Z</time>
        <extensions>
          <ns3:TrackPointExtension>
            <ns3:hr>87</ns3:hr>
          </ns3:TrackPointExtension>
        </extensions>
      </trkpt>
      <trkpt lat="23.17925803363323211669921875" lon="113.259924463927745819091796875">
        <ele>9</ele>
        <time>2025-04-20T12:46:27.000Z</time>
        <extensions>
          <ns3:TrackPointExtension>
            <ns3:hr>87</ns3:hr>
          </ns3:TrackPointExtension>
        </extensions>
      </trkpt>
      <trkpt lat="23.179222829639911651611328125" lon="113.25990946032106876373291015625">
        <ele>9.19999980926513671875</ele>
        <time>2025-04-20T12:46:28.000Z</time>
        <extensions>
          <ns3:TrackPointExtension>
            <ns3:hr>87</ns3:hr>
          </ns3:TrackPointExtension>
        </extensions>
      </trkpt>
      <trkpt lat="23.17918829619884490966796875" lon="113.25989219360053539276123046875">
        <ele>9.19999980926513671875</ele>
        <time>2025-04-20T12:46:29.000Z</time>
        <extensions>
          <ns3:TrackPointExtension>
            <ns3:hr>87</ns3:hr>
          </ns3:TrackPointExtension>
        </extensions>
      </trkpt>
      <trkpt lat="23.17916004918515682220458984375" lon="113.25987174175679683685302734375">
        <ele>9.19999980926513671875</ele>
        <time>2025-04-20T12:46:30.000Z</time>
        <extensions>
          <ns3:TrackPointExtension>
            <ns3:hr>87</ns3:hr>
          </ns3:TrackPointExtension>
        </extensions>
      </trkpt>
      <trkpt lat="23.17912501282989978790283203125" lon="113.2598525471985340118408203125">
        <ele>9.19999980926513671875</ele>
        <time>2025-04-20T12:46:31.000Z</time>
        <extensions>
          <ns3:TrackPointExtension>
            <ns3:hr>87</ns3:hr>
          </ns3:TrackPointExtension>
        </extensions>
      </trkpt>
      <trkpt lat="23.179091401398181915283203125" lon="113.25983427464962005615234375">
        <ele>9.3999996185302734375</ele>
        <time>2025-04-20T12:46:32.000Z</time>
        <extensions>
          <ns3:TrackPointExtension>
            <ns3:hr>87</ns3:hr>
          </ns3:TrackPointExtension>
        </extensions>
      </trkpt>
      <trkpt lat="23.1790550239384174346923828125" lon="113.2598139904439449310302734375">
        <ele>9.3999996185302734375</ele>
        <time>2025-04-20T12:46:33.000Z</time>
        <extensions>
          <ns3:TrackPointExtension>
            <ns3:hr>87</ns3:hr>
          </ns3:TrackPointExtension>
        </extensions>
      </trkpt>
      <trkpt lat="23.179021663963794708251953125" lon="113.2597925327718257904052734375">
        <ele>9.6000003814697265625</ele>
        <time>2025-04-20T12:46:34.000Z</time>
        <extensions>
          <ns3:TrackPointExtension>
            <ns3:hr>87</ns3:hr>
          </ns3:TrackPointExtension>
        </extensions>
      </trkpt>
      <trkpt lat="23.17898654378950595855712890625" lon="113.25976931490004062652587890625">
        <ele>9.80000019073486328125</ele>
        <time>2025-04-20T12:46:35.000Z</time>
        <extensions>
          <ns3:TrackPointExtension>
            <ns3:hr>87</ns3:hr>
          </ns3:TrackPointExtension>
        </extensions>
      </trkpt>
      <trkpt lat="23.1789520941674709320068359375" lon="113.2597486115992069244384765625">
        <ele>9.80000019073486328125</ele>
        <time>2025-04-20T12:46:36.000Z</time>
        <extensions>
          <ns3:TrackPointExtension>
            <ns3:hr>87</ns3:hr>
          </ns3:TrackPointExtension>
        </extensions>
      </trkpt>
      <trkpt lat="23.17891797982156276702880859375" lon="113.25973126105964183807373046875">
        <ele>10</ele>
        <time>2025-04-20T12:46:37.000Z</time>
        <extensions>
          <ns3:TrackPointExtension>
            <ns3:hr>87</ns3:hr>
          </ns3:TrackPointExtension>
        </extensions>
      </trkpt>
      <trkpt lat="23.17888294346630573272705078125" lon="113.259713910520076751708984375">
        <ele>10</ele>
        <time>2025-04-20T12:46:38.000Z</time>
        <extensions>
          <ns3:TrackPointExtension>
            <ns3:hr>87</ns3:hr>
          </ns3:TrackPointExtension>
        </extensions>
      </trkpt>
      <trkpt lat="23.178848326206207275390625" lon="113.25969136320054531097412109375">
        <ele>10</ele>
        <time>2025-04-20T12:46:39.000Z</time>
        <extensions>
          <ns3:TrackPointExtension>
            <ns3:hr>87</ns3:hr>
          </ns3:TrackPointExtension>
        </extensions>
      </trkpt>
      <trkpt lat="23.17881387658417224884033203125" lon="113.2596714980900287628173828125">
        <ele>10</ele>
        <time>2025-04-20T12:46:40.000Z</time>
        <extensions>
          <ns3:TrackPointExtension>
            <ns3:hr>87</ns3:hr>
          </ns3:TrackPointExtension>
        </extensions>
      </trkpt>
      <trkpt lat="23.178778924047946929931640625" lon="113.25965146534144878387451171875">
        <ele>10</ele>
        <time>2025-04-20T12:46:41.000Z</time>
        <extensions>
          <ns3:TrackPointExtension>
            <ns3:hr>87</ns3:hr>
          </ns3:TrackPointExtension>
        </extensions>
      </trkpt>
      <trkpt lat="23.1787472404539585113525390625" lon="113.25963302515447139739990234375">
        <ele>10</ele>
        <time>2025-04-20T12:46:42.000Z</time>
        <extensions>
          <ns3:TrackPointExtension>
            <ns3:hr>87</ns3:hr>
          </ns3:TrackPointExtension>
        </extensions>
      </trkpt>
      <trkpt lat="23.17871379666030406951904296875" lon="113.2596165128052234649658203125">
        <ele>10</ele>
        <time>2025-04-20T12:46:43.000Z</time>
        <extensions>
          <ns3:TrackPointExtension>
            <ns3:hr>88</ns3:hr>
          </ns3:TrackPointExtension>
        </extensions>
      </trkpt>
      <trkpt lat="23.17867859266698360443115234375" lon="113.25959815643727779388427734375">
        <ele>10</ele>
        <time>2025-04-20T12:46:44.000Z</time>
        <extensions>
          <ns3:TrackPointExtension>
            <ns3:hr>88</ns3:hr>
          </ns3:TrackPointExtension>
        </extensions>
      </trkpt>
      <trkpt lat="23.1786416284739971160888671875" lon="113.25958139263093471527099609375">
        <ele>10</ele>
        <time>2025-04-20T12:46:45.000Z</time>
        <extensions>
          <ns3:TrackPointExtension>
            <ns3:hr>88</ns3:hr>
          </ns3:TrackPointExtension>
        </extensions>
      </trkpt>
      <trkpt lat="23.1786077655851840972900390625" lon="113.25956412591040134429931640625">
        <ele>10.19999980926513671875</ele>
        <time>2025-04-20T12:46:46.000Z</time>
        <extensions>
          <ns3:TrackPointExtension>
            <ns3:hr>88</ns3:hr>
          </ns3:TrackPointExtension>
        </extensions>
      </trkpt>
      <trkpt lat="23.1785755790770053863525390625" lon="113.2595484517514705657958984375">
        <ele>10</ele>
        <time>2025-04-20T12:46:47.000Z</time>
        <extensions>
          <ns3:TrackPointExtension>
            <ns3:hr>88</ns3:hr>
          </ns3:TrackPointExtension>
        </extensions>
      </trkpt>
      <trkpt lat="23.1785413809120655059814453125" lon="113.25953059829771518707275390625">
        <ele>10</ele>
        <time>2025-04-20T12:46:48.000Z</time>
        <extensions>
          <ns3:TrackPointExtension>
            <ns3:hr>87</ns3:hr>
          </ns3:TrackPointExtension>
        </extensions>
      </trkpt>
      <trkpt lat="23.1785078532993793487548828125" lon="113.2595112361013889312744140625">
        <ele>9.80000019073486328125</ele>
        <time>2025-04-20T12:46:49.000Z</time>
        <extensions>
          <ns3:TrackPointExtension>
            <ns3:hr>87</ns3:hr>
          </ns3:TrackPointExtension>
        </extensions>
      </trkpt>
      <trkpt lat="23.17847323603928089141845703125" lon="113.259485922753810882568359375">
        <ele>9.80000019073486328125</ele>
        <time>2025-04-20T12:46:50.000Z</time>
        <extensions>
          <ns3:TrackPointExtension>
            <ns3:hr>86</ns3:hr>
          </ns3:TrackPointExtension>
        </extensions>
      </trkpt>
      <trkpt lat="23.17844088189303874969482421875" lon="113.2594642974436283111572265625">
        <ele>9.6000003814697265625</ele>
        <time>2025-04-20T12:46:51.000Z</time>
        <extensions>
          <ns3:TrackPointExtension>
            <ns3:hr>88</ns3:hr>
          </ns3:TrackPointExtension>
        </extensions>
      </trkpt>
      <trkpt lat="23.17840919829905033111572265625" lon="113.2594425044953823089599609375">
        <ele>9.6000003814697265625</ele>
        <time>2025-04-20T12:46:52.000Z</time>
        <extensions>
          <ns3:TrackPointExtension>
            <ns3:hr>88</ns3:hr>
          </ns3:TrackPointExtension>
        </extensions>
      </trkpt>
      <trkpt lat="23.1783764250576496124267578125" lon="113.2594243995845317840576171875">
        <ele>9.3999996185302734375</ele>
        <time>2025-04-20T12:46:53.000Z</time>
        <extensions>
          <ns3:TrackPointExtension>
            <ns3:hr>88</ns3:hr>
          </ns3:TrackPointExtension>
        </extensions>
      </trkpt>
      <trkpt lat="23.17834449000656604766845703125" lon="113.2594119943678379058837890625">
        <ele>9.3999996185302734375</ele>
        <time>2025-04-20T12:46:54.000Z</time>
        <extensions>
          <ns3:TrackPointExtension>
            <ns3:hr>88</ns3:hr>
          </ns3:TrackPointExtension>
        </extensions>
      </trkpt>
      <trkpt lat="23.17831180058419704437255859375" lon="113.25940051116049289703369140625">
        <ele>9.3999996185302734375</ele>
        <time>2025-04-20T12:46:55.000Z</time>
        <extensions>
          <ns3:TrackPointExtension>
            <ns3:hr>88</ns3:hr>
          </ns3:TrackPointExtension>
        </extensions>
      </trkpt>
      <trkpt lat="23.1782810389995574951171875" lon="113.2593865133821964263916015625">
        <ele>9.3999996185302734375</ele>
        <time>2025-04-20T12:46:56.000Z</time>
        <extensions>
          <ns3:TrackPointExtension>
            <ns3:hr>88</ns3:hr>
          </ns3:TrackPointExtension>
        </extensions>
      </trkpt>
      <trkpt lat="23.1782483495771884918212890625" lon="113.25937201268970966339111328125">
        <ele>9.3999996185302734375</ele>
        <time>2025-04-20T12:46:57.000Z</time>
        <extensions>
          <ns3:TrackPointExtension>
            <ns3:hr>88</ns3:hr>
          </ns3:TrackPointExtension>
        </extensions>
      </trkpt>
      <trkpt lat="23.17821959964931011199951171875" lon="113.2593561708927154541015625">
        <ele>9.3999996185302734375</ele>
        <time>2025-04-20T12:46:58.000Z</time>
        <extensions>
          <ns3:TrackPointExtension>
            <ns3:hr>87</ns3:hr>
          </ns3:TrackPointExtension>
        </extensions>
      </trkpt>
      <trkpt lat="23.17819051444530487060546875" lon="113.259339071810245513916015625">
        <ele>9.3999996185302734375</ele>
        <time>2025-04-20T12:46:59.000Z</time>
        <extensions>
          <ns3:TrackPointExtension>
            <ns3:hr>87</ns3:hr>
          </ns3:TrackPointExtension>
        </extensions>
      </trkpt>
      <trkpt lat="23.17815992049872875213623046875" lon="113.25931903906166553497314453125">
        <ele>9.3999996185302734375</ele>
        <time>2025-04-20T12:47:00.000Z</time>
        <extensions>
          <ns3:TrackPointExtension>
            <ns3:hr>87</ns3:hr>
          </ns3:TrackPointExtension>
        </extensions>
      </trkpt>
      <trkpt lat="23.17812614142894744873046875" lon="113.25929783284664154052734375">
        <ele>9.3999996185302734375</ele>
        <time>2025-04-20T12:47:01.000Z</time>
        <extensions>
          <ns3:TrackPointExtension>
            <ns3:hr>87</ns3:hr>
          </ns3:TrackPointExtension>
        </extensions>
      </trkpt>
      <trkpt lat="23.1780931167304515838623046875" lon="113.25927863828837871551513671875">
        <ele>9.3999996185302734375</ele>
        <time>2025-04-20T12:47:02.000Z</time>
        <extensions>
          <ns3:TrackPointExtension>
            <ns3:hr>87</ns3:hr>
          </ns3:TrackPointExtension>
        </extensions>
      </trkpt>
      <trkpt lat="23.178059756755828857421875" lon="113.2592577673494815826416015625">
        <ele>9.3999996185302734375</ele>
        <time>2025-04-20T12:47:03.000Z</time>
        <extensions>
          <ns3:TrackPointExtension>
            <ns3:hr>87</ns3:hr>
          </ns3:TrackPointExtension>
        </extensions>
      </trkpt>
      <trkpt lat="23.178027234971523284912109375" lon="113.25924293138086795806884765625">
        <ele>9.3999996185302734375</ele>
        <time>2025-04-20T12:47:04.000Z</time>
        <extensions>
          <ns3:TrackPointExtension>
            <ns3:hr>87</ns3:hr>
          </ns3:TrackPointExtension>
        </extensions>
      </trkpt>
      <trkpt lat="23.1779895164072513580322265625" lon="113.259223066270351409912109375">
        <ele>9.3999996185302734375</ele>
        <time>2025-04-20T12:47:05.000Z</time>
        <extensions>
          <ns3:TrackPointExtension>
            <ns3:hr>87</ns3:hr>
          </ns3:TrackPointExtension>
        </extensions>
      </trkpt>
      <trkpt lat="23.1779484450817108154296875" lon="113.2592044584453105926513671875">
        <ele>9.19999980926513671875</ele>
        <time>2025-04-20T12:47:06.000Z</time>
        <extensions>
          <ns3:TrackPointExtension>
            <ns3:hr>87</ns3:hr>
          </ns3:TrackPointExtension>
        </extensions>
      </trkpt>
      <trkpt lat="23.177912235260009765625" lon="113.25918593443930149078369140625">
        <ele>9.19999980926513671875</ele>
        <time>2025-04-20T12:47:07.000Z</time>
        <extensions>
          <ns3:TrackPointExtension>
            <ns3:hr>87</ns3:hr>
          </ns3:TrackPointExtension>
        </extensions>
      </trkpt>
      <trkpt lat="23.17787376232445240020751953125" lon="113.2591638900339603424072265625">
        <ele>9.19999980926513671875</ele>
        <time>2025-04-20T12:47:08.000Z</time>
        <extensions>
          <ns3:TrackPointExtension>
            <ns3:hr>87</ns3:hr>
          </ns3:TrackPointExtension>
        </extensions>
      </trkpt>
      <trkpt lat="23.17783352918922901153564453125" lon="113.2591415941715240478515625">
        <ele>9.19999980926513671875</ele>
        <time>2025-04-20T12:47:09.000Z</time>
        <extensions>
          <ns3:TrackPointExtension>
            <ns3:hr>87</ns3:hr>
          </ns3:TrackPointExtension>
        </extensions>
      </trkpt>
      <trkpt lat="23.17779622972011566162109375" lon="113.25911921449005603790283203125">
        <ele>9.19999980926513671875</ele>
        <time>2025-04-20T12:47:10.000Z</time>
        <extensions>
          <ns3:TrackPointExtension>
            <ns3:hr>87</ns3:hr>
          </ns3:TrackPointExtension>
        </extensions>
      </trkpt>
      <trkpt lat="23.17775666713714599609375" lon="113.25909473933279514312744140625">
        <ele>9</ele>
        <time>2025-04-20T12:47:11.000Z</time>
        <extensions>
          <ns3:TrackPointExtension>
            <ns3:hr>88</ns3:hr>
          </ns3:TrackPointExtension>
        </extensions>
      </trkpt>
      <trkpt lat="23.17771752364933490753173828125" lon="113.2590745389461517333984375">
        <ele>9</ele>
        <time>2025-04-20T12:47:12.000Z</time>
        <extensions>
          <ns3:TrackPointExtension>
            <ns3:hr>88</ns3:hr>
          </ns3:TrackPointExtension>
        </extensions>
      </trkpt>
      <trkpt lat="23.1776790507137775421142578125" lon="113.25905383564531803131103515625">
        <ele>9</ele>
        <time>2025-04-20T12:47:13.000Z</time>
        <extensions>
          <ns3:TrackPointExtension>
            <ns3:hr>88</ns3:hr>
          </ns3:TrackPointExtension>
        </extensions>
      </trkpt>
      <trkpt lat="23.1776401586830615997314453125" lon="113.25903371907770633697509765625">
        <ele>9</ele>
        <time>2025-04-20T12:47:14.000Z</time>
        <extensions>
          <ns3:TrackPointExtension>
            <ns3:hr>88</ns3:hr>
          </ns3:TrackPointExtension>
        </extensions>
      </trkpt>
      <trkpt lat="23.1776032783091068267822265625" lon="113.25901083648204803466796875">
        <ele>9</ele>
        <time>2025-04-20T12:47:15.000Z</time>
        <extensions>
          <ns3:TrackPointExtension>
            <ns3:hr>88</ns3:hr>
          </ns3:TrackPointExtension>
        </extensions>
      </trkpt>
      <trkpt lat="23.17756547592580318450927734375" lon="113.25898929499089717864990234375">
        <ele>9</ele>
        <time>2025-04-20T12:47:16.000Z</time>
        <extensions>
          <ns3:TrackPointExtension>
            <ns3:hr>88</ns3:hr>
          </ns3:TrackPointExtension>
        </extensions>
      </trkpt>
      <trkpt lat="23.17752641625702381134033203125" lon="113.2589685916900634765625">
        <ele>9</ele>
        <time>2025-04-20T12:47:17.000Z</time>
        <extensions>
          <ns3:TrackPointExtension>
            <ns3:hr>88</ns3:hr>
          </ns3:TrackPointExtension>
        </extensions>
      </trkpt>
      <trkpt lat="23.17749037407338619232177734375" lon="113.25894822366535663604736328125">
        <ele>8.80000019073486328125</ele>
        <time>2025-04-20T12:47:18.000Z</time>
        <extensions>
          <ns3:TrackPointExtension>
            <ns3:hr>88</ns3:hr>
          </ns3:TrackPointExtension>
        </extensions>
      </trkpt>
      <trkpt lat="23.177453577518463134765625" lon="113.2589271850883960723876953125">
        <ele>9</ele>
        <time>2025-04-20T12:47:19.000Z</time>
        <extensions>
          <ns3:TrackPointExtension>
            <ns3:hr>86</ns3:hr>
          </ns3:TrackPointExtension>
        </extensions>
      </trkpt>
      <trkpt lat="23.1774146854877471923828125" lon="113.2589055597782135009765625">
        <ele>8.80000019073486328125</ele>
        <time>2025-04-20T12:47:20.000Z</time>
        <extensions>
          <ns3:TrackPointExtension>
            <ns3:hr>86</ns3:hr>
          </ns3:TrackPointExtension>
        </extensions>
      </trkpt>
      <trkpt lat="23.1773742847144603729248046875" lon="113.25888250954449176788330078125">
        <ele>8.80000019073486328125</ele>
        <time>2025-04-20T12:47:21.000Z</time>
        <extensions>
          <ns3:TrackPointExtension>
            <ns3:hr>86</ns3:hr>
          </ns3:TrackPointExtension>
        </extensions>
      </trkpt>
      <trkpt lat="23.17733212374150753021240234375" lon="113.258860297501087188720703125">
        <ele>8.80000019073486328125</ele>
        <time>2025-04-20T12:47:22.000Z</time>
        <extensions>
          <ns3:TrackPointExtension>
            <ns3:hr>86</ns3:hr>
          </ns3:TrackPointExtension>
        </extensions>
      </trkpt>
      <trkpt lat="23.177290968596935272216796875" lon="113.25883808545768260955810546875">
        <ele>8.6000003814697265625</ele>
        <time>2025-04-20T12:47:23.000Z</time>
        <extensions>
          <ns3:TrackPointExtension>
            <ns3:hr>86</ns3:hr>
          </ns3:TrackPointExtension>
        </extensions>
      </trkpt>
      <trkpt lat="23.17725232802331447601318359375" lon="113.25881595723330974578857421875">
        <ele>8.6000003814697265625</ele>
        <time>2025-04-20T12:47:24.000Z</time>
        <extensions>
          <ns3:TrackPointExtension>
            <ns3:hr>85</ns3:hr>
          </ns3:TrackPointExtension>
        </extensions>
      </trkpt>
      <trkpt lat="23.17721226252615451812744140625" lon="113.2587947510182857513427734375">
        <ele>8.6000003814697265625</ele>
        <time>2025-04-20T12:47:25.000Z</time>
        <extensions>
          <ns3:TrackPointExtension>
            <ns3:hr>85</ns3:hr>
          </ns3:TrackPointExtension>
        </extensions>
      </trkpt>
      <trkpt lat="23.17717119120061397552490234375" lon="113.2587719522416591644287109375">
        <ele>8.6000003814697265625</ele>
        <time>2025-04-20T12:47:26.000Z</time>
        <extensions>
          <ns3:TrackPointExtension>
            <ns3:hr>87</ns3:hr>
          </ns3:TrackPointExtension>
        </extensions>
      </trkpt>
      <trkpt lat="23.1771330535411834716796875" lon="113.2587471418082714080810546875">
        <ele>8.3999996185302734375</ele>
        <time>2025-04-20T12:47:27.000Z</time>
        <extensions>
          <ns3:TrackPointExtension>
            <ns3:hr>87</ns3:hr>
          </ns3:TrackPointExtension>
        </extensions>
      </trkpt>
      <trkpt lat="23.177092485129833221435546875" lon="113.258722834289073944091796875">
        <ele>8.3999996185302734375</ele>
        <time>2025-04-20T12:47:28.000Z</time>
        <extensions>
          <ns3:TrackPointExtension>
            <ns3:hr>87</ns3:hr>
          </ns3:TrackPointExtension>
        </extensions>
      </trkpt>
      <trkpt lat="23.177050910890102386474609375" lon="113.25869794003665447235107421875">
        <ele>8.3999996185302734375</ele>
        <time>2025-04-20T12:47:29.000Z</time>
        <extensions>
          <ns3:TrackPointExtension>
            <ns3:hr>87</ns3:hr>
          </ns3:TrackPointExtension>
        </extensions>
      </trkpt>
      <trkpt lat="23.1770131923258304595947265625" lon="113.25867497362196445465087890625">
        <ele>8.3999996185302734375</ele>
        <time>2025-04-20T12:47:30.000Z</time>
        <extensions>
          <ns3:TrackPointExtension>
            <ns3:hr>87</ns3:hr>
          </ns3:TrackPointExtension>
        </extensions>
      </trkpt>
      <trkpt lat="23.1769722886383533477783203125" lon="113.258650414645671844482421875">
        <ele>8.3999996185302734375</ele>
        <time>2025-04-20T12:47:31.000Z</time>
        <extensions>
          <ns3:TrackPointExtension>
            <ns3:hr>88</ns3:hr>
          </ns3:TrackPointExtension>
        </extensions>
      </trkpt>
      <trkpt lat="23.1769317202270030975341796875" lon="113.25862769968807697296142578125">
        <ele>8.3999996185302734375</ele>
        <time>2025-04-20T12:47:32.000Z</time>
        <extensions>
          <ns3:TrackPointExtension>
            <ns3:hr>87</ns3:hr>
          </ns3:TrackPointExtension>
        </extensions>
      </trkpt>
      <trkpt lat="23.17688964307308197021484375" lon="113.25860372744500637054443359375">
        <ele>8.19999980926513671875</ele>
        <time>2025-04-20T12:47:33.000Z</time>
        <extensions>
          <ns3:TrackPointExtension>
            <ns3:hr>87</ns3:hr>
          </ns3:TrackPointExtension>
        </extensions>
      </trkpt>
      <trkpt lat="23.1768502481281757354736328125" lon="113.25858302414417266845703125">
        <ele>8.19999980926513671875</ele>
        <time>2025-04-20T12:47:34.000Z</time>
        <extensions>
          <ns3:TrackPointExtension>
            <ns3:hr>87</ns3:hr>
          </ns3:TrackPointExtension>
        </extensions>
      </trkpt>
      <trkpt lat="23.17680917680263519287109375" lon="113.2585622370243072509765625">
        <ele>8</ele>
        <time>2025-04-20T12:47:35.000Z</time>
        <extensions>
          <ns3:TrackPointExtension>
            <ns3:hr>87</ns3:hr>
          </ns3:TrackPointExtension>
        </extensions>
      </trkpt>
      <trkpt lat="23.17676802165806293487548828125" lon="113.25854086317121982574462890625">
        <ele>8</ele>
        <time>2025-04-20T12:47:36.000Z</time>
        <extensions>
          <ns3:TrackPointExtension>
            <ns3:hr>87</ns3:hr>
          </ns3:TrackPointExtension>
        </extensions>
      </trkpt>
      <trkpt lat="23.176727034151554107666015625" lon="113.25851890258491039276123046875">
        <ele>8</ele>
        <time>2025-04-20T12:47:37.000Z</time>
        <extensions>
          <ns3:TrackPointExtension>
            <ns3:hr>87</ns3:hr>
          </ns3:TrackPointExtension>
        </extensions>
      </trkpt>
      <trkpt lat="23.17668856121599674224853515625" lon="113.25850331224501132965087890625">
        <ele>8</ele>
        <time>2025-04-20T12:47:38.000Z</time>
        <extensions>
          <ns3:TrackPointExtension>
            <ns3:hr>86</ns3:hr>
          </ns3:TrackPointExtension>
        </extensions>
      </trkpt>
      <trkpt lat="23.17664514295756816864013671875" lon="113.25848244130611419677734375">
        <ele>8</ele>
        <time>2025-04-20T12:47:39.000Z</time>
        <extensions>
          <ns3:TrackPointExtension>
            <ns3:hr>86</ns3:hr>
          </ns3:TrackPointExtension>
        </extensions>
      </trkpt>
      <trkpt lat="23.17660289816558361053466796875" lon="113.2584651745855808258056640625">
        <ele>8</ele>
        <time>2025-04-20T12:47:40.000Z</time>
        <extensions>
          <ns3:TrackPointExtension>
            <ns3:hr>86</ns3:hr>
          </ns3:TrackPointExtension>
        </extensions>
      </trkpt>
      <trkpt lat="23.17656383849680423736572265625" lon="113.258448578417301177978515625">
        <ele>8</ele>
        <time>2025-04-20T12:47:41.000Z</time>
        <extensions>
          <ns3:TrackPointExtension>
            <ns3:hr>86</ns3:hr>
          </ns3:TrackPointExtension>
        </extensions>
      </trkpt>
      <trkpt lat="23.17652578465640544891357421875" lon="113.25843139551579952239990234375">
        <ele>8.19999980926513671875</ele>
        <time>2025-04-20T12:47:42.000Z</time>
        <extensions>
          <ns3:TrackPointExtension>
            <ns3:hr>86</ns3:hr>
          </ns3:TrackPointExtension>
        </extensions>
      </trkpt>
      <trkpt lat="23.17648865282535552978515625" lon="113.25841312296688556671142578125">
        <ele>8.19999980926513671875</ele>
        <time>2025-04-20T12:47:43.000Z</time>
        <extensions>
          <ns3:TrackPointExtension>
            <ns3:hr>85</ns3:hr>
          </ns3:TrackPointExtension>
        </extensions>
      </trkpt>
      <trkpt lat="23.176450766623020172119140625" lon="113.25839459896087646484375">
        <ele>8</ele>
        <time>2025-04-20T12:47:44.000Z</time>
        <extensions>
          <ns3:TrackPointExtension>
            <ns3:hr>85</ns3:hr>
          </ns3:TrackPointExtension>
        </extensions>
      </trkpt>
      <trkpt lat="23.17641832865774631500244140625" lon="113.2583716325461864471435546875">
        <ele>8</ele>
        <time>2025-04-20T12:47:45.000Z</time>
        <extensions>
          <ns3:TrackPointExtension>
            <ns3:hr>85</ns3:hr>
          </ns3:TrackPointExtension>
        </extensions>
      </trkpt>
      <trkpt lat="23.176381029188632965087890625" lon="113.25835009105503559112548828125">
        <ele>8</ele>
        <time>2025-04-20T12:47:46.000Z</time>
        <extensions>
          <ns3:TrackPointExtension>
            <ns3:hr>85</ns3:hr>
          </ns3:TrackPointExtension>
        </extensions>
      </trkpt>
      <trkpt lat="23.17634339444339275360107421875" lon="113.25833550654351711273193359375">
        <ele>8</ele>
        <time>2025-04-20T12:47:47.000Z</time>
        <extensions>
          <ns3:TrackPointExtension>
            <ns3:hr>85</ns3:hr>
          </ns3:TrackPointExtension>
        </extensions>
      </trkpt>
      <trkpt lat="23.17631036974489688873291015625" lon="113.25832444243133068084716796875">
        <ele>8</ele>
        <time>2025-04-20T12:47:48.000Z</time>
        <extensions>
          <ns3:TrackPointExtension>
            <ns3:hr>85</ns3:hr>
          </ns3:TrackPointExtension>
        </extensions>
      </trkpt>
      <trkpt lat="23.17628120072185993194580078125" lon="113.25831153430044651031494140625">
        <ele>8</ele>
        <time>2025-04-20T12:47:49.000Z</time>
        <extensions>
          <ns3:TrackPointExtension>
            <ns3:hr>85</ns3:hr>
          </ns3:TrackPointExtension>
        </extensions>
      </trkpt>
      <trkpt lat="23.176256306469440460205078125" lon="113.2583034038543701171875">
        <ele>8</ele>
        <time>2025-04-20T12:47:50.000Z</time>
        <extensions>
          <ns3:TrackPointExtension>
            <ns3:hr>84</ns3:hr>
          </ns3:TrackPointExtension>
        </extensions>
      </trkpt>
      <trkpt lat="23.17623116075992584228515625" lon="113.2582945190370082855224609375">
        <ele>8</ele>
        <time>2025-04-20T12:47:51.000Z</time>
        <extensions>
          <ns3:TrackPointExtension>
            <ns3:hr>84</ns3:hr>
          </ns3:TrackPointExtension>
        </extensions>
      </trkpt>
      <trkpt lat="23.17620567977428436279296875" lon="113.25828270055353641510009765625">
        <ele>8</ele>
        <time>2025-04-20T12:47:52.000Z</time>
        <extensions>
          <ns3:TrackPointExtension>
            <ns3:hr>84</ns3:hr>
          </ns3:TrackPointExtension>
        </extensions>
      </trkpt>
      <trkpt lat="23.17617952823638916015625" lon="113.258273899555206298828125">
        <ele>8</ele>
        <time>2025-04-20T12:47:53.000Z</time>
        <extensions>
          <ns3:TrackPointExtension>
            <ns3:hr>84</ns3:hr>
          </ns3:TrackPointExtension>
        </extensions>
      </trkpt>
      <trkpt lat="23.17615195177495479583740234375" lon="113.25826426036655902862548828125">
        <ele>8</ele>
        <time>2025-04-20T12:47:54.000Z</time>
        <extensions>
          <ns3:TrackPointExtension>
            <ns3:hr>84</ns3:hr>
          </ns3:TrackPointExtension>
        </extensions>
      </trkpt>
      <trkpt lat="23.17612429149448871612548828125" lon="113.25825235806405544281005859375">
        <ele>8</ele>
        <time>2025-04-20T12:47:55.000Z</time>
        <extensions>
          <ns3:TrackPointExtension>
            <ns3:hr>84</ns3:hr>
          </ns3:TrackPointExtension>
        </extensions>
      </trkpt>
      <trkpt lat="23.17609813995659351348876953125" lon="113.25823894701898097991943359375">
        <ele>8</ele>
        <time>2025-04-20T12:47:56.000Z</time>
        <extensions>
          <ns3:TrackPointExtension>
            <ns3:hr>84</ns3:hr>
          </ns3:TrackPointExtension>
        </extensions>
      </trkpt>
      <trkpt lat="23.17607198841869831085205078125" lon="113.25821614824235439300537109375">
        <ele>8</ele>
        <time>2025-04-20T12:47:57.000Z</time>
        <extensions>
          <ns3:TrackPointExtension>
            <ns3:hr>84</ns3:hr>
          </ns3:TrackPointExtension>
        </extensions>
      </trkpt>
      <trkpt lat="23.17604835145175457000732421875" lon="113.2581909187138080596923828125">
        <ele>8</ele>
        <time>2025-04-20T12:47:58.000Z</time>
        <extensions>
          <ns3:TrackPointExtension>
            <ns3:hr>85</ns3:hr>
          </ns3:TrackPointExtension>
        </extensions>
      </trkpt>
      <trkpt lat="23.17602219991385936737060546875" lon="113.25816937722265720367431640625">
        <ele>7.80000019073486328125</ele>
        <time>2025-04-20T12:47:59.000Z</time>
        <extensions>
          <ns3:TrackPointExtension>
            <ns3:hr>85</ns3:hr>
          </ns3:TrackPointExtension>
        </extensions>
      </trkpt>
      <trkpt lat="23.1759946234524250030517578125" lon="113.25815311633050441741943359375">
        <ele>7.80000019073486328125</ele>
        <time>2025-04-20T12:48:00.000Z</time>
        <extensions>
          <ns3:TrackPointExtension>
            <ns3:hr>85</ns3:hr>
          </ns3:TrackPointExtension>
        </extensions>
      </trkpt>
      <trkpt lat="23.1759651191532611846923828125" lon="113.2581359334290027618408203125">
        <ele>7.80000019073486328125</ele>
        <time>2025-04-20T12:48:01.000Z</time>
        <extensions>
          <ns3:TrackPointExtension>
            <ns3:hr>85</ns3:hr>
          </ns3:TrackPointExtension>
        </extensions>
      </trkpt>
      <trkpt lat="23.175936453044414520263671875" lon="113.25811673887073993682861328125">
        <ele>7.80000019073486328125</ele>
        <time>2025-04-20T12:48:02.000Z</time>
        <extensions>
          <ns3:TrackPointExtension>
            <ns3:hr>86</ns3:hr>
          </ns3:TrackPointExtension>
        </extensions>
      </trkpt>
      <trkpt lat="23.17590803839266300201416015625" lon="113.25809477828443050384521484375">
        <ele>7.80000019073486328125</ele>
        <time>2025-04-20T12:48:03.000Z</time>
        <extensions>
          <ns3:TrackPointExtension>
            <ns3:hr>86</ns3:hr>
          </ns3:TrackPointExtension>
        </extensions>
      </trkpt>
      <trkpt lat="23.175876773893833160400390625" lon="113.25807885266840457916259765625">
        <ele>8</ele>
        <time>2025-04-20T12:48:04.000Z</time>
        <extensions>
          <ns3:TrackPointExtension>
            <ns3:hr>86</ns3:hr>
          </ns3:TrackPointExtension>
        </extensions>
      </trkpt>
      <trkpt lat="23.1758440844714641571044921875" lon="113.258060999214649200439453125">
        <ele>8.19999980926513671875</ele>
        <time>2025-04-20T12:48:05.000Z</time>
        <extensions>
          <ns3:TrackPointExtension>
            <ns3:hr>86</ns3:hr>
          </ns3:TrackPointExtension>
        </extensions>
      </trkpt>
      <trkpt lat="23.1758088804781436920166015625" lon="113.25804163701832294464111328125">
        <ele>8.19999980926513671875</ele>
        <time>2025-04-20T12:48:06.000Z</time>
        <extensions>
          <ns3:TrackPointExtension>
            <ns3:hr>86</ns3:hr>
          </ns3:TrackPointExtension>
        </extensions>
      </trkpt>
      <trkpt lat="23.17577191628515720367431640625" lon="113.2580199278891086578369140625">
        <ele>8.19999980926513671875</ele>
        <time>2025-04-20T12:48:07.000Z</time>
        <extensions>
          <ns3:TrackPointExtension>
            <ns3:hr>85</ns3:hr>
          </ns3:TrackPointExtension>
        </extensions>
      </trkpt>
      <trkpt lat="23.1757394783198833465576171875" lon="113.25799469836056232452392578125">
        <ele>8.19999980926513671875</ele>
        <time>2025-04-20T12:48:08.000Z</time>
        <extensions>
          <ns3:TrackPointExtension>
            <ns3:hr>86</ns3:hr>
          </ns3:TrackPointExtension>
        </extensions>
      </trkpt>
      <trkpt lat="23.1757062859833240509033203125" lon="113.25797726400196552276611328125">
        <ele>8.19999980926513671875</ele>
        <time>2025-04-20T12:48:09.000Z</time>
        <extensions>
          <ns3:TrackPointExtension>
            <ns3:hr>86</ns3:hr>
          </ns3:TrackPointExtension>
        </extensions>
      </trkpt>
      <trkpt lat="23.175675608217716217041015625" lon="113.2579575665295124053955078125">
        <ele>8.19999980926513671875</ele>
        <time>2025-04-20T12:48:10.000Z</time>
        <extensions>
          <ns3:TrackPointExtension>
            <ns3:hr>86</ns3:hr>
          </ns3:TrackPointExtension>
        </extensions>
      </trkpt>
      <trkpt lat="23.17564719356596469879150390625" lon="113.25794239528477191925048828125">
        <ele>8.19999980926513671875</ele>
        <time>2025-04-20T12:48:11.000Z</time>
        <extensions>
          <ns3:TrackPointExtension>
            <ns3:hr>86</ns3:hr>
          </ns3:TrackPointExtension>
        </extensions>
      </trkpt>
      <trkpt lat="23.1756187789142131805419921875" lon="113.2579253800213336944580078125">
        <ele>8.3999996185302734375</ele>
        <time>2025-04-20T12:48:12.000Z</time>
        <extensions>
          <ns3:TrackPointExtension>
            <ns3:hr>87</ns3:hr>
          </ns3:TrackPointExtension>
        </extensions>
      </trkpt>
      <trkpt lat="23.17558416165411472320556640625" lon="113.25790769420564174652099609375">
        <ele>8.3999996185302734375</ele>
        <time>2025-04-20T12:48:13.000Z</time>
        <extensions>
          <ns3:TrackPointExtension>
            <ns3:hr>87</ns3:hr>
          </ns3:TrackPointExtension>
        </extensions>
      </trkpt>
      <trkpt lat="23.1755483709275722503662109375" lon="113.2578881643712520599365234375">
        <ele>8.3999996185302734375</ele>
        <time>2025-04-20T12:48:14.000Z</time>
        <extensions>
          <ns3:TrackPointExtension>
            <ns3:hr>87</ns3:hr>
          </ns3:TrackPointExtension>
        </extensions>
      </trkpt>
      <trkpt lat="23.175515346229076385498046875" lon="113.2578687183558940887451171875">
        <ele>8.3999996185302734375</ele>
        <time>2025-04-20T12:48:15.000Z</time>
        <extensions>
          <ns3:TrackPointExtension>
            <ns3:hr>87</ns3:hr>
          </ns3:TrackPointExtension>
        </extensions>
      </trkpt>
      <trkpt lat="23.17548374645411968231201171875" lon="113.2578529603779315948486328125">
        <ele>8.3999996185302734375</ele>
        <time>2025-04-20T12:48:16.000Z</time>
        <extensions>
          <ns3:TrackPointExtension>
            <ns3:hr>87</ns3:hr>
          </ns3:TrackPointExtension>
        </extensions>
      </trkpt>
      <trkpt lat="23.17544887773692607879638671875" lon="113.25783602893352508544921875">
        <ele>8.3999996185302734375</ele>
        <time>2025-04-20T12:48:17.000Z</time>
        <extensions>
          <ns3:TrackPointExtension>
            <ns3:hr>87</ns3:hr>
          </ns3:TrackPointExtension>
        </extensions>
      </trkpt>
      <trkpt lat="23.1754135899245738983154296875" lon="113.257823288440704345703125">
        <ele>8.3999996185302734375</ele>
        <time>2025-04-20T12:48:18.000Z</time>
        <extensions>
          <ns3:TrackPointExtension>
            <ns3:hr>88</ns3:hr>
          </ns3:TrackPointExtension>
        </extensions>
      </trkpt>
      <trkpt lat="23.1753800623118877410888671875" lon="113.25781465508043766021728515625">
        <ele>8.3999996185302734375</ele>
        <time>2025-04-20T12:48:19.000Z</time>
        <extensions>
          <ns3:TrackPointExtension>
            <ns3:hr>88</ns3:hr>
          </ns3:TrackPointExtension>
        </extensions>
      </trkpt>
      <trkpt lat="23.17534678615629673004150390625" lon="113.25780426152050495147705078125">
        <ele>8.19999980926513671875</ele>
        <time>2025-04-20T12:48:20.000Z</time>
        <extensions>
          <ns3:TrackPointExtension>
            <ns3:hr>88</ns3:hr>
          </ns3:TrackPointExtension>
        </extensions>
      </trkpt>
      <trkpt lat="23.17531208507716655731201171875" lon="113.25778481550514698028564453125">
        <ele>8.19999980926513671875</ele>
        <time>2025-04-20T12:48:21.000Z</time>
        <extensions>
          <ns3:TrackPointExtension>
            <ns3:hr>88</ns3:hr>
          </ns3:TrackPointExtension>
        </extensions>
      </trkpt>
      <trkpt lat="23.1752796471118927001953125" lon="113.2577657885849475860595703125">
        <ele>8</ele>
        <time>2025-04-20T12:48:22.000Z</time>
        <extensions>
          <ns3:TrackPointExtension>
            <ns3:hr>88</ns3:hr>
          </ns3:TrackPointExtension>
        </extensions>
      </trkpt>
      <trkpt lat="23.1752466224133968353271484375" lon="113.2577455043792724609375">
        <ele>8</ele>
        <time>2025-04-20T12:48:23.000Z</time>
        <extensions>
          <ns3:TrackPointExtension>
            <ns3:hr>88</ns3:hr>
          </ns3:TrackPointExtension>
        </extensions>
      </trkpt>
      <trkpt lat="23.17521301098167896270751953125" lon="113.25772932730615139007568359375">
        <ele>8</ele>
        <time>2025-04-20T12:48:24.000Z</time>
        <extensions>
          <ns3:TrackPointExtension>
            <ns3:hr>88</ns3:hr>
          </ns3:TrackPointExtension>
        </extensions>
      </trkpt>
      <trkpt lat="23.17517881281673908233642578125" lon="113.257710635662078857421875">
        <ele>8</ele>
        <time>2025-04-20T12:48:25.000Z</time>
        <extensions>
          <ns3:TrackPointExtension>
            <ns3:hr>88</ns3:hr>
          </ns3:TrackPointExtension>
        </extensions>
      </trkpt>
      <trkpt lat="23.17514411173760890960693359375" lon="113.25769697315990924835205078125">
        <ele>8</ele>
        <time>2025-04-20T12:48:26.000Z</time>
        <extensions>
          <ns3:TrackPointExtension>
            <ns3:hr>88</ns3:hr>
          </ns3:TrackPointExtension>
        </extensions>
      </trkpt>
      <trkpt lat="23.1751101650297641754150390625" lon="113.257689513266086578369140625">
        <ele>8</ele>
        <time>2025-04-20T12:48:27.000Z</time>
        <extensions>
          <ns3:TrackPointExtension>
            <ns3:hr>89</ns3:hr>
          </ns3:TrackPointExtension>
        </extensions>
      </trkpt>
      <trkpt lat="23.17507621832191944122314453125" lon="113.257676772773265838623046875">
        <ele>8.19999980926513671875</ele>
        <time>2025-04-20T12:48:28.000Z</time>
        <extensions>
          <ns3:TrackPointExtension>
            <ns3:hr>89</ns3:hr>
          </ns3:TrackPointExtension>
        </extensions>
      </trkpt>
      <trkpt lat="23.17504235543310642242431640625" lon="113.25765992514789104461669921875">
        <ele>8.3999996185302734375</ele>
        <time>2025-04-20T12:48:29.000Z</time>
        <extensions>
          <ns3:TrackPointExtension>
            <ns3:hr>89</ns3:hr>
          </ns3:TrackPointExtension>
        </extensions>
      </trkpt>
      <trkpt lat="23.175007738173007965087890625" lon="113.257641904056072235107421875">
        <ele>8.6000003814697265625</ele>
        <time>2025-04-20T12:48:30.000Z</time>
        <extensions>
          <ns3:TrackPointExtension>
            <ns3:hr>89</ns3:hr>
          </ns3:TrackPointExtension>
        </extensions>
      </trkpt>
      <trkpt lat="23.1749740429222583770751953125" lon="113.2576263137161731719970703125">
        <ele>8.6000003814697265625</ele>
        <time>2025-04-20T12:48:31.000Z</time>
        <extensions>
          <ns3:TrackPointExtension>
            <ns3:hr>89</ns3:hr>
          </ns3:TrackPointExtension>
        </extensions>
      </trkpt>
      <trkpt lat="23.17494210787117481231689453125" lon="113.257605023682117462158203125">
        <ele>8.6000003814697265625</ele>
        <time>2025-04-20T12:48:32.000Z</time>
        <extensions>
          <ns3:TrackPointExtension>
            <ns3:hr>89</ns3:hr>
          </ns3:TrackPointExtension>
        </extensions>
      </trkpt>
      <trkpt lat="23.1749121844768524169921875" lon="113.2575793750584125518798828125">
        <ele>8.3999996185302734375</ele>
        <time>2025-04-20T12:48:33.000Z</time>
        <extensions>
          <ns3:TrackPointExtension>
            <ns3:hr>89</ns3:hr>
          </ns3:TrackPointExtension>
        </extensions>
      </trkpt>
      <trkpt lat="23.1748912297189235687255859375" lon="113.25755028985440731048583984375">
        <ele>8.3999996185302734375</ele>
        <time>2025-04-20T12:48:34.000Z</time>
        <extensions>
          <ns3:TrackPointExtension>
            <ns3:hr>89</ns3:hr>
          </ns3:TrackPointExtension>
        </extensions>
      </trkpt>
      <trkpt lat="23.174872957170009613037109375" lon="113.25751475058495998382568359375">
        <ele>8.3999996185302734375</ele>
        <time>2025-04-20T12:48:35.000Z</time>
        <extensions>
          <ns3:TrackPointExtension>
            <ns3:hr>89</ns3:hr>
          </ns3:TrackPointExtension>
        </extensions>
      </trkpt>
      <trkpt lat="23.1748587079346179962158203125" lon="113.2574744336307048797607421875">
        <ele>8.19999980926513671875</ele>
        <time>2025-04-20T12:48:36.000Z</time>
        <extensions>
          <ns3:TrackPointExtension>
            <ns3:hr>89</ns3:hr>
          </ns3:TrackPointExtension>
        </extensions>
      </trkpt>
      <trkpt lat="23.174849487841129302978515625" lon="113.25743235647678375244140625">
        <ele>8</ele>
        <time>2025-04-20T12:48:37.000Z</time>
        <extensions>
          <ns3:TrackPointExtension>
            <ns3:hr>88</ns3:hr>
          </ns3:TrackPointExtension>
        </extensions>
      </trkpt>
      <trkpt lat="23.1748369149863719940185546875" lon="113.25739170424640178680419921875">
        <ele>8</ele>
        <time>2025-04-20T12:48:38.000Z</time>
        <extensions>
          <ns3:TrackPointExtension>
            <ns3:hr>88</ns3:hr>
          </ns3:TrackPointExtension>
        </extensions>
      </trkpt>
      <trkpt lat="23.17482878454029560089111328125" lon="113.2573517225682735443115234375">
        <ele>8</ele>
        <time>2025-04-20T12:48:39.000Z</time>
        <extensions>
          <ns3:TrackPointExtension>
            <ns3:hr>88</ns3:hr>
          </ns3:TrackPointExtension>
        </extensions>
      </trkpt>
      <trkpt lat="23.1748245097696781158447265625" lon="113.2573108188807964324951171875">
        <ele>7.80000019073486328125</ele>
        <time>2025-04-20T12:48:40.000Z</time>
        <extensions>
          <ns3:TrackPointExtension>
            <ns3:hr>88</ns3:hr>
          </ns3:TrackPointExtension>
        </extensions>
      </trkpt>
      <trkpt lat="23.17482425831258296966552734375" lon="113.257265724241733551025390625">
        <ele>7.80000019073486328125</ele>
        <time>2025-04-20T12:48:41.000Z</time>
        <extensions>
          <ns3:TrackPointExtension>
            <ns3:hr>88</ns3:hr>
          </ns3:TrackPointExtension>
        </extensions>
      </trkpt>
      <trkpt lat="23.174830712378025054931640625" lon="113.25722624547779560089111328125">
        <ele>7.80000019073486328125</ele>
        <time>2025-04-20T12:48:42.000Z</time>
        <extensions>
          <ns3:TrackPointExtension>
            <ns3:hr>87</ns3:hr>
          </ns3:TrackPointExtension>
        </extensions>
      </trkpt>
      <trkpt lat="23.1748432852327823638916015625" lon="113.25718617998063564300537109375">
        <ele>8</ele>
        <time>2025-04-20T12:48:43.000Z</time>
        <extensions>
          <ns3:TrackPointExtension>
            <ns3:hr>86</ns3:hr>
          </ns3:TrackPointExtension>
        </extensions>
      </trkpt>
      <trkpt lat="23.17485409788787364959716796875" lon="113.2571428455412387847900390625">
        <ele>8</ele>
        <time>2025-04-20T12:48:44.000Z</time>
        <extensions>
          <ns3:TrackPointExtension>
            <ns3:hr>85</ns3:hr>
          </ns3:TrackPointExtension>
        </extensions>
      </trkpt>
      <trkpt lat="23.1748639047145843505859375" lon="113.25709247030317783355712890625">
        <ele>8</ele>
        <time>2025-04-20T12:48:45.000Z</time>
        <extensions>
          <ns3:TrackPointExtension>
            <ns3:hr>83</ns3:hr>
          </ns3:TrackPointExtension>
        </extensions>
      </trkpt>
      <trkpt lat="23.17487723194062709808349609375" lon="113.25704435817897319793701171875">
        <ele>7.80000019073486328125</ele>
        <time>2025-04-20T12:48:46.000Z</time>
        <extensions>
          <ns3:TrackPointExtension>
            <ns3:hr>81</ns3:hr>
          </ns3:TrackPointExtension>
        </extensions>
      </trkpt>
      <trkpt lat="23.1748888827860355377197265625" lon="113.2569953240454196929931640625">
        <ele>7.80000019073486328125</ele>
        <time>2025-04-20T12:48:47.000Z</time>
        <extensions>
          <ns3:TrackPointExtension>
            <ns3:hr>80</ns3:hr>
          </ns3:TrackPointExtension>
        </extensions>
      </trkpt>
      <trkpt lat="23.17489986307919025421142578125" lon="113.25694628991186618804931640625">
        <ele>7.80000019073486328125</ele>
        <time>2025-04-20T12:48:48.000Z</time>
        <extensions>
          <ns3:TrackPointExtension>
            <ns3:hr>79</ns3:hr>
          </ns3:TrackPointExtension>
        </extensions>
      </trkpt>
      <trkpt lat="23.174911849200725555419921875" lon="113.25689918361604213714599609375">
        <ele>7.80000019073486328125</ele>
        <time>2025-04-20T12:48:49.000Z</time>
        <extensions>
          <ns3:TrackPointExtension>
            <ns3:hr>80</ns3:hr>
          </ns3:TrackPointExtension>
        </extensions>
      </trkpt>
      <trkpt lat="23.17491863854229450225830078125" lon="113.2568524964153766632080078125">
        <ele>7.80000019073486328125</ele>
        <time>2025-04-20T12:48:50.000Z</time>
        <extensions>
          <ns3:TrackPointExtension>
            <ns3:hr>80</ns3:hr>
          </ns3:TrackPointExtension>
        </extensions>
      </trkpt>
      <trkpt lat="23.174925260245800018310546875" lon="113.2568032108247280120849609375">
        <ele>7.80000019073486328125</ele>
        <time>2025-04-20T12:48:51.000Z</time>
        <extensions>
          <ns3:TrackPointExtension>
            <ns3:hr>80</ns3:hr>
          </ns3:TrackPointExtension>
        </extensions>
      </trkpt>
      <trkpt lat="23.17493523471057415008544921875" lon="113.2567556016147136688232421875">
        <ele>7.80000019073486328125</ele>
        <time>2025-04-20T12:48:52.000Z</time>
        <extensions>
          <ns3:TrackPointExtension>
            <ns3:hr>79</ns3:hr>
          </ns3:TrackPointExtension>
        </extensions>
      </trkpt>
      <trkpt lat="23.17494948394596576690673828125" lon="113.256710506975650787353515625">
        <ele>7.80000019073486328125</ele>
        <time>2025-04-20T12:48:53.000Z</time>
        <extensions>
          <ns3:TrackPointExtension>
            <ns3:hr>79</ns3:hr>
          </ns3:TrackPointExtension>
        </extensions>
      </trkpt>
      <trkpt lat="23.1749636493623256683349609375" lon="113.25666465796530246734619140625">
        <ele>7.80000019073486328125</ele>
        <time>2025-04-20T12:48:54.000Z</time>
        <extensions>
          <ns3:TrackPointExtension>
            <ns3:hr>79</ns3:hr>
          </ns3:TrackPointExtension>
        </extensions>
      </trkpt>
      <trkpt lat="23.174972869455814361572265625" lon="113.25661822222173213958740234375">
        <ele>7.80000019073486328125</ele>
        <time>2025-04-20T12:48:55.000Z</time>
        <extensions>
          <ns3:TrackPointExtension>
            <ns3:hr>79</ns3:hr>
          </ns3:TrackPointExtension>
        </extensions>
      </trkpt>
      <trkpt lat="23.1749777309596538543701171875" lon="113.25657614506781101226806640625">
        <ele>7.80000019073486328125</ele>
        <time>2025-04-20T12:48:56.000Z</time>
        <extensions>
          <ns3:TrackPointExtension>
            <ns3:hr>78</ns3:hr>
          </ns3:TrackPointExtension>
        </extensions>
      </trkpt>
      <trkpt lat="23.17497697658836841583251953125" lon="113.25652778148651123046875">
        <ele>7.599999904632568359375</ele>
        <time>2025-04-20T12:48:57.000Z</time>
        <extensions>
          <ns3:TrackPointExtension>
            <ns3:hr>78</ns3:hr>
          </ns3:TrackPointExtension>
        </extensions>
      </trkpt>
      <trkpt lat="23.1749636493623256683349609375" lon="113.256485871970653533935546875">
        <ele>7.599999904632568359375</ele>
        <time>2025-04-20T12:48:58.000Z</time>
        <extensions>
          <ns3:TrackPointExtension>
            <ns3:hr>78</ns3:hr>
          </ns3:TrackPointExtension>
        </extensions>
      </trkpt>
      <trkpt lat="23.17494101822376251220703125" lon="113.256449997425079345703125">
        <ele>7.400000095367431640625</ele>
        <time>2025-04-20T12:48:59.000Z</time>
        <extensions>
          <ns3:TrackPointExtension>
            <ns3:hr>78</ns3:hr>
          </ns3:TrackPointExtension>
        </extensions>
      </trkpt>
      <trkpt lat="23.17491293884813785552978515625" lon="113.25641957111656665802001953125">
        <ele>7.400000095367431640625</ele>
        <time>2025-04-20T12:49:00.000Z</time>
        <extensions>
          <ns3:TrackPointExtension>
            <ns3:hr>79</ns3:hr>
          </ns3:TrackPointExtension>
        </extensions>
      </trkpt>
      <trkpt lat="23.17488108761608600616455078125" lon="113.25639476068317890167236328125">
        <ele>7.400000095367431640625</ele>
        <time>2025-04-20T12:49:01.000Z</time>
        <extensions>
          <ns3:TrackPointExtension>
            <ns3:hr>78</ns3:hr>
          </ns3:TrackPointExtension>
        </extensions>
      </trkpt>
      <trkpt lat="23.1748530082404613494873046875" lon="113.25636140070855617523193359375">
        <ele>7.400000095367431640625</ele>
        <time>2025-04-20T12:49:02.000Z</time>
        <extensions>
          <ns3:TrackPointExtension>
            <ns3:hr>78</ns3:hr>
          </ns3:TrackPointExtension>
        </extensions>
      </trkpt>
      <trkpt lat="23.17483481951057910919189453125" lon="113.256322257220745086669921875">
        <ele>7.400000095367431640625</ele>
        <time>2025-04-20T12:49:03.000Z</time>
        <extensions>
          <ns3:TrackPointExtension>
            <ns3:hr>78</ns3:hr>
          </ns3:TrackPointExtension>
        </extensions>
      </trkpt>
      <trkpt lat="23.17482040263712406158447265625" lon="113.2562838681042194366455078125">
        <ele>7.400000095367431640625</ele>
        <time>2025-04-20T12:49:04.000Z</time>
        <extensions>
          <ns3:TrackPointExtension>
            <ns3:hr>78</ns3:hr>
          </ns3:TrackPointExtension>
        </extensions>
      </trkpt>
      <trkpt lat="23.17481202073395252227783203125" lon="113.256247155368328094482421875">
        <ele>7.19999980926513671875</ele>
        <time>2025-04-20T12:49:05.000Z</time>
        <extensions>
          <ns3:TrackPointExtension>
            <ns3:hr>79</ns3:hr>
          </ns3:TrackPointExtension>
        </extensions>
      </trkpt>
      <trkpt lat="23.17481302656233310699462890625" lon="113.2562067545950412750244140625">
        <ele>7.19999980926513671875</ele>
        <time>2025-04-20T12:49:06.000Z</time>
        <extensions>
          <ns3:TrackPointExtension>
            <ns3:hr>80</ns3:hr>
          </ns3:TrackPointExtension>
        </extensions>
      </trkpt>
      <trkpt lat="23.17482157610356807708740234375" lon="113.2561668567359447479248046875">
        <ele>7.19999980926513671875</ele>
        <time>2025-04-20T12:49:07.000Z</time>
        <extensions>
          <ns3:TrackPointExtension>
            <ns3:hr>80</ns3:hr>
          </ns3:TrackPointExtension>
        </extensions>
      </trkpt>
      <trkpt lat="23.17482911981642246246337890625" lon="113.25612218119204044342041015625">
        <ele>7.19999980926513671875</ele>
        <time>2025-04-20T12:49:08.000Z</time>
        <extensions>
          <ns3:TrackPointExtension>
            <ns3:hr>80</ns3:hr>
          </ns3:TrackPointExtension>
        </extensions>
      </trkpt>
      <trkpt lat="23.174830041825771331787109375" lon="113.2560790143907070159912109375">
        <ele>7.19999980926513671875</ele>
        <time>2025-04-20T12:49:09.000Z</time>
        <extensions>
          <ns3:TrackPointExtension>
            <ns3:hr>81</ns3:hr>
          </ns3:TrackPointExtension>
        </extensions>
      </trkpt>
      <trkpt lat="23.1748194806277751922607421875" lon="113.25604020617902278900146484375">
        <ele>7.19999980926513671875</ele>
        <time>2025-04-20T12:49:10.000Z</time>
        <extensions>
          <ns3:TrackPointExtension>
            <ns3:hr>82</ns3:hr>
          </ns3:TrackPointExtension>
        </extensions>
      </trkpt>
      <trkpt lat="23.1748102605342864990234375" lon="113.256004750728607177734375">
        <ele>7.19999980926513671875</ele>
        <time>2025-04-20T12:49:11.000Z</time>
        <extensions>
          <ns3:TrackPointExtension>
            <ns3:hr>83</ns3:hr>
          </ns3:TrackPointExtension>
        </extensions>
      </trkpt>
      <trkpt lat="23.17480263300240039825439453125" lon="113.25596988201141357421875">
        <ele>7.19999980926513671875</ele>
        <time>2025-04-20T12:49:12.000Z</time>
        <extensions>
          <ns3:TrackPointExtension>
            <ns3:hr>83</ns3:hr>
          </ns3:TrackPointExtension>
        </extensions>
      </trkpt>
      <trkpt lat="23.174799196422100067138671875" lon="113.25592805631458759307861328125">
        <ele>7.19999980926513671875</ele>
        <time>2025-04-20T12:49:13.000Z</time>
        <extensions>
          <ns3:TrackPointExtension>
            <ns3:hr>83</ns3:hr>
          </ns3:TrackPointExtension>
        </extensions>
      </trkpt>
      <trkpt lat="23.17479676567018032073974609375" lon="113.25588379986584186553955078125">
        <ele>7.19999980926513671875</ele>
        <time>2025-04-20T12:49:14.000Z</time>
        <extensions>
          <ns3:TrackPointExtension>
            <ns3:hr>84</ns3:hr>
          </ns3:TrackPointExtension>
        </extensions>
      </trkpt>
      <trkpt lat="23.17479123361408710479736328125" lon="113.25584490783512592315673828125">
        <ele>7.19999980926513671875</ele>
        <time>2025-04-20T12:49:15.000Z</time>
        <extensions>
          <ns3:TrackPointExtension>
            <ns3:hr>83</ns3:hr>
          </ns3:TrackPointExtension>
        </extensions>
      </trkpt>
      <trkpt lat="23.17478813230991363525390625" lon="113.25580366887152194976806640625">
        <ele>7.19999980926513671875</ele>
        <time>2025-04-20T12:49:16.000Z</time>
        <extensions>
          <ns3:TrackPointExtension>
            <ns3:hr>84</ns3:hr>
          </ns3:TrackPointExtension>
        </extensions>
      </trkpt>
      <trkpt lat="23.174785785377025604248046875" lon="113.25576268136501312255859375">
        <ele>7</ele>
        <time>2025-04-20T12:49:17.000Z</time>
        <extensions>
          <ns3:TrackPointExtension>
            <ns3:hr>84</ns3:hr>
          </ns3:TrackPointExtension>
        </extensions>
      </trkpt>
      <trkpt lat="23.1747836060822010040283203125" lon="113.25572253204882144927978515625">
        <ele>6.80000019073486328125</ele>
        <time>2025-04-20T12:49:18.000Z</time>
        <extensions>
          <ns3:TrackPointExtension>
            <ns3:hr>84</ns3:hr>
          </ns3:TrackPointExtension>
        </extensions>
      </trkpt>
      <trkpt lat="23.1747779063880443572998046875" lon="113.25568062253296375274658203125">
        <ele>6.599999904632568359375</ele>
        <time>2025-04-20T12:49:19.000Z</time>
        <extensions>
          <ns3:TrackPointExtension>
            <ns3:hr>84</ns3:hr>
          </ns3:TrackPointExtension>
        </extensions>
      </trkpt>
      <trkpt lat="23.17477161996066570281982421875" lon="113.255643658339977264404296875">
        <ele>6.599999904632568359375</ele>
        <time>2025-04-20T12:49:20.000Z</time>
        <extensions>
          <ns3:TrackPointExtension>
            <ns3:hr>84</ns3:hr>
          </ns3:TrackPointExtension>
        </extensions>
      </trkpt>
      <trkpt lat="23.17476801574230194091796875" lon="113.25560510158538818359375">
        <ele>6.599999904632568359375</ele>
        <time>2025-04-20T12:49:21.000Z</time>
        <extensions>
          <ns3:TrackPointExtension>
            <ns3:hr>84</ns3:hr>
          </ns3:TrackPointExtension>
        </extensions>
      </trkpt>
      <trkpt lat="23.174767009913921356201171875" lon="113.25557216070592403411865234375">
        <ele>6.80000019073486328125</ele>
        <time>2025-04-20T12:49:22.000Z</time>
        <extensions>
          <ns3:TrackPointExtension>
            <ns3:hr>84</ns3:hr>
          </ns3:TrackPointExtension>
        </extensions>
      </trkpt>
      <trkpt lat="23.17476374097168445587158203125" lon="113.2555353641510009765625">
        <ele>6.80000019073486328125</ele>
        <time>2025-04-20T12:49:23.000Z</time>
        <extensions>
          <ns3:TrackPointExtension>
            <ns3:hr>84</ns3:hr>
          </ns3:TrackPointExtension>
        </extensions>
      </trkpt>
      <trkpt lat="23.1747648306190967559814453125" lon="113.25550376437604427337646484375">
        <ele>7</ele>
        <time>2025-04-20T12:49:24.000Z</time>
        <extensions>
          <ns3:TrackPointExtension>
            <ns3:hr>83</ns3:hr>
          </ns3:TrackPointExtension>
        </extensions>
      </trkpt>
      <trkpt lat="23.17476726137101650238037109375" lon="113.255473673343658447265625">
        <ele>7</ele>
        <time>2025-04-20T12:49:25.000Z</time>
        <extensions>
          <ns3:TrackPointExtension>
            <ns3:hr>84</ns3:hr>
          </ns3:TrackPointExtension>
        </extensions>
      </trkpt>
      <trkpt lat="23.17478586919605731964111328125" lon="113.2554543949663639068603515625">
        <ele>7</ele>
        <time>2025-04-20T12:49:26.000Z</time>
        <extensions>
          <ns3:TrackPointExtension>
            <ns3:hr>84</ns3:hr>
          </ns3:TrackPointExtension>
        </extensions>
      </trkpt>
      <trkpt lat="23.17480397410690784454345703125" lon="113.25543905608355998992919921875">
        <ele>7</ele>
        <time>2025-04-20T12:49:27.000Z</time>
        <extensions>
          <ns3:TrackPointExtension>
            <ns3:hr>84</ns3:hr>
          </ns3:TrackPointExtension>
        </extensions>
      </trkpt>
      <trkpt lat="23.174828030169010162353515625" lon="113.2554322667419910430908203125">
        <ele>7.19999980926513671875</ele>
        <time>2025-04-20T12:49:28.000Z</time>
        <extensions>
          <ns3:TrackPointExtension>
            <ns3:hr>83</ns3:hr>
          </ns3:TrackPointExtension>
        </extensions>
      </trkpt>
      <trkpt lat="23.17485074512660503387451171875" lon="113.25542681850492954254150390625">
        <ele>7.19999980926513671875</ele>
        <time>2025-04-20T12:49:29.000Z</time>
        <extensions>
          <ns3:TrackPointExtension>
            <ns3:hr>83</ns3:hr>
          </ns3:TrackPointExtension>
        </extensions>
      </trkpt>
      <trkpt lat="23.1748677603900432586669921875" lon="113.25542145408689975738525390625">
        <ele>7.19999980926513671875</ele>
        <time>2025-04-20T12:49:30.000Z</time>
        <extensions>
          <ns3:TrackPointExtension>
            <ns3:hr>83</ns3:hr>
          </ns3:TrackPointExtension>
        </extensions>
      </trkpt>
      <trkpt lat="23.174887709319591522216796875" lon="113.25541726313531398773193359375">
        <ele>7.400000095367431640625</ele>
        <time>2025-04-20T12:49:31.000Z</time>
        <extensions>
          <ns3:TrackPointExtension>
            <ns3:hr>83</ns3:hr>
          </ns3:TrackPointExtension>
        </extensions>
      </trkpt>
      <trkpt lat="23.17490925081074237823486328125" lon="113.255418352782726287841796875">
        <ele>7.400000095367431640625</ele>
        <time>2025-04-20T12:49:32.000Z</time>
        <extensions>
          <ns3:TrackPointExtension>
            <ns3:hr>83</ns3:hr>
          </ns3:TrackPointExtension>
        </extensions>
      </trkpt>
      <trkpt lat="23.17493322305381298065185546875" lon="113.25541491620242595672607421875">
        <ele>7.599999904632568359375</ele>
        <time>2025-04-20T12:49:33.000Z</time>
        <extensions>
          <ns3:TrackPointExtension>
            <ns3:hr>83</ns3:hr>
          </ns3:TrackPointExtension>
        </extensions>
      </trkpt>
      <trkpt lat="23.1749577820301055908203125" lon="113.255414329469203948974609375">
        <ele>7.599999904632568359375</ele>
        <time>2025-04-20T12:49:34.000Z</time>
        <extensions>
          <ns3:TrackPointExtension>
            <ns3:hr>84</ns3:hr>
          </ns3:TrackPointExtension>
        </extensions>
      </trkpt>
      <trkpt lat="23.1749792397022247314453125" lon="113.2554134912788867950439453125">
        <ele>7.599999904632568359375</ele>
        <time>2025-04-20T12:49:35.000Z</time>
        <extensions>
          <ns3:TrackPointExtension>
            <ns3:hr>84</ns3:hr>
          </ns3:TrackPointExtension>
        </extensions>
      </trkpt>
      <trkpt lat="23.17499776370823383331298828125" lon="113.25540821067988872528076171875">
        <ele>7.599999904632568359375</ele>
        <time>2025-04-20T12:49:36.000Z</time>
        <extensions>
          <ns3:TrackPointExtension>
            <ns3:hr>85</ns3:hr>
          </ns3:TrackPointExtension>
        </extensions>
      </trkpt>
      <trkpt lat="23.17501838319003582000732421875" lon="113.2554067857563495635986328125">
        <ele>7.599999904632568359375</ele>
        <time>2025-04-20T12:49:37.000Z</time>
        <extensions>
          <ns3:TrackPointExtension>
            <ns3:hr>86</ns3:hr>
          </ns3:TrackPointExtension>
        </extensions>
      </trkpt>
      <trkpt lat="23.1750355660915374755859375" lon="113.25539781711995601654052734375">
        <ele>7.599999904632568359375</ele>
        <time>2025-04-20T12:49:38.000Z</time>
        <extensions>
          <ns3:TrackPointExtension>
            <ns3:hr>87</ns3:hr>
          </ns3:TrackPointExtension>
        </extensions>
      </trkpt>
      <trkpt lat="23.1750434450805187225341796875" lon="113.25537300668656826019287109375">
        <ele>7.599999904632568359375</ele>
        <time>2025-04-20T12:49:39.000Z</time>
        <extensions>
          <ns3:TrackPointExtension>
            <ns3:hr>87</ns3:hr>
          </ns3:TrackPointExtension>
        </extensions>
      </trkpt>
      <trkpt lat="23.17504696547985076904296875" lon="113.25534350238740444183349609375">
        <ele>7.599999904632568359375</ele>
        <time>2025-04-20T12:49:40.000Z</time>
        <extensions>
          <ns3:TrackPointExtension>
            <ns3:hr>87</ns3:hr>
          </ns3:TrackPointExtension>
        </extensions>
      </trkpt>
      <trkpt lat="23.175049312412738800048828125" lon="113.25530980713665485382080078125">
        <ele>7.599999904632568359375</ele>
        <time>2025-04-20T12:49:41.000Z</time>
        <extensions>
          <ns3:TrackPointExtension>
            <ns3:hr>87</ns3:hr>
          </ns3:TrackPointExtension>
        </extensions>
      </trkpt>
      <trkpt lat="23.17505090497434139251708984375" lon="113.255282230675220489501953125">
        <ele>7.599999904632568359375</ele>
        <time>2025-04-20T12:49:42.000Z</time>
        <extensions>
          <ns3:TrackPointExtension>
            <ns3:hr>87</ns3:hr>
          </ns3:TrackPointExtension>
        </extensions>
      </trkpt>
      <trkpt lat="23.17505291663110256195068359375" lon="113.255249373614788055419921875">
        <ele>7.599999904632568359375</ele>
        <time>2025-04-20T12:49:43.000Z</time>
        <extensions>
          <ns3:TrackPointExtension>
            <ns3:hr>87</ns3:hr>
          </ns3:TrackPointExtension>
        </extensions>
      </trkpt>
      <trkpt lat="23.1750528328120708465576171875" lon="113.25521810911595821380615234375">
        <ele>7.599999904632568359375</ele>
        <time>2025-04-20T12:49:44.000Z</time>
        <extensions>
          <ns3:TrackPointExtension>
            <ns3:hr>87</ns3:hr>
          </ns3:TrackPointExtension>
        </extensions>
      </trkpt>
      <trkpt lat="23.17504964768886566162109375" lon="113.2551871798932552337646484375">
        <ele>7.599999904632568359375</ele>
        <time>2025-04-20T12:49:45.000Z</time>
        <extensions>
          <ns3:TrackPointExtension>
            <ns3:hr>87</ns3:hr>
          </ns3:TrackPointExtension>
        </extensions>
      </trkpt>
      <trkpt lat="23.17504537291824817657470703125" lon="113.255156837403774261474609375">
        <ele>7.599999904632568359375</ele>
        <time>2025-04-20T12:49:46.000Z</time>
        <extensions>
          <ns3:TrackPointExtension>
            <ns3:hr>86</ns3:hr>
          </ns3:TrackPointExtension>
        </extensions>
      </trkpt>
      <trkpt lat="23.17504067905247211456298828125" lon="113.2551291771233081817626953125">
        <ele>7.80000019073486328125</ele>
        <time>2025-04-20T12:49:47.000Z</time>
        <extensions>
          <ns3:TrackPointExtension>
            <ns3:hr>86</ns3:hr>
          </ns3:TrackPointExtension>
        </extensions>
      </trkpt>
      <trkpt lat="23.17503766156733036041259765625" lon="113.2551003433763980865478515625">
        <ele>7.80000019073486328125</ele>
        <time>2025-04-20T12:49:48.000Z</time>
        <extensions>
          <ns3:TrackPointExtension>
            <ns3:hr>86</ns3:hr>
          </ns3:TrackPointExtension>
        </extensions>
      </trkpt>
      <trkpt lat="23.17503732629120349884033203125" lon="113.25507058762013912200927734375">
        <ele>7.80000019073486328125</ele>
        <time>2025-04-20T12:49:49.000Z</time>
        <extensions>
          <ns3:TrackPointExtension>
            <ns3:hr>87</ns3:hr>
          </ns3:TrackPointExtension>
        </extensions>
      </trkpt>
      <trkpt lat="23.17504822276532649993896484375" lon="113.25503982603549957275390625">
        <ele>7.80000019073486328125</ele>
        <time>2025-04-20T12:49:50.000Z</time>
        <extensions>
          <ns3:TrackPointExtension>
            <ns3:hr>86</ns3:hr>
          </ns3:TrackPointExtension>
        </extensions>
      </trkpt>
      <trkpt lat="23.1750650703907012939453125" lon="113.255012333393096923828125">
        <ele>7.80000019073486328125</ele>
        <time>2025-04-20T12:49:51.000Z</time>
        <extensions>
          <ns3:TrackPointExtension>
            <ns3:hr>86</ns3:hr>
          </ns3:TrackPointExtension>
        </extensions>
      </trkpt>
      <trkpt lat="23.17508518695831298828125" lon="113.25498911552131175994873046875">
        <ele>7.80000019073486328125</ele>
        <time>2025-04-20T12:49:52.000Z</time>
        <extensions>
          <ns3:TrackPointExtension>
            <ns3:hr>85</ns3:hr>
          </ns3:TrackPointExtension>
        </extensions>
      </trkpt>
      <trkpt lat="23.17510739900171756744384765625" lon="113.2549756206572055816650390625">
        <ele>7.80000019073486328125</ele>
        <time>2025-04-20T12:49:53.000Z</time>
        <extensions>
          <ns3:TrackPointExtension>
            <ns3:hr>85</ns3:hr>
          </ns3:TrackPointExtension>
        </extensions>
      </trkpt>
      <trkpt lat="23.17512785084545612335205078125" lon="113.2549699209630489349365234375">
        <ele>7.80000019073486328125</ele>
        <time>2025-04-20T12:49:54.000Z</time>
        <extensions>
          <ns3:TrackPointExtension>
            <ns3:hr>84</ns3:hr>
          </ns3:TrackPointExtension>
        </extensions>
      </trkpt>
      <trkpt lat="23.1751436926424503326416015625" lon="113.2549692504107952117919921875">
        <ele>7.80000019073486328125</ele>
        <time>2025-04-20T12:49:55.000Z</time>
        <extensions>
          <ns3:TrackPointExtension>
            <ns3:hr>84</ns3:hr>
          </ns3:TrackPointExtension>
        </extensions>
      </trkpt>
      <trkpt lat="23.17516389302909374237060546875" lon="113.25496095232665538787841796875">
        <ele>7.80000019073486328125</ele>
        <time>2025-04-20T12:49:56.000Z</time>
        <extensions>
          <ns3:TrackPointExtension>
            <ns3:hr>84</ns3:hr>
          </ns3:TrackPointExtension>
        </extensions>
      </trkpt>
      <trkpt lat="23.17518752999603748321533203125" lon="113.25495131313800811767578125">
        <ele>7.599999904632568359375</ele>
        <time>2025-04-20T12:49:57.000Z</time>
        <extensions>
          <ns3:TrackPointExtension>
            <ns3:hr>85</ns3:hr>
          </ns3:TrackPointExtension>
        </extensions>
      </trkpt>
      <trkpt lat="23.17521133460104465484619140625" lon="113.25494603253901004791259765625">
        <ele>7.400000095367431640625</ele>
        <time>2025-04-20T12:49:58.000Z</time>
        <extensions>
          <ns3:TrackPointExtension>
            <ns3:hr>85</ns3:hr>
          </ns3:TrackPointExtension>
        </extensions>
      </trkpt>
      <trkpt lat="23.17523480392992496490478515625" lon="113.25493815355002880096435546875">
        <ele>7.19999980926513671875</ele>
        <time>2025-04-20T12:49:59.000Z</time>
        <extensions>
          <ns3:TrackPointExtension>
            <ns3:hr>85</ns3:hr>
          </ns3:TrackPointExtension>
        </extensions>
      </trkpt>
      <trkpt lat="23.175257854163646697998046875" lon="113.25493362732231616973876953125">
        <ele>7.19999980926513671875</ele>
        <time>2025-04-20T12:50:00.000Z</time>
        <extensions>
          <ns3:TrackPointExtension>
            <ns3:hr>84</ns3:hr>
          </ns3:TrackPointExtension>
        </extensions>
      </trkpt>
      <trkpt lat="23.17528107203543186187744140625" lon="113.25492717325687408447265625">
        <ele>7.19999980926513671875</ele>
        <time>2025-04-20T12:50:01.000Z</time>
        <extensions>
          <ns3:TrackPointExtension>
            <ns3:hr>85</ns3:hr>
          </ns3:TrackPointExtension>
        </extensions>
      </trkpt>
      <trkpt lat="23.1753006018698215484619140625" lon="113.25492314994335174560546875">
        <ele>7.19999980926513671875</ele>
        <time>2025-04-20T12:50:02.000Z</time>
        <extensions>
          <ns3:TrackPointExtension>
            <ns3:hr>85</ns3:hr>
          </ns3:TrackPointExtension>
        </extensions>
      </trkpt>
      <trkpt lat="23.1753207184374332427978515625" lon="113.254917450249195098876953125">
        <ele>7</ele>
        <time>2025-04-20T12:50:03.000Z</time>
        <extensions>
          <ns3:TrackPointExtension>
            <ns3:hr>84</ns3:hr>
          </ns3:TrackPointExtension>
        </extensions>
      </trkpt>
      <trkpt lat="23.1753421761095523834228515625" lon="113.25491351075470447540283203125">
        <ele>7</ele>
        <time>2025-04-20T12:50:04.000Z</time>
        <extensions>
          <ns3:TrackPointExtension>
            <ns3:hr>84</ns3:hr>
          </ns3:TrackPointExtension>
        </extensions>
      </trkpt>
      <trkpt lat="23.17536455579102039337158203125" lon="113.25491216965019702911376953125">
        <ele>7</ele>
        <time>2025-04-20T12:50:05.000Z</time>
        <extensions>
          <ns3:TrackPointExtension>
            <ns3:hr>84</ns3:hr>
          </ns3:TrackPointExtension>
        </extensions>
      </trkpt>
      <trkpt lat="23.17538701929152011871337890625" lon="113.25490831397473812103271484375">
        <ele>7</ele>
        <time>2025-04-20T12:50:06.000Z</time>
        <extensions>
          <ns3:TrackPointExtension>
            <ns3:hr>84</ns3:hr>
          </ns3:TrackPointExtension>
        </extensions>
      </trkpt>
      <trkpt lat="23.1754065491259098052978515625" lon="113.254904709756374359130859375">
        <ele>7</ele>
        <time>2025-04-20T12:50:07.000Z</time>
        <extensions>
          <ns3:TrackPointExtension>
            <ns3:hr>85</ns3:hr>
          </ns3:TrackPointExtension>
        </extensions>
      </trkpt>
      <trkpt lat="23.17541987635195255279541015625" lon="113.254898004233837127685546875">
        <ele>7</ele>
        <time>2025-04-20T12:50:08.000Z</time>
        <extensions>
          <ns3:TrackPointExtension>
            <ns3:hr>84</ns3:hr>
          </ns3:TrackPointExtension>
        </extensions>
      </trkpt>
      <trkpt lat="23.17542725242674350738525390625" lon="113.254890628159046173095703125">
        <ele>7</ele>
        <time>2025-04-20T12:50:09.000Z</time>
        <extensions>
          <ns3:TrackPointExtension>
            <ns3:hr>84</ns3:hr>
          </ns3:TrackPointExtension>
        </extensions>
      </trkpt>
      <trkpt lat="23.17542247474193572998046875" lon="113.25488568283617496490478515625">
        <ele>7</ele>
        <time>2025-04-20T12:50:10.000Z</time>
        <extensions>
          <ns3:TrackPointExtension>
            <ns3:hr>84</ns3:hr>
          </ns3:TrackPointExtension>
        </extensions>
      </trkpt>
      <trkpt lat="23.1754129193723201751708984375" lon="113.254883587360382080078125">
        <ele>7</ele>
        <time>2025-04-20T12:50:11.000Z</time>
        <extensions>
          <ns3:TrackPointExtension>
            <ns3:hr>85</ns3:hr>
          </ns3:TrackPointExtension>
        </extensions>
      </trkpt>
      <trkpt lat="23.1754015199840068817138671875" lon="113.25488367117941379547119140625">
        <ele>7</ele>
        <time>2025-04-20T12:50:12.000Z</time>
        <extensions>
          <ns3:TrackPointExtension>
            <ns3:hr>84</ns3:hr>
          </ns3:TrackPointExtension>
        </extensions>
      </trkpt>
      <trkpt lat="23.17538634873926639556884765625" lon="113.25488802976906299591064453125">
        <ele>6.80000019073486328125</ele>
        <time>2025-04-20T12:50:13.000Z</time>
        <extensions>
          <ns3:TrackPointExtension>
            <ns3:hr>84</ns3:hr>
          </ns3:TrackPointExtension>
        </extensions>
      </trkpt>
      <trkpt lat="23.17536883056163787841796875" lon="113.2548921369016170501708984375">
        <ele>6.80000019073486328125</ele>
        <time>2025-04-20T12:50:14.000Z</time>
        <extensions>
          <ns3:TrackPointExtension>
            <ns3:hr>83</ns3:hr>
          </ns3:TrackPointExtension>
        </extensions>
      </trkpt>
      <trkpt lat="23.17534863017499446868896484375" lon="113.25489741750061511993408203125">
        <ele>6.80000019073486328125</ele>
        <time>2025-04-20T12:50:15.000Z</time>
        <extensions>
          <ns3:TrackPointExtension>
            <ns3:hr>83</ns3:hr>
          </ns3:TrackPointExtension>
        </extensions>
      </trkpt>
      <trkpt lat="23.17532784305512905120849609375" lon="113.25489959679543972015380859375">
        <ele>6.80000019073486328125</ele>
        <time>2025-04-20T12:50:16.000Z</time>
        <extensions>
          <ns3:TrackPointExtension>
            <ns3:hr>83</ns3:hr>
          </ns3:TrackPointExtension>
        </extensions>
      </trkpt>
      <trkpt lat="23.1753011047840118408203125" lon="113.25490579940378665924072265625">
        <ele>6.80000019073486328125</ele>
        <time>2025-04-20T12:50:17.000Z</time>
        <extensions>
          <ns3:TrackPointExtension>
            <ns3:hr>82</ns3:hr>
          </ns3:TrackPointExtension>
        </extensions>
      </trkpt>
      <trkpt lat="23.17527637816965579986572265625" lon="113.25490831397473812103271484375">
        <ele>6.80000019073486328125</ele>
        <time>2025-04-20T12:50:18.000Z</time>
        <extensions>
          <ns3:TrackPointExtension>
            <ns3:hr>82</ns3:hr>
          </ns3:TrackPointExtension>
        </extensions>
      </trkpt>
      <trkpt lat="23.175251148641109466552734375" lon="113.25490571558475494384765625">
        <ele>6.80000019073486328125</ele>
        <time>2025-04-20T12:50:19.000Z</time>
        <extensions>
          <ns3:TrackPointExtension>
            <ns3:hr>82</ns3:hr>
          </ns3:TrackPointExtension>
        </extensions>
      </trkpt>
      <trkpt lat="23.17522927187383174896240234375" lon="113.25488652102649211883544921875">
        <ele>6.80000019073486328125</ele>
        <time>2025-04-20T12:50:20.000Z</time>
        <extensions>
          <ns3:TrackPointExtension>
            <ns3:hr>82</ns3:hr>
          </ns3:TrackPointExtension>
        </extensions>
      </trkpt>
      <trkpt lat="23.17520982585847377777099609375" lon="113.254863806068897247314453125">
        <ele>7</ele>
        <time>2025-04-20T12:50:21.000Z</time>
        <extensions>
          <ns3:TrackPointExtension>
            <ns3:hr>82</ns3:hr>
          </ns3:TrackPointExtension>
        </extensions>
      </trkpt>
      <trkpt lat="23.17519675008952617645263671875" lon="113.25484268367290496826171875">
        <ele>7.19999980926513671875</ele>
        <time>2025-04-20T12:50:22.000Z</time>
        <extensions>
          <ns3:TrackPointExtension>
            <ns3:hr>83</ns3:hr>
          </ns3:TrackPointExtension>
        </extensions>
      </trkpt>
      <trkpt lat="23.1751849316060543060302734375" lon="113.25482399202883243560791015625">
        <ele>7.400000095367431640625</ele>
        <time>2025-04-20T12:50:23.000Z</time>
        <extensions>
          <ns3:TrackPointExtension>
            <ns3:hr>82</ns3:hr>
          </ns3:TrackPointExtension>
        </extensions>
      </trkpt>
      <trkpt lat="23.175174035131931304931640625" lon="113.2548063062131404876708984375">
        <ele>7.400000095367431640625</ele>
        <time>2025-04-20T12:50:24.000Z</time>
        <extensions>
          <ns3:TrackPointExtension>
            <ns3:hr>82</ns3:hr>
          </ns3:TrackPointExtension>
        </extensions>
      </trkpt>
      <trkpt lat="23.17516339011490345001220703125" lon="113.25479281134903430938720703125">
        <ele>7.400000095367431640625</ele>
        <time>2025-04-20T12:50:25.000Z</time>
        <extensions>
          <ns3:TrackPointExtension>
            <ns3:hr>82</ns3:hr>
          </ns3:TrackPointExtension>
        </extensions>
      </trkpt>
      <trkpt lat="23.17515157163143157958984375" lon="113.2547778077423572540283203125">
        <ele>7.400000095367431640625</ele>
        <time>2025-04-20T12:50:26.000Z</time>
        <extensions>
          <ns3:TrackPointExtension>
            <ns3:hr>82</ns3:hr>
          </ns3:TrackPointExtension>
        </extensions>
      </trkpt>
      <trkpt lat="23.17514377646148204803466796875" lon="113.2547643966972827911376953125">
        <ele>7.400000095367431640625</ele>
        <time>2025-04-20T12:50:27.000Z</time>
        <extensions>
          <ns3:TrackPointExtension>
            <ns3:hr>82</ns3:hr>
          </ns3:TrackPointExtension>
        </extensions>
      </trkpt>
      <trkpt lat="23.17514377646148204803466796875" lon="113.2547643966972827911376953125">
        <ele>7.400000095367431640625</ele>
        <time>2025-04-20T12:50:28.000Z</time>
        <extensions>
          <ns3:TrackPointExtension>
            <ns3:hr>83</ns3:hr>
          </ns3:TrackPointExtension>
        </extensions>
      </trkpt>
      <trkpt lat="23.17513723857700824737548828125" lon="113.2547456212341785430908203125">
        <ele>7.400000095367431640625</ele>
        <time>2025-04-20T12:50:29.000Z</time>
        <extensions>
          <ns3:TrackPointExtension>
            <ns3:hr>83</ns3:hr>
          </ns3:TrackPointExtension>
        </extensions>
      </trkpt>
      <trkpt lat="23.17513204179704189300537109375" lon="113.254744447767734527587890625">
        <ele>7.400000095367431640625</ele>
        <time>2025-04-20T12:50:30.000Z</time>
        <extensions>
          <ns3:TrackPointExtension>
            <ns3:hr>83</ns3:hr>
          </ns3:TrackPointExtension>
        </extensions>
      </trkpt>
      <trkpt lat="23.17513204179704189300537109375" lon="113.2547442801296710968017578125">
        <ele>7.400000095367431640625</ele>
        <time>2025-04-20T12:50:31.000Z</time>
        <extensions>
          <ns3:TrackPointExtension>
            <ns3:hr>83</ns3:hr>
          </ns3:TrackPointExtension>
        </extensions>
      </trkpt>
      <trkpt lat="23.17513204179704189300537109375" lon="113.2547442801296710968017578125">
        <ele>7.599999904632568359375</ele>
        <time>2025-04-20T12:50:32.000Z</time>
        <extensions>
          <ns3:TrackPointExtension>
            <ns3:hr>83</ns3:hr>
          </ns3:TrackPointExtension>
        </extensions>
      </trkpt>
      <trkpt lat="23.1751319579780101776123046875" lon="113.2547442801296710968017578125">
        <ele>7.599999904632568359375</ele>
        <time>2025-04-20T12:50:33.000Z</time>
        <extensions>
          <ns3:TrackPointExtension>
            <ns3:hr>83</ns3:hr>
          </ns3:TrackPointExtension>
        </extensions>
      </trkpt>
      <trkpt lat="23.17513187415897846221923828125" lon="113.25474419631063938140869140625">
        <ele>7.599999904632568359375</ele>
        <time>2025-04-20T12:50:34.000Z</time>
        <extensions>
          <ns3:TrackPointExtension>
            <ns3:hr>83</ns3:hr>
          </ns3:TrackPointExtension>
        </extensions>
      </trkpt>
      <trkpt lat="23.17513187415897846221923828125" lon="113.25474419631063938140869140625">
        <ele>7.599999904632568359375</ele>
        <time>2025-04-20T12:50:35.000Z</time>
        <extensions>
          <ns3:TrackPointExtension>
            <ns3:hr>82</ns3:hr>
          </ns3:TrackPointExtension>
        </extensions>
      </trkpt>
      <trkpt lat="23.17513187415897846221923828125" lon="113.25474419631063938140869140625">
        <ele>7.599999904632568359375</ele>
        <time>2025-04-20T12:50:36.000Z</time>
        <extensions>
          <ns3:TrackPointExtension>
            <ns3:hr>83</ns3:hr>
          </ns3:TrackPointExtension>
        </extensions>
      </trkpt>
      <trkpt lat="23.17513187415897846221923828125" lon="113.25474419631063938140869140625">
        <ele>7.599999904632568359375</ele>
        <time>2025-04-20T12:50:37.000Z</time>
        <extensions>
          <ns3:TrackPointExtension>
            <ns3:hr>83</ns3:hr>
          </ns3:TrackPointExtension>
        </extensions>
      </trkpt>
      <trkpt lat="23.17513187415897846221923828125" lon="113.25474419631063938140869140625">
        <ele>7.599999904632568359375</ele>
        <time>2025-04-20T12:50:38.000Z</time>
        <extensions>
          <ns3:TrackPointExtension>
            <ns3:hr>82</ns3:hr>
          </ns3:TrackPointExtension>
        </extensions>
      </trkpt>
      <trkpt lat="23.17513187415897846221923828125" lon="113.25474419631063938140869140625">
        <ele>7.599999904632568359375</ele>
        <time>2025-04-20T12:50:39.000Z</time>
        <extensions>
          <ns3:TrackPointExtension>
            <ns3:hr>82</ns3:hr>
          </ns3:TrackPointExtension>
        </extensions>
      </trkpt>
      <trkpt lat="23.17513187415897846221923828125" lon="113.25474419631063938140869140625">
        <ele>7.599999904632568359375</ele>
        <time>2025-04-20T12:50:40.000Z</time>
        <extensions>
          <ns3:TrackPointExtension>
            <ns3:hr>82</ns3:hr>
          </ns3:TrackPointExtension>
        </extensions>
      </trkpt>
      <trkpt lat="23.17513187415897846221923828125" lon="113.25474419631063938140869140625">
        <ele>7.599999904632568359375</ele>
        <time>2025-04-20T12:50:41.000Z</time>
        <extensions>
          <ns3:TrackPointExtension>
            <ns3:hr>82</ns3:hr>
          </ns3:TrackPointExtension>
        </extensions>
      </trkpt>
      <trkpt lat="23.17513187415897846221923828125" lon="113.25474419631063938140869140625">
        <ele>7.599999904632568359375</ele>
        <time>2025-04-20T12:50:42.000Z</time>
        <extensions>
          <ns3:TrackPointExtension>
            <ns3:hr>82</ns3:hr>
          </ns3:TrackPointExtension>
        </extensions>
      </trkpt>
      <trkpt lat="23.17513187415897846221923828125" lon="113.25474419631063938140869140625">
        <ele>7.599999904632568359375</ele>
        <time>2025-04-20T12:50:43.000Z</time>
        <extensions>
          <ns3:TrackPointExtension>
            <ns3:hr>82</ns3:hr>
          </ns3:TrackPointExtension>
        </extensions>
      </trkpt>
      <trkpt lat="23.17513204179704189300537109375" lon="113.2547412626445293426513671875">
        <ele>7.599999904632568359375</ele>
        <time>2025-04-20T12:50:44.000Z</time>
        <extensions>
          <ns3:TrackPointExtension>
            <ns3:hr>82</ns3:hr>
          </ns3:TrackPointExtension>
        </extensions>
      </trkpt>
      <trkpt lat="23.175130449235439300537109375" lon="113.254737071692943572998046875">
        <ele>7.599999904632568359375</ele>
        <time>2025-04-20T12:50:45.000Z</time>
        <extensions>
          <ns3:TrackPointExtension>
            <ns3:hr>81</ns3:hr>
          </ns3:TrackPointExtension>
        </extensions>
      </trkpt>
      <trkpt lat="23.17512667737901210784912109375" lon="113.25473430566489696502685546875">
        <ele>7.599999904632568359375</ele>
        <time>2025-04-20T12:50:46.000Z</time>
        <extensions>
          <ns3:TrackPointExtension>
            <ns3:hr>82</ns3:hr>
          </ns3:TrackPointExtension>
        </extensions>
      </trkpt>
      <trkpt lat="23.17512768320739269256591796875" lon="113.2547328807413578033447265625">
        <ele>7.599999904632568359375</ele>
        <time>2025-04-20T12:50:47.000Z</time>
        <extensions>
          <ns3:TrackPointExtension>
            <ns3:hr>82</ns3:hr>
          </ns3:TrackPointExtension>
        </extensions>
      </trkpt>
      <trkpt lat="23.17512818612158298492431640625" lon="113.2547308690845966339111328125">
        <ele>7.599999904632568359375</ele>
        <time>2025-04-20T12:50:48.000Z</time>
        <extensions>
          <ns3:TrackPointExtension>
            <ns3:hr>82</ns3:hr>
          </ns3:TrackPointExtension>
        </extensions>
      </trkpt>
      <trkpt lat="23.175128437578678131103515625" lon="113.254730701446533203125">
        <ele>7.599999904632568359375</ele>
        <time>2025-04-20T12:50:49.000Z</time>
        <extensions>
          <ns3:TrackPointExtension>
            <ns3:hr>81</ns3:hr>
          </ns3:TrackPointExtension>
        </extensions>
      </trkpt>
      <trkpt lat="23.1751286052167415618896484375" lon="113.2547305338084697723388671875">
        <ele>7.599999904632568359375</ele>
        <time>2025-04-20T12:50:50.000Z</time>
        <extensions>
          <ns3:TrackPointExtension>
            <ns3:hr>81</ns3:hr>
          </ns3:TrackPointExtension>
        </extensions>
      </trkpt>
      <trkpt lat="23.17512877285480499267578125" lon="113.254730366170406341552734375">
        <ele>7.599999904632568359375</ele>
        <time>2025-04-20T12:50:51.000Z</time>
        <extensions>
          <ns3:TrackPointExtension>
            <ns3:hr>81</ns3:hr>
          </ns3:TrackPointExtension>
        </extensions>
      </trkpt>
      <trkpt lat="23.17512885667383670806884765625" lon="113.25473011471331119537353515625">
        <ele>7.599999904632568359375</ele>
        <time>2025-04-20T12:50:52.000Z</time>
        <extensions>
          <ns3:TrackPointExtension>
            <ns3:hr>81</ns3:hr>
          </ns3:TrackPointExtension>
        </extensions>
      </trkpt>
      <trkpt lat="23.1751289404928684234619140625" lon="113.25472977943718433380126953125">
        <ele>7.599999904632568359375</ele>
        <time>2025-04-20T12:50:53.000Z</time>
        <extensions>
          <ns3:TrackPointExtension>
            <ns3:hr>82</ns3:hr>
          </ns3:TrackPointExtension>
        </extensions>
      </trkpt>
      <trkpt lat="23.175129108130931854248046875" lon="113.25472944416105747222900390625">
        <ele>7.599999904632568359375</ele>
        <time>2025-04-20T12:50:54.000Z</time>
        <extensions>
          <ns3:TrackPointExtension>
            <ns3:hr>81</ns3:hr>
          </ns3:TrackPointExtension>
        </extensions>
      </trkpt>
      <trkpt lat="23.17512919194996356964111328125" lon="113.25472910888493061065673828125">
        <ele>7.599999904632568359375</ele>
        <time>2025-04-20T12:50:55.000Z</time>
        <extensions>
          <ns3:TrackPointExtension>
            <ns3:hr>80</ns3:hr>
          </ns3:TrackPointExtension>
        </extensions>
      </trkpt>
      <trkpt lat="23.17512935958802700042724609375" lon="113.25472877360880374908447265625">
        <ele>7.599999904632568359375</ele>
        <time>2025-04-20T12:50:56.000Z</time>
        <extensions>
          <ns3:TrackPointExtension>
            <ns3:hr>80</ns3:hr>
          </ns3:TrackPointExtension>
        </extensions>
      </trkpt>
      <trkpt lat="23.17512952722609043121337890625" lon="113.25472843833267688751220703125">
        <ele>7.599999904632568359375</ele>
        <time>2025-04-20T12:50:57.000Z</time>
        <extensions>
          <ns3:TrackPointExtension>
            <ns3:hr>80</ns3:hr>
          </ns3:TrackPointExtension>
        </extensions>
      </trkpt>
      <trkpt lat="23.1751296110451221466064453125" lon="113.25472793541848659515380859375">
        <ele>7.599999904632568359375</ele>
        <time>2025-04-20T12:50:58.000Z</time>
        <extensions>
          <ns3:TrackPointExtension>
            <ns3:hr>80</ns3:hr>
          </ns3:TrackPointExtension>
        </extensions>
      </trkpt>
      <trkpt lat="23.1751259230077266693115234375" lon="113.254690803587436676025390625">
        <ele>7.599999904632568359375</ele>
        <time>2025-04-20T12:50:59.000Z</time>
        <extensions>
          <ns3:TrackPointExtension>
            <ns3:hr>79</ns3:hr>
          </ns3:TrackPointExtension>
        </extensions>
      </trkpt>
      <trkpt lat="23.175120055675506591796875" lon="113.25466641224920749664306640625">
        <ele>7.599999904632568359375</ele>
        <time>2025-04-20T12:51:00.000Z</time>
        <extensions>
          <ns3:TrackPointExtension>
            <ns3:hr>79</ns3:hr>
          </ns3:TrackPointExtension>
        </extensions>
      </trkpt>
      <trkpt lat="23.1751202233135700225830078125" lon="113.2546406798064708709716796875">
        <ele>7.599999904632568359375</ele>
        <time>2025-04-20T12:51:01.000Z</time>
        <extensions>
          <ns3:TrackPointExtension>
            <ns3:hr>79</ns3:hr>
          </ns3:TrackPointExtension>
        </extensions>
      </trkpt>
      <trkpt lat="23.17512072622776031494140625" lon="113.25461360625922679901123046875">
        <ele>7.599999904632568359375</ele>
        <time>2025-04-20T12:51:02.000Z</time>
        <extensions>
          <ns3:TrackPointExtension>
            <ns3:hr>80</ns3:hr>
          </ns3:TrackPointExtension>
        </extensions>
      </trkpt>
      <trkpt lat="23.1751212291419506072998046875" lon="113.25458242557942867279052734375">
        <ele>7.599999904632568359375</ele>
        <time>2025-04-20T12:51:03.000Z</time>
        <extensions>
          <ns3:TrackPointExtension>
            <ns3:hr>79</ns3:hr>
          </ns3:TrackPointExtension>
        </extensions>
      </trkpt>
      <trkpt lat="23.17511997185647487640380859375" lon="113.2545535080134868621826171875">
        <ele>7.599999904632568359375</ele>
        <time>2025-04-20T12:51:04.000Z</time>
        <extensions>
          <ns3:TrackPointExtension>
            <ns3:hr>79</ns3:hr>
          </ns3:TrackPointExtension>
        </extensions>
      </trkpt>
      <trkpt lat="23.17511494271457195281982421875" lon="113.2545270211994647979736328125">
        <ele>7.599999904632568359375</ele>
        <time>2025-04-20T12:51:05.000Z</time>
        <extensions>
          <ns3:TrackPointExtension>
            <ns3:hr>80</ns3:hr>
          </ns3:TrackPointExtension>
        </extensions>
      </trkpt>
      <trkpt lat="23.175109662115573883056640625" lon="113.25449910946190357208251953125">
        <ele>7.400000095367431640625</ele>
        <time>2025-04-20T12:51:06.000Z</time>
        <extensions>
          <ns3:TrackPointExtension>
            <ns3:hr>80</ns3:hr>
          </ns3:TrackPointExtension>
        </extensions>
      </trkpt>
      <trkpt lat="23.17510438151657581329345703125" lon="113.25446608476340770721435546875">
        <ele>7.400000095367431640625</ele>
        <time>2025-04-20T12:51:07.000Z</time>
        <extensions>
          <ns3:TrackPointExtension>
            <ns3:hr>80</ns3:hr>
          </ns3:TrackPointExtension>
        </extensions>
      </trkpt>
      <trkpt lat="23.175098262727260589599609375" lon="113.25443557463586330413818359375">
        <ele>7.400000095367431640625</ele>
        <time>2025-04-20T12:51:08.000Z</time>
        <extensions>
          <ns3:TrackPointExtension>
            <ns3:hr>79</ns3:hr>
          </ns3:TrackPointExtension>
        </extensions>
      </trkpt>
      <trkpt lat="23.17509884946048259735107421875" lon="113.25440389104187488555908203125">
        <ele>7.400000095367431640625</ele>
        <time>2025-04-20T12:51:09.000Z</time>
        <extensions>
          <ns3:TrackPointExtension>
            <ns3:hr>80</ns3:hr>
          </ns3:TrackPointExtension>
        </extensions>
      </trkpt>
      <trkpt lat="23.175104968249797821044921875" lon="113.25437371619045734405517578125">
        <ele>7.400000095367431640625</ele>
        <time>2025-04-20T12:51:10.000Z</time>
        <extensions>
          <ns3:TrackPointExtension>
            <ns3:hr>80</ns3:hr>
          </ns3:TrackPointExtension>
        </extensions>
      </trkpt>
      <trkpt lat="23.1751094944775104522705078125" lon="113.25435242615640163421630859375">
        <ele>7.400000095367431640625</ele>
        <time>2025-04-20T12:51:11.000Z</time>
        <extensions>
          <ns3:TrackPointExtension>
            <ns3:hr>80</ns3:hr>
          </ns3:TrackPointExtension>
        </extensions>
      </trkpt>
      <trkpt lat="23.1751108355820178985595703125" lon="113.2543228380382061004638671875">
        <ele>7.400000095367431640625</ele>
        <time>2025-04-20T12:51:12.000Z</time>
        <extensions>
          <ns3:TrackPointExtension>
            <ns3:hr>80</ns3:hr>
          </ns3:TrackPointExtension>
        </extensions>
      </trkpt>
      <trkpt lat="23.17511402070522308349609375" lon="113.254287801682949066162109375">
        <ele>7.400000095367431640625</ele>
        <time>2025-04-20T12:51:13.000Z</time>
        <extensions>
          <ns3:TrackPointExtension>
            <ns3:hr>80</ns3:hr>
          </ns3:TrackPointExtension>
        </extensions>
      </trkpt>
      <trkpt lat="23.17511846311390399932861328125" lon="113.25424111448228359222412109375">
        <ele>7.400000095367431640625</ele>
        <time>2025-04-20T12:51:14.000Z</time>
        <extensions>
          <ns3:TrackPointExtension>
            <ns3:hr>80</ns3:hr>
          </ns3:TrackPointExtension>
        </extensions>
      </trkpt>
      <trkpt lat="23.175125755369663238525390625" lon="113.25419761240482330322265625">
        <ele>7.400000095367431640625</ele>
        <time>2025-04-20T12:51:15.000Z</time>
        <extensions>
          <ns3:TrackPointExtension>
            <ns3:hr>79</ns3:hr>
          </ns3:TrackPointExtension>
        </extensions>
      </trkpt>
      <trkpt lat="23.175127767026424407958984375" lon="113.2541580498218536376953125">
        <ele>7.400000095367431640625</ele>
        <time>2025-04-20T12:51:16.000Z</time>
        <extensions>
          <ns3:TrackPointExtension>
            <ns3:hr>79</ns3:hr>
          </ns3:TrackPointExtension>
        </extensions>
      </trkpt>
      <trkpt lat="23.17512751556932926177978515625" lon="113.2541146315634250640869140625">
        <ele>7.400000095367431640625</ele>
        <time>2025-04-20T12:51:17.000Z</time>
        <extensions>
          <ns3:TrackPointExtension>
            <ns3:hr>79</ns3:hr>
          </ns3:TrackPointExtension>
        </extensions>
      </trkpt>
      <trkpt lat="23.17513003014028072357177734375" lon="113.25407615862786769866943359375">
        <ele>7.400000095367431640625</ele>
        <time>2025-04-20T12:51:18.000Z</time>
        <extensions>
          <ns3:TrackPointExtension>
            <ns3:hr>79</ns3:hr>
          </ns3:TrackPointExtension>
        </extensions>
      </trkpt>
      <trkpt lat="23.17513279616832733154296875" lon="113.25404011644423007965087890625">
        <ele>7.599999904632568359375</ele>
        <time>2025-04-20T12:51:19.000Z</time>
        <extensions>
          <ns3:TrackPointExtension>
            <ns3:hr>79</ns3:hr>
          </ns3:TrackPointExtension>
        </extensions>
      </trkpt>
      <trkpt lat="23.17513254471123218536376953125" lon="113.254002816975116729736328125">
        <ele>7.80000019073486328125</ele>
        <time>2025-04-20T12:51:20.000Z</time>
        <extensions>
          <ns3:TrackPointExtension>
            <ns3:hr>79</ns3:hr>
          </ns3:TrackPointExtension>
        </extensions>
      </trkpt>
      <trkpt lat="23.1751306168735027313232421875" lon="113.25396719388663768768310546875">
        <ele>7.80000019073486328125</ele>
        <time>2025-04-20T12:51:21.000Z</time>
        <extensions>
          <ns3:TrackPointExtension>
            <ns3:hr>78</ns3:hr>
          </ns3:TrackPointExtension>
        </extensions>
      </trkpt>
      <trkpt lat="23.175126425921916961669921875" lon="113.25393115170300006866455078125">
        <ele>7.80000019073486328125</ele>
        <time>2025-04-20T12:51:22.000Z</time>
        <extensions>
          <ns3:TrackPointExtension>
            <ns3:hr>78</ns3:hr>
          </ns3:TrackPointExtension>
        </extensions>
      </trkpt>
      <trkpt lat="23.17512667737901210784912109375" lon="113.2538967020809650421142578125">
        <ele>7.80000019073486328125</ele>
        <time>2025-04-20T12:51:23.000Z</time>
        <extensions>
          <ns3:TrackPointExtension>
            <ns3:hr>79</ns3:hr>
          </ns3:TrackPointExtension>
        </extensions>
      </trkpt>
      <trkpt lat="23.17513070069253444671630859375" lon="113.2538557983934879302978515625">
        <ele>7.80000019073486328125</ele>
        <time>2025-04-20T12:51:24.000Z</time>
        <extensions>
          <ns3:TrackPointExtension>
            <ns3:hr>79</ns3:hr>
          </ns3:TrackPointExtension>
        </extensions>
      </trkpt>
      <trkpt lat="23.175139836966991424560546875" lon="113.253817074000835418701171875">
        <ele>7.80000019073486328125</ele>
        <time>2025-04-20T12:51:25.000Z</time>
        <extensions>
          <ns3:TrackPointExtension>
            <ns3:hr>79</ns3:hr>
          </ns3:TrackPointExtension>
        </extensions>
      </trkpt>
      <trkpt lat="23.1751450337469577789306640625" lon="113.25378052890300750732421875">
        <ele>7.80000019073486328125</ele>
        <time>2025-04-20T12:51:26.000Z</time>
        <extensions>
          <ns3:TrackPointExtension>
            <ns3:hr>80</ns3:hr>
          </ns3:TrackPointExtension>
        </extensions>
      </trkpt>
      <trkpt lat="23.1751473806798458099365234375" lon="113.25374566018581390380859375">
        <ele>7.80000019073486328125</ele>
        <time>2025-04-20T12:51:27.000Z</time>
        <extensions>
          <ns3:TrackPointExtension>
            <ns3:hr>80</ns3:hr>
          </ns3:TrackPointExtension>
        </extensions>
      </trkpt>
      <trkpt lat="23.1751483865082263946533203125" lon="113.253711126744747161865234375">
        <ele>8</ele>
        <time>2025-04-20T12:51:28.000Z</time>
        <extensions>
          <ns3:TrackPointExtension>
            <ns3:hr>80</ns3:hr>
          </ns3:TrackPointExtension>
        </extensions>
      </trkpt>
      <trkpt lat="23.17515031434595584869384765625" lon="113.253676258027553558349609375">
        <ele>8</ele>
        <time>2025-04-20T12:51:29.000Z</time>
        <extensions>
          <ns3:TrackPointExtension>
            <ns3:hr>80</ns3:hr>
          </ns3:TrackPointExtension>
        </extensions>
      </trkpt>
      <trkpt lat="23.17514888942241668701171875" lon="113.253639042377471923828125">
        <ele>8</ele>
        <time>2025-04-20T12:51:30.000Z</time>
        <extensions>
          <ns3:TrackPointExtension>
            <ns3:hr>81</ns3:hr>
          </ns3:TrackPointExtension>
        </extensions>
      </trkpt>
      <trkpt lat="23.17514746449887752532958984375" lon="113.25360274873673915863037109375">
        <ele>8</ele>
        <time>2025-04-20T12:51:31.000Z</time>
        <extensions>
          <ns3:TrackPointExtension>
            <ns3:hr>81</ns3:hr>
          </ns3:TrackPointExtension>
        </extensions>
      </trkpt>
      <trkpt lat="23.1751477159559726715087890625" lon="113.2535677962005138397216796875">
        <ele>8</ele>
        <time>2025-04-20T12:51:32.000Z</time>
        <extensions>
          <ns3:TrackPointExtension>
            <ns3:hr>81</ns3:hr>
          </ns3:TrackPointExtension>
        </extensions>
      </trkpt>
      <trkpt lat="23.17514888942241668701171875" lon="113.2535356096923351287841796875">
        <ele>8</ele>
        <time>2025-04-20T12:51:33.000Z</time>
        <extensions>
          <ns3:TrackPointExtension>
            <ns3:hr>81</ns3:hr>
          </ns3:TrackPointExtension>
        </extensions>
      </trkpt>
      <trkpt lat="23.17515333183109760284423828125" lon="113.25349797494709491729736328125">
        <ele>8</ele>
        <time>2025-04-20T12:51:34.000Z</time>
        <extensions>
          <ns3:TrackPointExtension>
            <ns3:hr>81</ns3:hr>
          </ns3:TrackPointExtension>
        </extensions>
      </trkpt>
      <trkpt lat="23.1751604564487934112548828125" lon="113.25345841236412525177001953125">
        <ele>8</ele>
        <time>2025-04-20T12:51:35.000Z</time>
        <extensions>
          <ns3:TrackPointExtension>
            <ns3:hr>82</ns3:hr>
          </ns3:TrackPointExtension>
        </extensions>
      </trkpt>
      <trkpt lat="23.1751641444861888885498046875" lon="113.25342245399951934814453125">
        <ele>8</ele>
        <time>2025-04-20T12:51:36.000Z</time>
        <extensions>
          <ns3:TrackPointExtension>
            <ns3:hr>82</ns3:hr>
          </ns3:TrackPointExtension>
        </extensions>
      </trkpt>
      <trkpt lat="23.17517101764678955078125" lon="113.25338649563491344451904296875">
        <ele>8</ele>
        <time>2025-04-20T12:51:37.000Z</time>
        <extensions>
          <ns3:TrackPointExtension>
            <ns3:hr>82</ns3:hr>
          </ns3:TrackPointExtension>
        </extensions>
      </trkpt>
      <trkpt lat="23.17517763935029506683349609375" lon="113.25334743596613407135009765625">
        <ele>8</ele>
        <time>2025-04-20T12:51:38.000Z</time>
        <extensions>
          <ns3:TrackPointExtension>
            <ns3:hr>82</ns3:hr>
          </ns3:TrackPointExtension>
        </extensions>
      </trkpt>
      <trkpt lat="23.17518417723476886749267578125" lon="113.2533126510679721832275390625">
        <ele>8</ele>
        <time>2025-04-20T12:51:39.000Z</time>
        <extensions>
          <ns3:TrackPointExtension>
            <ns3:hr>82</ns3:hr>
          </ns3:TrackPointExtension>
        </extensions>
      </trkpt>
      <trkpt lat="23.17519037984311580657958984375" lon="113.25327401049435138702392578125">
        <ele>8</ele>
        <time>2025-04-20T12:51:40.000Z</time>
        <extensions>
          <ns3:TrackPointExtension>
            <ns3:hr>82</ns3:hr>
          </ns3:TrackPointExtension>
        </extensions>
      </trkpt>
      <trkpt lat="23.1751939840614795684814453125" lon="113.2532365433871746063232421875">
        <ele>8</ele>
        <time>2025-04-20T12:51:41.000Z</time>
        <extensions>
          <ns3:TrackPointExtension>
            <ns3:hr>82</ns3:hr>
          </ns3:TrackPointExtension>
        </extensions>
      </trkpt>
      <trkpt lat="23.1752033717930316925048828125" lon="113.25320125557482242584228515625">
        <ele>8</ele>
        <time>2025-04-20T12:51:42.000Z</time>
        <extensions>
          <ns3:TrackPointExtension>
            <ns3:hr>83</ns3:hr>
          </ns3:TrackPointExtension>
        </extensions>
      </trkpt>
      <trkpt lat="23.17520949058234691619873046875" lon="113.2531694881618022918701171875">
        <ele>8</ele>
        <time>2025-04-20T12:51:43.000Z</time>
        <extensions>
          <ns3:TrackPointExtension>
            <ns3:hr>83</ns3:hr>
          </ns3:TrackPointExtension>
        </extensions>
      </trkpt>
      <trkpt lat="23.1752120889723300933837890625" lon="113.2531361281871795654296875">
        <ele>8</ele>
        <time>2025-04-20T12:51:44.000Z</time>
        <extensions>
          <ns3:TrackPointExtension>
            <ns3:hr>83</ns3:hr>
          </ns3:TrackPointExtension>
        </extensions>
      </trkpt>
      <trkpt lat="23.17521535791456699371337890625" lon="113.2530994154512882232666015625">
        <ele>8.19999980926513671875</ele>
        <time>2025-04-20T12:51:45.000Z</time>
        <extensions>
          <ns3:TrackPointExtension>
            <ns3:hr>84</ns3:hr>
          </ns3:TrackPointExtension>
        </extensions>
      </trkpt>
      <trkpt lat="23.175218291580677032470703125" lon="113.2530632056295871734619140625">
        <ele>8.19999980926513671875</ele>
        <time>2025-04-20T12:51:46.000Z</time>
        <extensions>
          <ns3:TrackPointExtension>
            <ns3:hr>83</ns3:hr>
          </ns3:TrackPointExtension>
        </extensions>
      </trkpt>
      <trkpt lat="23.17522021941840648651123046875" lon="113.253021128475666046142578125">
        <ele>8.19999980926513671875</ele>
        <time>2025-04-20T12:51:47.000Z</time>
        <extensions>
          <ns3:TrackPointExtension>
            <ns3:hr>83</ns3:hr>
          </ns3:TrackPointExtension>
        </extensions>
      </trkpt>
      <trkpt lat="23.175221644341945648193359375" lon="113.25298500247299671173095703125">
        <ele>8.19999980926513671875</ele>
        <time>2025-04-20T12:51:48.000Z</time>
        <extensions>
          <ns3:TrackPointExtension>
            <ns3:hr>83</ns3:hr>
          </ns3:TrackPointExtension>
        </extensions>
      </trkpt>
      <trkpt lat="23.1752231530845165252685546875" lon="113.2529483735561370849609375">
        <ele>8.19999980926513671875</ele>
        <time>2025-04-20T12:51:49.000Z</time>
        <extensions>
          <ns3:TrackPointExtension>
            <ns3:hr>83</ns3:hr>
          </ns3:TrackPointExtension>
        </extensions>
      </trkpt>
      <trkpt lat="23.1752261705696582794189453125" lon="113.25291476212441921234130859375">
        <ele>8.19999980926513671875</ele>
        <time>2025-04-20T12:51:50.000Z</time>
        <extensions>
          <ns3:TrackPointExtension>
            <ns3:hr>83</ns3:hr>
          </ns3:TrackPointExtension>
        </extensions>
      </trkpt>
      <trkpt lat="23.1752288527786731719970703125" lon="113.25288156978785991668701171875">
        <ele>8.19999980926513671875</ele>
        <time>2025-04-20T12:51:51.000Z</time>
        <extensions>
          <ns3:TrackPointExtension>
            <ns3:hr>83</ns3:hr>
          </ns3:TrackPointExtension>
        </extensions>
      </trkpt>
      <trkpt lat="23.1752362288534641265869140625" lon="113.2528456114232540130615234375">
        <ele>8.19999980926513671875</ele>
        <time>2025-04-20T12:51:52.000Z</time>
        <extensions>
          <ns3:TrackPointExtension>
            <ns3:hr>83</ns3:hr>
          </ns3:TrackPointExtension>
        </extensions>
      </trkpt>
      <trkpt lat="23.17524737678468227386474609375" lon="113.25281225144863128662109375">
        <ele>8.19999980926513671875</ele>
        <time>2025-04-20T12:51:53.000Z</time>
        <extensions>
          <ns3:TrackPointExtension>
            <ns3:hr>84</ns3:hr>
          </ns3:TrackPointExtension>
        </extensions>
      </trkpt>
      <trkpt lat="23.175261877477169036865234375" lon="113.2527892850339412689208984375">
        <ele>8.19999980926513671875</ele>
        <time>2025-04-20T12:51:54.000Z</time>
        <extensions>
          <ns3:TrackPointExtension>
            <ns3:hr>84</ns3:hr>
          </ns3:TrackPointExtension>
        </extensions>
      </trkpt>
      <trkpt lat="23.17527218721807003021240234375" lon="113.25277310796082019805908203125">
        <ele>8.19999980926513671875</ele>
        <time>2025-04-20T12:51:55.000Z</time>
        <extensions>
          <ns3:TrackPointExtension>
            <ns3:hr>83</ns3:hr>
          </ns3:TrackPointExtension>
        </extensions>
      </trkpt>
      <trkpt lat="23.1752697564661502838134765625" lon="113.25275634415447711944580078125">
        <ele>8.19999980926513671875</ele>
        <time>2025-04-20T12:51:56.000Z</time>
        <extensions>
          <ns3:TrackPointExtension>
            <ns3:hr>83</ns3:hr>
          </ns3:TrackPointExtension>
        </extensions>
      </trkpt>
      <trkpt lat="23.17526824772357940673828125" lon="113.25273589231073856353759765625">
        <ele>8.19999980926513671875</ele>
        <time>2025-04-20T12:51:57.000Z</time>
        <extensions>
          <ns3:TrackPointExtension>
            <ns3:hr>83</ns3:hr>
          </ns3:TrackPointExtension>
        </extensions>
      </trkpt>
      <trkpt lat="23.1752660684287548065185546875" lon="113.2527178712189197540283203125">
        <ele>8.19999980926513671875</ele>
        <time>2025-04-20T12:51:58.000Z</time>
        <extensions>
          <ns3:TrackPointExtension>
            <ns3:hr>84</ns3:hr>
          </ns3:TrackPointExtension>
        </extensions>
      </trkpt>
      <trkpt lat="23.1752622127532958984375" lon="113.252695240080356597900390625">
        <ele>8.19999980926513671875</ele>
        <time>2025-04-20T12:51:59.000Z</time>
        <extensions>
          <ns3:TrackPointExtension>
            <ns3:hr>82</ns3:hr>
          </ns3:TrackPointExtension>
        </extensions>
      </trkpt>
      <trkpt lat="23.17526078782975673675537109375" lon="113.252670764923095703125">
        <ele>8.19999980926513671875</ele>
        <time>2025-04-20T12:52:00.000Z</time>
        <extensions>
          <ns3:TrackPointExtension>
            <ns3:hr>82</ns3:hr>
          </ns3:TrackPointExtension>
        </extensions>
      </trkpt>
      <trkpt lat="23.17526020109653472900390625" lon="113.25264704413712024688720703125">
        <ele>8</ele>
        <time>2025-04-20T12:52:01.000Z</time>
        <extensions>
          <ns3:TrackPointExtension>
            <ns3:hr>82</ns3:hr>
          </ns3:TrackPointExtension>
        </extensions>
      </trkpt>
      <trkpt lat="23.1752613745629787445068359375" lon="113.25262248516082763671875">
        <ele>8</ele>
        <time>2025-04-20T12:52:02.000Z</time>
        <extensions>
          <ns3:TrackPointExtension>
            <ns3:hr>82</ns3:hr>
          </ns3:TrackPointExtension>
        </extensions>
      </trkpt>
      <trkpt lat="23.17526447586715221405029296875" lon="113.252593986690044403076171875">
        <ele>8</ele>
        <time>2025-04-20T12:52:03.000Z</time>
        <extensions>
          <ns3:TrackPointExtension>
            <ns3:hr>82</ns3:hr>
          </ns3:TrackPointExtension>
        </extensions>
      </trkpt>
      <trkpt lat="23.1752664037048816680908203125" lon="113.25256641022861003875732421875">
        <ele>8</ele>
        <time>2025-04-20T12:52:04.000Z</time>
        <extensions>
          <ns3:TrackPointExtension>
            <ns3:hr>82</ns3:hr>
          </ns3:TrackPointExtension>
        </extensions>
      </trkpt>
      <trkpt lat="23.17526833154261112213134765625" lon="113.25253598392009735107421875">
        <ele>8</ele>
        <time>2025-04-20T12:52:05.000Z</time>
        <extensions>
          <ns3:TrackPointExtension>
            <ns3:hr>81</ns3:hr>
          </ns3:TrackPointExtension>
        </extensions>
      </trkpt>
      <trkpt lat="23.1752684153616428375244140625" lon="113.25250446796417236328125">
        <ele>8</ele>
        <time>2025-04-20T12:52:06.000Z</time>
        <extensions>
          <ns3:TrackPointExtension>
            <ns3:hr>82</ns3:hr>
          </ns3:TrackPointExtension>
        </extensions>
      </trkpt>
      <trkpt lat="23.175270594656467437744140625" lon="113.2524684257805347442626953125">
        <ele>8</ele>
        <time>2025-04-20T12:52:07.000Z</time>
        <extensions>
          <ns3:TrackPointExtension>
            <ns3:hr>82</ns3:hr>
          </ns3:TrackPointExtension>
        </extensions>
      </trkpt>
      <trkpt lat="23.17527151666581630706787109375" lon="113.25243364088237285614013671875">
        <ele>8</ele>
        <time>2025-04-20T12:52:08.000Z</time>
        <extensions>
          <ns3:TrackPointExtension>
            <ns3:hr>82</ns3:hr>
          </ns3:TrackPointExtension>
        </extensions>
      </trkpt>
      <trkpt lat="23.1752724386751651763916015625" lon="113.25240648351609706878662109375">
        <ele>8.19999980926513671875</ele>
        <time>2025-04-20T12:52:09.000Z</time>
        <extensions>
          <ns3:TrackPointExtension>
            <ns3:hr>82</ns3:hr>
          </ns3:TrackPointExtension>
        </extensions>
      </trkpt>
      <trkpt lat="23.1752727739512920379638671875" lon="113.2523797452449798583984375">
        <ele>8.19999980926513671875</ele>
        <time>2025-04-20T12:52:10.000Z</time>
        <extensions>
          <ns3:TrackPointExtension>
            <ns3:hr>82</ns3:hr>
          </ns3:TrackPointExtension>
        </extensions>
      </trkpt>
      <trkpt lat="23.1752721033990383148193359375" lon="113.25234848074615001678466796875">
        <ele>8.19999980926513671875</ele>
        <time>2025-04-20T12:52:11.000Z</time>
        <extensions>
          <ns3:TrackPointExtension>
            <ns3:hr>82</ns3:hr>
          </ns3:TrackPointExtension>
        </extensions>
      </trkpt>
      <trkpt lat="23.17527336068451404571533203125" lon="113.25231528840959072113037109375">
        <ele>8.19999980926513671875</ele>
        <time>2025-04-20T12:52:12.000Z</time>
        <extensions>
          <ns3:TrackPointExtension>
            <ns3:hr>82</ns3:hr>
          </ns3:TrackPointExtension>
        </extensions>
      </trkpt>
      <trkpt lat="23.17527436651289463043212890625" lon="113.252280838787555694580078125">
        <ele>8.19999980926513671875</ele>
        <time>2025-04-20T12:52:13.000Z</time>
        <extensions>
          <ns3:TrackPointExtension>
            <ns3:hr>83</ns3:hr>
          </ns3:TrackPointExtension>
        </extensions>
      </trkpt>
      <trkpt lat="23.1752767972648143768310546875" lon="113.25224840082228183746337890625">
        <ele>8.19999980926513671875</ele>
        <time>2025-04-20T12:52:14.000Z</time>
        <extensions>
          <ns3:TrackPointExtension>
            <ns3:hr>83</ns3:hr>
          </ns3:TrackPointExtension>
        </extensions>
      </trkpt>
      <trkpt lat="23.1752784736454486846923828125" lon="113.2522129453718662261962890625">
        <ele>8.19999980926513671875</ele>
        <time>2025-04-20T12:52:15.000Z</time>
        <extensions>
          <ns3:TrackPointExtension>
            <ns3:hr>83</ns3:hr>
          </ns3:TrackPointExtension>
        </extensions>
      </trkpt>
      <trkpt lat="23.17528291605412960052490234375" lon="113.25217966921627521514892578125">
        <ele>8.19999980926513671875</ele>
        <time>2025-04-20T12:52:16.000Z</time>
        <extensions>
          <ns3:TrackPointExtension>
            <ns3:hr>83</ns3:hr>
          </ns3:TrackPointExtension>
        </extensions>
      </trkpt>
      <trkpt lat="23.17528911866247653961181640625" lon="113.25214295648038387298583984375">
        <ele>8.19999980926513671875</ele>
        <time>2025-04-20T12:52:17.000Z</time>
        <extensions>
          <ns3:TrackPointExtension>
            <ns3:hr>83</ns3:hr>
          </ns3:TrackPointExtension>
        </extensions>
      </trkpt>
      <trkpt lat="23.175302781164646148681640625" lon="113.25210071168839931488037109375">
        <ele>8.19999980926513671875</ele>
        <time>2025-04-20T12:52:18.000Z</time>
        <extensions>
          <ns3:TrackPointExtension>
            <ns3:hr>83</ns3:hr>
          </ns3:TrackPointExtension>
        </extensions>
      </trkpt>
      <trkpt lat="23.175308145582675933837890625" lon="113.25206014327704906463623046875">
        <ele>8.19999980926513671875</ele>
        <time>2025-04-20T12:52:19.000Z</time>
        <extensions>
          <ns3:TrackPointExtension>
            <ns3:hr>83</ns3:hr>
          </ns3:TrackPointExtension>
        </extensions>
      </trkpt>
      <trkpt lat="23.1753153540194034576416015625" lon="113.2520256936550140380859375">
        <ele>8.3999996185302734375</ele>
        <time>2025-04-20T12:52:20.000Z</time>
        <extensions>
          <ns3:TrackPointExtension>
            <ns3:hr>83</ns3:hr>
          </ns3:TrackPointExtension>
        </extensions>
      </trkpt>
      <trkpt lat="23.17532549612224102020263671875" lon="113.25198688544332981109619140625">
        <ele>8.3999996185302734375</ele>
        <time>2025-04-20T12:52:21.000Z</time>
        <extensions>
          <ns3:TrackPointExtension>
            <ns3:hr>83</ns3:hr>
          </ns3:TrackPointExtension>
        </extensions>
      </trkpt>
      <trkpt lat="23.17533706314861774444580078125" lon="113.251954279839992523193359375">
        <ele>8.3999996185302734375</ele>
        <time>2025-04-20T12:52:22.000Z</time>
        <extensions>
          <ns3:TrackPointExtension>
            <ns3:hr>83</ns3:hr>
          </ns3:TrackPointExtension>
        </extensions>
      </trkpt>
      <trkpt lat="23.17534846253693103790283203125" lon="113.25192284770309925079345703125">
        <ele>8.3999996185302734375</ele>
        <time>2025-04-20T12:52:23.000Z</time>
        <extensions>
          <ns3:TrackPointExtension>
            <ns3:hr>83</ns3:hr>
          </ns3:TrackPointExtension>
        </extensions>
      </trkpt>
      <trkpt lat="23.1753606162965297698974609375" lon="113.251892589032649993896484375">
        <ele>8.19999980926513671875</ele>
        <time>2025-04-20T12:52:24.000Z</time>
        <extensions>
          <ns3:TrackPointExtension>
            <ns3:hr>83</ns3:hr>
          </ns3:TrackPointExtension>
        </extensions>
      </trkpt>
      <trkpt lat="23.17537092603743076324462890625" lon="113.251857049763202667236328125">
        <ele>8.19999980926513671875</ele>
        <time>2025-04-20T12:52:25.000Z</time>
        <extensions>
          <ns3:TrackPointExtension>
            <ns3:hr>82</ns3:hr>
          </ns3:TrackPointExtension>
        </extensions>
      </trkpt>
      <trkpt lat="23.1753814034163951873779296875" lon="113.2518280483782291412353515625">
        <ele>8.3999996185302734375</ele>
        <time>2025-04-20T12:52:26.000Z</time>
        <extensions>
          <ns3:TrackPointExtension>
            <ns3:hr>83</ns3:hr>
          </ns3:TrackPointExtension>
        </extensions>
      </trkpt>
      <trkpt lat="23.17538986913859844207763671875" lon="113.25179577805101871490478515625">
        <ele>8.3999996185302734375</ele>
        <time>2025-04-20T12:52:27.000Z</time>
        <extensions>
          <ns3:TrackPointExtension>
            <ns3:hr>83</ns3:hr>
          </ns3:TrackPointExtension>
        </extensions>
      </trkpt>
      <trkpt lat="23.17539297044277191162109375" lon="113.25176308862864971160888671875">
        <ele>8.3999996185302734375</ele>
        <time>2025-04-20T12:52:28.000Z</time>
        <extensions>
          <ns3:TrackPointExtension>
            <ns3:hr>83</ns3:hr>
          </ns3:TrackPointExtension>
        </extensions>
      </trkpt>
      <trkpt lat="23.175404034554958343505859375" lon="113.25172721408307552337646484375">
        <ele>8.3999996185302734375</ele>
        <time>2025-04-20T12:52:29.000Z</time>
        <extensions>
          <ns3:TrackPointExtension>
            <ns3:hr>83</ns3:hr>
          </ns3:TrackPointExtension>
        </extensions>
      </trkpt>
      <trkpt lat="23.17541216500103473663330078125" lon="113.2516936026513576507568359375">
        <ele>8.3999996185302734375</ele>
        <time>2025-04-20T12:52:30.000Z</time>
        <extensions>
          <ns3:TrackPointExtension>
            <ns3:hr>83</ns3:hr>
          </ns3:TrackPointExtension>
        </extensions>
      </trkpt>
      <trkpt lat="23.17541635595262050628662109375" lon="113.2516533695161342620849609375">
        <ele>8.3999996185302734375</ele>
        <time>2025-04-20T12:52:31.000Z</time>
        <extensions>
          <ns3:TrackPointExtension>
            <ns3:hr>83</ns3:hr>
          </ns3:TrackPointExtension>
        </extensions>
      </trkpt>
      <trkpt lat="23.17542071454226970672607421875" lon="113.25161573477089405059814453125">
        <ele>8.6000003814697265625</ele>
        <time>2025-04-20T12:52:32.000Z</time>
        <extensions>
          <ns3:TrackPointExtension>
            <ns3:hr>83</ns3:hr>
          </ns3:TrackPointExtension>
        </extensions>
      </trkpt>
      <trkpt lat="23.175424151122570037841796875" lon="113.251575417816638946533203125">
        <ele>8.6000003814697265625</ele>
        <time>2025-04-20T12:52:33.000Z</time>
        <extensions>
          <ns3:TrackPointExtension>
            <ns3:hr>82</ns3:hr>
          </ns3:TrackPointExtension>
        </extensions>
      </trkpt>
      <trkpt lat="23.17542457021772861480712890625" lon="113.25153627432882785797119140625">
        <ele>8.6000003814697265625</ele>
        <time>2025-04-20T12:52:34.000Z</time>
        <extensions>
          <ns3:TrackPointExtension>
            <ns3:hr>82</ns3:hr>
          </ns3:TrackPointExtension>
        </extensions>
      </trkpt>
      <trkpt lat="23.175426162779331207275390625" lon="113.25149872340261936187744140625">
        <ele>8.6000003814697265625</ele>
        <time>2025-04-20T12:52:35.000Z</time>
        <extensions>
          <ns3:TrackPointExtension>
            <ns3:hr>82</ns3:hr>
          </ns3:TrackPointExtension>
        </extensions>
      </trkpt>
      <trkpt lat="23.17542557604610919952392578125" lon="113.251459412276744842529296875">
        <ele>8.6000003814697265625</ele>
        <time>2025-04-20T12:52:36.000Z</time>
        <extensions>
          <ns3:TrackPointExtension>
            <ns3:hr>82</ns3:hr>
          </ns3:TrackPointExtension>
        </extensions>
      </trkpt>
      <trkpt lat="23.17542607896029949188232421875" lon="113.2514240406453609466552734375">
        <ele>8.6000003814697265625</ele>
        <time>2025-04-20T12:52:37.000Z</time>
        <extensions>
          <ns3:TrackPointExtension>
            <ns3:hr>84</ns3:hr>
          </ns3:TrackPointExtension>
        </extensions>
      </trkpt>
      <trkpt lat="23.175423480570316314697265625" lon="113.2513838075101375579833984375">
        <ele>8.6000003814697265625</ele>
        <time>2025-04-20T12:52:38.000Z</time>
        <extensions>
          <ns3:TrackPointExtension>
            <ns3:hr>84</ns3:hr>
          </ns3:TrackPointExtension>
        </extensions>
      </trkpt>
      <trkpt lat="23.17541887052357196807861328125" lon="113.251351453363895416259765625">
        <ele>8.6000003814697265625</ele>
        <time>2025-04-20T12:52:39.000Z</time>
        <extensions>
          <ns3:TrackPointExtension>
            <ns3:hr>84</ns3:hr>
          </ns3:TrackPointExtension>
        </extensions>
      </trkpt>
      <trkpt lat="23.1754159368574619293212890625" lon="113.2513211108744144439697265625">
        <ele>8.6000003814697265625</ele>
        <time>2025-04-20T12:52:40.000Z</time>
        <extensions>
          <ns3:TrackPointExtension>
            <ns3:hr>83</ns3:hr>
          </ns3:TrackPointExtension>
        </extensions>
      </trkpt>
      <trkpt lat="23.17541350610554218292236328125" lon="113.25129118748009204864501953125">
        <ele>8.6000003814697265625</ele>
        <time>2025-04-20T12:52:41.000Z</time>
        <extensions>
          <ns3:TrackPointExtension>
            <ns3:hr>83</ns3:hr>
          </ns3:TrackPointExtension>
        </extensions>
      </trkpt>
      <trkpt lat="23.17540772259235382080078125" lon="113.25126017443835735321044921875">
        <ele>8.6000003814697265625</ele>
        <time>2025-04-20T12:52:42.000Z</time>
        <extensions>
          <ns3:TrackPointExtension>
            <ns3:hr>83</ns3:hr>
          </ns3:TrackPointExtension>
        </extensions>
      </trkpt>
      <trkpt lat="23.17540713585913181304931640625" lon="113.25122580863535404205322265625">
        <ele>8.6000003814697265625</ele>
        <time>2025-04-20T12:52:43.000Z</time>
        <extensions>
          <ns3:TrackPointExtension>
            <ns3:hr>83</ns3:hr>
          </ns3:TrackPointExtension>
        </extensions>
      </trkpt>
      <trkpt lat="23.175407387316226959228515625" lon="113.25118892826139926910400390625">
        <ele>8.6000003814697265625</ele>
        <time>2025-04-20T12:52:44.000Z</time>
        <extensions>
          <ns3:TrackPointExtension>
            <ns3:hr>83</ns3:hr>
          </ns3:TrackPointExtension>
        </extensions>
      </trkpt>
      <trkpt lat="23.17540906369686126708984375" lon="113.25115464627742767333984375">
        <ele>8.6000003814697265625</ele>
        <time>2025-04-20T12:52:45.000Z</time>
        <extensions>
          <ns3:TrackPointExtension>
            <ns3:hr>83</ns3:hr>
          </ns3:TrackPointExtension>
        </extensions>
      </trkpt>
      <trkpt lat="23.1754122488200664520263671875" lon="113.25112153775990009307861328125">
        <ele>8.3999996185302734375</ele>
        <time>2025-04-20T12:52:46.000Z</time>
        <extensions>
          <ns3:TrackPointExtension>
            <ns3:hr>83</ns3:hr>
          </ns3:TrackPointExtension>
        </extensions>
      </trkpt>
      <trkpt lat="23.17541501484811305999755859375" lon="113.25109069235622882843017578125">
        <ele>8.3999996185302734375</ele>
        <time>2025-04-20T12:52:47.000Z</time>
        <extensions>
          <ns3:TrackPointExtension>
            <ns3:hr>83</ns3:hr>
          </ns3:TrackPointExtension>
        </extensions>
      </trkpt>
      <trkpt lat="23.17541987635195255279541015625" lon="113.2510659657418727874755859375">
        <ele>8.3999996185302734375</ele>
        <time>2025-04-20T12:52:48.000Z</time>
        <extensions>
          <ns3:TrackPointExtension>
            <ns3:hr>83</ns3:hr>
          </ns3:TrackPointExtension>
        </extensions>
      </trkpt>
      <trkpt lat="23.175424151122570037841796875" lon="113.2510431669652462005615234375">
        <ele>8.19999980926513671875</ele>
        <time>2025-04-20T12:52:49.000Z</time>
        <extensions>
          <ns3:TrackPointExtension>
            <ns3:hr>84</ns3:hr>
          </ns3:TrackPointExtension>
        </extensions>
      </trkpt>
      <trkpt lat="23.175425827503204345703125" lon="113.251017518341541290283203125">
        <ele>8.19999980926513671875</ele>
        <time>2025-04-20T12:52:50.000Z</time>
        <extensions>
          <ns3:TrackPointExtension>
            <ns3:hr>85</ns3:hr>
          </ns3:TrackPointExtension>
        </extensions>
      </trkpt>
      <trkpt lat="23.175431527197360992431640625" lon="113.2509989105165004730224609375">
        <ele>8.19999980926513671875</ele>
        <time>2025-04-20T12:52:51.000Z</time>
        <extensions>
          <ns3:TrackPointExtension>
            <ns3:hr>86</ns3:hr>
          </ns3:TrackPointExtension>
        </extensions>
      </trkpt>
      <trkpt lat="23.175433538854122161865234375" lon="113.2509744353592395782470703125">
        <ele>8.19999980926513671875</ele>
        <time>2025-04-20T12:52:52.000Z</time>
        <extensions>
          <ns3:TrackPointExtension>
            <ns3:hr>86</ns3:hr>
          </ns3:TrackPointExtension>
        </extensions>
      </trkpt>
      <trkpt lat="23.17543596960604190826416015625" lon="113.250959850847721099853515625">
        <ele>8.19999980926513671875</ele>
        <time>2025-04-20T12:52:53.000Z</time>
        <extensions>
          <ns3:TrackPointExtension>
            <ns3:hr>87</ns3:hr>
          </ns3:TrackPointExtension>
        </extensions>
      </trkpt>
      <trkpt lat="23.17543664015829563140869140625" lon="113.2509539835155010223388671875">
        <ele>8.19999980926513671875</ele>
        <time>2025-04-20T12:52:54.000Z</time>
        <extensions>
          <ns3:TrackPointExtension>
            <ns3:hr>86</ns3:hr>
          </ns3:TrackPointExtension>
        </extensions>
      </trkpt>
      <trkpt lat="23.17543563432991504669189453125" lon="113.25094535015523433685302734375">
        <ele>8.19999980926513671875</ele>
        <time>2025-04-20T12:52:55.000Z</time>
        <extensions>
          <ns3:TrackPointExtension>
            <ns3:hr>86</ns3:hr>
          </ns3:TrackPointExtension>
        </extensions>
      </trkpt>
      <trkpt lat="23.17543454468250274658203125" lon="113.2509345375001430511474609375">
        <ele>8.19999980926513671875</ele>
        <time>2025-04-20T12:52:56.000Z</time>
        <extensions>
          <ns3:TrackPointExtension>
            <ns3:hr>86</ns3:hr>
          </ns3:TrackPointExtension>
        </extensions>
      </trkpt>
      <trkpt lat="23.1754303537309169769287109375" lon="113.25091886334121227264404296875">
        <ele>8</ele>
        <time>2025-04-20T12:52:57.000Z</time>
        <extensions>
          <ns3:TrackPointExtension>
            <ns3:hr>85</ns3:hr>
          </ns3:TrackPointExtension>
        </extensions>
      </trkpt>
      <trkpt lat="23.17542708478868007659912109375" lon="113.25090251863002777099609375">
        <ele>8</ele>
        <time>2025-04-20T12:52:58.000Z</time>
        <extensions>
          <ns3:TrackPointExtension>
            <ns3:hr>85</ns3:hr>
          </ns3:TrackPointExtension>
        </extensions>
      </trkpt>
      <trkpt lat="23.17542708478868007659912109375" lon="113.25088399462401866912841796875">
        <ele>8</ele>
        <time>2025-04-20T12:52:59.000Z</time>
        <extensions>
          <ns3:TrackPointExtension>
            <ns3:hr>84</ns3:hr>
          </ns3:TrackPointExtension>
        </extensions>
      </trkpt>
      <trkpt lat="23.17542691715061664581298828125" lon="113.250868320465087890625">
        <ele>8</ele>
        <time>2025-04-20T12:53:00.000Z</time>
        <extensions>
          <ns3:TrackPointExtension>
            <ns3:hr>84</ns3:hr>
          </ns3:TrackPointExtension>
        </extensions>
      </trkpt>
      <trkpt lat="23.17542792297899723052978515625" lon="113.2508493773639202117919921875">
        <ele>8</ele>
        <time>2025-04-20T12:53:01.000Z</time>
        <extensions>
          <ns3:TrackPointExtension>
            <ns3:hr>83</ns3:hr>
          </ns3:TrackPointExtension>
        </extensions>
      </trkpt>
      <trkpt lat="23.17542775534093379974365234375" lon="113.2508299313485622406005859375">
        <ele>8</ele>
        <time>2025-04-20T12:53:02.000Z</time>
        <extensions>
          <ns3:TrackPointExtension>
            <ns3:hr>83</ns3:hr>
          </ns3:TrackPointExtension>
        </extensions>
      </trkpt>
      <trkpt lat="23.175418116152286529541015625" lon="113.25081140734255313873291015625">
        <ele>8</ele>
        <time>2025-04-20T12:53:03.000Z</time>
        <extensions>
          <ns3:TrackPointExtension>
            <ns3:hr>83</ns3:hr>
          </ns3:TrackPointExtension>
        </extensions>
      </trkpt>
      <trkpt lat="23.17540906369686126708984375" lon="113.2507856748998165130615234375">
        <ele>8</ele>
        <time>2025-04-20T12:53:04.000Z</time>
        <extensions>
          <ns3:TrackPointExtension>
            <ns3:hr>83</ns3:hr>
          </ns3:TrackPointExtension>
        </extensions>
      </trkpt>
      <trkpt lat="23.17540705204010009765625" lon="113.25075524859130382537841796875">
        <ele>7.80000019073486328125</ele>
        <time>2025-04-20T12:53:05.000Z</time>
        <extensions>
          <ns3:TrackPointExtension>
            <ns3:hr>82</ns3:hr>
          </ns3:TrackPointExtension>
        </extensions>
      </trkpt>
      <trkpt lat="23.175406046211719512939453125" lon="113.25072574429214000701904296875">
        <ele>7.80000019073486328125</ele>
        <time>2025-04-20T12:53:06.000Z</time>
        <extensions>
          <ns3:TrackPointExtension>
            <ns3:hr>82</ns3:hr>
          </ns3:TrackPointExtension>
        </extensions>
      </trkpt>
      <trkpt lat="23.17540680058300495147705078125" lon="113.25069330632686614990234375">
        <ele>7.80000019073486328125</ele>
        <time>2025-04-20T12:53:07.000Z</time>
        <extensions>
          <ns3:TrackPointExtension>
            <ns3:hr>82</ns3:hr>
          </ns3:TrackPointExtension>
        </extensions>
      </trkpt>
      <trkpt lat="23.17541040480136871337890625" lon="113.25066304765641689300537109375">
        <ele>7.80000019073486328125</ele>
        <time>2025-04-20T12:53:08.000Z</time>
        <extensions>
          <ns3:TrackPointExtension>
            <ns3:hr>82</ns3:hr>
          </ns3:TrackPointExtension>
        </extensions>
      </trkpt>
      <trkpt lat="23.17541568540036678314208984375" lon="113.25062952004373073577880859375">
        <ele>7.80000019073486328125</ele>
        <time>2025-04-20T12:53:09.000Z</time>
        <extensions>
          <ns3:TrackPointExtension>
            <ns3:hr>82</ns3:hr>
          </ns3:TrackPointExtension>
        </extensions>
      </trkpt>
      <trkpt lat="23.175415098667144775390625" lon="113.25060420669615268707275390625">
        <ele>7.80000019073486328125</ele>
        <time>2025-04-20T12:53:10.000Z</time>
        <extensions>
          <ns3:TrackPointExtension>
            <ns3:hr>82</ns3:hr>
          </ns3:TrackPointExtension>
        </extensions>
      </trkpt>
      <trkpt lat="23.17541736178100109100341796875" lon="113.2505888678133487701416015625">
        <ele>7.80000019073486328125</ele>
        <time>2025-04-20T12:53:11.000Z</time>
        <extensions>
          <ns3:TrackPointExtension>
            <ns3:hr>82</ns3:hr>
          </ns3:TrackPointExtension>
        </extensions>
      </trkpt>
      <trkpt lat="23.17541778087615966796875" lon="113.25057503767311573028564453125">
        <ele>8</ele>
        <time>2025-04-20T12:53:12.000Z</time>
        <extensions>
          <ns3:TrackPointExtension>
            <ns3:hr>82</ns3:hr>
          </ns3:TrackPointExtension>
        </extensions>
      </trkpt>
      <trkpt lat="23.17541618831455707550048828125" lon="113.25056246481835842132568359375">
        <ele>7.80000019073486328125</ele>
        <time>2025-04-20T12:53:13.000Z</time>
        <extensions>
          <ns3:TrackPointExtension>
            <ns3:hr>81</ns3:hr>
          </ns3:TrackPointExtension>
        </extensions>
      </trkpt>
      <trkpt lat="23.1754152663052082061767578125" lon="113.25054570101201534271240234375">
        <ele>7.80000019073486328125</ele>
        <time>2025-04-20T12:53:14.000Z</time>
        <extensions>
          <ns3:TrackPointExtension>
            <ns3:hr>81</ns3:hr>
          </ns3:TrackPointExtension>
        </extensions>
      </trkpt>
      <trkpt lat="23.17541442811489105224609375" lon="113.2505268417298793792724609375">
        <ele>7.80000019073486328125</ele>
        <time>2025-04-20T12:53:15.000Z</time>
        <extensions>
          <ns3:TrackPointExtension>
            <ns3:hr>81</ns3:hr>
          </ns3:TrackPointExtension>
        </extensions>
      </trkpt>
      <trkpt lat="23.175416104495525360107421875" lon="113.250507898628711700439453125">
        <ele>7.80000019073486328125</ele>
        <time>2025-04-20T12:53:16.000Z</time>
        <extensions>
          <ns3:TrackPointExtension>
            <ns3:hr>80</ns3:hr>
          </ns3:TrackPointExtension>
        </extensions>
      </trkpt>
      <trkpt lat="23.17542104981839656829833984375" lon="113.25049507431685924530029296875">
        <ele>7.80000019073486328125</ele>
        <time>2025-04-20T12:53:17.000Z</time>
        <extensions>
          <ns3:TrackPointExtension>
            <ns3:hr>80</ns3:hr>
          </ns3:TrackPointExtension>
        </extensions>
      </trkpt>
      <trkpt lat="23.1754259951412677764892578125" lon="113.2504839263856410980224609375">
        <ele>7.80000019073486328125</ele>
        <time>2025-04-20T12:53:18.000Z</time>
        <extensions>
          <ns3:TrackPointExtension>
            <ns3:hr>81</ns3:hr>
          </ns3:TrackPointExtension>
        </extensions>
      </trkpt>
      <trkpt lat="23.17542926408350467681884765625" lon="113.250466994941234588623046875">
        <ele>7.80000019073486328125</ele>
        <time>2025-04-20T12:53:19.000Z</time>
        <extensions>
          <ns3:TrackPointExtension>
            <ns3:hr>81</ns3:hr>
          </ns3:TrackPointExtension>
        </extensions>
      </trkpt>
      <trkpt lat="23.17543077282607555389404296875" lon="113.25045048259198665618896484375">
        <ele>7.80000019073486328125</ele>
        <time>2025-04-20T12:53:20.000Z</time>
        <extensions>
          <ns3:TrackPointExtension>
            <ns3:hr>81</ns3:hr>
          </ns3:TrackPointExtension>
        </extensions>
      </trkpt>
      <trkpt lat="23.17542356438934803009033203125" lon="113.25043874792754650115966796875">
        <ele>7.80000019073486328125</ele>
        <time>2025-04-20T12:53:21.000Z</time>
        <extensions>
          <ns3:TrackPointExtension>
            <ns3:hr>81</ns3:hr>
          </ns3:TrackPointExtension>
        </extensions>
      </trkpt>
      <trkpt lat="23.17541350610554218292236328125" lon="113.25043120421469211578369140625">
        <ele>8</ele>
        <time>2025-04-20T12:53:22.000Z</time>
        <extensions>
          <ns3:TrackPointExtension>
            <ns3:hr>80</ns3:hr>
          </ns3:TrackPointExtension>
        </extensions>
      </trkpt>
      <trkpt lat="23.17540378309786319732666015625" lon="113.25041561387479305267333984375">
        <ele>8</ele>
        <time>2025-04-20T12:53:23.000Z</time>
        <extensions>
          <ns3:TrackPointExtension>
            <ns3:hr>81</ns3:hr>
          </ns3:TrackPointExtension>
        </extensions>
      </trkpt>
      <trkpt lat="23.1753974966704845428466796875" lon="113.2504029572010040283203125">
        <ele>8</ele>
        <time>2025-04-20T12:53:24.000Z</time>
        <extensions>
          <ns3:TrackPointExtension>
            <ns3:hr>81</ns3:hr>
          </ns3:TrackPointExtension>
        </extensions>
      </trkpt>
      <trkpt lat="23.17539104260504245758056640625" lon="113.25038946233689785003662109375">
        <ele>8</ele>
        <time>2025-04-20T12:53:25.000Z</time>
        <extensions>
          <ns3:TrackPointExtension>
            <ns3:hr>81</ns3:hr>
          </ns3:TrackPointExtension>
        </extensions>
      </trkpt>
      <trkpt lat="23.17538752220571041107177734375" lon="113.25036850757896900177001953125">
        <ele>8</ele>
        <time>2025-04-20T12:53:26.000Z</time>
        <extensions>
          <ns3:TrackPointExtension>
            <ns3:hr>81</ns3:hr>
          </ns3:TrackPointExtension>
        </extensions>
      </trkpt>
      <trkpt lat="23.175389952957630157470703125" lon="113.2503514923155307769775390625">
        <ele>8</ele>
        <time>2025-04-20T12:53:27.000Z</time>
        <extensions>
          <ns3:TrackPointExtension>
            <ns3:hr>80</ns3:hr>
          </ns3:TrackPointExtension>
        </extensions>
      </trkpt>
      <trkpt lat="23.1753901205956935882568359375" lon="113.25033213011920452117919921875">
        <ele>8</ele>
        <time>2025-04-20T12:53:28.000Z</time>
        <extensions>
          <ns3:TrackPointExtension>
            <ns3:hr>80</ns3:hr>
          </ns3:TrackPointExtension>
        </extensions>
      </trkpt>
      <trkpt lat="23.17538685165345668792724609375" lon="113.250314779579639434814453125">
        <ele>8</ele>
        <time>2025-04-20T12:53:29.000Z</time>
        <extensions>
          <ns3:TrackPointExtension>
            <ns3:hr>80</ns3:hr>
          </ns3:TrackPointExtension>
        </extensions>
      </trkpt>
      <trkpt lat="23.17538215778768062591552734375" lon="113.2502975128591060638427734375">
        <ele>8</ele>
        <time>2025-04-20T12:53:30.000Z</time>
        <extensions>
          <ns3:TrackPointExtension>
            <ns3:hr>81</ns3:hr>
          </ns3:TrackPointExtension>
        </extensions>
      </trkpt>
      <trkpt lat="23.17537746392190456390380859375" lon="113.2502727024257183074951171875">
        <ele>8</ele>
        <time>2025-04-20T12:53:31.000Z</time>
        <extensions>
          <ns3:TrackPointExtension>
            <ns3:hr>80</ns3:hr>
          </ns3:TrackPointExtension>
        </extensions>
      </trkpt>
      <trkpt lat="23.17537897266447544097900390625" lon="113.25025283731520175933837890625">
        <ele>8</ele>
        <time>2025-04-20T12:53:32.000Z</time>
        <extensions>
          <ns3:TrackPointExtension>
            <ns3:hr>80</ns3:hr>
          </ns3:TrackPointExtension>
        </extensions>
      </trkpt>
      <trkpt lat="23.17537427879869937896728515625" lon="113.250228278338909149169921875">
        <ele>8</ele>
        <time>2025-04-20T12:53:33.000Z</time>
        <extensions>
          <ns3:TrackPointExtension>
            <ns3:hr>80</ns3:hr>
          </ns3:TrackPointExtension>
        </extensions>
      </trkpt>
      <trkpt lat="23.175372518599033355712890625" lon="113.250205814838409423828125">
        <ele>8</ele>
        <time>2025-04-20T12:53:34.000Z</time>
        <extensions>
          <ns3:TrackPointExtension>
            <ns3:hr>81</ns3:hr>
          </ns3:TrackPointExtension>
        </extensions>
      </trkpt>
      <trkpt lat="23.1753695011138916015625" lon="113.250179328024387359619140625">
        <ele>8</ele>
        <time>2025-04-20T12:53:35.000Z</time>
        <extensions>
          <ns3:TrackPointExtension>
            <ns3:hr>80</ns3:hr>
          </ns3:TrackPointExtension>
        </extensions>
      </trkpt>
      <trkpt lat="23.17536346614360809326171875" lon="113.25015150010585784912109375">
        <ele>8</ele>
        <time>2025-04-20T12:53:36.000Z</time>
        <extensions>
          <ns3:TrackPointExtension>
            <ns3:hr>80</ns3:hr>
          </ns3:TrackPointExtension>
        </extensions>
      </trkpt>
      <trkpt lat="23.17535818554461002349853515625" lon="113.2501322217285633087158203125">
        <ele>8</ele>
        <time>2025-04-20T12:53:37.000Z</time>
        <extensions>
          <ns3:TrackPointExtension>
            <ns3:hr>80</ns3:hr>
          </ns3:TrackPointExtension>
        </extensions>
      </trkpt>
      <trkpt lat="23.17535667680203914642333984375" lon="113.2501110993325710296630859375">
        <ele>8</ele>
        <time>2025-04-20T12:53:38.000Z</time>
        <extensions>
          <ns3:TrackPointExtension>
            <ns3:hr>80</ns3:hr>
          </ns3:TrackPointExtension>
        </extensions>
      </trkpt>
      <trkpt lat="23.1753545813262462615966796875" lon="113.25008855201303958892822265625">
        <ele>8</ele>
        <time>2025-04-20T12:53:39.000Z</time>
        <extensions>
          <ns3:TrackPointExtension>
            <ns3:hr>81</ns3:hr>
          </ns3:TrackPointExtension>
        </extensions>
      </trkpt>
      <trkpt lat="23.17534997127950191497802734375" lon="113.250066675245761871337890625">
        <ele>8</ele>
        <time>2025-04-20T12:53:40.000Z</time>
        <extensions>
          <ns3:TrackPointExtension>
            <ns3:hr>80</ns3:hr>
          </ns3:TrackPointExtension>
        </extensions>
      </trkpt>
      <trkpt lat="23.175348378717899322509765625" lon="113.25004496611654758453369140625">
        <ele>8</ele>
        <time>2025-04-20T12:53:41.000Z</time>
        <extensions>
          <ns3:TrackPointExtension>
            <ns3:hr>80</ns3:hr>
          </ns3:TrackPointExtension>
        </extensions>
      </trkpt>
      <trkpt lat="23.17534360103309154510498046875" lon="113.2500235922634601593017578125">
        <ele>8</ele>
        <time>2025-04-20T12:53:42.000Z</time>
        <extensions>
          <ns3:TrackPointExtension>
            <ns3:hr>81</ns3:hr>
          </ns3:TrackPointExtension>
        </extensions>
      </trkpt>
      <trkpt lat="23.17534728907048702239990234375" lon="113.25000355951488018035888671875">
        <ele>8</ele>
        <time>2025-04-20T12:53:43.000Z</time>
        <extensions>
          <ns3:TrackPointExtension>
            <ns3:hr>81</ns3:hr>
          </ns3:TrackPointExtension>
        </extensions>
      </trkpt>
      <trkpt lat="23.17534863017499446868896484375" lon="113.2499890588223934173583984375">
        <ele>8</ele>
        <time>2025-04-20T12:53:44.000Z</time>
        <extensions>
          <ns3:TrackPointExtension>
            <ns3:hr>81</ns3:hr>
          </ns3:TrackPointExtension>
        </extensions>
      </trkpt>
      <trkpt lat="23.17534863017499446868896484375" lon="113.2499890588223934173583984375">
        <ele>8</ele>
        <time>2025-04-20T12:53:45.000Z</time>
        <extensions>
          <ns3:TrackPointExtension>
            <ns3:hr>80</ns3:hr>
          </ns3:TrackPointExtension>
        </extensions>
      </trkpt>
      <trkpt lat="23.17534863017499446868896484375" lon="113.2499890588223934173583984375">
        <ele>8</ele>
        <time>2025-04-20T12:53:46.000Z</time>
        <extensions>
          <ns3:TrackPointExtension>
            <ns3:hr>80</ns3:hr>
          </ns3:TrackPointExtension>
        </extensions>
      </trkpt>
      <trkpt lat="23.17534863017499446868896484375" lon="113.2499890588223934173583984375">
        <ele>7.80000019073486328125</ele>
        <time>2025-04-20T12:53:47.000Z</time>
        <extensions>
          <ns3:TrackPointExtension>
            <ns3:hr>80</ns3:hr>
          </ns3:TrackPointExtension>
        </extensions>
      </trkpt>
      <trkpt lat="23.17534863017499446868896484375" lon="113.2499890588223934173583984375">
        <ele>7.80000019073486328125</ele>
        <time>2025-04-20T12:53:48.000Z</time>
        <extensions>
          <ns3:TrackPointExtension>
            <ns3:hr>81</ns3:hr>
          </ns3:TrackPointExtension>
        </extensions>
      </trkpt>
      <trkpt lat="23.17534863017499446868896484375" lon="113.2499890588223934173583984375">
        <ele>7.80000019073486328125</ele>
        <time>2025-04-20T12:53:49.000Z</time>
        <extensions>
          <ns3:TrackPointExtension>
            <ns3:hr>80</ns3:hr>
          </ns3:TrackPointExtension>
        </extensions>
      </trkpt>
      <trkpt lat="23.17534863017499446868896484375" lon="113.2499890588223934173583984375">
        <ele>7.80000019073486328125</ele>
        <time>2025-04-20T12:53:50.000Z</time>
        <extensions>
          <ns3:TrackPointExtension>
            <ns3:hr>80</ns3:hr>
          </ns3:TrackPointExtension>
        </extensions>
      </trkpt>
      <trkpt lat="23.17534863017499446868896484375" lon="113.2499890588223934173583984375">
        <ele>7.599999904632568359375</ele>
        <time>2025-04-20T12:53:51.000Z</time>
        <extensions>
          <ns3:TrackPointExtension>
            <ns3:hr>80</ns3:hr>
          </ns3:TrackPointExtension>
        </extensions>
      </trkpt>
      <trkpt lat="23.17534863017499446868896484375" lon="113.2499890588223934173583984375">
        <ele>7.599999904632568359375</ele>
        <time>2025-04-20T12:53:52.000Z</time>
        <extensions>
          <ns3:TrackPointExtension>
            <ns3:hr>80</ns3:hr>
          </ns3:TrackPointExtension>
        </extensions>
      </trkpt>
      <trkpt lat="23.17534863017499446868896484375" lon="113.2499890588223934173583984375">
        <ele>7.599999904632568359375</ele>
        <time>2025-04-20T12:53:53.000Z</time>
        <extensions>
          <ns3:TrackPointExtension>
            <ns3:hr>80</ns3:hr>
          </ns3:TrackPointExtension>
        </extensions>
      </trkpt>
      <trkpt lat="23.175359107553958892822265625" lon="113.24998361058533191680908203125">
        <ele>7.599999904632568359375</ele>
        <time>2025-04-20T12:53:54.000Z</time>
        <extensions>
          <ns3:TrackPointExtension>
            <ns3:hr>80</ns3:hr>
          </ns3:TrackPointExtension>
        </extensions>
      </trkpt>
      <trkpt lat="23.17536053247749805450439453125" lon="113.2499818503856658935546875">
        <ele>7.599999904632568359375</ele>
        <time>2025-04-20T12:53:55.000Z</time>
        <extensions>
          <ns3:TrackPointExtension>
            <ns3:hr>79</ns3:hr>
          </ns3:TrackPointExtension>
        </extensions>
      </trkpt>
      <trkpt lat="23.1753616221249103546142578125" lon="113.24998176656663417816162109375">
        <ele>7.599999904632568359375</ele>
        <time>2025-04-20T12:53:56.000Z</time>
        <extensions>
          <ns3:TrackPointExtension>
            <ns3:hr>79</ns3:hr>
          </ns3:TrackPointExtension>
        </extensions>
      </trkpt>
      <trkpt lat="23.17536187358200550079345703125" lon="113.2499816827476024627685546875">
        <ele>7.400000095367431640625</ele>
        <time>2025-04-20T12:53:57.000Z</time>
        <extensions>
          <ns3:TrackPointExtension>
            <ns3:hr>79</ns3:hr>
          </ns3:TrackPointExtension>
        </extensions>
      </trkpt>
      <trkpt lat="23.17536271177232265472412109375" lon="113.2499818503856658935546875">
        <ele>7.400000095367431640625</ele>
        <time>2025-04-20T12:53:58.000Z</time>
        <extensions>
          <ns3:TrackPointExtension>
            <ns3:hr>79</ns3:hr>
          </ns3:TrackPointExtension>
        </extensions>
      </trkpt>
      <trkpt lat="23.17536287941038608551025390625" lon="113.2499816827476024627685546875">
        <ele>7.400000095367431640625</ele>
        <time>2025-04-20T12:53:59.000Z</time>
        <extensions>
          <ns3:TrackPointExtension>
            <ns3:hr>80</ns3:hr>
          </ns3:TrackPointExtension>
        </extensions>
      </trkpt>
      <trkpt lat="23.17536321468651294708251953125" lon="113.24998143129050731658935546875">
        <ele>7.400000095367431640625</ele>
        <time>2025-04-20T12:54:00.000Z</time>
        <extensions>
          <ns3:TrackPointExtension>
            <ns3:hr>79</ns3:hr>
          </ns3:TrackPointExtension>
        </extensions>
      </trkpt>
      <trkpt lat="23.17536321468651294708251953125" lon="113.24998143129050731658935546875">
        <ele>7.400000095367431640625</ele>
        <time>2025-04-20T12:54:01.000Z</time>
        <extensions>
          <ns3:TrackPointExtension>
            <ns3:hr>79</ns3:hr>
          </ns3:TrackPointExtension>
        </extensions>
      </trkpt>
      <trkpt lat="23.17536321468651294708251953125" lon="113.24998143129050731658935546875">
        <ele>7.400000095367431640625</ele>
        <time>2025-04-20T12:54:02.000Z</time>
        <extensions>
          <ns3:TrackPointExtension>
            <ns3:hr>80</ns3:hr>
          </ns3:TrackPointExtension>
        </extensions>
      </trkpt>
      <trkpt lat="23.17536388523876667022705078125" lon="113.24998059310019016265869140625">
        <ele>7.400000095367431640625</ele>
        <time>2025-04-20T12:54:03.000Z</time>
        <extensions>
          <ns3:TrackPointExtension>
            <ns3:hr>80</ns3:hr>
          </ns3:TrackPointExtension>
        </extensions>
      </trkpt>
      <trkpt lat="23.1753639690577983856201171875" lon="113.249980174005031585693359375">
        <ele>7.400000095367431640625</ele>
        <time>2025-04-20T12:54:04.000Z</time>
        <extensions>
          <ns3:TrackPointExtension>
            <ns3:hr>80</ns3:hr>
          </ns3:TrackPointExtension>
        </extensions>
      </trkpt>
      <trkpt lat="23.17536422051489353179931640625" lon="113.24997975490987300872802734375">
        <ele>7.400000095367431640625</ele>
        <time>2025-04-20T12:54:05.000Z</time>
        <extensions>
          <ns3:TrackPointExtension>
            <ns3:hr>80</ns3:hr>
          </ns3:TrackPointExtension>
        </extensions>
      </trkpt>
      <trkpt lat="23.17536321468651294708251953125" lon="113.24998143129050731658935546875">
        <ele>7.400000095367431640625</ele>
        <time>2025-04-20T12:54:06.000Z</time>
        <extensions>
          <ns3:TrackPointExtension>
            <ns3:hr>80</ns3:hr>
          </ns3:TrackPointExtension>
        </extensions>
      </trkpt>
      <trkpt lat="23.17536489106714725494384765625" lon="113.2499786652624607086181640625">
        <ele>7.400000095367431640625</ele>
        <time>2025-04-20T12:54:07.000Z</time>
        <extensions>
          <ns3:TrackPointExtension>
            <ns3:hr>81</ns3:hr>
          </ns3:TrackPointExtension>
        </extensions>
      </trkpt>
      <trkpt lat="23.17536505870521068572998046875" lon="113.24997824616730213165283203125">
        <ele>7.400000095367431640625</ele>
        <time>2025-04-20T12:54:08.000Z</time>
        <extensions>
          <ns3:TrackPointExtension>
            <ns3:hr>81</ns3:hr>
          </ns3:TrackPointExtension>
        </extensions>
      </trkpt>
      <trkpt lat="23.17536841146647930145263671875" lon="113.24996374547481536865234375">
        <ele>7.400000095367431640625</ele>
        <time>2025-04-20T12:54:09.000Z</time>
        <extensions>
          <ns3:TrackPointExtension>
            <ns3:hr>81</ns3:hr>
          </ns3:TrackPointExtension>
        </extensions>
      </trkpt>
      <trkpt lat="23.17537478171288967132568359375" lon="113.249955363571643829345703125">
        <ele>7.400000095367431640625</ele>
        <time>2025-04-20T12:54:10.000Z</time>
        <extensions>
          <ns3:TrackPointExtension>
            <ns3:hr>81</ns3:hr>
          </ns3:TrackPointExtension>
        </extensions>
      </trkpt>
      <trkpt lat="23.17538165487349033355712890625" lon="113.24994538910686969757080078125">
        <ele>7.400000095367431640625</ele>
        <time>2025-04-20T12:54:11.000Z</time>
        <extensions>
          <ns3:TrackPointExtension>
            <ns3:hr>81</ns3:hr>
          </ns3:TrackPointExtension>
        </extensions>
      </trkpt>
      <trkpt lat="23.1753881089389324188232421875" lon="113.24994153343141078948974609375">
        <ele>7.400000095367431640625</ele>
        <time>2025-04-20T12:54:12.000Z</time>
        <extensions>
          <ns3:TrackPointExtension>
            <ns3:hr>82</ns3:hr>
          </ns3:TrackPointExtension>
        </extensions>
      </trkpt>
      <trkpt lat="23.1753881089389324188232421875" lon="113.249941281974315643310546875">
        <ele>7.400000095367431640625</ele>
        <time>2025-04-20T12:54:13.000Z</time>
        <extensions>
          <ns3:TrackPointExtension>
            <ns3:hr>82</ns3:hr>
          </ns3:TrackPointExtension>
        </extensions>
      </trkpt>
      <trkpt lat="23.17539305426180362701416015625" lon="113.24993667192757129669189453125">
        <ele>7.19999980926513671875</ele>
        <time>2025-04-20T12:54:14.000Z</time>
        <extensions>
          <ns3:TrackPointExtension>
            <ns3:hr>82</ns3:hr>
          </ns3:TrackPointExtension>
        </extensions>
      </trkpt>
      <trkpt lat="23.17539305426180362701416015625" lon="113.24993633665144443511962890625">
        <ele>7.19999980926513671875</ele>
        <time>2025-04-20T12:54:15.000Z</time>
        <extensions>
          <ns3:TrackPointExtension>
            <ns3:hr>82</ns3:hr>
          </ns3:TrackPointExtension>
        </extensions>
      </trkpt>
      <trkpt lat="23.17539322189986705780029296875" lon="113.24993600137531757354736328125">
        <ele>7.19999980926513671875</ele>
        <time>2025-04-20T12:54:16.000Z</time>
        <extensions>
          <ns3:TrackPointExtension>
            <ns3:hr>83</ns3:hr>
          </ns3:TrackPointExtension>
        </extensions>
      </trkpt>
      <trkpt lat="23.17539338953793048858642578125" lon="113.24993566609919071197509765625">
        <ele>7.19999980926513671875</ele>
        <time>2025-04-20T12:54:17.000Z</time>
        <extensions>
          <ns3:TrackPointExtension>
            <ns3:hr>83</ns3:hr>
          </ns3:TrackPointExtension>
        </extensions>
      </trkpt>
      <trkpt lat="23.175397329032421112060546875" lon="113.24991538189351558685302734375">
        <ele>7.19999980926513671875</ele>
        <time>2025-04-20T12:54:18.000Z</time>
        <extensions>
          <ns3:TrackPointExtension>
            <ns3:hr>83</ns3:hr>
          </ns3:TrackPointExtension>
        </extensions>
      </trkpt>
      <trkpt lat="23.17540177144110202789306640625" lon="113.24990599416196346282958984375">
        <ele>7.19999980926513671875</ele>
        <time>2025-04-20T12:54:19.000Z</time>
        <extensions>
          <ns3:TrackPointExtension>
            <ns3:hr>83</ns3:hr>
          </ns3:TrackPointExtension>
        </extensions>
      </trkpt>
      <trkpt lat="23.1754055432975292205810546875" lon="113.24990431778132915496826171875">
        <ele>7.19999980926513671875</ele>
        <time>2025-04-20T12:54:20.000Z</time>
        <extensions>
          <ns3:TrackPointExtension>
            <ns3:hr>84</ns3:hr>
          </ns3:TrackPointExtension>
        </extensions>
      </trkpt>
      <trkpt lat="23.17540562711656093597412109375" lon="113.24990415014326572418212890625">
        <ele>7.19999980926513671875</ele>
        <time>2025-04-20T12:54:21.000Z</time>
        <extensions>
          <ns3:TrackPointExtension>
            <ns3:hr>83</ns3:hr>
          </ns3:TrackPointExtension>
        </extensions>
      </trkpt>
      <trkpt lat="23.1754129193723201751708984375" lon="113.24988939799368381500244140625">
        <ele>7.400000095367431640625</ele>
        <time>2025-04-20T12:54:22.000Z</time>
        <extensions>
          <ns3:TrackPointExtension>
            <ns3:hr>84</ns3:hr>
          </ns3:TrackPointExtension>
        </extensions>
      </trkpt>
      <trkpt lat="23.175414092838764190673828125" lon="113.2498733885586261749267578125">
        <ele>7.19999980926513671875</ele>
        <time>2025-04-20T12:54:23.000Z</time>
        <extensions>
          <ns3:TrackPointExtension>
            <ns3:hr>84</ns3:hr>
          </ns3:TrackPointExtension>
        </extensions>
      </trkpt>
      <trkpt lat="23.17542054690420627593994140625" lon="113.2498589716851711273193359375">
        <ele>7.400000095367431640625</ele>
        <time>2025-04-20T12:54:24.000Z</time>
        <extensions>
          <ns3:TrackPointExtension>
            <ns3:hr>84</ns3:hr>
          </ns3:TrackPointExtension>
        </extensions>
      </trkpt>
      <trkpt lat="23.17542691715061664581298828125" lon="113.2498438842594623565673828125">
        <ele>7.400000095367431640625</ele>
        <time>2025-04-20T12:54:25.000Z</time>
        <extensions>
          <ns3:TrackPointExtension>
            <ns3:hr>84</ns3:hr>
          </ns3:TrackPointExtension>
        </extensions>
      </trkpt>
      <trkpt lat="23.17542507313191890716552734375" lon="113.249833323061466217041015625">
        <ele>7.400000095367431640625</ele>
        <time>2025-04-20T12:54:26.000Z</time>
        <extensions>
          <ns3:TrackPointExtension>
            <ns3:hr>84</ns3:hr>
          </ns3:TrackPointExtension>
        </extensions>
      </trkpt>
      <trkpt lat="23.17542918026447296142578125" lon="113.24982569552958011627197265625">
        <ele>7.400000095367431640625</ele>
        <time>2025-04-20T12:54:27.000Z</time>
        <extensions>
          <ns3:TrackPointExtension>
            <ns3:hr>85</ns3:hr>
          </ns3:TrackPointExtension>
        </extensions>
      </trkpt>
      <trkpt lat="23.17542658187448978424072265625" lon="113.24982049874961376190185546875">
        <ele>7.400000095367431640625</ele>
        <time>2025-04-20T12:54:28.000Z</time>
        <extensions>
          <ns3:TrackPointExtension>
            <ns3:hr>84</ns3:hr>
          </ns3:TrackPointExtension>
        </extensions>
      </trkpt>
      <trkpt lat="23.17542457021772861480712890625" lon="113.24981345795094966888427734375">
        <ele>7.599999904632568359375</ele>
        <time>2025-04-20T12:54:29.000Z</time>
        <extensions>
          <ns3:TrackPointExtension>
            <ns3:hr>84</ns3:hr>
          </ns3:TrackPointExtension>
        </extensions>
      </trkpt>
      <trkpt lat="23.175426833331584930419921875" lon="113.2498096860945224761962890625">
        <ele>7.599999904632568359375</ele>
        <time>2025-04-20T12:54:30.000Z</time>
        <extensions>
          <ns3:TrackPointExtension>
            <ns3:hr>84</ns3:hr>
          </ns3:TrackPointExtension>
        </extensions>
      </trkpt>
      <trkpt lat="23.17542850971221923828125" lon="113.249803818762302398681640625">
        <ele>7.80000019073486328125</ele>
        <time>2025-04-20T12:54:31.000Z</time>
        <extensions>
          <ns3:TrackPointExtension>
            <ns3:hr>84</ns3:hr>
          </ns3:TrackPointExtension>
        </extensions>
      </trkpt>
    </trkseg>
  </trk>
</gpx>
