<gpx xmlns:ns3="http://www.garmin.com/xmlschemas/TrackPointExtension/v1" xmlns="http://www.topografix.com/GPX/1/1" xmlns:xsi="http://www.w3.org/2001/XMLSchema-instance" xmlns:ns2="http://www.garmin.com/xmlschemas/GpxExtensions/v3" creator="Garmin Connect" version="1.1" xsi:schemaLocation="http://www.topografix.com/GPX/1/1 http://www.topografix.com/GPX/11.xsd">
  <extensions>
<distance>6702.85</distance>
<average_hr>140.0</average_hr>
<average_speed>3.029000043869019</average_speed>
<start_time>2025-11-07T00:59:52+00:00</start_time>
<end_time>2025-11-07T01:36:45.162000+00:00</end_time>
<moving_time>2184.654</moving_time>
<elapsed_time>2213.162</elapsed_time>
</extensions>
<metadata>
    <link href="connect.garmin.com">
      <text>Garmin Connect</text>
    </link>
    <time>2025-11-07T00:59:52.000Z</time>
  </metadata>
  <trk>
    <name>武汉裁判仿真赛10B组</name>
    <desc>获得男子组冠军，无论是年龄、体重、体力都不占优势，取得冠军是我们对规则吃的透，配合顺畅！</desc>
    <type>running</type>
    <trkseg>
      <trkpt lat="30.51216158084571361541748046875" lon="114.232323132455348968505859375">
        <ele>24.200000762939453125</ele>
        <time>2025-11-07T00:59:52.000Z</time>
        <extensions>
          <ns3:TrackPointExtension>
            <ns3:hr>72</ns3:hr>
            <ns3:cad>0</ns3:cad>
          </ns3:TrackPointExtension>
        </extensions>
      </trkpt>
      <trkpt lat="30.51216158084571361541748046875" lon="114.232323132455348968505859375">
        <ele>24.200000762939453125</ele>
        <time>2025-11-07T00:59:53.000Z</time>
        <extensions>
          <ns3:TrackPointExtension>
            <ns3:hr>72</ns3:hr>
            <ns3:cad>0</ns3:cad>
          </ns3:TrackPointExtension>
        </extensions>
      </trkpt>
      <trkpt lat="30.51216158084571361541748046875" lon="114.232323132455348968505859375">
        <ele>24.3999996185302734375</ele>
        <time>2025-11-07T00:59:54.000Z</time>
        <extensions>
          <ns3:TrackPointExtension>
            <ns3:hr>72</ns3:hr>
            <ns3:cad>0</ns3:cad>
          </ns3:TrackPointExtension>
        </extensions>
      </trkpt>
      <trkpt lat="30.51216158084571361541748046875" lon="114.232323132455348968505859375">
        <ele>24.3999996185302734375</ele>
        <time>2025-11-07T00:59:55.000Z</time>
        <extensions>
          <ns3:TrackPointExtension>
            <ns3:hr>73</ns3:hr>
            <ns3:cad>0</ns3:cad>
          </ns3:TrackPointExtension>
        </extensions>
      </trkpt>
      <trkpt lat="30.51216158084571361541748046875" lon="114.232323132455348968505859375">
        <ele>24.3999996185302734375</ele>
        <time>2025-11-07T00:59:56.000Z</time>
        <extensions>
          <ns3:TrackPointExtension>
            <ns3:hr>72</ns3:hr>
            <ns3:cad>0</ns3:cad>
          </ns3:TrackPointExtension>
        </extensions>
      </trkpt>
      <trkpt lat="30.51216158084571361541748046875" lon="114.232323132455348968505859375">
        <ele>24.200000762939453125</ele>
        <time>2025-11-07T00:59:57.000Z</time>
        <extensions>
          <ns3:TrackPointExtension>
            <ns3:hr>71</ns3:hr>
            <ns3:cad>0</ns3:cad>
          </ns3:TrackPointExtension>
        </extensions>
      </trkpt>
      <trkpt lat="30.51216158084571361541748046875" lon="114.232323132455348968505859375">
        <ele>24.200000762939453125</ele>
        <time>2025-11-07T00:59:58.000Z</time>
        <extensions>
          <ns3:TrackPointExtension>
            <ns3:hr>70</ns3:hr>
            <ns3:cad>0</ns3:cad>
          </ns3:TrackPointExtension>
        </extensions>
      </trkpt>
      <trkpt lat="30.51216158084571361541748046875" lon="114.232323132455348968505859375">
        <ele>24</ele>
        <time>2025-11-07T00:59:59.000Z</time>
        <extensions>
          <ns3:TrackPointExtension>
            <ns3:hr>74</ns3:hr>
            <ns3:cad>0</ns3:cad>
          </ns3:TrackPointExtension>
        </extensions>
      </trkpt>
      <trkpt lat="30.51216158084571361541748046875" lon="114.232323132455348968505859375">
        <ele>24</ele>
        <time>2025-11-07T01:00:00.000Z</time>
        <extensions>
          <ns3:TrackPointExtension>
            <ns3:hr>74</ns3:hr>
            <ns3:cad>0</ns3:cad>
          </ns3:TrackPointExtension>
        </extensions>
      </trkpt>
      <trkpt lat="30.51217046566307544708251953125" lon="114.23232145607471466064453125">
        <ele>24</ele>
        <time>2025-11-07T01:00:01.000Z</time>
        <extensions>
          <ns3:TrackPointExtension>
            <ns3:hr>74</ns3:hr>
            <ns3:cad>124</ns3:cad>
          </ns3:TrackPointExtension>
        </extensions>
      </trkpt>
      <trkpt lat="30.512185804545879364013671875" lon="114.2322984896600246429443359375">
        <ele>24</ele>
        <time>2025-11-07T01:00:02.000Z</time>
        <extensions>
          <ns3:TrackPointExtension>
            <ns3:hr>74</ns3:hr>
            <ns3:cad>106</ns3:cad>
          </ns3:TrackPointExtension>
        </extensions>
      </trkpt>
      <trkpt lat="30.512206256389617919921875" lon="114.23226018436253070831298828125">
        <ele>24</ele>
        <time>2025-11-07T01:00:03.000Z</time>
        <extensions>
          <ns3:TrackPointExtension>
            <ns3:hr>74</ns3:hr>
            <ns3:cad>93</ns3:cad>
          </ns3:TrackPointExtension>
        </extensions>
      </trkpt>
      <trkpt lat="30.512206256389617919921875" lon="114.23226018436253070831298828125">
        <ele>24</ele>
        <time>2025-11-07T01:00:04.000Z</time>
        <extensions>
          <ns3:TrackPointExtension>
            <ns3:hr>74</ns3:hr>
            <ns3:cad>91</ns3:cad>
          </ns3:TrackPointExtension>
        </extensions>
      </trkpt>
      <trkpt lat="30.5122236907482147216796875" lon="114.23221324570477008819580078125">
        <ele>24</ele>
        <time>2025-11-07T01:00:05.000Z</time>
        <extensions>
          <ns3:TrackPointExtension>
            <ns3:hr>74</ns3:hr>
            <ns3:cad>89</ns3:cad>
          </ns3:TrackPointExtension>
        </extensions>
      </trkpt>
      <trkpt lat="30.51223970018327236175537109375" lon="114.2321746051311492919921875">
        <ele>24</ele>
        <time>2025-11-07T01:00:06.000Z</time>
        <extensions>
          <ns3:TrackPointExtension>
            <ns3:hr>74</ns3:hr>
            <ns3:cad>91</ns3:cad>
          </ns3:TrackPointExtension>
        </extensions>
      </trkpt>
      <trkpt lat="30.51227222196757793426513671875" lon="114.23209480941295623779296875">
        <ele>24</ele>
        <time>2025-11-07T01:00:07.000Z</time>
        <extensions>
          <ns3:TrackPointExtension>
            <ns3:hr>74</ns3:hr>
            <ns3:cad>92</ns3:cad>
          </ns3:TrackPointExtension>
        </extensions>
      </trkpt>
      <trkpt lat="30.51228471100330352783203125" lon="114.2320547439157962799072265625">
        <ele>24</ele>
        <time>2025-11-07T01:00:08.000Z</time>
        <extensions>
          <ns3:TrackPointExtension>
            <ns3:hr>74</ns3:hr>
            <ns3:cad>93</ns3:cad>
          </ns3:TrackPointExtension>
        </extensions>
      </trkpt>
      <trkpt lat="30.51229267381131649017333984375" lon="114.23201694153249263763427734375">
        <ele>24</ele>
        <time>2025-11-07T01:00:09.000Z</time>
        <extensions>
          <ns3:TrackPointExtension>
            <ns3:hr>74</ns3:hr>
            <ns3:cad>94</ns3:cad>
          </ns3:TrackPointExtension>
        </extensions>
      </trkpt>
      <trkpt lat="30.512299127876758575439453125" lon="114.2319712601602077484130859375">
        <ele>24</ele>
        <time>2025-11-07T01:00:10.000Z</time>
        <extensions>
          <ns3:TrackPointExtension>
            <ns3:hr>74</ns3:hr>
            <ns3:cad>93</ns3:cad>
          </ns3:TrackPointExtension>
        </extensions>
      </trkpt>
      <trkpt lat="30.5123041570186614990234375" lon="114.2319273389875888824462890625">
        <ele>24</ele>
        <time>2025-11-07T01:00:11.000Z</time>
        <extensions>
          <ns3:TrackPointExtension>
            <ns3:hr>75</ns3:hr>
            <ns3:cad>94</ns3:cad>
          </ns3:TrackPointExtension>
        </extensions>
      </trkpt>
      <trkpt lat="30.5123041570186614990234375" lon="114.2319273389875888824462890625">
        <ele>24</ele>
        <time>2025-11-07T01:00:12.000Z</time>
        <extensions>
          <ns3:TrackPointExtension>
            <ns3:hr>77</ns3:hr>
            <ns3:cad>93</ns3:cad>
          </ns3:TrackPointExtension>
        </extensions>
      </trkpt>
      <trkpt lat="30.512314550578594207763671875" lon="114.231843017041683197021484375">
        <ele>24</ele>
        <time>2025-11-07T01:00:13.000Z</time>
        <extensions>
          <ns3:TrackPointExtension>
            <ns3:hr>78</ns3:hr>
            <ns3:cad>94</ns3:cad>
          </ns3:TrackPointExtension>
        </extensions>
      </trkpt>
      <trkpt lat="30.51232888363301753997802734375" lon="114.23181560821831226348876953125">
        <ele>24</ele>
        <time>2025-11-07T01:00:14.000Z</time>
        <extensions>
          <ns3:TrackPointExtension>
            <ns3:hr>80</ns3:hr>
            <ns3:cad>94</ns3:cad>
          </ns3:TrackPointExtension>
        </extensions>
      </trkpt>
      <trkpt lat="30.51234514452517032623291015625" lon="114.23178593628108501434326171875">
        <ele>24</ele>
        <time>2025-11-07T01:00:15.000Z</time>
        <extensions>
          <ns3:TrackPointExtension>
            <ns3:hr>82</ns3:hr>
            <ns3:cad>95</ns3:cad>
          </ns3:TrackPointExtension>
        </extensions>
      </trkpt>
      <trkpt lat="30.51234514452517032623291015625" lon="114.23178593628108501434326171875">
        <ele>24</ele>
        <time>2025-11-07T01:00:16.000Z</time>
        <extensions>
          <ns3:TrackPointExtension>
            <ns3:hr>86</ns3:hr>
            <ns3:cad>95</ns3:cad>
          </ns3:TrackPointExtension>
        </extensions>
      </trkpt>
      <trkpt lat="30.51236450672149658203125" lon="114.23175492323935031890869140625">
        <ele>24</ele>
        <time>2025-11-07T01:00:17.000Z</time>
        <extensions>
          <ns3:TrackPointExtension>
            <ns3:hr>89</ns3:hr>
            <ns3:cad>95</ns3:cad>
          </ns3:TrackPointExtension>
        </extensions>
      </trkpt>
      <trkpt lat="30.51240214146673679351806640625" lon="114.2317023687064647674560546875">
        <ele>24</ele>
        <time>2025-11-07T01:00:18.000Z</time>
        <extensions>
          <ns3:TrackPointExtension>
            <ns3:hr>92</ns3:hr>
            <ns3:cad>94</ns3:cad>
          </ns3:TrackPointExtension>
        </extensions>
      </trkpt>
      <trkpt lat="30.51240214146673679351806640625" lon="114.2317023687064647674560546875">
        <ele>24</ele>
        <time>2025-11-07T01:00:19.000Z</time>
        <extensions>
          <ns3:TrackPointExtension>
            <ns3:hr>94</ns3:hr>
            <ns3:cad>94</ns3:cad>
          </ns3:TrackPointExtension>
        </extensions>
      </trkpt>
      <trkpt lat="30.5124458111822605133056640625" lon="114.2316540889441967010498046875">
        <ele>24.200000762939453125</ele>
        <time>2025-11-07T01:00:20.000Z</time>
        <extensions>
          <ns3:TrackPointExtension>
            <ns3:hr>95</ns3:hr>
            <ns3:cad>94</ns3:cad>
          </ns3:TrackPointExtension>
        </extensions>
      </trkpt>
      <trkpt lat="30.5124649219214916229248046875" lon="114.2316302843391895294189453125">
        <ele>24.3999996185302734375</ele>
        <time>2025-11-07T01:00:21.000Z</time>
        <extensions>
          <ns3:TrackPointExtension>
            <ns3:hr>95</ns3:hr>
            <ns3:cad>93</ns3:cad>
          </ns3:TrackPointExtension>
        </extensions>
      </trkpt>
      <trkpt lat="30.51248478703200817108154296875" lon="114.23160488717257976531982421875">
        <ele>24.6000003814697265625</ele>
        <time>2025-11-07T01:00:22.000Z</time>
        <extensions>
          <ns3:TrackPointExtension>
            <ns3:hr>95</ns3:hr>
            <ns3:cad>93</ns3:cad>
          </ns3:TrackPointExtension>
        </extensions>
      </trkpt>
      <trkpt lat="30.5125034786760807037353515625" lon="114.23158108256757259368896484375">
        <ele>24.799999237060546875</ele>
        <time>2025-11-07T01:00:23.000Z</time>
        <extensions>
          <ns3:TrackPointExtension>
            <ns3:hr>96</ns3:hr>
            <ns3:cad>92</ns3:cad>
          </ns3:TrackPointExtension>
        </extensions>
      </trkpt>
      <trkpt lat="30.51252015866339206695556640625" lon="114.23154721967875957489013671875">
        <ele>24.799999237060546875</ele>
        <time>2025-11-07T01:00:24.000Z</time>
        <extensions>
          <ns3:TrackPointExtension>
            <ns3:hr>95</ns3:hr>
            <ns3:cad>92</ns3:cad>
          </ns3:TrackPointExtension>
        </extensions>
      </trkpt>
      <trkpt lat="30.51252015866339206695556640625" lon="114.23154721967875957489013671875">
        <ele>25</ele>
        <time>2025-11-07T01:00:25.000Z</time>
        <extensions>
          <ns3:TrackPointExtension>
            <ns3:hr>95</ns3:hr>
            <ns3:cad>92</ns3:cad>
          </ns3:TrackPointExtension>
        </extensions>
      </trkpt>
      <trkpt lat="30.5125336535274982452392578125" lon="114.2315129376947879791259765625">
        <ele>25</ele>
        <time>2025-11-07T01:00:26.000Z</time>
        <extensions>
          <ns3:TrackPointExtension>
            <ns3:hr>95</ns3:hr>
            <ns3:cad>92</ns3:cad>
          </ns3:TrackPointExtension>
        </extensions>
      </trkpt>
      <trkpt lat="30.5125437118113040924072265625" lon="114.23147245310246944427490234375">
        <ele>25</ele>
        <time>2025-11-07T01:00:27.000Z</time>
        <extensions>
          <ns3:TrackPointExtension>
            <ns3:hr>95</ns3:hr>
            <ns3:cad>91</ns3:cad>
          </ns3:TrackPointExtension>
        </extensions>
      </trkpt>
      <trkpt lat="30.512549579143524169921875" lon="114.2314388416707515716552734375">
        <ele>25.200000762939453125</ele>
        <time>2025-11-07T01:00:28.000Z</time>
        <extensions>
          <ns3:TrackPointExtension>
            <ns3:hr>95</ns3:hr>
            <ns3:cad>92</ns3:cad>
          </ns3:TrackPointExtension>
        </extensions>
      </trkpt>
      <trkpt lat="30.51255083642899990081787109375" lon="114.23140145838260650634765625">
        <ele>25.200000762939453125</ele>
        <time>2025-11-07T01:00:29.000Z</time>
        <extensions>
          <ns3:TrackPointExtension>
            <ns3:hr>95</ns3:hr>
            <ns3:cad>90</ns3:cad>
          </ns3:TrackPointExtension>
        </extensions>
      </trkpt>
      <trkpt lat="30.51255485974252223968505859375" lon="114.2313265241682529449462890625">
        <ele>25.200000762939453125</ele>
        <time>2025-11-07T01:00:30.000Z</time>
        <extensions>
          <ns3:TrackPointExtension>
            <ns3:hr>96</ns3:hr>
            <ns3:cad>90</ns3:cad>
          </ns3:TrackPointExtension>
        </extensions>
      </trkpt>
      <trkpt lat="30.51256139762699604034423828125" lon="114.2312906496226787567138671875">
        <ele>25.200000762939453125</ele>
        <time>2025-11-07T01:00:31.000Z</time>
        <extensions>
          <ns3:TrackPointExtension>
            <ns3:hr>96</ns3:hr>
            <ns3:cad>91</ns3:cad>
          </ns3:TrackPointExtension>
        </extensions>
      </trkpt>
      <trkpt lat="30.5125648342072963714599609375" lon="114.23125016503036022186279296875">
        <ele>25.200000762939453125</ele>
        <time>2025-11-07T01:00:32.000Z</time>
        <extensions>
          <ns3:TrackPointExtension>
            <ns3:hr>97</ns3:hr>
            <ns3:cad>90</ns3:cad>
          </ns3:TrackPointExtension>
        </extensions>
      </trkpt>
      <trkpt lat="30.51257179118692874908447265625" lon="114.23121613450348377227783203125">
        <ele>25.200000762939453125</ele>
        <time>2025-11-07T01:00:33.000Z</time>
        <extensions>
          <ns3:TrackPointExtension>
            <ns3:hr>99</ns3:hr>
            <ns3:cad>90</ns3:cad>
          </ns3:TrackPointExtension>
        </extensions>
      </trkpt>
      <trkpt lat="30.51258084364235401153564453125" lon="114.23117481172084808349609375">
        <ele>25.200000762939453125</ele>
        <time>2025-11-07T01:00:34.000Z</time>
        <extensions>
          <ns3:TrackPointExtension>
            <ns3:hr>100</ns3:hr>
            <ns3:cad>90</ns3:cad>
          </ns3:TrackPointExtension>
        </extensions>
      </trkpt>
      <trkpt lat="30.51259526051580905914306640625" lon="114.231145642697811126708984375">
        <ele>25</ele>
        <time>2025-11-07T01:00:35.000Z</time>
        <extensions>
          <ns3:TrackPointExtension>
            <ns3:hr>101</ns3:hr>
            <ns3:cad>90</ns3:cad>
          </ns3:TrackPointExtension>
        </extensions>
      </trkpt>
      <trkpt lat="30.51259526051580905914306640625" lon="114.231145642697811126708984375">
        <ele>25</ele>
        <time>2025-11-07T01:00:36.000Z</time>
        <extensions>
          <ns3:TrackPointExtension>
            <ns3:hr>103</ns3:hr>
            <ns3:cad>89</ns3:cad>
          </ns3:TrackPointExtension>
        </extensions>
      </trkpt>
      <trkpt lat="30.51261453889310359954833984375" lon="114.2311156354844570159912109375">
        <ele>25</ele>
        <time>2025-11-07T01:00:37.000Z</time>
        <extensions>
          <ns3:TrackPointExtension>
            <ns3:hr>104</ns3:hr>
            <ns3:cad>89</ns3:cad>
          </ns3:TrackPointExtension>
        </extensions>
      </trkpt>
      <trkpt lat="30.512651503086090087890625" lon="114.2310576327145099639892578125">
        <ele>25</ele>
        <time>2025-11-07T01:00:38.000Z</time>
        <extensions>
          <ns3:TrackPointExtension>
            <ns3:hr>105</ns3:hr>
            <ns3:cad>89</ns3:cad>
          </ns3:TrackPointExtension>
        </extensions>
      </trkpt>
      <trkpt lat="30.51266985945403575897216796875" lon="114.2310294695198535919189453125">
        <ele>24.799999237060546875</ele>
        <time>2025-11-07T01:00:39.000Z</time>
        <extensions>
          <ns3:TrackPointExtension>
            <ns3:hr>107</ns3:hr>
            <ns3:cad>89</ns3:cad>
          </ns3:TrackPointExtension>
        </extensions>
      </trkpt>
      <trkpt lat="30.51269374787807464599609375" lon="114.23100558109581470489501953125">
        <ele>24.799999237060546875</ele>
        <time>2025-11-07T01:00:40.000Z</time>
        <extensions>
          <ns3:TrackPointExtension>
            <ns3:hr>108</ns3:hr>
            <ns3:cad>89</ns3:cad>
          </ns3:TrackPointExtension>
        </extensions>
      </trkpt>
      <trkpt lat="30.51271520555019378662109375" lon="114.23098127357661724090576171875">
        <ele>24.799999237060546875</ele>
        <time>2025-11-07T01:00:41.000Z</time>
        <extensions>
          <ns3:TrackPointExtension>
            <ns3:hr>109</ns3:hr>
            <ns3:cad>90</ns3:cad>
          </ns3:TrackPointExtension>
        </extensions>
      </trkpt>
      <trkpt lat="30.51273825578391551971435546875" lon="114.2309547029435634613037109375">
        <ele>24.6000003814697265625</ele>
        <time>2025-11-07T01:00:42.000Z</time>
        <extensions>
          <ns3:TrackPointExtension>
            <ns3:hr>111</ns3:hr>
            <ns3:cad>90</ns3:cad>
          </ns3:TrackPointExtension>
        </extensions>
      </trkpt>
      <trkpt lat="30.512761138379573822021484375" lon="114.23092964105308055877685546875">
        <ele>24.6000003814697265625</ele>
        <time>2025-11-07T01:00:43.000Z</time>
        <extensions>
          <ns3:TrackPointExtension>
            <ns3:hr>112</ns3:hr>
            <ns3:cad>90</ns3:cad>
          </ns3:TrackPointExtension>
        </extensions>
      </trkpt>
      <trkpt lat="30.5127857811748981475830078125" lon="114.2309060879051685333251953125">
        <ele>24.6000003814697265625</ele>
        <time>2025-11-07T01:00:44.000Z</time>
        <extensions>
          <ns3:TrackPointExtension>
            <ns3:hr>113</ns3:hr>
            <ns3:cad>90</ns3:cad>
          </ns3:TrackPointExtension>
        </extensions>
      </trkpt>
      <trkpt lat="30.5127857811748981475830078125" lon="114.2309060879051685333251953125">
        <ele>24.6000003814697265625</ele>
        <time>2025-11-07T01:00:45.000Z</time>
        <extensions>
          <ns3:TrackPointExtension>
            <ns3:hr>114</ns3:hr>
            <ns3:cad>90</ns3:cad>
          </ns3:TrackPointExtension>
        </extensions>
      </trkpt>
      <trkpt lat="30.5128065682947635650634765625" lon="114.23087918199598789215087890625">
        <ele>24.6000003814697265625</ele>
        <time>2025-11-07T01:00:46.000Z</time>
        <extensions>
          <ns3:TrackPointExtension>
            <ns3:hr>116</ns3:hr>
            <ns3:cad>90</ns3:cad>
          </ns3:TrackPointExtension>
        </extensions>
      </trkpt>
      <trkpt lat="30.51284797489643096923828125" lon="114.230817742645740509033203125">
        <ele>24.6000003814697265625</ele>
        <time>2025-11-07T01:00:47.000Z</time>
        <extensions>
          <ns3:TrackPointExtension>
            <ns3:hr>119</ns3:hr>
            <ns3:cad>91</ns3:cad>
          </ns3:TrackPointExtension>
        </extensions>
      </trkpt>
      <trkpt lat="30.51284797489643096923828125" lon="114.230817742645740509033203125">
        <ele>24.3999996185302734375</ele>
        <time>2025-11-07T01:00:48.000Z</time>
        <extensions>
          <ns3:TrackPointExtension>
            <ns3:hr>122</ns3:hr>
            <ns3:cad>91</ns3:cad>
          </ns3:TrackPointExtension>
        </extensions>
      </trkpt>
      <trkpt lat="30.51286515779793262481689453125" lon="114.23078329302370548248291015625">
        <ele>24.3999996185302734375</ele>
        <time>2025-11-07T01:00:49.000Z</time>
        <extensions>
          <ns3:TrackPointExtension>
            <ns3:hr>125</ns3:hr>
            <ns3:cad>91</ns3:cad>
          </ns3:TrackPointExtension>
        </extensions>
      </trkpt>
      <trkpt lat="30.51289197988808155059814453125" lon="114.23070802353322505950927734375">
        <ele>24.200000762939453125</ele>
        <time>2025-11-07T01:00:50.000Z</time>
        <extensions>
          <ns3:TrackPointExtension>
            <ns3:hr>127</ns3:hr>
            <ns3:cad>91</ns3:cad>
          </ns3:TrackPointExtension>
        </extensions>
      </trkpt>
      <trkpt lat="30.51289851777255535125732421875" lon="114.230672232806682586669921875">
        <ele>24.200000762939453125</ele>
        <time>2025-11-07T01:00:51.000Z</time>
        <extensions>
          <ns3:TrackPointExtension>
            <ns3:hr>128</ns3:hr>
            <ns3:cad>90</ns3:cad>
          </ns3:TrackPointExtension>
        </extensions>
      </trkpt>
      <trkpt lat="30.5129151977598667144775390625" lon="114.23063593916594982147216796875">
        <ele>24.200000762939453125</ele>
        <time>2025-11-07T01:00:52.000Z</time>
        <extensions>
          <ns3:TrackPointExtension>
            <ns3:hr>128</ns3:hr>
            <ns3:cad>90</ns3:cad>
          </ns3:TrackPointExtension>
        </extensions>
      </trkpt>
      <trkpt lat="30.5129322968423366546630859375" lon="114.2306060157716274261474609375">
        <ele>24</ele>
        <time>2025-11-07T01:00:53.000Z</time>
        <extensions>
          <ns3:TrackPointExtension>
            <ns3:hr>129</ns3:hr>
            <ns3:cad>90</ns3:cad>
          </ns3:TrackPointExtension>
        </extensions>
      </trkpt>
      <trkpt lat="30.51295601762831211090087890625" lon="114.230581037700176239013671875">
        <ele>23.799999237060546875</ele>
        <time>2025-11-07T01:00:54.000Z</time>
        <extensions>
          <ns3:TrackPointExtension>
            <ns3:hr>130</ns3:hr>
            <ns3:cad>91</ns3:cad>
          </ns3:TrackPointExtension>
        </extensions>
      </trkpt>
      <trkpt lat="30.51298066042363643646240234375" lon="114.2305604182183742523193359375">
        <ele>23.799999237060546875</ele>
        <time>2025-11-07T01:00:55.000Z</time>
        <extensions>
          <ns3:TrackPointExtension>
            <ns3:hr>130</ns3:hr>
            <ns3:cad>92</ns3:cad>
          </ns3:TrackPointExtension>
        </extensions>
      </trkpt>
      <trkpt lat="30.51301284693181514739990234375" lon="114.23053166829049587249755859375">
        <ele>23.799999237060546875</ele>
        <time>2025-11-07T01:00:56.000Z</time>
        <extensions>
          <ns3:TrackPointExtension>
            <ns3:hr>131</ns3:hr>
            <ns3:cad>92</ns3:cad>
          </ns3:TrackPointExtension>
        </extensions>
      </trkpt>
      <trkpt lat="30.5130402557551860809326171875" lon="114.2305014096200466156005859375">
        <ele>23.6000003814697265625</ele>
        <time>2025-11-07T01:00:57.000Z</time>
        <extensions>
          <ns3:TrackPointExtension>
            <ns3:hr>132</ns3:hr>
            <ns3:cad>93</ns3:cad>
          </ns3:TrackPointExtension>
        </extensions>
      </trkpt>
      <trkpt lat="30.5130402557551860809326171875" lon="114.2305014096200466156005859375">
        <ele>23.6000003814697265625</ele>
        <time>2025-11-07T01:00:58.000Z</time>
        <extensions>
          <ns3:TrackPointExtension>
            <ns3:hr>132</ns3:hr>
            <ns3:cad>93</ns3:cad>
          </ns3:TrackPointExtension>
        </extensions>
      </trkpt>
      <trkpt lat="30.5130711011588573455810546875" lon="114.23047282733023166656494140625">
        <ele>23.6000003814697265625</ele>
        <time>2025-11-07T01:00:59.000Z</time>
        <extensions>
          <ns3:TrackPointExtension>
            <ns3:hr>133</ns3:hr>
            <ns3:cad>93</ns3:cad>
          </ns3:TrackPointExtension>
        </extensions>
      </trkpt>
      <trkpt lat="30.51309850998222827911376953125" lon="114.23044851981103420257568359375">
        <ele>23.799999237060546875</ele>
        <time>2025-11-07T01:01:00.000Z</time>
        <extensions>
          <ns3:TrackPointExtension>
            <ns3:hr>133</ns3:hr>
            <ns3:cad>93</ns3:cad>
          </ns3:TrackPointExtension>
        </extensions>
      </trkpt>
      <trkpt lat="30.51314595155417919158935546875" lon="114.230393953621387481689453125">
        <ele>23.6000003814697265625</ele>
        <time>2025-11-07T01:01:01.000Z</time>
        <extensions>
          <ns3:TrackPointExtension>
            <ns3:hr>133</ns3:hr>
            <ns3:cad>92</ns3:cad>
          </ns3:TrackPointExtension>
        </extensions>
      </trkpt>
      <trkpt lat="30.51314595155417919158935546875" lon="114.230393953621387481689453125">
        <ele>23.6000003814697265625</ele>
        <time>2025-11-07T01:01:02.000Z</time>
        <extensions>
          <ns3:TrackPointExtension>
            <ns3:hr>134</ns3:hr>
            <ns3:cad>92</ns3:cad>
          </ns3:TrackPointExtension>
        </extensions>
      </trkpt>
      <trkpt lat="30.51316673867404460906982421875" lon="114.2303666286170482635498046875">
        <ele>23.6000003814697265625</ele>
        <time>2025-11-07T01:01:03.000Z</time>
        <extensions>
          <ns3:TrackPointExtension>
            <ns3:hr>134</ns3:hr>
            <ns3:cad>92</ns3:cad>
          </ns3:TrackPointExtension>
        </extensions>
      </trkpt>
      <trkpt lat="30.51319909282028675079345703125" lon="114.2302948795258998870849609375">
        <ele>23.6000003814697265625</ele>
        <time>2025-11-07T01:01:04.000Z</time>
        <extensions>
          <ns3:TrackPointExtension>
            <ns3:hr>134</ns3:hr>
            <ns3:cad>91</ns3:cad>
          </ns3:TrackPointExtension>
        </extensions>
      </trkpt>
      <trkpt lat="30.5132125876843929290771484375" lon="114.23025372438132762908935546875">
        <ele>23.6000003814697265625</ele>
        <time>2025-11-07T01:01:05.000Z</time>
        <extensions>
          <ns3:TrackPointExtension>
            <ns3:hr>134</ns3:hr>
            <ns3:cad>91</ns3:cad>
          </ns3:TrackPointExtension>
        </extensions>
      </trkpt>
      <trkpt lat="30.51322423852980136871337890625" lon="114.23021994531154632568359375">
        <ele>23.3999996185302734375</ele>
        <time>2025-11-07T01:01:06.000Z</time>
        <extensions>
          <ns3:TrackPointExtension>
            <ns3:hr>134</ns3:hr>
            <ns3:cad>92</ns3:cad>
          </ns3:TrackPointExtension>
        </extensions>
      </trkpt>
      <trkpt lat="30.5132320336997509002685546875" lon="114.23017493449151515960693359375">
        <ele>23.6000003814697265625</ele>
        <time>2025-11-07T01:01:07.000Z</time>
        <extensions>
          <ns3:TrackPointExtension>
            <ns3:hr>135</ns3:hr>
            <ns3:cad>93</ns3:cad>
          </ns3:TrackPointExtension>
        </extensions>
      </trkpt>
      <trkpt lat="30.51324318163096904754638671875" lon="114.2301393114030361175537109375">
        <ele>23.3999996185302734375</ele>
        <time>2025-11-07T01:01:08.000Z</time>
        <extensions>
          <ns3:TrackPointExtension>
            <ns3:hr>136</ns3:hr>
            <ns3:cad>93</ns3:cad>
          </ns3:TrackPointExtension>
        </extensions>
      </trkpt>
      <trkpt lat="30.51324318163096904754638671875" lon="114.2301393114030361175537109375">
        <ele>23.3999996185302734375</ele>
        <time>2025-11-07T01:01:09.000Z</time>
        <extensions>
          <ns3:TrackPointExtension>
            <ns3:hr>136</ns3:hr>
            <ns3:cad>92</ns3:cad>
          </ns3:TrackPointExtension>
        </extensions>
      </trkpt>
      <trkpt lat="30.5132625438272953033447265625" lon="114.23006705939769744873046875">
        <ele>23.200000762939453125</ele>
        <time>2025-11-07T01:01:10.000Z</time>
        <extensions>
          <ns3:TrackPointExtension>
            <ns3:hr>137</ns3:hr>
            <ns3:cad>90</ns3:cad>
          </ns3:TrackPointExtension>
        </extensions>
      </trkpt>
      <trkpt lat="30.51327176392078399658203125" lon="114.23002774827182292938232421875">
        <ele>23.200000762939453125</ele>
        <time>2025-11-07T01:01:11.000Z</time>
        <extensions>
          <ns3:TrackPointExtension>
            <ns3:hr>138</ns3:hr>
            <ns3:cad>90</ns3:cad>
          </ns3:TrackPointExtension>
        </extensions>
      </trkpt>
      <trkpt lat="30.513276122510433197021484375" lon="114.2299938015639781951904296875">
        <ele>23.200000762939453125</ele>
        <time>2025-11-07T01:01:12.000Z</time>
        <extensions>
          <ns3:TrackPointExtension>
            <ns3:hr>138</ns3:hr>
            <ns3:cad>91</ns3:cad>
          </ns3:TrackPointExtension>
        </extensions>
      </trkpt>
      <trkpt lat="30.51327645778656005859375" lon="114.22995298169553279876708984375">
        <ele>23.200000762939453125</ele>
        <time>2025-11-07T01:01:13.000Z</time>
        <extensions>
          <ns3:TrackPointExtension>
            <ns3:hr>139</ns3:hr>
            <ns3:cad>91</ns3:cad>
          </ns3:TrackPointExtension>
        </extensions>
      </trkpt>
      <trkpt lat="30.51327721215784549713134765625" lon="114.229916520416736602783203125">
        <ele>23.200000762939453125</ele>
        <time>2025-11-07T01:01:14.000Z</time>
        <extensions>
          <ns3:TrackPointExtension>
            <ns3:hr>140</ns3:hr>
            <ns3:cad>91</ns3:cad>
          </ns3:TrackPointExtension>
        </extensions>
      </trkpt>
      <trkpt lat="30.5132823251187801361083984375" lon="114.22987536527216434478759765625">
        <ele>23.200000762939453125</ele>
        <time>2025-11-07T01:01:15.000Z</time>
        <extensions>
          <ns3:TrackPointExtension>
            <ns3:hr>140</ns3:hr>
            <ns3:cad>91</ns3:cad>
          </ns3:TrackPointExtension>
        </extensions>
      </trkpt>
      <trkpt lat="30.51328794099390506744384765625" lon="114.22984368167817592620849609375">
        <ele>23.200000762939453125</ele>
        <time>2025-11-07T01:01:16.000Z</time>
        <extensions>
          <ns3:TrackPointExtension>
            <ns3:hr>141</ns3:hr>
            <ns3:cad>91</ns3:cad>
          </ns3:TrackPointExtension>
        </extensions>
      </trkpt>
      <trkpt lat="30.5132987536489963531494140625" lon="114.22981183044612407684326171875">
        <ele>23.200000762939453125</ele>
        <time>2025-11-07T01:01:17.000Z</time>
        <extensions>
          <ns3:TrackPointExtension>
            <ns3:hr>141</ns3:hr>
            <ns3:cad>91</ns3:cad>
          </ns3:TrackPointExtension>
        </extensions>
      </trkpt>
      <trkpt lat="30.5132987536489963531494140625" lon="114.22981183044612407684326171875">
        <ele>23.200000762939453125</ele>
        <time>2025-11-07T01:01:18.000Z</time>
        <extensions>
          <ns3:TrackPointExtension>
            <ns3:hr>141</ns3:hr>
            <ns3:cad>91</ns3:cad>
          </ns3:TrackPointExtension>
        </extensions>
      </trkpt>
      <trkpt lat="30.51331660710275173187255859375" lon="114.22978567890822887420654296875">
        <ele>23.200000762939453125</ele>
        <time>2025-11-07T01:01:19.000Z</time>
        <extensions>
          <ns3:TrackPointExtension>
            <ns3:hr>141</ns3:hr>
            <ns3:cad>91</ns3:cad>
          </ns3:TrackPointExtension>
        </extensions>
      </trkpt>
      <trkpt lat="30.51333622075617313385009765625" lon="114.22975751571357250213623046875">
        <ele>23.200000762939453125</ele>
        <time>2025-11-07T01:01:20.000Z</time>
        <extensions>
          <ns3:TrackPointExtension>
            <ns3:hr>142</ns3:hr>
            <ns3:cad>91</ns3:cad>
          </ns3:TrackPointExtension>
        </extensions>
      </trkpt>
      <trkpt lat="30.5133768729865550994873046875" lon="114.229703955352306365966796875">
        <ele>23.200000762939453125</ele>
        <time>2025-11-07T01:01:21.000Z</time>
        <extensions>
          <ns3:TrackPointExtension>
            <ns3:hr>142</ns3:hr>
            <ns3:cad>92</ns3:cad>
          </ns3:TrackPointExtension>
        </extensions>
      </trkpt>
      <trkpt lat="30.51340260542929172515869140625" lon="114.22967704944312572479248046875">
        <ele>23.200000762939453125</ele>
        <time>2025-11-07T01:01:22.000Z</time>
        <extensions>
          <ns3:TrackPointExtension>
            <ns3:hr>142</ns3:hr>
            <ns3:cad>91</ns3:cad>
          </ns3:TrackPointExtension>
        </extensions>
      </trkpt>
      <trkpt lat="30.5134253203868865966796875" lon="114.229651987552642822265625">
        <ele>23.200000762939453125</ele>
        <time>2025-11-07T01:01:23.000Z</time>
        <extensions>
          <ns3:TrackPointExtension>
            <ns3:hr>142</ns3:hr>
            <ns3:cad>92</ns3:cad>
          </ns3:TrackPointExtension>
        </extensions>
      </trkpt>
      <trkpt lat="30.5134253203868865966796875" lon="114.229651987552642822265625">
        <ele>23.200000762939453125</ele>
        <time>2025-11-07T01:01:24.000Z</time>
        <extensions>
          <ns3:TrackPointExtension>
            <ns3:hr>142</ns3:hr>
            <ns3:cad>92</ns3:cad>
          </ns3:TrackPointExtension>
        </extensions>
      </trkpt>
      <trkpt lat="30.5134771205484867095947265625" lon="114.229602701961994171142578125">
        <ele>23.200000762939453125</ele>
        <time>2025-11-07T01:01:25.000Z</time>
        <extensions>
          <ns3:TrackPointExtension>
            <ns3:hr>142</ns3:hr>
            <ns3:cad>92</ns3:cad>
          </ns3:TrackPointExtension>
        </extensions>
      </trkpt>
      <trkpt lat="30.51350134424865245819091796875" lon="114.2295696772634983062744140625">
        <ele>23.200000762939453125</ele>
        <time>2025-11-07T01:01:26.000Z</time>
        <extensions>
          <ns3:TrackPointExtension>
            <ns3:hr>142</ns3:hr>
            <ns3:cad>92</ns3:cad>
          </ns3:TrackPointExtension>
        </extensions>
      </trkpt>
      <trkpt lat="30.51352213136851787567138671875" lon="114.22954277135431766510009765625">
        <ele>23.200000762939453125</ele>
        <time>2025-11-07T01:01:27.000Z</time>
        <extensions>
          <ns3:TrackPointExtension>
            <ns3:hr>143</ns3:hr>
            <ns3:cad>91</ns3:cad>
          </ns3:TrackPointExtension>
        </extensions>
      </trkpt>
      <trkpt lat="30.51353923045098781585693359375" lon="114.22950706444680690765380859375">
        <ele>23.200000762939453125</ele>
        <time>2025-11-07T01:01:28.000Z</time>
        <extensions>
          <ns3:TrackPointExtension>
            <ns3:hr>142</ns3:hr>
            <ns3:cad>91</ns3:cad>
          </ns3:TrackPointExtension>
        </extensions>
      </trkpt>
      <trkpt lat="30.51353923045098781585693359375" lon="114.22950706444680690765380859375">
        <ele>23.200000762939453125</ele>
        <time>2025-11-07T01:01:29.000Z</time>
        <extensions>
          <ns3:TrackPointExtension>
            <ns3:hr>142</ns3:hr>
            <ns3:cad>91</ns3:cad>
          </ns3:TrackPointExtension>
        </extensions>
      </trkpt>
      <trkpt lat="30.5135542340576648712158203125" lon="114.22947202809154987335205078125">
        <ele>23.200000762939453125</ele>
        <time>2025-11-07T01:01:30.000Z</time>
        <extensions>
          <ns3:TrackPointExtension>
            <ns3:hr>142</ns3:hr>
            <ns3:cad>91</ns3:cad>
          </ns3:TrackPointExtension>
        </extensions>
      </trkpt>
      <trkpt lat="30.513567142188549041748046875" lon="114.229432046413421630859375">
        <ele>23.200000762939453125</ele>
        <time>2025-11-07T01:01:31.000Z</time>
        <extensions>
          <ns3:TrackPointExtension>
            <ns3:hr>142</ns3:hr>
            <ns3:cad>91</ns3:cad>
          </ns3:TrackPointExtension>
        </extensions>
      </trkpt>
      <trkpt lat="30.513578541576862335205078125" lon="114.22939776442945003509521484375">
        <ele>23.200000762939453125</ele>
        <time>2025-11-07T01:01:32.000Z</time>
        <extensions>
          <ns3:TrackPointExtension>
            <ns3:hr>142</ns3:hr>
            <ns3:cad>91</ns3:cad>
          </ns3:TrackPointExtension>
        </extensions>
      </trkpt>
      <trkpt lat="30.513590276241302490234375" lon="114.229325093328952789306640625">
        <ele>23.200000762939453125</ele>
        <time>2025-11-07T01:01:33.000Z</time>
        <extensions>
          <ns3:TrackPointExtension>
            <ns3:hr>142</ns3:hr>
            <ns3:cad>91</ns3:cad>
          </ns3:TrackPointExtension>
        </extensions>
      </trkpt>
      <trkpt lat="30.513586588203907012939453125" lon="114.22928628511726856231689453125">
        <ele>23</ele>
        <time>2025-11-07T01:01:34.000Z</time>
        <extensions>
          <ns3:TrackPointExtension>
            <ns3:hr>143</ns3:hr>
            <ns3:cad>91</ns3:cad>
          </ns3:TrackPointExtension>
        </extensions>
      </trkpt>
      <trkpt lat="30.51358415745198726654052734375" lon="114.22925611026585102081298828125">
        <ele>23</ele>
        <time>2025-11-07T01:01:35.000Z</time>
        <extensions>
          <ns3:TrackPointExtension>
            <ns3:hr>143</ns3:hr>
            <ns3:cad>91</ns3:cad>
          </ns3:TrackPointExtension>
        </extensions>
      </trkpt>
      <trkpt lat="30.51358415745198726654052734375" lon="114.22925611026585102081298828125">
        <ele>23</ele>
        <time>2025-11-07T01:01:36.000Z</time>
        <extensions>
          <ns3:TrackPointExtension>
            <ns3:hr>143</ns3:hr>
            <ns3:cad>91</ns3:cad>
          </ns3:TrackPointExtension>
        </extensions>
      </trkpt>
      <trkpt lat="30.51358767785131931304931640625" lon="114.2292156256735324859619140625">
        <ele>23</ele>
        <time>2025-11-07T01:01:37.000Z</time>
        <extensions>
          <ns3:TrackPointExtension>
            <ns3:hr>143</ns3:hr>
            <ns3:cad>91</ns3:cad>
          </ns3:TrackPointExtension>
        </extensions>
      </trkpt>
      <trkpt lat="30.5135998316109180450439453125" lon="114.22915041446685791015625">
        <ele>23</ele>
        <time>2025-11-07T01:01:38.000Z</time>
        <extensions>
          <ns3:TrackPointExtension>
            <ns3:hr>143</ns3:hr>
            <ns3:cad>91</ns3:cad>
          </ns3:TrackPointExtension>
        </extensions>
      </trkpt>
      <trkpt lat="30.51360704004764556884765625" lon="114.22911889851093292236328125">
        <ele>23</ele>
        <time>2025-11-07T01:01:39.000Z</time>
        <extensions>
          <ns3:TrackPointExtension>
            <ns3:hr>143</ns3:hr>
            <ns3:cad>91</ns3:cad>
          </ns3:TrackPointExtension>
        </extensions>
      </trkpt>
      <trkpt lat="30.51361684687435626983642578125" lon="114.22908511944115161895751953125">
        <ele>23.200000762939453125</ele>
        <time>2025-11-07T01:01:40.000Z</time>
        <extensions>
          <ns3:TrackPointExtension>
            <ns3:hr>143</ns3:hr>
            <ns3:cad>91</ns3:cad>
          </ns3:TrackPointExtension>
        </extensions>
      </trkpt>
      <trkpt lat="30.51362556405365467071533203125" lon="114.2290546931326389312744140625">
        <ele>23.200000762939453125</ele>
        <time>2025-11-07T01:01:41.000Z</time>
        <extensions>
          <ns3:TrackPointExtension>
            <ns3:hr>139</ns3:hr>
            <ns3:cad>91</ns3:cad>
          </ns3:TrackPointExtension>
        </extensions>
      </trkpt>
      <trkpt lat="30.51362556405365467071533203125" lon="114.2290546931326389312744140625">
        <ele>23.200000762939453125</ele>
        <time>2025-11-07T01:01:42.000Z</time>
        <extensions>
          <ns3:TrackPointExtension>
            <ns3:hr>137</ns3:hr>
            <ns3:cad>91</ns3:cad>
          </ns3:TrackPointExtension>
        </extensions>
      </trkpt>
      <trkpt lat="30.51363654434680938720703125" lon="114.22901990823447704315185546875">
        <ele>23.200000762939453125</ele>
        <time>2025-11-07T01:01:43.000Z</time>
        <extensions>
          <ns3:TrackPointExtension>
            <ns3:hr>137</ns3:hr>
            <ns3:cad>91</ns3:cad>
          </ns3:TrackPointExtension>
        </extensions>
      </trkpt>
      <trkpt lat="30.51365992985665798187255859375" lon="114.22895486466586589813232421875">
        <ele>23.200000762939453125</ele>
        <time>2025-11-07T01:01:44.000Z</time>
        <extensions>
          <ns3:TrackPointExtension>
            <ns3:hr>137</ns3:hr>
            <ns3:cad>91</ns3:cad>
          </ns3:TrackPointExtension>
        </extensions>
      </trkpt>
      <trkpt lat="30.5136719159781932830810546875" lon="114.22892703674733638763427734375">
        <ele>23.200000762939453125</ele>
        <time>2025-11-07T01:01:45.000Z</time>
        <extensions>
          <ns3:TrackPointExtension>
            <ns3:hr>137</ns3:hr>
            <ns3:cad>91</ns3:cad>
          </ns3:TrackPointExtension>
        </extensions>
      </trkpt>
      <trkpt lat="30.513687841594219207763671875" lon="114.228895269334316253662109375">
        <ele>23.200000762939453125</ele>
        <time>2025-11-07T01:01:46.000Z</time>
        <extensions>
          <ns3:TrackPointExtension>
            <ns3:hr>137</ns3:hr>
            <ns3:cad>91</ns3:cad>
          </ns3:TrackPointExtension>
        </extensions>
      </trkpt>
      <trkpt lat="30.51370452158153057098388671875" lon="114.22886668704450130462646484375">
        <ele>23.3999996185302734375</ele>
        <time>2025-11-07T01:01:47.000Z</time>
        <extensions>
          <ns3:TrackPointExtension>
            <ns3:hr>138</ns3:hr>
            <ns3:cad>91</ns3:cad>
          </ns3:TrackPointExtension>
        </extensions>
      </trkpt>
      <trkpt lat="30.51372212357819080352783203125" lon="114.2288404516875743865966796875">
        <ele>23.200000762939453125</ele>
        <time>2025-11-07T01:01:48.000Z</time>
        <extensions>
          <ns3:TrackPointExtension>
            <ns3:hr>137</ns3:hr>
            <ns3:cad>91</ns3:cad>
          </ns3:TrackPointExtension>
        </extensions>
      </trkpt>
      <trkpt lat="30.51374039612710475921630859375" lon="114.2288139648735523223876953125">
        <ele>23.200000762939453125</ele>
        <time>2025-11-07T01:01:49.000Z</time>
        <extensions>
          <ns3:TrackPointExtension>
            <ns3:hr>137</ns3:hr>
            <ns3:cad>91</ns3:cad>
          </ns3:TrackPointExtension>
        </extensions>
      </trkpt>
      <trkpt lat="30.5137641169130802154541015625" lon="114.22878990881145000457763671875">
        <ele>23.200000762939453125</ele>
        <time>2025-11-07T01:01:50.000Z</time>
        <extensions>
          <ns3:TrackPointExtension>
            <ns3:hr>138</ns3:hr>
            <ns3:cad>91</ns3:cad>
          </ns3:TrackPointExtension>
        </extensions>
      </trkpt>
      <trkpt lat="30.513787753880023956298828125" lon="114.2287673614919185638427734375">
        <ele>23</ele>
        <time>2025-11-07T01:01:51.000Z</time>
        <extensions>
          <ns3:TrackPointExtension>
            <ns3:hr>138</ns3:hr>
            <ns3:cad>90</ns3:cad>
          </ns3:TrackPointExtension>
        </extensions>
      </trkpt>
      <trkpt lat="30.513787753880023956298828125" lon="114.2287673614919185638427734375">
        <ele>23</ele>
        <time>2025-11-07T01:01:52.000Z</time>
        <extensions>
          <ns3:TrackPointExtension>
            <ns3:hr>138</ns3:hr>
            <ns3:cad>90</ns3:cad>
          </ns3:TrackPointExtension>
        </extensions>
      </trkpt>
      <trkpt lat="30.5138137377798557281494140625" lon="114.22874514944851398468017578125">
        <ele>23</ele>
        <time>2025-11-07T01:01:53.000Z</time>
        <extensions>
          <ns3:TrackPointExtension>
            <ns3:hr>138</ns3:hr>
            <ns3:cad>90</ns3:cad>
          </ns3:TrackPointExtension>
        </extensions>
      </trkpt>
      <trkpt lat="30.51383796148002147674560546875" lon="114.2287237755954265594482421875">
        <ele>23</ele>
        <time>2025-11-07T01:01:54.000Z</time>
        <extensions>
          <ns3:TrackPointExtension>
            <ns3:hr>138</ns3:hr>
            <ns3:cad>90</ns3:cad>
          </ns3:TrackPointExtension>
        </extensions>
      </trkpt>
      <trkpt lat="30.5138623528182506561279296875" lon="114.228702820837497711181640625">
        <ele>22.799999237060546875</ele>
        <time>2025-11-07T01:01:55.000Z</time>
        <extensions>
          <ns3:TrackPointExtension>
            <ns3:hr>138</ns3:hr>
            <ns3:cad>90</ns3:cad>
          </ns3:TrackPointExtension>
        </extensions>
      </trkpt>
      <trkpt lat="30.5138985626399517059326171875" lon="114.22864976339042186737060546875">
        <ele>23</ele>
        <time>2025-11-07T01:01:56.000Z</time>
        <extensions>
          <ns3:TrackPointExtension>
            <ns3:hr>137</ns3:hr>
            <ns3:cad>90</ns3:cad>
          </ns3:TrackPointExtension>
        </extensions>
      </trkpt>
      <trkpt lat="30.51391147077083587646484375" lon="114.2286174930632114410400390625">
        <ele>22.799999237060546875</ele>
        <time>2025-11-07T01:01:57.000Z</time>
        <extensions>
          <ns3:TrackPointExtension>
            <ns3:hr>138</ns3:hr>
            <ns3:cad>89</ns3:cad>
          </ns3:TrackPointExtension>
        </extensions>
      </trkpt>
      <trkpt lat="30.51392354071140289306640625" lon="114.22858304344117641448974609375">
        <ele>22.799999237060546875</ele>
        <time>2025-11-07T01:01:58.000Z</time>
        <extensions>
          <ns3:TrackPointExtension>
            <ns3:hr>138</ns3:hr>
            <ns3:cad>88</ns3:cad>
          </ns3:TrackPointExtension>
        </extensions>
      </trkpt>
      <trkpt lat="30.5139347724616527557373046875" lon="114.2285514436662197113037109375">
        <ele>22.799999237060546875</ele>
        <time>2025-11-07T01:01:59.000Z</time>
        <extensions>
          <ns3:TrackPointExtension>
            <ns3:hr>137</ns3:hr>
            <ns3:cad>87</ns3:cad>
          </ns3:TrackPointExtension>
        </extensions>
      </trkpt>
      <trkpt lat="30.51394675858318805694580078125" lon="114.22851548530161380767822265625">
        <ele>22.799999237060546875</ele>
        <time>2025-11-07T01:02:00.000Z</time>
        <extensions>
          <ns3:TrackPointExtension>
            <ns3:hr>138</ns3:hr>
            <ns3:cad>86</ns3:cad>
          </ns3:TrackPointExtension>
        </extensions>
      </trkpt>
      <trkpt lat="30.5139565654098987579345703125" lon="114.2284810356795787811279296875">
        <ele>22.3999996185302734375</ele>
        <time>2025-11-07T01:02:01.000Z</time>
        <extensions>
          <ns3:TrackPointExtension>
            <ns3:hr>138</ns3:hr>
            <ns3:cad>85</ns3:cad>
          </ns3:TrackPointExtension>
        </extensions>
      </trkpt>
      <trkpt lat="30.5139565654098987579345703125" lon="114.2284810356795787811279296875">
        <ele>22.200000762939453125</ele>
        <time>2025-11-07T01:02:02.000Z</time>
        <extensions>
          <ns3:TrackPointExtension>
            <ns3:hr>138</ns3:hr>
            <ns3:cad>87</ns3:cad>
          </ns3:TrackPointExtension>
        </extensions>
      </trkpt>
      <trkpt lat="30.51396670751273632049560546875" lon="114.228442646563053131103515625">
        <ele>21.799999237060546875</ele>
        <time>2025-11-07T01:02:03.000Z</time>
        <extensions>
          <ns3:TrackPointExtension>
            <ns3:hr>138</ns3:hr>
            <ns3:cad>92</ns3:cad>
          </ns3:TrackPointExtension>
        </extensions>
      </trkpt>
      <trkpt lat="30.513979531824588775634765625" lon="114.22837056219577789306640625">
        <ele>21.200000762939453125</ele>
        <time>2025-11-07T01:02:04.000Z</time>
        <extensions>
          <ns3:TrackPointExtension>
            <ns3:hr>138</ns3:hr>
            <ns3:cad>93</ns3:cad>
          </ns3:TrackPointExtension>
        </extensions>
      </trkpt>
      <trkpt lat="30.513979531824588775634765625" lon="114.22837056219577789306640625">
        <ele>21</ele>
        <time>2025-11-07T01:02:05.000Z</time>
        <extensions>
          <ns3:TrackPointExtension>
            <ns3:hr>138</ns3:hr>
            <ns3:cad>93</ns3:cad>
          </ns3:TrackPointExtension>
        </extensions>
      </trkpt>
      <trkpt lat="30.51398866809904575347900390625" lon="114.228341393172740936279296875">
        <ele>20.799999237060546875</ele>
        <time>2025-11-07T01:02:06.000Z</time>
        <extensions>
          <ns3:TrackPointExtension>
            <ns3:hr>138</ns3:hr>
            <ns3:cad>92</ns3:cad>
          </ns3:TrackPointExtension>
        </extensions>
      </trkpt>
      <trkpt lat="30.51399864256381988525390625" lon="114.22831197269260883331298828125">
        <ele>20.799999237060546875</ele>
        <time>2025-11-07T01:02:07.000Z</time>
        <extensions>
          <ns3:TrackPointExtension>
            <ns3:hr>138</ns3:hr>
            <ns3:cad>92</ns3:cad>
          </ns3:TrackPointExtension>
        </extensions>
      </trkpt>
      <trkpt lat="30.51400937139987945556640625" lon="114.2282869108021259307861328125">
        <ele>21</ele>
        <time>2025-11-07T01:02:08.000Z</time>
        <extensions>
          <ns3:TrackPointExtension>
            <ns3:hr>138</ns3:hr>
            <ns3:cad>92</ns3:cad>
          </ns3:TrackPointExtension>
        </extensions>
      </trkpt>
      <trkpt lat="30.51401607692241668701171875" lon="114.2282637767493724822998046875">
        <ele>21.200000762939453125</ele>
        <time>2025-11-07T01:02:09.000Z</time>
        <extensions>
          <ns3:TrackPointExtension>
            <ns3:hr>138</ns3:hr>
            <ns3:cad>92</ns3:cad>
          </ns3:TrackPointExtension>
        </extensions>
      </trkpt>
      <trkpt lat="30.51404960453510284423828125" lon="114.22825329937040805816650390625">
        <ele>21.200000762939453125</ele>
        <time>2025-11-07T01:02:10.000Z</time>
        <extensions>
          <ns3:TrackPointExtension>
            <ns3:hr>139</ns3:hr>
            <ns3:cad>92</ns3:cad>
          </ns3:TrackPointExtension>
        </extensions>
      </trkpt>
      <trkpt lat="30.51405454985797405242919921875" lon="114.2282398045063018798828125">
        <ele>21.200000762939453125</ele>
        <time>2025-11-07T01:02:11.000Z</time>
        <extensions>
          <ns3:TrackPointExtension>
            <ns3:hr>138</ns3:hr>
            <ns3:cad>91</ns3:cad>
          </ns3:TrackPointExtension>
        </extensions>
      </trkpt>
      <trkpt lat="30.5140675418078899383544921875" lon="114.2282151617109775543212890625">
        <ele>21.200000762939453125</ele>
        <time>2025-11-07T01:02:12.000Z</time>
        <extensions>
          <ns3:TrackPointExtension>
            <ns3:hr>138</ns3:hr>
            <ns3:cad>91</ns3:cad>
          </ns3:TrackPointExtension>
        </extensions>
      </trkpt>
      <trkpt lat="30.5140826292335987091064453125" lon="114.22818087972700595855712890625">
        <ele>21.200000762939453125</ele>
        <time>2025-11-07T01:02:13.000Z</time>
        <extensions>
          <ns3:TrackPointExtension>
            <ns3:hr>139</ns3:hr>
            <ns3:cad>91</ns3:cad>
          </ns3:TrackPointExtension>
        </extensions>
      </trkpt>
      <trkpt lat="30.51410417072474956512451171875" lon="114.22811365686357021331787109375">
        <ele>21</ele>
        <time>2025-11-07T01:02:14.000Z</time>
        <extensions>
          <ns3:TrackPointExtension>
            <ns3:hr>138</ns3:hr>
            <ns3:cad>90</ns3:cad>
          </ns3:TrackPointExtension>
        </extensions>
      </trkpt>
      <trkpt lat="30.51410417072474956512451171875" lon="114.22811365686357021331787109375">
        <ele>21</ele>
        <time>2025-11-07T01:02:15.000Z</time>
        <extensions>
          <ns3:TrackPointExtension>
            <ns3:hr>138</ns3:hr>
            <ns3:cad>90</ns3:cad>
          </ns3:TrackPointExtension>
        </extensions>
      </trkpt>
      <trkpt lat="30.5141138099133968353271484375" lon="114.22806881368160247802734375">
        <ele>21</ele>
        <time>2025-11-07T01:02:16.000Z</time>
        <extensions>
          <ns3:TrackPointExtension>
            <ns3:hr>139</ns3:hr>
            <ns3:cad>90</ns3:cad>
          </ns3:TrackPointExtension>
        </extensions>
      </trkpt>
      <trkpt lat="30.5141117982566356658935546875" lon="114.2280287481844425201416015625">
        <ele>21</ele>
        <time>2025-11-07T01:02:17.000Z</time>
        <extensions>
          <ns3:TrackPointExtension>
            <ns3:hr>138</ns3:hr>
            <ns3:cad>89</ns3:cad>
          </ns3:TrackPointExtension>
        </extensions>
      </trkpt>
      <trkpt lat="30.51411674357950687408447265625" lon="114.227988012135028839111328125">
        <ele>21</ele>
        <time>2025-11-07T01:02:18.000Z</time>
        <extensions>
          <ns3:TrackPointExtension>
            <ns3:hr>138</ns3:hr>
            <ns3:cad>88</ns3:cad>
          </ns3:TrackPointExtension>
        </extensions>
      </trkpt>
      <trkpt lat="30.51411674357950687408447265625" lon="114.227988012135028839111328125">
        <ele>21</ele>
        <time>2025-11-07T01:02:19.000Z</time>
        <extensions>
          <ns3:TrackPointExtension>
            <ns3:hr>139</ns3:hr>
            <ns3:cad>88</ns3:cad>
          </ns3:TrackPointExtension>
        </extensions>
      </trkpt>
      <trkpt lat="30.51411665976047515869140625" lon="114.2279559932649135589599609375">
        <ele>21</ele>
        <time>2025-11-07T01:02:20.000Z</time>
        <extensions>
          <ns3:TrackPointExtension>
            <ns3:hr>139</ns3:hr>
            <ns3:cad>87</ns3:cad>
          </ns3:TrackPointExtension>
        </extensions>
      </trkpt>
      <trkpt lat="30.5141258798539638519287109375" lon="114.22793126665055751800537109375">
        <ele>21</ele>
        <time>2025-11-07T01:02:21.000Z</time>
        <extensions>
          <ns3:TrackPointExtension>
            <ns3:hr>139</ns3:hr>
            <ns3:cad>87</ns3:cad>
          </ns3:TrackPointExtension>
        </extensions>
      </trkpt>
      <trkpt lat="30.51413451321423053741455078125" lon="114.2279023490846157073974609375">
        <ele>21</ele>
        <time>2025-11-07T01:02:22.000Z</time>
        <extensions>
          <ns3:TrackPointExtension>
            <ns3:hr>139</ns3:hr>
            <ns3:cad>88</ns3:cad>
          </ns3:TrackPointExtension>
        </extensions>
      </trkpt>
      <trkpt lat="30.5141446553170680999755859375" lon="114.22787309624254703521728515625">
        <ele>21</ele>
        <time>2025-11-07T01:02:23.000Z</time>
        <extensions>
          <ns3:TrackPointExtension>
            <ns3:hr>138</ns3:hr>
            <ns3:cad>88</ns3:cad>
          </ns3:TrackPointExtension>
        </extensions>
      </trkpt>
      <trkpt lat="30.5141597427427768707275390625" lon="114.22783973626792430877685546875">
        <ele>20.799999237060546875</ele>
        <time>2025-11-07T01:02:24.000Z</time>
        <extensions>
          <ns3:TrackPointExtension>
            <ns3:hr>139</ns3:hr>
            <ns3:cad>89</ns3:cad>
          </ns3:TrackPointExtension>
        </extensions>
      </trkpt>
      <trkpt lat="30.51417524926364421844482421875" lon="114.2278124950826168060302734375">
        <ele>21</ele>
        <time>2025-11-07T01:02:25.000Z</time>
        <extensions>
          <ns3:TrackPointExtension>
            <ns3:hr>139</ns3:hr>
            <ns3:cad>89</ns3:cad>
          </ns3:TrackPointExtension>
        </extensions>
      </trkpt>
      <trkpt lat="30.51417524926364421844482421875" lon="114.2278124950826168060302734375">
        <ele>21.200000762939453125</ele>
        <time>2025-11-07T01:02:26.000Z</time>
        <extensions>
          <ns3:TrackPointExtension>
            <ns3:hr>138</ns3:hr>
            <ns3:cad>88</ns3:cad>
          </ns3:TrackPointExtension>
        </extensions>
      </trkpt>
      <trkpt lat="30.5141875706613063812255859375" lon="114.22777871601283550262451171875">
        <ele>21.200000762939453125</ele>
        <time>2025-11-07T01:02:27.000Z</time>
        <extensions>
          <ns3:TrackPointExtension>
            <ns3:hr>138</ns3:hr>
            <ns3:cad>89</ns3:cad>
          </ns3:TrackPointExtension>
        </extensions>
      </trkpt>
      <trkpt lat="30.51419436000287532806396484375" lon="114.22774166800081729888916015625">
        <ele>21.200000762939453125</ele>
        <time>2025-11-07T01:02:28.000Z</time>
        <extensions>
          <ns3:TrackPointExtension>
            <ns3:hr>138</ns3:hr>
            <ns3:cad>89</ns3:cad>
          </ns3:TrackPointExtension>
        </extensions>
      </trkpt>
      <trkpt lat="30.51419980823993682861328125" lon="114.22770763747394084930419921875">
        <ele>21.200000762939453125</ele>
        <time>2025-11-07T01:02:29.000Z</time>
        <extensions>
          <ns3:TrackPointExtension>
            <ns3:hr>139</ns3:hr>
            <ns3:cad>89</ns3:cad>
          </ns3:TrackPointExtension>
        </extensions>
      </trkpt>
      <trkpt lat="30.5142167396843433380126953125" lon="114.2276435159146785736083984375">
        <ele>21.200000762939453125</ele>
        <time>2025-11-07T01:02:30.000Z</time>
        <extensions>
          <ns3:TrackPointExtension>
            <ns3:hr>138</ns3:hr>
            <ns3:cad>89</ns3:cad>
          </ns3:TrackPointExtension>
        </extensions>
      </trkpt>
      <trkpt lat="30.5142247863113880157470703125" lon="114.2276099883019924163818359375">
        <ele>21.200000762939453125</ele>
        <time>2025-11-07T01:02:31.000Z</time>
        <extensions>
          <ns3:TrackPointExtension>
            <ns3:hr>139</ns3:hr>
            <ns3:cad>90</ns3:cad>
          </ns3:TrackPointExtension>
        </extensions>
      </trkpt>
      <trkpt lat="30.51423124037683010101318359375" lon="114.22757327556610107421875">
        <ele>21.200000762939453125</ele>
        <time>2025-11-07T01:02:32.000Z</time>
        <extensions>
          <ns3:TrackPointExtension>
            <ns3:hr>139</ns3:hr>
            <ns3:cad>90</ns3:cad>
          </ns3:TrackPointExtension>
        </extensions>
      </trkpt>
      <trkpt lat="30.5142392031848430633544921875" lon="114.2275368981063365936279296875">
        <ele>21.200000762939453125</ele>
        <time>2025-11-07T01:02:33.000Z</time>
        <extensions>
          <ns3:TrackPointExtension>
            <ns3:hr>139</ns3:hr>
            <ns3:cad>90</ns3:cad>
          </ns3:TrackPointExtension>
        </extensions>
      </trkpt>
      <trkpt lat="30.51424800418317317962646484375" lon="114.2274993471801280975341796875">
        <ele>21</ele>
        <time>2025-11-07T01:02:34.000Z</time>
        <extensions>
          <ns3:TrackPointExtension>
            <ns3:hr>138</ns3:hr>
            <ns3:cad>90</ns3:cad>
          </ns3:TrackPointExtension>
        </extensions>
      </trkpt>
      <trkpt lat="30.514260493218898773193359375" lon="114.227464981377124786376953125">
        <ele>21</ele>
        <time>2025-11-07T01:02:35.000Z</time>
        <extensions>
          <ns3:TrackPointExtension>
            <ns3:hr>139</ns3:hr>
            <ns3:cad>90</ns3:cad>
          </ns3:TrackPointExtension>
        </extensions>
      </trkpt>
      <trkpt lat="30.51427516154944896697998046875" lon="114.2274252511560916900634765625">
        <ele>21</ele>
        <time>2025-11-07T01:02:36.000Z</time>
        <extensions>
          <ns3:TrackPointExtension>
            <ns3:hr>139</ns3:hr>
            <ns3:cad>91</ns3:cad>
          </ns3:TrackPointExtension>
        </extensions>
      </trkpt>
      <trkpt lat="30.51427516154944896697998046875" lon="114.2274252511560916900634765625">
        <ele>21</ele>
        <time>2025-11-07T01:02:37.000Z</time>
        <extensions>
          <ns3:TrackPointExtension>
            <ns3:hr>138</ns3:hr>
            <ns3:cad>92</ns3:cad>
          </ns3:TrackPointExtension>
        </extensions>
      </trkpt>
      <trkpt lat="30.51429142244160175323486328125" lon="114.2273923940956592559814453125">
        <ele>21</ele>
        <time>2025-11-07T01:02:38.000Z</time>
        <extensions>
          <ns3:TrackPointExtension>
            <ns3:hr>139</ns3:hr>
            <ns3:cad>92</ns3:cad>
          </ns3:TrackPointExtension>
        </extensions>
      </trkpt>
      <trkpt lat="30.5143293924629688262939453125" lon="114.22732793726027011871337890625">
        <ele>21</ele>
        <time>2025-11-07T01:02:39.000Z</time>
        <extensions>
          <ns3:TrackPointExtension>
            <ns3:hr>139</ns3:hr>
            <ns3:cad>92</ns3:cad>
          </ns3:TrackPointExtension>
        </extensions>
      </trkpt>
      <trkpt lat="30.514354705810546875" lon="114.22730027697980403900146484375">
        <ele>21</ele>
        <time>2025-11-07T01:02:40.000Z</time>
        <extensions>
          <ns3:TrackPointExtension>
            <ns3:hr>139</ns3:hr>
            <ns3:cad>92</ns3:cad>
          </ns3:TrackPointExtension>
        </extensions>
      </trkpt>
      <trkpt lat="30.51437624730169773101806640625" lon="114.22727496363222599029541015625">
        <ele>21</ele>
        <time>2025-11-07T01:02:41.000Z</time>
        <extensions>
          <ns3:TrackPointExtension>
            <ns3:hr>139</ns3:hr>
            <ns3:cad>92</ns3:cad>
          </ns3:TrackPointExtension>
        </extensions>
      </trkpt>
      <trkpt lat="30.51437624730169773101806640625" lon="114.22727496363222599029541015625">
        <ele>21</ele>
        <time>2025-11-07T01:02:42.000Z</time>
        <extensions>
          <ns3:TrackPointExtension>
            <ns3:hr>139</ns3:hr>
            <ns3:cad>92</ns3:cad>
          </ns3:TrackPointExtension>
        </extensions>
      </trkpt>
      <trkpt lat="30.51440055482089519500732421875" lon="114.2272447049617767333984375">
        <ele>20.799999237060546875</ele>
        <time>2025-11-07T01:02:43.000Z</time>
        <extensions>
          <ns3:TrackPointExtension>
            <ns3:hr>139</ns3:hr>
            <ns3:cad>94</ns3:cad>
          </ns3:TrackPointExtension>
        </extensions>
      </trkpt>
      <trkpt lat="30.51444347016513347625732421875" lon="114.2271888814866542816162109375">
        <ele>21</ele>
        <time>2025-11-07T01:02:44.000Z</time>
        <extensions>
          <ns3:TrackPointExtension>
            <ns3:hr>140</ns3:hr>
            <ns3:cad>94</ns3:cad>
          </ns3:TrackPointExtension>
        </extensions>
      </trkpt>
      <trkpt lat="30.51446626894176006317138671875" lon="114.2271590419113636016845703125">
        <ele>21.200000762939453125</ele>
        <time>2025-11-07T01:02:45.000Z</time>
        <extensions>
          <ns3:TrackPointExtension>
            <ns3:hr>140</ns3:hr>
            <ns3:cad>94</ns3:cad>
          </ns3:TrackPointExtension>
        </extensions>
      </trkpt>
      <trkpt lat="30.51448403857648372650146484375" lon="114.22713448293507099151611328125">
        <ele>21.3999996185302734375</ele>
        <time>2025-11-07T01:02:46.000Z</time>
        <extensions>
          <ns3:TrackPointExtension>
            <ns3:hr>140</ns3:hr>
            <ns3:cad>93</ns3:cad>
          </ns3:TrackPointExtension>
        </extensions>
      </trkpt>
      <trkpt lat="30.5144993774592876434326171875" lon="114.2271057330071926116943359375">
        <ele>21.6000003814697265625</ele>
        <time>2025-11-07T01:02:47.000Z</time>
        <extensions>
          <ns3:TrackPointExtension>
            <ns3:hr>140</ns3:hr>
            <ns3:cad>92</ns3:cad>
          </ns3:TrackPointExtension>
        </extensions>
      </trkpt>
      <trkpt lat="30.5144993774592876434326171875" lon="114.2271057330071926116943359375">
        <ele>21.6000003814697265625</ele>
        <time>2025-11-07T01:02:48.000Z</time>
        <extensions>
          <ns3:TrackPointExtension>
            <ns3:hr>140</ns3:hr>
            <ns3:cad>92</ns3:cad>
          </ns3:TrackPointExtension>
        </extensions>
      </trkpt>
      <trkpt lat="30.5145169794559478759765625" lon="114.22707614488899707794189453125">
        <ele>21.799999237060546875</ele>
        <time>2025-11-07T01:02:49.000Z</time>
        <extensions>
          <ns3:TrackPointExtension>
            <ns3:hr>140</ns3:hr>
            <ns3:cad>91</ns3:cad>
          </ns3:TrackPointExtension>
        </extensions>
      </trkpt>
      <trkpt lat="30.5145479924976825714111328125" lon="114.227014370262622833251953125">
        <ele>21.799999237060546875</ele>
        <time>2025-11-07T01:02:50.000Z</time>
        <extensions>
          <ns3:TrackPointExtension>
            <ns3:hr>141</ns3:hr>
            <ns3:cad>91</ns3:cad>
          </ns3:TrackPointExtension>
        </extensions>
      </trkpt>
      <trkpt lat="30.51456852816045284271240234375" lon="114.22698863781988620758056640625">
        <ele>21.799999237060546875</ele>
        <time>2025-11-07T01:02:51.000Z</time>
        <extensions>
          <ns3:TrackPointExtension>
            <ns3:hr>141</ns3:hr>
            <ns3:cad>91</ns3:cad>
          </ns3:TrackPointExtension>
        </extensions>
      </trkpt>
      <trkpt lat="30.5145868845283985137939453125" lon="114.22696315683424472808837890625">
        <ele>21.799999237060546875</ele>
        <time>2025-11-07T01:02:52.000Z</time>
        <extensions>
          <ns3:TrackPointExtension>
            <ns3:hr>142</ns3:hr>
            <ns3:cad>91</ns3:cad>
          </ns3:TrackPointExtension>
        </extensions>
      </trkpt>
      <trkpt lat="30.514605827629566192626953125" lon="114.22693331725895404815673828125">
        <ele>21.799999237060546875</ele>
        <time>2025-11-07T01:02:53.000Z</time>
        <extensions>
          <ns3:TrackPointExtension>
            <ns3:hr>142</ns3:hr>
            <ns3:cad>91</ns3:cad>
          </ns3:TrackPointExtension>
        </extensions>
      </trkpt>
      <trkpt lat="30.5146230943500995635986328125" lon="114.22690582461655139923095703125">
        <ele>21.799999237060546875</ele>
        <time>2025-11-07T01:02:54.000Z</time>
        <extensions>
          <ns3:TrackPointExtension>
            <ns3:hr>142</ns3:hr>
            <ns3:cad>91</ns3:cad>
          </ns3:TrackPointExtension>
        </extensions>
      </trkpt>
      <trkpt lat="30.51463910378515720367431640625" lon="114.2268743924796581268310546875">
        <ele>21.799999237060546875</ele>
        <time>2025-11-07T01:02:55.000Z</time>
        <extensions>
          <ns3:TrackPointExtension>
            <ns3:hr>142</ns3:hr>
            <ns3:cad>91</ns3:cad>
          </ns3:TrackPointExtension>
        </extensions>
      </trkpt>
      <trkpt lat="30.5146572925150394439697265625" lon="114.22684581018984317779541015625">
        <ele>21.799999237060546875</ele>
        <time>2025-11-07T01:02:56.000Z</time>
        <extensions>
          <ns3:TrackPointExtension>
            <ns3:hr>142</ns3:hr>
            <ns3:cad>90</ns3:cad>
          </ns3:TrackPointExtension>
        </extensions>
      </trkpt>
      <trkpt lat="30.51467648707330226898193359375" lon="114.2268130369484424591064453125">
        <ele>21.799999237060546875</ele>
        <time>2025-11-07T01:02:57.000Z</time>
        <extensions>
          <ns3:TrackPointExtension>
            <ns3:hr>142</ns3:hr>
            <ns3:cad>91</ns3:cad>
          </ns3:TrackPointExtension>
        </extensions>
      </trkpt>
      <trkpt lat="30.514695346355438232421875" lon="114.226783029735088348388671875">
        <ele>21.799999237060546875</ele>
        <time>2025-11-07T01:02:58.000Z</time>
        <extensions>
          <ns3:TrackPointExtension>
            <ns3:hr>142</ns3:hr>
            <ns3:cad>91</ns3:cad>
          </ns3:TrackPointExtension>
        </extensions>
      </trkpt>
      <trkpt lat="30.514695346355438232421875" lon="114.226783029735088348388671875">
        <ele>21.799999237060546875</ele>
        <time>2025-11-07T01:02:59.000Z</time>
        <extensions>
          <ns3:TrackPointExtension>
            <ns3:hr>142</ns3:hr>
            <ns3:cad>91</ns3:cad>
          </ns3:TrackPointExtension>
        </extensions>
      </trkpt>
      <trkpt lat="30.514717809855937957763671875" lon="114.22674489207565784454345703125">
        <ele>21.799999237060546875</ele>
        <time>2025-11-07T01:03:00.000Z</time>
        <extensions>
          <ns3:TrackPointExtension>
            <ns3:hr>142</ns3:hr>
            <ns3:cad>92</ns3:cad>
          </ns3:TrackPointExtension>
        </extensions>
      </trkpt>
      <trkpt lat="30.5147498287260532379150390625" lon="114.226675070822238922119140625">
        <ele>21.799999237060546875</ele>
        <time>2025-11-07T01:03:01.000Z</time>
        <extensions>
          <ns3:TrackPointExtension>
            <ns3:hr>143</ns3:hr>
            <ns3:cad>92</ns3:cad>
          </ns3:TrackPointExtension>
        </extensions>
      </trkpt>
      <trkpt lat="30.51475930027663707733154296875" lon="114.22663961537182331085205078125">
        <ele>22</ele>
        <time>2025-11-07T01:03:02.000Z</time>
        <extensions>
          <ns3:TrackPointExtension>
            <ns3:hr>144</ns3:hr>
            <ns3:cad>91</ns3:cad>
          </ns3:TrackPointExtension>
        </extensions>
      </trkpt>
      <trkpt lat="30.51476952619850635528564453125" lon="114.22659820877015590667724609375">
        <ele>21.799999237060546875</ele>
        <time>2025-11-07T01:03:03.000Z</time>
        <extensions>
          <ns3:TrackPointExtension>
            <ns3:hr>146</ns3:hr>
            <ns3:cad>91</ns3:cad>
          </ns3:TrackPointExtension>
        </extensions>
      </trkpt>
      <trkpt lat="30.514781177043914794921875" lon="114.2265661060810089111328125">
        <ele>21.799999237060546875</ele>
        <time>2025-11-07T01:03:04.000Z</time>
        <extensions>
          <ns3:TrackPointExtension>
            <ns3:hr>146</ns3:hr>
            <ns3:cad>91</ns3:cad>
          </ns3:TrackPointExtension>
        </extensions>
      </trkpt>
      <trkpt lat="30.51478964276611804962158203125" lon="114.22652386128902435302734375">
        <ele>21.799999237060546875</ele>
        <time>2025-11-07T01:03:05.000Z</time>
        <extensions>
          <ns3:TrackPointExtension>
            <ns3:hr>147</ns3:hr>
            <ns3:cad>90</ns3:cad>
          </ns3:TrackPointExtension>
        </extensions>
      </trkpt>
      <trkpt lat="30.51479936577379703521728515625" lon="114.22649075277149677276611328125">
        <ele>21.799999237060546875</ele>
        <time>2025-11-07T01:03:06.000Z</time>
        <extensions>
          <ns3:TrackPointExtension>
            <ns3:hr>147</ns3:hr>
            <ns3:cad>89</ns3:cad>
          </ns3:TrackPointExtension>
        </extensions>
      </trkpt>
      <trkpt lat="30.51481059752404689788818359375" lon="114.22645269893109798431396484375">
        <ele>21.6000003814697265625</ele>
        <time>2025-11-07T01:03:07.000Z</time>
        <extensions>
          <ns3:TrackPointExtension>
            <ns3:hr>147</ns3:hr>
            <ns3:cad>89</ns3:cad>
          </ns3:TrackPointExtension>
        </extensions>
      </trkpt>
      <trkpt lat="30.51481059752404689788818359375" lon="114.22645269893109798431396484375">
        <ele>21.6000003814697265625</ele>
        <time>2025-11-07T01:03:08.000Z</time>
        <extensions>
          <ns3:TrackPointExtension>
            <ns3:hr>147</ns3:hr>
            <ns3:cad>89</ns3:cad>
          </ns3:TrackPointExtension>
        </extensions>
      </trkpt>
      <trkpt lat="30.5148289538919925689697265625" lon="114.22637558542191982269287109375">
        <ele>21.3999996185302734375</ele>
        <time>2025-11-07T01:03:09.000Z</time>
        <extensions>
          <ns3:TrackPointExtension>
            <ns3:hr>147</ns3:hr>
            <ns3:cad>90</ns3:cad>
          </ns3:TrackPointExtension>
        </extensions>
      </trkpt>
      <trkpt lat="30.51483859308063983917236328125" lon="114.22634289599955081939697265625">
        <ele>21.200000762939453125</ele>
        <time>2025-11-07T01:03:10.000Z</time>
        <extensions>
          <ns3:TrackPointExtension>
            <ns3:hr>147</ns3:hr>
            <ns3:cad>90</ns3:cad>
          </ns3:TrackPointExtension>
        </extensions>
      </trkpt>
      <trkpt lat="30.51484546624124050140380859375" lon="114.2263030819594860076904296875">
        <ele>21.200000762939453125</ele>
        <time>2025-11-07T01:03:11.000Z</time>
        <extensions>
          <ns3:TrackPointExtension>
            <ns3:hr>147</ns3:hr>
            <ns3:cad>89</ns3:cad>
          </ns3:TrackPointExtension>
        </extensions>
      </trkpt>
      <trkpt lat="30.51485426723957061767578125" lon="114.22626812942326068878173828125">
        <ele>21</ele>
        <time>2025-11-07T01:03:12.000Z</time>
        <extensions>
          <ns3:TrackPointExtension>
            <ns3:hr>147</ns3:hr>
            <ns3:cad>90</ns3:cad>
          </ns3:TrackPointExtension>
        </extensions>
      </trkpt>
      <trkpt lat="30.51485703326761722564697265625" lon="114.2262279801070690155029296875">
        <ele>21.200000762939453125</ele>
        <time>2025-11-07T01:03:13.000Z</time>
        <extensions>
          <ns3:TrackPointExtension>
            <ns3:hr>146</ns3:hr>
            <ns3:cad>90</ns3:cad>
          </ns3:TrackPointExtension>
        </extensions>
      </trkpt>
      <trkpt lat="30.5148614756762981414794921875" lon="114.22619537450373172760009765625">
        <ele>21.200000762939453125</ele>
        <time>2025-11-07T01:03:14.000Z</time>
        <extensions>
          <ns3:TrackPointExtension>
            <ns3:hr>146</ns3:hr>
            <ns3:cad>90</ns3:cad>
          </ns3:TrackPointExtension>
        </extensions>
      </trkpt>
      <trkpt lat="30.51486541517078876495361328125" lon="114.2261585779488086700439453125">
        <ele>21.200000762939453125</ele>
        <time>2025-11-07T01:03:15.000Z</time>
        <extensions>
          <ns3:TrackPointExtension>
            <ns3:hr>146</ns3:hr>
            <ns3:cad>91</ns3:cad>
          </ns3:TrackPointExtension>
        </extensions>
      </trkpt>
      <trkpt lat="30.51486541517078876495361328125" lon="114.2261585779488086700439453125">
        <ele>21.200000762939453125</ele>
        <time>2025-11-07T01:03:16.000Z</time>
        <extensions>
          <ns3:TrackPointExtension>
            <ns3:hr>146</ns3:hr>
            <ns3:cad>91</ns3:cad>
          </ns3:TrackPointExtension>
        </extensions>
      </trkpt>
      <trkpt lat="30.51487027667462825775146484375" lon="114.22612999565899372100830078125">
        <ele>21.3999996185302734375</ele>
        <time>2025-11-07T01:03:17.000Z</time>
        <extensions>
          <ns3:TrackPointExtension>
            <ns3:hr>146</ns3:hr>
            <ns3:cad>90</ns3:cad>
          </ns3:TrackPointExtension>
        </extensions>
      </trkpt>
      <trkpt lat="30.51487413235008716583251953125" lon="114.2260925285518169403076171875">
        <ele>21.3999996185302734375</ele>
        <time>2025-11-07T01:03:18.000Z</time>
        <extensions>
          <ns3:TrackPointExtension>
            <ns3:hr>146</ns3:hr>
            <ns3:cad>91</ns3:cad>
          </ns3:TrackPointExtension>
        </extensions>
      </trkpt>
      <trkpt lat="30.51487999968230724334716796875" lon="114.22605992294847965240478515625">
        <ele>21.3999996185302734375</ele>
        <time>2025-11-07T01:03:19.000Z</time>
        <extensions>
          <ns3:TrackPointExtension>
            <ns3:hr>146</ns3:hr>
            <ns3:cad>91</ns3:cad>
          </ns3:TrackPointExtension>
        </extensions>
      </trkpt>
      <trkpt lat="30.51489793695509433746337890625" lon="114.22599404118955135345458984375">
        <ele>21.3999996185302734375</ele>
        <time>2025-11-07T01:03:20.000Z</time>
        <extensions>
          <ns3:TrackPointExtension>
            <ns3:hr>146</ns3:hr>
            <ns3:cad>91</ns3:cad>
          </ns3:TrackPointExtension>
        </extensions>
      </trkpt>
      <trkpt lat="30.51491327583789825439453125" lon="114.2259600944817066192626953125">
        <ele>21.200000762939453125</ele>
        <time>2025-11-07T01:03:21.000Z</time>
        <extensions>
          <ns3:TrackPointExtension>
            <ns3:hr>146</ns3:hr>
            <ns3:cad>91</ns3:cad>
          </ns3:TrackPointExtension>
        </extensions>
      </trkpt>
      <trkpt lat="30.51492978818714618682861328125" lon="114.225934110581874847412109375">
        <ele>21.200000762939453125</ele>
        <time>2025-11-07T01:03:22.000Z</time>
        <extensions>
          <ns3:TrackPointExtension>
            <ns3:hr>146</ns3:hr>
            <ns3:cad>91</ns3:cad>
          </ns3:TrackPointExtension>
        </extensions>
      </trkpt>
      <trkpt lat="30.51495082676410675048828125" lon="114.2259064503014087677001953125">
        <ele>21.200000762939453125</ele>
        <time>2025-11-07T01:03:23.000Z</time>
        <extensions>
          <ns3:TrackPointExtension>
            <ns3:hr>146</ns3:hr>
            <ns3:cad>91</ns3:cad>
          </ns3:TrackPointExtension>
        </extensions>
      </trkpt>
      <trkpt lat="30.5149707756936550140380859375" lon="114.22588138841092586517333984375">
        <ele>21.200000762939453125</ele>
        <time>2025-11-07T01:03:24.000Z</time>
        <extensions>
          <ns3:TrackPointExtension>
            <ns3:hr>145</ns3:hr>
            <ns3:cad>91</ns3:cad>
          </ns3:TrackPointExtension>
        </extensions>
      </trkpt>
      <trkpt lat="30.5149949155747890472412109375" lon="114.225859008729457855224609375">
        <ele>21.200000762939453125</ele>
        <time>2025-11-07T01:03:25.000Z</time>
        <extensions>
          <ns3:TrackPointExtension>
            <ns3:hr>145</ns3:hr>
            <ns3:cad>91</ns3:cad>
          </ns3:TrackPointExtension>
        </extensions>
      </trkpt>
      <trkpt lat="30.51501796580851078033447265625" lon="114.22584048472344875335693359375">
        <ele>21.200000762939453125</ele>
        <time>2025-11-07T01:03:26.000Z</time>
        <extensions>
          <ns3:TrackPointExtension>
            <ns3:hr>145</ns3:hr>
            <ns3:cad>91</ns3:cad>
          </ns3:TrackPointExtension>
        </extensions>
      </trkpt>
      <trkpt lat="30.51504495553672313690185546875" lon="114.2258236370980739593505859375">
        <ele>21.200000762939453125</ele>
        <time>2025-11-07T01:03:27.000Z</time>
        <extensions>
          <ns3:TrackPointExtension>
            <ns3:hr>145</ns3:hr>
            <ns3:cad>91</ns3:cad>
          </ns3:TrackPointExtension>
        </extensions>
      </trkpt>
      <trkpt lat="30.51507412455976009368896484375" lon="114.2258065380156040191650390625">
        <ele>21.200000762939453125</ele>
        <time>2025-11-07T01:03:28.000Z</time>
        <extensions>
          <ns3:TrackPointExtension>
            <ns3:hr>146</ns3:hr>
            <ns3:cad>91</ns3:cad>
          </ns3:TrackPointExtension>
        </extensions>
      </trkpt>
      <trkpt lat="30.51507412455976009368896484375" lon="114.2258065380156040191650390625">
        <ele>21.200000762939453125</ele>
        <time>2025-11-07T01:03:29.000Z</time>
        <extensions>
          <ns3:TrackPointExtension>
            <ns3:hr>145</ns3:hr>
            <ns3:cad>91</ns3:cad>
          </ns3:TrackPointExtension>
        </extensions>
      </trkpt>
      <trkpt lat="30.51510245539247989654541015625" lon="114.225794970989227294921875">
        <ele>21.200000762939453125</ele>
        <time>2025-11-07T01:03:30.000Z</time>
        <extensions>
          <ns3:TrackPointExtension>
            <ns3:hr>145</ns3:hr>
            <ns3:cad>91</ns3:cad>
          </ns3:TrackPointExtension>
        </extensions>
      </trkpt>
      <trkpt lat="30.5151327140629291534423828125" lon="114.2257802188396453857421875">
        <ele>21.200000762939453125</ele>
        <time>2025-11-07T01:03:31.000Z</time>
        <extensions>
          <ns3:TrackPointExtension>
            <ns3:hr>146</ns3:hr>
            <ns3:cad>91</ns3:cad>
          </ns3:TrackPointExtension>
        </extensions>
      </trkpt>
      <trkpt lat="30.5151615478098392486572265625" lon="114.225765131413936614990234375">
        <ele>21.200000762939453125</ele>
        <time>2025-11-07T01:03:32.000Z</time>
        <extensions>
          <ns3:TrackPointExtension>
            <ns3:hr>145</ns3:hr>
            <ns3:cad>91</ns3:cad>
          </ns3:TrackPointExtension>
        </extensions>
      </trkpt>
      <trkpt lat="30.51519130356609821319580078125" lon="114.22574828378856182098388671875">
        <ele>21.200000762939453125</ele>
        <time>2025-11-07T01:03:33.000Z</time>
        <extensions>
          <ns3:TrackPointExtension>
            <ns3:hr>145</ns3:hr>
            <ns3:cad>91</ns3:cad>
          </ns3:TrackPointExtension>
        </extensions>
      </trkpt>
      <trkpt lat="30.5152195505797863006591796875" lon="114.22573688440024852752685546875">
        <ele>21.200000762939453125</ele>
        <time>2025-11-07T01:03:34.000Z</time>
        <extensions>
          <ns3:TrackPointExtension>
            <ns3:hr>146</ns3:hr>
            <ns3:cad>91</ns3:cad>
          </ns3:TrackPointExtension>
        </extensions>
      </trkpt>
      <trkpt lat="30.51527646370232105255126953125" lon="114.22570603899657726287841796875">
        <ele>21.200000762939453125</ele>
        <time>2025-11-07T01:03:35.000Z</time>
        <extensions>
          <ns3:TrackPointExtension>
            <ns3:hr>145</ns3:hr>
            <ns3:cad>91</ns3:cad>
          </ns3:TrackPointExtension>
        </extensions>
      </trkpt>
      <trkpt lat="30.5153028666973114013671875" lon="114.22568692825734615325927734375">
        <ele>21.200000762939453125</ele>
        <time>2025-11-07T01:03:36.000Z</time>
        <extensions>
          <ns3:TrackPointExtension>
            <ns3:hr>145</ns3:hr>
            <ns3:cad>91</ns3:cad>
          </ns3:TrackPointExtension>
        </extensions>
      </trkpt>
      <trkpt lat="30.515326000750064849853515625" lon="114.2256667278707027435302734375">
        <ele>21.200000762939453125</ele>
        <time>2025-11-07T01:03:37.000Z</time>
        <extensions>
          <ns3:TrackPointExtension>
            <ns3:hr>145</ns3:hr>
            <ns3:cad>92</ns3:cad>
          </ns3:TrackPointExtension>
        </extensions>
      </trkpt>
      <trkpt lat="30.515350140631198883056640625" lon="114.22564501874148845672607421875">
        <ele>21.200000762939453125</ele>
        <time>2025-11-07T01:03:38.000Z</time>
        <extensions>
          <ns3:TrackPointExtension>
            <ns3:hr>145</ns3:hr>
            <ns3:cad>92</ns3:cad>
          </ns3:TrackPointExtension>
        </extensions>
      </trkpt>
      <trkpt lat="30.51536933518946170806884765625" lon="114.22562406398355960845947265625">
        <ele>21.200000762939453125</ele>
        <time>2025-11-07T01:03:39.000Z</time>
        <extensions>
          <ns3:TrackPointExtension>
            <ns3:hr>145</ns3:hr>
            <ns3:cad>92</ns3:cad>
          </ns3:TrackPointExtension>
        </extensions>
      </trkpt>
      <trkpt lat="30.5153888650238513946533203125" lon="114.22559556551277637481689453125">
        <ele>21.200000762939453125</ele>
        <time>2025-11-07T01:03:40.000Z</time>
        <extensions>
          <ns3:TrackPointExtension>
            <ns3:hr>145</ns3:hr>
            <ns3:cad>91</ns3:cad>
          </ns3:TrackPointExtension>
        </extensions>
      </trkpt>
      <trkpt lat="30.5154074728488922119140625" lon="114.22556891106069087982177734375">
        <ele>21.200000762939453125</ele>
        <time>2025-11-07T01:03:41.000Z</time>
        <extensions>
          <ns3:TrackPointExtension>
            <ns3:hr>145</ns3:hr>
            <ns3:cad>91</ns3:cad>
          </ns3:TrackPointExtension>
        </extensions>
      </trkpt>
      <trkpt lat="30.51542691886425018310546875" lon="114.22554083168506622314453125">
        <ele>21.200000762939453125</ele>
        <time>2025-11-07T01:03:42.000Z</time>
        <extensions>
          <ns3:TrackPointExtension>
            <ns3:hr>145</ns3:hr>
            <ns3:cad>91</ns3:cad>
          </ns3:TrackPointExtension>
        </extensions>
      </trkpt>
      <trkpt lat="30.51544326357543468475341796875" lon="114.2255145125091075897216796875">
        <ele>21.200000762939453125</ele>
        <time>2025-11-07T01:03:43.000Z</time>
        <extensions>
          <ns3:TrackPointExtension>
            <ns3:hr>145</ns3:hr>
            <ns3:cad>91</ns3:cad>
          </ns3:TrackPointExtension>
        </extensions>
      </trkpt>
      <trkpt lat="30.51544326357543468475341796875" lon="114.2255145125091075897216796875">
        <ele>21.200000762939453125</ele>
        <time>2025-11-07T01:03:44.000Z</time>
        <extensions>
          <ns3:TrackPointExtension>
            <ns3:hr>145</ns3:hr>
            <ns3:cad>91</ns3:cad>
          </ns3:TrackPointExtension>
        </extensions>
      </trkpt>
      <trkpt lat="30.5154757015407085418701171875" lon="114.22545324079692363739013671875">
        <ele>21.200000762939453125</ele>
        <time>2025-11-07T01:03:45.000Z</time>
        <extensions>
          <ns3:TrackPointExtension>
            <ns3:hr>145</ns3:hr>
            <ns3:cad>90</ns3:cad>
          </ns3:TrackPointExtension>
        </extensions>
      </trkpt>
      <trkpt lat="30.5154906213283538818359375" lon="114.2254181206226348876953125">
        <ele>21.200000762939453125</ele>
        <time>2025-11-07T01:03:46.000Z</time>
        <extensions>
          <ns3:TrackPointExtension>
            <ns3:hr>145</ns3:hr>
            <ns3:cad>90</ns3:cad>
          </ns3:TrackPointExtension>
        </extensions>
      </trkpt>
      <trkpt lat="30.5155058763921260833740234375" lon="114.2253911308944225311279296875">
        <ele>21.200000762939453125</ele>
        <time>2025-11-07T01:03:47.000Z</time>
        <extensions>
          <ns3:TrackPointExtension>
            <ns3:hr>145</ns3:hr>
            <ns3:cad>90</ns3:cad>
          </ns3:TrackPointExtension>
        </extensions>
      </trkpt>
      <trkpt lat="30.5155058763921260833740234375" lon="114.2253911308944225311279296875">
        <ele>21.200000762939453125</ele>
        <time>2025-11-07T01:03:48.000Z</time>
        <extensions>
          <ns3:TrackPointExtension>
            <ns3:hr>145</ns3:hr>
            <ns3:cad>90</ns3:cad>
          </ns3:TrackPointExtension>
        </extensions>
      </trkpt>
      <trkpt lat="30.51552238874137401580810546875" lon="114.22535869292914867401123046875">
        <ele>21.200000762939453125</ele>
        <time>2025-11-07T01:03:49.000Z</time>
        <extensions>
          <ns3:TrackPointExtension>
            <ns3:hr>144</ns3:hr>
            <ns3:cad>91</ns3:cad>
          </ns3:TrackPointExtension>
        </extensions>
      </trkpt>
      <trkpt lat="30.51553362049162387847900390625" lon="114.22532893717288970947265625">
        <ele>21.200000762939453125</ele>
        <time>2025-11-07T01:03:50.000Z</time>
        <extensions>
          <ns3:TrackPointExtension>
            <ns3:hr>145</ns3:hr>
            <ns3:cad>91</ns3:cad>
          </ns3:TrackPointExtension>
        </extensions>
      </trkpt>
      <trkpt lat="30.51554602570831775665283203125" lon="114.22529809176921844482421875">
        <ele>21</ele>
        <time>2025-11-07T01:03:51.000Z</time>
        <extensions>
          <ns3:TrackPointExtension>
            <ns3:hr>145</ns3:hr>
            <ns3:cad>91</ns3:cad>
          </ns3:TrackPointExtension>
        </extensions>
      </trkpt>
      <trkpt lat="30.51556563936173915863037109375" lon="114.2252345569431781768798828125">
        <ele>21.200000762939453125</ele>
        <time>2025-11-07T01:03:52.000Z</time>
        <extensions>
          <ns3:TrackPointExtension>
            <ns3:hr>145</ns3:hr>
            <ns3:cad>91</ns3:cad>
          </ns3:TrackPointExtension>
        </extensions>
      </trkpt>
      <trkpt lat="30.51557871513068675994873046875" lon="114.2252020351588726043701171875">
        <ele>21</ele>
        <time>2025-11-07T01:03:53.000Z</time>
        <extensions>
          <ns3:TrackPointExtension>
            <ns3:hr>144</ns3:hr>
            <ns3:cad>92</ns3:cad>
          </ns3:TrackPointExtension>
        </extensions>
      </trkpt>
      <trkpt lat="30.5155997537076473236083984375" lon="114.22517278231680393218994140625">
        <ele>21</ele>
        <time>2025-11-07T01:03:54.000Z</time>
        <extensions>
          <ns3:TrackPointExtension>
            <ns3:hr>145</ns3:hr>
            <ns3:cad>91</ns3:cad>
          </ns3:TrackPointExtension>
        </extensions>
      </trkpt>
      <trkpt lat="30.51561911590397357940673828125" lon="114.22514864243566989898681640625">
        <ele>21</ele>
        <time>2025-11-07T01:03:55.000Z</time>
        <extensions>
          <ns3:TrackPointExtension>
            <ns3:hr>145</ns3:hr>
            <ns3:cad>91</ns3:cad>
          </ns3:TrackPointExtension>
        </extensions>
      </trkpt>
      <trkpt lat="30.51563520915806293487548828125" lon="114.2251242510974407196044921875">
        <ele>21</ele>
        <time>2025-11-07T01:03:56.000Z</time>
        <extensions>
          <ns3:TrackPointExtension>
            <ns3:hr>144</ns3:hr>
            <ns3:cad>91</ns3:cad>
          </ns3:TrackPointExtension>
        </extensions>
      </trkpt>
      <trkpt lat="30.51565599627792835235595703125" lon="114.22509935684502124786376953125">
        <ele>21</ele>
        <time>2025-11-07T01:03:57.000Z</time>
        <extensions>
          <ns3:TrackPointExtension>
            <ns3:hr>144</ns3:hr>
            <ns3:cad>92</ns3:cad>
          </ns3:TrackPointExtension>
        </extensions>
      </trkpt>
      <trkpt lat="30.51567376591265201568603515625" lon="114.22507974319159984588623046875">
        <ele>21.200000762939453125</ele>
        <time>2025-11-07T01:03:58.000Z</time>
        <extensions>
          <ns3:TrackPointExtension>
            <ns3:hr>144</ns3:hr>
            <ns3:cad>93</ns3:cad>
          </ns3:TrackPointExtension>
        </extensions>
      </trkpt>
      <trkpt lat="30.51567376591265201568603515625" lon="114.22507974319159984588623046875">
        <ele>21.3999996185302734375</ele>
        <time>2025-11-07T01:03:59.000Z</time>
        <extensions>
          <ns3:TrackPointExtension>
            <ns3:hr>144</ns3:hr>
            <ns3:cad>93</ns3:cad>
          </ns3:TrackPointExtension>
        </extensions>
      </trkpt>
      <trkpt lat="30.51569153554737567901611328125" lon="114.2250538431107997894287109375">
        <ele>21.799999237060546875</ele>
        <time>2025-11-07T01:04:00.000Z</time>
        <extensions>
          <ns3:TrackPointExtension>
            <ns3:hr>144</ns3:hr>
            <ns3:cad>93</ns3:cad>
          </ns3:TrackPointExtension>
        </extensions>
      </trkpt>
      <trkpt lat="30.515706203877925872802734375" lon="114.22503481619060039520263671875">
        <ele>22.200000762939453125</ele>
        <time>2025-11-07T01:04:01.000Z</time>
        <extensions>
          <ns3:TrackPointExtension>
            <ns3:hr>144</ns3:hr>
            <ns3:cad>93</ns3:cad>
          </ns3:TrackPointExtension>
        </extensions>
      </trkpt>
      <trkpt lat="30.51572070457041263580322265625" lon="114.22501184977591037750244140625">
        <ele>22.3999996185302734375</ele>
        <time>2025-11-07T01:04:02.000Z</time>
        <extensions>
          <ns3:TrackPointExtension>
            <ns3:hr>144</ns3:hr>
            <ns3:cad>92</ns3:cad>
          </ns3:TrackPointExtension>
        </extensions>
      </trkpt>
      <trkpt lat="30.51575037650763988494873046875" lon="114.2249643243849277496337890625">
        <ele>22.799999237060546875</ele>
        <time>2025-11-07T01:04:03.000Z</time>
        <extensions>
          <ns3:TrackPointExtension>
            <ns3:hr>144</ns3:hr>
            <ns3:cad>92</ns3:cad>
          </ns3:TrackPointExtension>
        </extensions>
      </trkpt>
      <trkpt lat="30.5157650448381900787353515625" lon="114.22493892721831798553466796875">
        <ele>23</ele>
        <time>2025-11-07T01:04:04.000Z</time>
        <extensions>
          <ns3:TrackPointExtension>
            <ns3:hr>145</ns3:hr>
            <ns3:cad>92</ns3:cad>
          </ns3:TrackPointExtension>
        </extensions>
      </trkpt>
      <trkpt lat="30.51578365266323089599609375" lon="114.22490875236690044403076171875">
        <ele>23.200000762939453125</ele>
        <time>2025-11-07T01:04:05.000Z</time>
        <extensions>
          <ns3:TrackPointExtension>
            <ns3:hr>144</ns3:hr>
            <ns3:cad>91</ns3:cad>
          </ns3:TrackPointExtension>
        </extensions>
      </trkpt>
      <trkpt lat="30.51579798571765422821044921875" lon="114.22487908042967319488525390625">
        <ele>23.200000762939453125</ele>
        <time>2025-11-07T01:04:06.000Z</time>
        <extensions>
          <ns3:TrackPointExtension>
            <ns3:hr>144</ns3:hr>
            <ns3:cad>91</ns3:cad>
          </ns3:TrackPointExtension>
        </extensions>
      </trkpt>
      <trkpt lat="30.51579798571765422821044921875" lon="114.22487908042967319488525390625">
        <ele>23.200000762939453125</ele>
        <time>2025-11-07T01:04:07.000Z</time>
        <extensions>
          <ns3:TrackPointExtension>
            <ns3:hr>144</ns3:hr>
            <ns3:cad>91</ns3:cad>
          </ns3:TrackPointExtension>
        </extensions>
      </trkpt>
      <trkpt lat="30.51580938510596752166748046875" lon="114.2248468101024627685546875">
        <ele>23</ele>
        <time>2025-11-07T01:04:08.000Z</time>
        <extensions>
          <ns3:TrackPointExtension>
            <ns3:hr>145</ns3:hr>
            <ns3:cad>91</ns3:cad>
          </ns3:TrackPointExtension>
        </extensions>
      </trkpt>
      <trkpt lat="30.515827573835849761962890625" lon="114.2247805930674076080322265625">
        <ele>23</ele>
        <time>2025-11-07T01:04:09.000Z</time>
        <extensions>
          <ns3:TrackPointExtension>
            <ns3:hr>144</ns3:hr>
            <ns3:cad>90</ns3:cad>
          </ns3:TrackPointExtension>
        </extensions>
      </trkpt>
      <trkpt lat="30.5158371292054653167724609375" lon="114.224749244749546051025390625">
        <ele>23</ele>
        <time>2025-11-07T01:04:10.000Z</time>
        <extensions>
          <ns3:TrackPointExtension>
            <ns3:hr>144</ns3:hr>
            <ns3:cad>90</ns3:cad>
          </ns3:TrackPointExtension>
        </extensions>
      </trkpt>
      <trkpt lat="30.51584802567958831787109375" lon="114.2247140407562255859375">
        <ele>23</ele>
        <time>2025-11-07T01:04:11.000Z</time>
        <extensions>
          <ns3:TrackPointExtension>
            <ns3:hr>145</ns3:hr>
            <ns3:cad>91</ns3:cad>
          </ns3:TrackPointExtension>
        </extensions>
      </trkpt>
      <trkpt lat="30.51584802567958831787109375" lon="114.2247140407562255859375">
        <ele>23</ele>
        <time>2025-11-07T01:04:12.000Z</time>
        <extensions>
          <ns3:TrackPointExtension>
            <ns3:hr>145</ns3:hr>
            <ns3:cad>91</ns3:cad>
          </ns3:TrackPointExtension>
        </extensions>
      </trkpt>
      <trkpt lat="30.51585665903985500335693359375" lon="114.22468093223869800567626953125">
        <ele>23</ele>
        <time>2025-11-07T01:04:13.000Z</time>
        <extensions>
          <ns3:TrackPointExtension>
            <ns3:hr>145</ns3:hr>
            <ns3:cad>91</ns3:cad>
          </ns3:TrackPointExtension>
        </extensions>
      </trkpt>
      <trkpt lat="30.5158669687807559967041015625" lon="114.2246484942734241485595703125">
        <ele>23</ele>
        <time>2025-11-07T01:04:14.000Z</time>
        <extensions>
          <ns3:TrackPointExtension>
            <ns3:hr>145</ns3:hr>
            <ns3:cad>91</ns3:cad>
          </ns3:TrackPointExtension>
        </extensions>
      </trkpt>
      <trkpt lat="30.51587644033133983612060546875" lon="114.22461454756557941436767578125">
        <ele>23</ele>
        <time>2025-11-07T01:04:15.000Z</time>
        <extensions>
          <ns3:TrackPointExtension>
            <ns3:hr>145</ns3:hr>
            <ns3:cad>91</ns3:cad>
          </ns3:TrackPointExtension>
        </extensions>
      </trkpt>
      <trkpt lat="30.51589789800345897674560546875" lon="114.22454782761633396148681640625">
        <ele>23</ele>
        <time>2025-11-07T01:04:16.000Z</time>
        <extensions>
          <ns3:TrackPointExtension>
            <ns3:hr>144</ns3:hr>
            <ns3:cad>91</ns3:cad>
          </ns3:TrackPointExtension>
        </extensions>
      </trkpt>
      <trkpt lat="30.5159105546772480010986328125" lon="114.2245163954794406890869140625">
        <ele>23.200000762939453125</ele>
        <time>2025-11-07T01:04:17.000Z</time>
        <extensions>
          <ns3:TrackPointExtension>
            <ns3:hr>145</ns3:hr>
            <ns3:cad>90</ns3:cad>
          </ns3:TrackPointExtension>
        </extensions>
      </trkpt>
      <trkpt lat="30.5159232951700687408447265625" lon="114.22448538243770599365234375">
        <ele>23.200000762939453125</ele>
        <time>2025-11-07T01:04:18.000Z</time>
        <extensions>
          <ns3:TrackPointExtension>
            <ns3:hr>145</ns3:hr>
            <ns3:cad>91</ns3:cad>
          </ns3:TrackPointExtension>
        </extensions>
      </trkpt>
      <trkpt lat="30.5159232951700687408447265625" lon="114.22448538243770599365234375">
        <ele>23.200000762939453125</ele>
        <time>2025-11-07T01:04:19.000Z</time>
        <extensions>
          <ns3:TrackPointExtension>
            <ns3:hr>145</ns3:hr>
            <ns3:cad>91</ns3:cad>
          </ns3:TrackPointExtension>
        </extensions>
      </trkpt>
      <trkpt lat="30.5159504525363445281982421875" lon="114.22442930750548839569091796875">
        <ele>23.200000762939453125</ele>
        <time>2025-11-07T01:04:20.000Z</time>
        <extensions>
          <ns3:TrackPointExtension>
            <ns3:hr>145</ns3:hr>
            <ns3:cad>91</ns3:cad>
          </ns3:TrackPointExtension>
        </extensions>
      </trkpt>
      <trkpt lat="30.51596377976238727569580078125" lon="114.2244015634059906005859375">
        <ele>23.200000762939453125</ele>
        <time>2025-11-07T01:04:21.000Z</time>
        <extensions>
          <ns3:TrackPointExtension>
            <ns3:hr>145</ns3:hr>
            <ns3:cad>91</ns3:cad>
          </ns3:TrackPointExtension>
        </extensions>
      </trkpt>
      <trkpt lat="30.515985824167728424072265625" lon="114.22437013126909732818603515625">
        <ele>23.200000762939453125</ele>
        <time>2025-11-07T01:04:22.000Z</time>
        <extensions>
          <ns3:TrackPointExtension>
            <ns3:hr>145</ns3:hr>
            <ns3:cad>91</ns3:cad>
          </ns3:TrackPointExtension>
        </extensions>
      </trkpt>
      <trkpt lat="30.51600493490695953369140625" lon="114.22434599138796329498291015625">
        <ele>23.200000762939453125</ele>
        <time>2025-11-07T01:04:23.000Z</time>
        <extensions>
          <ns3:TrackPointExtension>
            <ns3:hr>145</ns3:hr>
            <ns3:cad>91</ns3:cad>
          </ns3:TrackPointExtension>
        </extensions>
      </trkpt>
      <trkpt lat="30.51600493490695953369140625" lon="114.22434599138796329498291015625">
        <ele>23.3999996185302734375</ele>
        <time>2025-11-07T01:04:24.000Z</time>
        <extensions>
          <ns3:TrackPointExtension>
            <ns3:hr>145</ns3:hr>
            <ns3:cad>91</ns3:cad>
          </ns3:TrackPointExtension>
        </extensions>
      </trkpt>
      <trkpt lat="30.516021363437175750732421875" lon="114.22432268969714641571044921875">
        <ele>23.3999996185302734375</ele>
        <time>2025-11-07T01:04:25.000Z</time>
        <extensions>
          <ns3:TrackPointExtension>
            <ns3:hr>145</ns3:hr>
            <ns3:cad>90</ns3:cad>
          </ns3:TrackPointExtension>
        </extensions>
      </trkpt>
      <trkpt lat="30.51603846251964569091796875" lon="114.224303662776947021484375">
        <ele>23.3999996185302734375</ele>
        <time>2025-11-07T01:04:26.000Z</time>
        <extensions>
          <ns3:TrackPointExtension>
            <ns3:hr>145</ns3:hr>
            <ns3:cad>90</ns3:cad>
          </ns3:TrackPointExtension>
        </extensions>
      </trkpt>
      <trkpt lat="30.51605799235403537750244140625" lon="114.22428329475224018096923828125">
        <ele>23.3999996185302734375</ele>
        <time>2025-11-07T01:04:27.000Z</time>
        <extensions>
          <ns3:TrackPointExtension>
            <ns3:hr>145</ns3:hr>
            <ns3:cad>90</ns3:cad>
          </ns3:TrackPointExtension>
        </extensions>
      </trkpt>
      <trkpt lat="30.5160780251026153564453125" lon="114.224262423813343048095703125">
        <ele>23.200000762939453125</ele>
        <time>2025-11-07T01:04:28.000Z</time>
        <extensions>
          <ns3:TrackPointExtension>
            <ns3:hr>145</ns3:hr>
            <ns3:cad>90</ns3:cad>
          </ns3:TrackPointExtension>
        </extensions>
      </trkpt>
      <trkpt lat="30.51610023714601993560791015625" lon="114.22424222342669963836669921875">
        <ele>23.200000762939453125</ele>
        <time>2025-11-07T01:04:29.000Z</time>
        <extensions>
          <ns3:TrackPointExtension>
            <ns3:hr>144</ns3:hr>
            <ns3:cad>90</ns3:cad>
          </ns3:TrackPointExtension>
        </extensions>
      </trkpt>
      <trkpt lat="30.5161449126899242401123046875" lon="114.22420886345207691192626953125">
        <ele>23.200000762939453125</ele>
        <time>2025-11-07T01:04:30.000Z</time>
        <extensions>
          <ns3:TrackPointExtension>
            <ns3:hr>144</ns3:hr>
            <ns3:cad>90</ns3:cad>
          </ns3:TrackPointExtension>
        </extensions>
      </trkpt>
      <trkpt lat="30.5161449126899242401123046875" lon="114.22420886345207691192626953125">
        <ele>23.200000762939453125</ele>
        <time>2025-11-07T01:04:31.000Z</time>
        <extensions>
          <ns3:TrackPointExtension>
            <ns3:hr>142</ns3:hr>
            <ns3:cad>90</ns3:cad>
          </ns3:TrackPointExtension>
        </extensions>
      </trkpt>
      <trkpt lat="30.51618590019643306732177734375" lon="114.22416963614523410797119140625">
        <ele>23.200000762939453125</ele>
        <time>2025-11-07T01:04:32.000Z</time>
        <extensions>
          <ns3:TrackPointExtension>
            <ns3:hr>140</ns3:hr>
            <ns3:cad>91</ns3:cad>
          </ns3:TrackPointExtension>
        </extensions>
      </trkpt>
      <trkpt lat="30.516203083097934722900390625" lon="114.22414851374924182891845703125">
        <ele>23.3999996185302734375</ele>
        <time>2025-11-07T01:04:33.000Z</time>
        <extensions>
          <ns3:TrackPointExtension>
            <ns3:hr>139</ns3:hr>
            <ns3:cad>91</ns3:cad>
          </ns3:TrackPointExtension>
        </extensions>
      </trkpt>
      <trkpt lat="30.5162213556468486785888671875" lon="114.2241234518587589263916015625">
        <ele>23.3999996185302734375</ele>
        <time>2025-11-07T01:04:34.000Z</time>
        <extensions>
          <ns3:TrackPointExtension>
            <ns3:hr>139</ns3:hr>
            <ns3:cad>91</ns3:cad>
          </ns3:TrackPointExtension>
        </extensions>
      </trkpt>
      <trkpt lat="30.51624189130961894989013671875" lon="114.22410358674824237823486328125">
        <ele>23.3999996185302734375</ele>
        <time>2025-11-07T01:04:35.000Z</time>
        <extensions>
          <ns3:TrackPointExtension>
            <ns3:hr>139</ns3:hr>
            <ns3:cad>91</ns3:cad>
          </ns3:TrackPointExtension>
        </extensions>
      </trkpt>
      <trkpt lat="30.51626452244818210601806640625" lon="114.22408095560967922210693359375">
        <ele>23.3999996185302734375</ele>
        <time>2025-11-07T01:04:36.000Z</time>
        <extensions>
          <ns3:TrackPointExtension>
            <ns3:hr>139</ns3:hr>
            <ns3:cad>91</ns3:cad>
          </ns3:TrackPointExtension>
        </extensions>
      </trkpt>
      <trkpt lat="30.51628631539642810821533203125" lon="114.22406402416527271270751953125">
        <ele>23.3999996185302734375</ele>
        <time>2025-11-07T01:04:37.000Z</time>
        <extensions>
          <ns3:TrackPointExtension>
            <ns3:hr>139</ns3:hr>
            <ns3:cad>90</ns3:cad>
          </ns3:TrackPointExtension>
        </extensions>
      </trkpt>
      <trkpt lat="30.51628631539642810821533203125" lon="114.22406402416527271270751953125">
        <ele>23.3999996185302734375</ele>
        <time>2025-11-07T01:04:38.000Z</time>
        <extensions>
          <ns3:TrackPointExtension>
            <ns3:hr>138</ns3:hr>
            <ns3:cad>90</ns3:cad>
          </ns3:TrackPointExtension>
        </extensions>
      </trkpt>
      <trkpt lat="30.5163091979920864105224609375" lon="114.22404415905475616455078125">
        <ele>23.3999996185302734375</ele>
        <time>2025-11-07T01:04:39.000Z</time>
        <extensions>
          <ns3:TrackPointExtension>
            <ns3:hr>138</ns3:hr>
            <ns3:cad>90</ns3:cad>
          </ns3:TrackPointExtension>
        </extensions>
      </trkpt>
      <trkpt lat="30.51633057184517383575439453125" lon="114.22402831725776195526123046875">
        <ele>23.3999996185302734375</ele>
        <time>2025-11-07T01:04:40.000Z</time>
        <extensions>
          <ns3:TrackPointExtension>
            <ns3:hr>138</ns3:hr>
            <ns3:cad>91</ns3:cad>
          </ns3:TrackPointExtension>
        </extensions>
      </trkpt>
      <trkpt lat="30.51635387353599071502685546875" lon="114.22400970943272113800048828125">
        <ele>23.6000003814697265625</ele>
        <time>2025-11-07T01:04:41.000Z</time>
        <extensions>
          <ns3:TrackPointExtension>
            <ns3:hr>138</ns3:hr>
            <ns3:cad>91</ns3:cad>
          </ns3:TrackPointExtension>
        </extensions>
      </trkpt>
      <trkpt lat="30.51637373864650726318359375" lon="114.2239896766841411590576171875">
        <ele>23.6000003814697265625</ele>
        <time>2025-11-07T01:04:42.000Z</time>
        <extensions>
          <ns3:TrackPointExtension>
            <ns3:hr>138</ns3:hr>
            <ns3:cad>90</ns3:cad>
          </ns3:TrackPointExtension>
        </extensions>
      </trkpt>
      <trkpt lat="30.51640927791595458984375" lon="114.22394265420734882354736328125">
        <ele>23.6000003814697265625</ele>
        <time>2025-11-07T01:04:43.000Z</time>
        <extensions>
          <ns3:TrackPointExtension>
            <ns3:hr>139</ns3:hr>
            <ns3:cad>90</ns3:cad>
          </ns3:TrackPointExtension>
        </extensions>
      </trkpt>
      <trkpt lat="30.5164241977035999298095703125" lon="114.22391952015459537506103515625">
        <ele>23.799999237060546875</ele>
        <time>2025-11-07T01:04:44.000Z</time>
        <extensions>
          <ns3:TrackPointExtension>
            <ns3:hr>138</ns3:hr>
            <ns3:cad>89</ns3:cad>
          </ns3:TrackPointExtension>
        </extensions>
      </trkpt>
      <trkpt lat="30.51643400453031063079833984375" lon="114.2238981463015079498291015625">
        <ele>23.799999237060546875</ele>
        <time>2025-11-07T01:04:45.000Z</time>
        <extensions>
          <ns3:TrackPointExtension>
            <ns3:hr>138</ns3:hr>
            <ns3:cad>88</ns3:cad>
          </ns3:TrackPointExtension>
        </extensions>
      </trkpt>
      <trkpt lat="30.51643283106386661529541015625" lon="114.22389336861670017242431640625">
        <ele>24</ele>
        <time>2025-11-07T01:04:46.000Z</time>
        <extensions>
          <ns3:TrackPointExtension>
            <ns3:hr>138</ns3:hr>
            <ns3:cad>88</ns3:cad>
          </ns3:TrackPointExtension>
        </extensions>
      </trkpt>
      <trkpt lat="30.5164315737783908843994140625" lon="114.2238884232938289642333984375">
        <ele>24</ele>
        <time>2025-11-07T01:04:47.000Z</time>
        <extensions>
          <ns3:TrackPointExtension>
            <ns3:hr>138</ns3:hr>
            <ns3:cad>88</ns3:cad>
          </ns3:TrackPointExtension>
        </extensions>
      </trkpt>
      <trkpt lat="30.51643802784383296966552734375" lon="114.22386788763105869293212890625">
        <ele>24.200000762939453125</ele>
        <time>2025-11-07T01:04:48.000Z</time>
        <extensions>
          <ns3:TrackPointExtension>
            <ns3:hr>138</ns3:hr>
            <ns3:cad>77</ns3:cad>
          </ns3:TrackPointExtension>
        </extensions>
      </trkpt>
      <trkpt lat="30.51644037477672100067138671875" lon="114.2238481901586055755615234375">
        <ele>24.200000762939453125</ele>
        <time>2025-11-07T01:04:49.000Z</time>
        <extensions>
          <ns3:TrackPointExtension>
            <ns3:hr>140</ns3:hr>
            <ns3:cad>84</ns3:cad>
          </ns3:TrackPointExtension>
        </extensions>
      </trkpt>
      <trkpt lat="30.5164481699466705322265625" lon="114.22382581047713756561279296875">
        <ele>24.200000762939453125</ele>
        <time>2025-11-07T01:04:50.000Z</time>
        <extensions>
          <ns3:TrackPointExtension>
            <ns3:hr>141</ns3:hr>
            <ns3:cad>85</ns3:cad>
          </ns3:TrackPointExtension>
        </extensions>
      </trkpt>
      <trkpt lat="30.5164481699466705322265625" lon="114.22382581047713756561279296875">
        <ele>24</ele>
        <time>2025-11-07T01:04:51.000Z</time>
        <extensions>
          <ns3:TrackPointExtension>
            <ns3:hr>141</ns3:hr>
            <ns3:cad>86</ns3:cad>
          </ns3:TrackPointExtension>
        </extensions>
      </trkpt>
      <trkpt lat="30.516460239887237548828125" lon="114.22380535863339900970458984375">
        <ele>24</ele>
        <time>2025-11-07T01:04:52.000Z</time>
        <extensions>
          <ns3:TrackPointExtension>
            <ns3:hr>140</ns3:hr>
            <ns3:cad>86</ns3:cad>
          </ns3:TrackPointExtension>
        </extensions>
      </trkpt>
      <trkpt lat="30.51646719686686992645263671875" lon="114.22378105111420154571533203125">
        <ele>24</ele>
        <time>2025-11-07T01:04:53.000Z</time>
        <extensions>
          <ns3:TrackPointExtension>
            <ns3:hr>142</ns3:hr>
            <ns3:cad>86</ns3:cad>
          </ns3:TrackPointExtension>
        </extensions>
      </trkpt>
      <trkpt lat="30.516447164118289947509765625" lon="114.22374232672154903411865234375">
        <ele>23.799999237060546875</ele>
        <time>2025-11-07T01:04:54.000Z</time>
        <extensions>
          <ns3:TrackPointExtension>
            <ns3:hr>140</ns3:hr>
            <ns3:cad>87</ns3:cad>
          </ns3:TrackPointExtension>
        </extensions>
      </trkpt>
      <trkpt lat="30.51642612554132938385009765625" lon="114.22372757457196712493896484375">
        <ele>23.799999237060546875</ele>
        <time>2025-11-07T01:04:55.000Z</time>
        <extensions>
          <ns3:TrackPointExtension>
            <ns3:hr>142</ns3:hr>
            <ns3:cad>88</ns3:cad>
          </ns3:TrackPointExtension>
        </extensions>
      </trkpt>
      <trkpt lat="30.5164020694792270660400390625" lon="114.2237117327749729156494140625">
        <ele>23.799999237060546875</ele>
        <time>2025-11-07T01:04:56.000Z</time>
        <extensions>
          <ns3:TrackPointExtension>
            <ns3:hr>142</ns3:hr>
            <ns3:cad>88</ns3:cad>
          </ns3:TrackPointExtension>
        </extensions>
      </trkpt>
      <trkpt lat="30.51637901924550533294677734375" lon="114.2236929573118686676025390625">
        <ele>23.799999237060546875</ele>
        <time>2025-11-07T01:04:57.000Z</time>
        <extensions>
          <ns3:TrackPointExtension>
            <ns3:hr>142</ns3:hr>
            <ns3:cad>88</ns3:cad>
          </ns3:TrackPointExtension>
        </extensions>
      </trkpt>
      <trkpt lat="30.51637901924550533294677734375" lon="114.2236929573118686676025390625">
        <ele>23.799999237060546875</ele>
        <time>2025-11-07T01:04:58.000Z</time>
        <extensions>
          <ns3:TrackPointExtension>
            <ns3:hr>142</ns3:hr>
            <ns3:cad>89</ns3:cad>
          </ns3:TrackPointExtension>
        </extensions>
      </trkpt>
      <trkpt lat="30.51635270006954669952392578125" lon="114.2236731760203838348388671875">
        <ele>23.799999237060546875</ele>
        <time>2025-11-07T01:04:59.000Z</time>
        <extensions>
          <ns3:TrackPointExtension>
            <ns3:hr>143</ns3:hr>
            <ns3:cad>90</ns3:cad>
          </ns3:TrackPointExtension>
        </extensions>
      </trkpt>
      <trkpt lat="30.5163048394024372100830078125" lon="114.223630093038082122802734375">
        <ele>23.799999237060546875</ele>
        <time>2025-11-07T01:05:00.000Z</time>
        <extensions>
          <ns3:TrackPointExtension>
            <ns3:hr>142</ns3:hr>
            <ns3:cad>90</ns3:cad>
          </ns3:TrackPointExtension>
        </extensions>
      </trkpt>
      <trkpt lat="30.5162790231406688690185546875" lon="114.22361207194626331329345703125">
        <ele>23.799999237060546875</ele>
        <time>2025-11-07T01:05:01.000Z</time>
        <extensions>
          <ns3:TrackPointExtension>
            <ns3:hr>143</ns3:hr>
            <ns3:cad>91</ns3:cad>
          </ns3:TrackPointExtension>
        </extensions>
      </trkpt>
      <trkpt lat="30.51625303924083709716796875" lon="114.22359346412122249603271484375">
        <ele>23.799999237060546875</ele>
        <time>2025-11-07T01:05:02.000Z</time>
        <extensions>
          <ns3:TrackPointExtension>
            <ns3:hr>144</ns3:hr>
            <ns3:cad>91</ns3:cad>
          </ns3:TrackPointExtension>
        </extensions>
      </trkpt>
      <trkpt lat="30.51622982136905193328857421875" lon="114.22357351519167423248291015625">
        <ele>23.799999237060546875</ele>
        <time>2025-11-07T01:05:03.000Z</time>
        <extensions>
          <ns3:TrackPointExtension>
            <ns3:hr>144</ns3:hr>
            <ns3:cad>91</ns3:cad>
          </ns3:TrackPointExtension>
        </extensions>
      </trkpt>
      <trkpt lat="30.51620232872664928436279296875" lon="114.22355071641504764556884765625">
        <ele>24</ele>
        <time>2025-11-07T01:05:04.000Z</time>
        <extensions>
          <ns3:TrackPointExtension>
            <ns3:hr>144</ns3:hr>
            <ns3:cad>91</ns3:cad>
          </ns3:TrackPointExtension>
        </extensions>
      </trkpt>
      <trkpt lat="30.5161787755787372589111328125" lon="114.22353160567581653594970703125">
        <ele>24</ele>
        <time>2025-11-07T01:05:05.000Z</time>
        <extensions>
          <ns3:TrackPointExtension>
            <ns3:hr>144</ns3:hr>
            <ns3:cad>91</ns3:cad>
          </ns3:TrackPointExtension>
        </extensions>
      </trkpt>
      <trkpt lat="30.5161787755787372589111328125" lon="114.22353160567581653594970703125">
        <ele>24</ele>
        <time>2025-11-07T01:05:06.000Z</time>
        <extensions>
          <ns3:TrackPointExtension>
            <ns3:hr>144</ns3:hr>
            <ns3:cad>91</ns3:cad>
          </ns3:TrackPointExtension>
        </extensions>
      </trkpt>
      <trkpt lat="30.51615270785987377166748046875" lon="114.2235112376511096954345703125">
        <ele>24</ele>
        <time>2025-11-07T01:05:07.000Z</time>
        <extensions>
          <ns3:TrackPointExtension>
            <ns3:hr>143</ns3:hr>
            <ns3:cad>91</ns3:cad>
          </ns3:TrackPointExtension>
        </extensions>
      </trkpt>
      <trkpt lat="30.51609889604151248931884765625" lon="114.22347393818199634552001953125">
        <ele>24</ele>
        <time>2025-11-07T01:05:08.000Z</time>
        <extensions>
          <ns3:TrackPointExtension>
            <ns3:hr>145</ns3:hr>
            <ns3:cad>91</ns3:cad>
          </ns3:TrackPointExtension>
        </extensions>
      </trkpt>
      <trkpt lat="30.51607509143650531768798828125" lon="114.22345398925244808197021484375">
        <ele>24</ele>
        <time>2025-11-07T01:05:09.000Z</time>
        <extensions>
          <ns3:TrackPointExtension>
            <ns3:hr>143</ns3:hr>
            <ns3:cad>90</ns3:cad>
          </ns3:TrackPointExtension>
        </extensions>
      </trkpt>
      <trkpt lat="30.516050867736339569091796875" lon="114.2234337888658046722412109375">
        <ele>24</ele>
        <time>2025-11-07T01:05:10.000Z</time>
        <extensions>
          <ns3:TrackPointExtension>
            <ns3:hr>142</ns3:hr>
            <ns3:cad>90</ns3:cad>
          </ns3:TrackPointExtension>
        </extensions>
      </trkpt>
      <trkpt lat="30.51602848805487155914306640625" lon="114.22341258265078067779541015625">
        <ele>24</ele>
        <time>2025-11-07T01:05:11.000Z</time>
        <extensions>
          <ns3:TrackPointExtension>
            <ns3:hr>142</ns3:hr>
            <ns3:cad>91</ns3:cad>
          </ns3:TrackPointExtension>
        </extensions>
      </trkpt>
      <trkpt lat="30.5160002410411834716796875" lon="114.22339112497866153717041015625">
        <ele>24</ele>
        <time>2025-11-07T01:05:12.000Z</time>
        <extensions>
          <ns3:TrackPointExtension>
            <ns3:hr>143</ns3:hr>
            <ns3:cad>91</ns3:cad>
          </ns3:TrackPointExtension>
        </extensions>
      </trkpt>
      <trkpt lat="30.5159761011600494384765625" lon="114.223371259868144989013671875">
        <ele>24</ele>
        <time>2025-11-07T01:05:13.000Z</time>
        <extensions>
          <ns3:TrackPointExtension>
            <ns3:hr>144</ns3:hr>
            <ns3:cad>91</ns3:cad>
          </ns3:TrackPointExtension>
        </extensions>
      </trkpt>
      <trkpt lat="30.5159494467079639434814453125" lon="114.22335005365312099456787109375">
        <ele>24.200000762939453125</ele>
        <time>2025-11-07T01:05:14.000Z</time>
        <extensions>
          <ns3:TrackPointExtension>
            <ns3:hr>143</ns3:hr>
            <ns3:cad>89</ns3:cad>
          </ns3:TrackPointExtension>
        </extensions>
      </trkpt>
      <trkpt lat="30.5159494467079639434814453125" lon="114.22335005365312099456787109375">
        <ele>24.200000762939453125</ele>
        <time>2025-11-07T01:05:15.000Z</time>
        <extensions>
          <ns3:TrackPointExtension>
            <ns3:hr>143</ns3:hr>
            <ns3:cad>89</ns3:cad>
          </ns3:TrackPointExtension>
        </extensions>
      </trkpt>
      <trkpt lat="30.5159263126552104949951171875" lon="114.22332993708550930023193359375">
        <ele>24.200000762939453125</ele>
        <time>2025-11-07T01:05:16.000Z</time>
        <extensions>
          <ns3:TrackPointExtension>
            <ns3:hr>145</ns3:hr>
            <ns3:cad>89</ns3:cad>
          </ns3:TrackPointExtension>
        </extensions>
      </trkpt>
      <trkpt lat="30.51589990966022014617919921875" lon="114.2233087308704853057861328125">
        <ele>24.200000762939453125</ele>
        <time>2025-11-07T01:05:17.000Z</time>
        <extensions>
          <ns3:TrackPointExtension>
            <ns3:hr>145</ns3:hr>
            <ns3:cad>90</ns3:cad>
          </ns3:TrackPointExtension>
        </extensions>
      </trkpt>
      <trkpt lat="30.51587484776973724365234375" lon="114.22328970395028591156005859375">
        <ele>24.200000762939453125</ele>
        <time>2025-11-07T01:05:18.000Z</time>
        <extensions>
          <ns3:TrackPointExtension>
            <ns3:hr>144</ns3:hr>
            <ns3:cad>90</ns3:cad>
          </ns3:TrackPointExtension>
        </extensions>
      </trkpt>
      <trkpt lat="30.51584827713668346405029296875" lon="114.22326724044978618621826171875">
        <ele>24.200000762939453125</ele>
        <time>2025-11-07T01:05:19.000Z</time>
        <extensions>
          <ns3:TrackPointExtension>
            <ns3:hr>144</ns3:hr>
            <ns3:cad>90</ns3:cad>
          </ns3:TrackPointExtension>
        </extensions>
      </trkpt>
      <trkpt lat="30.51580284722149372100830078125" lon="114.22322600148618221282958984375">
        <ele>24</ele>
        <time>2025-11-07T01:05:20.000Z</time>
        <extensions>
          <ns3:TrackPointExtension>
            <ns3:hr>147</ns3:hr>
            <ns3:cad>91</ns3:cad>
          </ns3:TrackPointExtension>
        </extensions>
      </trkpt>
      <trkpt lat="30.51578231155872344970703125" lon="114.2232074774801731109619140625">
        <ele>24</ele>
        <time>2025-11-07T01:05:21.000Z</time>
        <extensions>
          <ns3:TrackPointExtension>
            <ns3:hr>147</ns3:hr>
            <ns3:cad>91</ns3:cad>
          </ns3:TrackPointExtension>
        </extensions>
      </trkpt>
      <trkpt lat="30.51578231155872344970703125" lon="114.2232074774801731109619140625">
        <ele>24</ele>
        <time>2025-11-07T01:05:22.000Z</time>
        <extensions>
          <ns3:TrackPointExtension>
            <ns3:hr>146</ns3:hr>
            <ns3:cad>91</ns3:cad>
          </ns3:TrackPointExtension>
        </extensions>
      </trkpt>
      <trkpt lat="30.5157382227480411529541015625" lon="114.223174117505550384521484375">
        <ele>23.799999237060546875</ele>
        <time>2025-11-07T01:05:23.000Z</time>
        <extensions>
          <ns3:TrackPointExtension>
            <ns3:hr>146</ns3:hr>
            <ns3:cad>91</ns3:cad>
          </ns3:TrackPointExtension>
        </extensions>
      </trkpt>
      <trkpt lat="30.5157130770385265350341796875" lon="114.22317537479102611541748046875">
        <ele>23.799999237060546875</ele>
        <time>2025-11-07T01:05:24.000Z</time>
        <extensions>
          <ns3:TrackPointExtension>
            <ns3:hr>147</ns3:hr>
            <ns3:cad>90</ns3:cad>
          </ns3:TrackPointExtension>
        </extensions>
      </trkpt>
      <trkpt lat="30.51569270901381969451904296875" lon="114.22317151911556720733642578125">
        <ele>23.799999237060546875</ele>
        <time>2025-11-07T01:05:25.000Z</time>
        <extensions>
          <ns3:TrackPointExtension>
            <ns3:hr>148</ns3:hr>
            <ns3:cad>89</ns3:cad>
          </ns3:TrackPointExtension>
        </extensions>
      </trkpt>
      <trkpt lat="30.51566789858043193817138671875" lon="114.22316347248852252960205078125">
        <ele>24</ele>
        <time>2025-11-07T01:05:26.000Z</time>
        <extensions>
          <ns3:TrackPointExtension>
            <ns3:hr>148</ns3:hr>
            <ns3:cad>89</ns3:cad>
          </ns3:TrackPointExtension>
        </extensions>
      </trkpt>
      <trkpt lat="30.51566789858043193817138671875" lon="114.22316347248852252960205078125">
        <ele>24</ele>
        <time>2025-11-07T01:05:27.000Z</time>
        <extensions>
          <ns3:TrackPointExtension>
            <ns3:hr>146</ns3:hr>
            <ns3:cad>89</ns3:cad>
          </ns3:TrackPointExtension>
        </extensions>
      </trkpt>
      <trkpt lat="30.515641160309314727783203125" lon="114.22315525822341442108154296875">
        <ele>24</ele>
        <time>2025-11-07T01:05:28.000Z</time>
        <extensions>
          <ns3:TrackPointExtension>
            <ns3:hr>146</ns3:hr>
            <ns3:cad>89</ns3:cad>
          </ns3:TrackPointExtension>
        </extensions>
      </trkpt>
      <trkpt lat="30.51561173982918262481689453125" lon="114.223149307072162628173828125">
        <ele>24</ele>
        <time>2025-11-07T01:05:29.000Z</time>
        <extensions>
          <ns3:TrackPointExtension>
            <ns3:hr>146</ns3:hr>
            <ns3:cad>89</ns3:cad>
          </ns3:TrackPointExtension>
        </extensions>
      </trkpt>
      <trkpt lat="30.51558391191065311431884765625" lon="114.2231407575309276580810546875">
        <ele>24</ele>
        <time>2025-11-07T01:05:30.000Z</time>
        <extensions>
          <ns3:TrackPointExtension>
            <ns3:hr>146</ns3:hr>
            <ns3:cad>89</ns3:cad>
          </ns3:TrackPointExtension>
        </extensions>
      </trkpt>
      <trkpt lat="30.5155551619827747344970703125" lon="114.223135225474834442138671875">
        <ele>24</ele>
        <time>2025-11-07T01:05:31.000Z</time>
        <extensions>
          <ns3:TrackPointExtension>
            <ns3:hr>146</ns3:hr>
            <ns3:cad>89</ns3:cad>
          </ns3:TrackPointExtension>
        </extensions>
      </trkpt>
      <trkpt lat="30.51552624441683292388916015625" lon="114.22312759794294834136962890625">
        <ele>24</ele>
        <time>2025-11-07T01:05:32.000Z</time>
        <extensions>
          <ns3:TrackPointExtension>
            <ns3:hr>145</ns3:hr>
            <ns3:cad>89</ns3:cad>
          </ns3:TrackPointExtension>
        </extensions>
      </trkpt>
      <trkpt lat="30.51549841649830341339111328125" lon="114.2231273464858531951904296875">
        <ele>24</ele>
        <time>2025-11-07T01:05:33.000Z</time>
        <extensions>
          <ns3:TrackPointExtension>
            <ns3:hr>146</ns3:hr>
            <ns3:cad>88</ns3:cad>
          </ns3:TrackPointExtension>
        </extensions>
      </trkpt>
      <trkpt lat="30.5154522322118282318115234375" lon="114.223146624863147735595703125">
        <ele>23.799999237060546875</ele>
        <time>2025-11-07T01:05:34.000Z</time>
        <extensions>
          <ns3:TrackPointExtension>
            <ns3:hr>146</ns3:hr>
            <ns3:cad>87</ns3:cad>
          </ns3:TrackPointExtension>
        </extensions>
      </trkpt>
      <trkpt lat="30.5154337920248508453369140625" lon="114.22315911389887332916259765625">
        <ele>23.799999237060546875</ele>
        <time>2025-11-07T01:05:35.000Z</time>
        <extensions>
          <ns3:TrackPointExtension>
            <ns3:hr>145</ns3:hr>
            <ns3:cad>87</ns3:cad>
          </ns3:TrackPointExtension>
        </extensions>
      </trkpt>
      <trkpt lat="30.515433289110660552978515625" lon="114.22316682524979114532470703125">
        <ele>23.799999237060546875</ele>
        <time>2025-11-07T01:05:36.000Z</time>
        <extensions>
          <ns3:TrackPointExtension>
            <ns3:hr>145</ns3:hr>
            <ns3:cad>86</ns3:cad>
          </ns3:TrackPointExtension>
        </extensions>
      </trkpt>
      <trkpt lat="30.51542934961616992950439453125" lon="114.22319113276898860931396484375">
        <ele>23.799999237060546875</ele>
        <time>2025-11-07T01:05:37.000Z</time>
        <extensions>
          <ns3:TrackPointExtension>
            <ns3:hr>144</ns3:hr>
            <ns3:cad>85</ns3:cad>
          </ns3:TrackPointExtension>
        </extensions>
      </trkpt>
      <trkpt lat="30.515418536961078643798828125" lon="114.22322147525846958160400390625">
        <ele>23.6000003814697265625</ele>
        <time>2025-11-07T01:05:38.000Z</time>
        <extensions>
          <ns3:TrackPointExtension>
            <ns3:hr>145</ns3:hr>
            <ns3:cad>85</ns3:cad>
          </ns3:TrackPointExtension>
        </extensions>
      </trkpt>
      <trkpt lat="30.515418536961078643798828125" lon="114.22322147525846958160400390625">
        <ele>23.6000003814697265625</ele>
        <time>2025-11-07T01:05:39.000Z</time>
        <extensions>
          <ns3:TrackPointExtension>
            <ns3:hr>144</ns3:hr>
            <ns3:cad>86</ns3:cad>
          </ns3:TrackPointExtension>
        </extensions>
      </trkpt>
      <trkpt lat="30.515408813953399658203125" lon="114.2232480458915233612060546875">
        <ele>23.6000003814697265625</ele>
        <time>2025-11-07T01:05:40.000Z</time>
        <extensions>
          <ns3:TrackPointExtension>
            <ns3:hr>143</ns3:hr>
            <ns3:cad>86</ns3:cad>
          </ns3:TrackPointExtension>
        </extensions>
      </trkpt>
      <trkpt lat="30.51539598964154720306396484375" lon="114.22327562235295772552490234375">
        <ele>23.6000003814697265625</ele>
        <time>2025-11-07T01:05:41.000Z</time>
        <extensions>
          <ns3:TrackPointExtension>
            <ns3:hr>143</ns3:hr>
            <ns3:cad>87</ns3:cad>
          </ns3:TrackPointExtension>
        </extensions>
      </trkpt>
      <trkpt lat="30.51538375206291675567626953125" lon="114.223305881023406982421875">
        <ele>23.3999996185302734375</ele>
        <time>2025-11-07T01:05:42.000Z</time>
        <extensions>
          <ns3:TrackPointExtension>
            <ns3:hr>143</ns3:hr>
            <ns3:cad>88</ns3:cad>
          </ns3:TrackPointExtension>
        </extensions>
      </trkpt>
      <trkpt lat="30.51537570543587207794189453125" lon="114.223339073359966278076171875">
        <ele>23.3999996185302734375</ele>
        <time>2025-11-07T01:05:43.000Z</time>
        <extensions>
          <ns3:TrackPointExtension>
            <ns3:hr>143</ns3:hr>
            <ns3:cad>88</ns3:cad>
          </ns3:TrackPointExtension>
        </extensions>
      </trkpt>
      <trkpt lat="30.51537461578845977783203125" lon="114.2233984172344207763671875">
        <ele>23.200000762939453125</ele>
        <time>2025-11-07T01:05:44.000Z</time>
        <extensions>
          <ns3:TrackPointExtension>
            <ns3:hr>141</ns3:hr>
            <ns3:cad>88</ns3:cad>
          </ns3:TrackPointExtension>
        </extensions>
      </trkpt>
      <trkpt lat="30.5153848417103290557861328125" lon="114.2234223894774913787841796875">
        <ele>23.200000762939453125</ele>
        <time>2025-11-07T01:05:45.000Z</time>
        <extensions>
          <ns3:TrackPointExtension>
            <ns3:hr>141</ns3:hr>
            <ns3:cad>88</ns3:cad>
          </ns3:TrackPointExtension>
        </extensions>
      </trkpt>
      <trkpt lat="30.5153992585837841033935546875" lon="114.22344393096864223480224609375">
        <ele>23.200000762939453125</ele>
        <time>2025-11-07T01:05:46.000Z</time>
        <extensions>
          <ns3:TrackPointExtension>
            <ns3:hr>141</ns3:hr>
            <ns3:cad>87</ns3:cad>
          </ns3:TrackPointExtension>
        </extensions>
      </trkpt>
      <trkpt lat="30.5154089815914630889892578125" lon="114.2234736867249011993408203125">
        <ele>23</ele>
        <time>2025-11-07T01:05:47.000Z</time>
        <extensions>
          <ns3:TrackPointExtension>
            <ns3:hr>138</ns3:hr>
            <ns3:cad>87</ns3:cad>
          </ns3:TrackPointExtension>
        </extensions>
      </trkpt>
      <trkpt lat="30.51541342400014400482177734375" lon="114.223505370318889617919921875">
        <ele>22.799999237060546875</ele>
        <time>2025-11-07T01:05:48.000Z</time>
        <extensions>
          <ns3:TrackPointExtension>
            <ns3:hr>138</ns3:hr>
            <ns3:cad>87</ns3:cad>
          </ns3:TrackPointExtension>
        </extensions>
      </trkpt>
      <trkpt lat="30.51541342400014400482177734375" lon="114.223505370318889617919921875">
        <ele>22.6000003814697265625</ele>
        <time>2025-11-07T01:05:49.000Z</time>
        <extensions>
          <ns3:TrackPointExtension>
            <ns3:hr>138</ns3:hr>
            <ns3:cad>87</ns3:cad>
          </ns3:TrackPointExtension>
        </extensions>
      </trkpt>
      <trkpt lat="30.51541677676141262054443359375" lon="114.2235440947115421295166015625">
        <ele>22.200000762939453125</ele>
        <time>2025-11-07T01:05:50.000Z</time>
        <extensions>
          <ns3:TrackPointExtension>
            <ns3:hr>138</ns3:hr>
            <ns3:cad>87</ns3:cad>
          </ns3:TrackPointExtension>
        </extensions>
      </trkpt>
      <trkpt lat="30.515419207513332366943359375" lon="114.22358240000903606414794921875">
        <ele>21.799999237060546875</ele>
        <time>2025-11-07T01:05:51.000Z</time>
        <extensions>
          <ns3:TrackPointExtension>
            <ns3:hr>138</ns3:hr>
            <ns3:cad>88</ns3:cad>
          </ns3:TrackPointExtension>
        </extensions>
      </trkpt>
      <trkpt lat="30.515421219170093536376953125" lon="114.22363017685711383819580078125">
        <ele>21.3999996185302734375</ele>
        <time>2025-11-07T01:05:52.000Z</time>
        <extensions>
          <ns3:TrackPointExtension>
            <ns3:hr>138</ns3:hr>
            <ns3:cad>91</ns3:cad>
          </ns3:TrackPointExtension>
        </extensions>
      </trkpt>
      <trkpt lat="30.515420548617839813232421875" lon="114.22371022403240203857421875">
        <ele>21.200000762939453125</ele>
        <time>2025-11-07T01:05:53.000Z</time>
        <extensions>
          <ns3:TrackPointExtension>
            <ns3:hr>138</ns3:hr>
            <ns3:cad>91</ns3:cad>
          </ns3:TrackPointExtension>
        </extensions>
      </trkpt>
      <trkpt lat="30.51541593857109546661376953125" lon="114.2237476073205471038818359375">
        <ele>21</ele>
        <time>2025-11-07T01:05:54.000Z</time>
        <extensions>
          <ns3:TrackPointExtension>
            <ns3:hr>138</ns3:hr>
            <ns3:cad>91</ns3:cad>
          </ns3:TrackPointExtension>
        </extensions>
      </trkpt>
      <trkpt lat="30.51540906541049480438232421875" lon="114.22378088347613811492919921875">
        <ele>21</ele>
        <time>2025-11-07T01:05:55.000Z</time>
        <extensions>
          <ns3:TrackPointExtension>
            <ns3:hr>137</ns3:hr>
            <ns3:cad>91</ns3:cad>
          </ns3:TrackPointExtension>
        </extensions>
      </trkpt>
      <trkpt lat="30.515406131744384765625" lon="114.22381709329783916473388671875">
        <ele>20.799999237060546875</ele>
        <time>2025-11-07T01:05:56.000Z</time>
        <extensions>
          <ns3:TrackPointExtension>
            <ns3:hr>138</ns3:hr>
            <ns3:cad>91</ns3:cad>
          </ns3:TrackPointExtension>
        </extensions>
      </trkpt>
      <trkpt lat="30.515406131744384765625" lon="114.22381709329783916473388671875">
        <ele>20.799999237060546875</ele>
        <time>2025-11-07T01:05:57.000Z</time>
        <extensions>
          <ns3:TrackPointExtension>
            <ns3:hr>138</ns3:hr>
            <ns3:cad>91</ns3:cad>
          </ns3:TrackPointExtension>
        </extensions>
      </trkpt>
      <trkpt lat="30.51540604792535305023193359375" lon="114.223889596760272979736328125">
        <ele>21</ele>
        <time>2025-11-07T01:05:58.000Z</time>
        <extensions>
          <ns3:TrackPointExtension>
            <ns3:hr>139</ns3:hr>
            <ns3:cad>91</ns3:cad>
          </ns3:TrackPointExtension>
        </extensions>
      </trkpt>
      <trkpt lat="30.515403114259243011474609375" lon="114.22392345964908599853515625">
        <ele>21</ele>
        <time>2025-11-07T01:05:59.000Z</time>
        <extensions>
          <ns3:TrackPointExtension>
            <ns3:hr>143</ns3:hr>
            <ns3:cad>91</ns3:cad>
          </ns3:TrackPointExtension>
        </extensions>
      </trkpt>
      <trkpt lat="30.5154002644121646881103515625" lon="114.2239631898701190948486328125">
        <ele>21.200000762939453125</ele>
        <time>2025-11-07T01:06:00.000Z</time>
        <extensions>
          <ns3:TrackPointExtension>
            <ns3:hr>144</ns3:hr>
            <ns3:cad>92</ns3:cad>
          </ns3:TrackPointExtension>
        </extensions>
      </trkpt>
      <trkpt lat="30.51539741456508636474609375" lon="114.22399981878697872161865234375">
        <ele>21.200000762939453125</ele>
        <time>2025-11-07T01:06:01.000Z</time>
        <extensions>
          <ns3:TrackPointExtension>
            <ns3:hr>145</ns3:hr>
            <ns3:cad>91</ns3:cad>
          </ns3:TrackPointExtension>
        </extensions>
      </trkpt>
      <trkpt lat="30.515391714870929718017578125" lon="114.2240349389612674713134765625">
        <ele>21.200000762939453125</ele>
        <time>2025-11-07T01:06:02.000Z</time>
        <extensions>
          <ns3:TrackPointExtension>
            <ns3:hr>145</ns3:hr>
            <ns3:cad>91</ns3:cad>
          </ns3:TrackPointExtension>
        </extensions>
      </trkpt>
      <trkpt lat="30.51538526080548763275146484375" lon="114.224067628383636474609375">
        <ele>21.200000762939453125</ele>
        <time>2025-11-07T01:06:03.000Z</time>
        <extensions>
          <ns3:TrackPointExtension>
            <ns3:hr>146</ns3:hr>
            <ns3:cad>91</ns3:cad>
          </ns3:TrackPointExtension>
        </extensions>
      </trkpt>
      <trkpt lat="30.5153774656355381011962890625" lon="114.22410425730049610137939453125">
        <ele>21.200000762939453125</ele>
        <time>2025-11-07T01:06:04.000Z</time>
        <extensions>
          <ns3:TrackPointExtension>
            <ns3:hr>146</ns3:hr>
            <ns3:cad>91</ns3:cad>
          </ns3:TrackPointExtension>
        </extensions>
      </trkpt>
      <trkpt lat="30.51536698825657367706298828125" lon="114.22413594089448451995849609375">
        <ele>21</ele>
        <time>2025-11-07T01:06:05.000Z</time>
        <extensions>
          <ns3:TrackPointExtension>
            <ns3:hr>145</ns3:hr>
            <ns3:cad>91</ns3:cad>
          </ns3:TrackPointExtension>
        </extensions>
      </trkpt>
      <trkpt lat="30.51536698825657367706298828125" lon="114.22413594089448451995849609375">
        <ele>21</ele>
        <time>2025-11-07T01:06:06.000Z</time>
        <extensions>
          <ns3:TrackPointExtension>
            <ns3:hr>145</ns3:hr>
            <ns3:cad>92</ns3:cad>
          </ns3:TrackPointExtension>
        </extensions>
      </trkpt>
      <trkpt lat="30.515356175601482391357421875" lon="114.22417332418262958526611328125">
        <ele>21.200000762939453125</ele>
        <time>2025-11-07T01:06:07.000Z</time>
        <extensions>
          <ns3:TrackPointExtension>
            <ns3:hr>145</ns3:hr>
            <ns3:cad>92</ns3:cad>
          </ns3:TrackPointExtension>
        </extensions>
      </trkpt>
      <trkpt lat="30.51534703932702541351318359375" lon="114.22420718707144260406494140625">
        <ele>21</ele>
        <time>2025-11-07T01:06:08.000Z</time>
        <extensions>
          <ns3:TrackPointExtension>
            <ns3:hr>145</ns3:hr>
            <ns3:cad>92</ns3:cad>
          </ns3:TrackPointExtension>
        </extensions>
      </trkpt>
      <trkpt lat="30.5153348855674266815185546875" lon="114.2242438159883022308349609375">
        <ele>21.200000762939453125</ele>
        <time>2025-11-07T01:06:09.000Z</time>
        <extensions>
          <ns3:TrackPointExtension>
            <ns3:hr>145</ns3:hr>
            <ns3:cad>92</ns3:cad>
          </ns3:TrackPointExtension>
        </extensions>
      </trkpt>
      <trkpt lat="30.51532574929296970367431640625" lon="114.224274493753910064697265625">
        <ele>21.200000762939453125</ele>
        <time>2025-11-07T01:06:10.000Z</time>
        <extensions>
          <ns3:TrackPointExtension>
            <ns3:hr>146</ns3:hr>
            <ns3:cad>92</ns3:cad>
          </ns3:TrackPointExtension>
        </extensions>
      </trkpt>
      <trkpt lat="30.515300519764423370361328125" lon="114.2243363521993160247802734375">
        <ele>21.200000762939453125</ele>
        <time>2025-11-07T01:06:11.000Z</time>
        <extensions>
          <ns3:TrackPointExtension>
            <ns3:hr>145</ns3:hr>
            <ns3:cad>92</ns3:cad>
          </ns3:TrackPointExtension>
        </extensions>
      </trkpt>
      <trkpt lat="30.5152859352529048919677734375" lon="114.2243675328791141510009765625">
        <ele>21.200000762939453125</ele>
        <time>2025-11-07T01:06:12.000Z</time>
        <extensions>
          <ns3:TrackPointExtension>
            <ns3:hr>145</ns3:hr>
            <ns3:cad>92</ns3:cad>
          </ns3:TrackPointExtension>
        </extensions>
      </trkpt>
      <trkpt lat="30.5152738653123378753662109375" lon="114.224400222301483154296875">
        <ele>21.200000762939453125</ele>
        <time>2025-11-07T01:06:13.000Z</time>
        <extensions>
          <ns3:TrackPointExtension>
            <ns3:hr>146</ns3:hr>
            <ns3:cad>92</ns3:cad>
          </ns3:TrackPointExtension>
        </extensions>
      </trkpt>
      <trkpt lat="30.5152611248195171356201171875" lon="114.2244309000670909881591796875">
        <ele>21.200000762939453125</ele>
        <time>2025-11-07T01:06:14.000Z</time>
        <extensions>
          <ns3:TrackPointExtension>
            <ns3:hr>145</ns3:hr>
            <ns3:cad>92</ns3:cad>
          </ns3:TrackPointExtension>
        </extensions>
      </trkpt>
      <trkpt lat="30.5152426846325397491455078125" lon="114.22445814125239849090576171875">
        <ele>21.200000762939453125</ele>
        <time>2025-11-07T01:06:15.000Z</time>
        <extensions>
          <ns3:TrackPointExtension>
            <ns3:hr>144</ns3:hr>
            <ns3:cad>91</ns3:cad>
          </ns3:TrackPointExtension>
        </extensions>
      </trkpt>
      <trkpt lat="30.5152232386171817779541015625" lon="114.2244858853518962860107421875">
        <ele>21.200000762939453125</ele>
        <time>2025-11-07T01:06:16.000Z</time>
        <extensions>
          <ns3:TrackPointExtension>
            <ns3:hr>144</ns3:hr>
            <ns3:cad>91</ns3:cad>
          </ns3:TrackPointExtension>
        </extensions>
      </trkpt>
      <trkpt lat="30.5152232386171817779541015625" lon="114.2244858853518962860107421875">
        <ele>21.200000762939453125</ele>
        <time>2025-11-07T01:06:17.000Z</time>
        <extensions>
          <ns3:TrackPointExtension>
            <ns3:hr>144</ns3:hr>
            <ns3:cad>91</ns3:cad>
          </ns3:TrackPointExtension>
        </extensions>
      </trkpt>
      <trkpt lat="30.5151856876909732818603515625" lon="114.22454011626541614532470703125">
        <ele>21.200000762939453125</ele>
        <time>2025-11-07T01:06:18.000Z</time>
        <extensions>
          <ns3:TrackPointExtension>
            <ns3:hr>144</ns3:hr>
            <ns3:cad>96</ns3:cad>
          </ns3:TrackPointExtension>
        </extensions>
      </trkpt>
      <trkpt lat="30.5151856876909732818603515625" lon="114.22454011626541614532470703125">
        <ele>21.200000762939453125</ele>
        <time>2025-11-07T01:06:19.000Z</time>
        <extensions>
          <ns3:TrackPointExtension>
            <ns3:hr>144</ns3:hr>
            <ns3:cad>97</ns3:cad>
          </ns3:TrackPointExtension>
        </extensions>
      </trkpt>
      <trkpt lat="30.51514587365090847015380859375" lon="114.2245921678841114044189453125">
        <ele>21.200000762939453125</ele>
        <time>2025-11-07T01:06:20.000Z</time>
        <extensions>
          <ns3:TrackPointExtension>
            <ns3:hr>143</ns3:hr>
            <ns3:cad>94</ns3:cad>
          </ns3:TrackPointExtension>
        </extensions>
      </trkpt>
      <trkpt lat="30.51514587365090847015380859375" lon="114.2245921678841114044189453125">
        <ele>21.200000762939453125</ele>
        <time>2025-11-07T01:06:21.000Z</time>
        <extensions>
          <ns3:TrackPointExtension>
            <ns3:hr>143</ns3:hr>
            <ns3:cad>92</ns3:cad>
          </ns3:TrackPointExtension>
        </extensions>
      </trkpt>
      <trkpt lat="30.51510731689631938934326171875" lon="114.22464958392083644866943359375">
        <ele>21.200000762939453125</ele>
        <time>2025-11-07T01:06:22.000Z</time>
        <extensions>
          <ns3:TrackPointExtension>
            <ns3:hr>144</ns3:hr>
            <ns3:cad>91</ns3:cad>
          </ns3:TrackPointExtension>
        </extensions>
      </trkpt>
      <trkpt lat="30.51510731689631938934326171875" lon="114.22464958392083644866943359375">
        <ele>21</ele>
        <time>2025-11-07T01:06:23.000Z</time>
        <extensions>
          <ns3:TrackPointExtension>
            <ns3:hr>144</ns3:hr>
            <ns3:cad>91</ns3:cad>
          </ns3:TrackPointExtension>
        </extensions>
      </trkpt>
      <trkpt lat="30.5150874517858028411865234375" lon="114.2246778309345245361328125">
        <ele>21</ele>
        <time>2025-11-07T01:06:24.000Z</time>
        <extensions>
          <ns3:TrackPointExtension>
            <ns3:hr>144</ns3:hr>
            <ns3:cad>91</ns3:cad>
          </ns3:TrackPointExtension>
        </extensions>
      </trkpt>
      <trkpt lat="30.5150505714118480682373046875" lon="114.22473709098994731903076171875">
        <ele>21</ele>
        <time>2025-11-07T01:06:25.000Z</time>
        <extensions>
          <ns3:TrackPointExtension>
            <ns3:hr>144</ns3:hr>
            <ns3:cad>91</ns3:cad>
          </ns3:TrackPointExtension>
        </extensions>
      </trkpt>
      <trkpt lat="30.51503255032002925872802734375" lon="114.22476290725171566009521484375">
        <ele>21</ele>
        <time>2025-11-07T01:06:26.000Z</time>
        <extensions>
          <ns3:TrackPointExtension>
            <ns3:hr>144</ns3:hr>
            <ns3:cad>89</ns3:cad>
          </ns3:TrackPointExtension>
        </extensions>
      </trkpt>
      <trkpt lat="30.51501117646694183349609375" lon="114.22479157336056232452392578125">
        <ele>21</ele>
        <time>2025-11-07T01:06:27.000Z</time>
        <extensions>
          <ns3:TrackPointExtension>
            <ns3:hr>143</ns3:hr>
            <ns3:cad>89</ns3:cad>
          </ns3:TrackPointExtension>
        </extensions>
      </trkpt>
      <trkpt lat="30.51499751396477222442626953125" lon="114.224818311631679534912109375">
        <ele>20.799999237060546875</ele>
        <time>2025-11-07T01:06:28.000Z</time>
        <extensions>
          <ns3:TrackPointExtension>
            <ns3:hr>144</ns3:hr>
            <ns3:cad>90</ns3:cad>
          </ns3:TrackPointExtension>
        </extensions>
      </trkpt>
      <trkpt lat="30.51499751396477222442626953125" lon="114.224818311631679534912109375">
        <ele>20.799999237060546875</ele>
        <time>2025-11-07T01:06:29.000Z</time>
        <extensions>
          <ns3:TrackPointExtension>
            <ns3:hr>144</ns3:hr>
            <ns3:cad>90</ns3:cad>
          </ns3:TrackPointExtension>
        </extensions>
      </trkpt>
      <trkpt lat="30.51496415399014949798583984375" lon="114.22487958334386348724365234375">
        <ele>21</ele>
        <time>2025-11-07T01:06:30.000Z</time>
        <extensions>
          <ns3:TrackPointExtension>
            <ns3:hr>144</ns3:hr>
            <ns3:cad>89</ns3:cad>
          </ns3:TrackPointExtension>
        </extensions>
      </trkpt>
      <trkpt lat="30.51496415399014949798583984375" lon="114.22487958334386348724365234375">
        <ele>21</ele>
        <time>2025-11-07T01:06:31.000Z</time>
        <extensions>
          <ns3:TrackPointExtension>
            <ns3:hr>144</ns3:hr>
            <ns3:cad>89</ns3:cad>
          </ns3:TrackPointExtension>
        </extensions>
      </trkpt>
      <trkpt lat="30.51494437269866466522216796875" lon="114.22490783035755157470703125">
        <ele>21</ele>
        <time>2025-11-07T01:06:32.000Z</time>
        <extensions>
          <ns3:TrackPointExtension>
            <ns3:hr>144</ns3:hr>
            <ns3:cad>90</ns3:cad>
          </ns3:TrackPointExtension>
        </extensions>
      </trkpt>
      <trkpt lat="30.5149124376475811004638671875" lon="114.22496574930846691131591796875">
        <ele>21</ele>
        <time>2025-11-07T01:06:33.000Z</time>
        <extensions>
          <ns3:TrackPointExtension>
            <ns3:hr>144</ns3:hr>
            <ns3:cad>90</ns3:cad>
          </ns3:TrackPointExtension>
        </extensions>
      </trkpt>
      <trkpt lat="30.514899529516696929931640625" lon="114.22499139793217182159423828125">
        <ele>21</ele>
        <time>2025-11-07T01:06:34.000Z</time>
        <extensions>
          <ns3:TrackPointExtension>
            <ns3:hr>145</ns3:hr>
            <ns3:cad>91</ns3:cad>
          </ns3:TrackPointExtension>
        </extensions>
      </trkpt>
      <trkpt lat="30.51488217897713184356689453125" lon="114.22502274625003337860107421875">
        <ele>21</ele>
        <time>2025-11-07T01:06:35.000Z</time>
        <extensions>
          <ns3:TrackPointExtension>
            <ns3:hr>145</ns3:hr>
            <ns3:cad>91</ns3:cad>
          </ns3:TrackPointExtension>
        </extensions>
      </trkpt>
      <trkpt lat="30.514870025217533111572265625" lon="114.22505023889243602752685546875">
        <ele>21</ele>
        <time>2025-11-07T01:06:36.000Z</time>
        <extensions>
          <ns3:TrackPointExtension>
            <ns3:hr>145</ns3:hr>
            <ns3:cad>90</ns3:cad>
          </ns3:TrackPointExtension>
        </extensions>
      </trkpt>
      <trkpt lat="30.51485787145793437957763671875" lon="114.22508443705737590789794921875">
        <ele>21</ele>
        <time>2025-11-07T01:06:37.000Z</time>
        <extensions>
          <ns3:TrackPointExtension>
            <ns3:hr>145</ns3:hr>
            <ns3:cad>90</ns3:cad>
          </ns3:TrackPointExtension>
        </extensions>
      </trkpt>
      <trkpt lat="30.5148467235267162322998046875" lon="114.22511260025203227996826171875">
        <ele>21</ele>
        <time>2025-11-07T01:06:38.000Z</time>
        <extensions>
          <ns3:TrackPointExtension>
            <ns3:hr>145</ns3:hr>
            <ns3:cad>90</ns3:cad>
          </ns3:TrackPointExtension>
        </extensions>
      </trkpt>
      <trkpt lat="30.514831803739070892333984375" lon="114.2251436971127986907958984375">
        <ele>21</ele>
        <time>2025-11-07T01:06:39.000Z</time>
        <extensions>
          <ns3:TrackPointExtension>
            <ns3:hr>145</ns3:hr>
            <ns3:cad>91</ns3:cad>
          </ns3:TrackPointExtension>
        </extensions>
      </trkpt>
      <trkpt lat="30.514831803739070892333984375" lon="114.2251436971127986907958984375">
        <ele>21</ele>
        <time>2025-11-07T01:06:40.000Z</time>
        <extensions>
          <ns3:TrackPointExtension>
            <ns3:hr>145</ns3:hr>
            <ns3:cad>91</ns3:cad>
          </ns3:TrackPointExtension>
        </extensions>
      </trkpt>
      <trkpt lat="30.5148235894739627838134765625" lon="114.225175380706787109375">
        <ele>21</ele>
        <time>2025-11-07T01:06:41.000Z</time>
        <extensions>
          <ns3:TrackPointExtension>
            <ns3:hr>146</ns3:hr>
            <ns3:cad>91</ns3:cad>
          </ns3:TrackPointExtension>
        </extensions>
      </trkpt>
      <trkpt lat="30.514804981648921966552734375" lon="114.225237071514129638671875">
        <ele>21</ele>
        <time>2025-11-07T01:06:42.000Z</time>
        <extensions>
          <ns3:TrackPointExtension>
            <ns3:hr>146</ns3:hr>
            <ns3:cad>90</ns3:cad>
          </ns3:TrackPointExtension>
        </extensions>
      </trkpt>
      <trkpt lat="30.514804981648921966552734375" lon="114.225237071514129638671875">
        <ele>21</ele>
        <time>2025-11-07T01:06:43.000Z</time>
        <extensions>
          <ns3:TrackPointExtension>
            <ns3:hr>145</ns3:hr>
            <ns3:cad>90</ns3:cad>
          </ns3:TrackPointExtension>
        </extensions>
      </trkpt>
      <trkpt lat="30.5147920735180377960205078125" lon="114.22526900656521320343017578125">
        <ele>21</ele>
        <time>2025-11-07T01:06:44.000Z</time>
        <extensions>
          <ns3:TrackPointExtension>
            <ns3:hr>145</ns3:hr>
            <ns3:cad>89</ns3:cad>
          </ns3:TrackPointExtension>
        </extensions>
      </trkpt>
      <trkpt lat="30.5147823505103588104248046875" lon="114.22529716975986957550048828125">
        <ele>21</ele>
        <time>2025-11-07T01:06:45.000Z</time>
        <extensions>
          <ns3:TrackPointExtension>
            <ns3:hr>146</ns3:hr>
            <ns3:cad>89</ns3:cad>
          </ns3:TrackPointExtension>
        </extensions>
      </trkpt>
      <trkpt lat="30.51474756561219692230224609375" lon="114.225350730121135711669921875">
        <ele>21</ele>
        <time>2025-11-07T01:06:46.000Z</time>
        <extensions>
          <ns3:TrackPointExtension>
            <ns3:hr>145</ns3:hr>
            <ns3:cad>89</ns3:cad>
          </ns3:TrackPointExtension>
        </extensions>
      </trkpt>
      <trkpt lat="30.51472577266395092010498046875" lon="114.2253790609538555145263671875">
        <ele>21</ele>
        <time>2025-11-07T01:06:47.000Z</time>
        <extensions>
          <ns3:TrackPointExtension>
            <ns3:hr>145</ns3:hr>
            <ns3:cad>90</ns3:cad>
          </ns3:TrackPointExtension>
        </extensions>
      </trkpt>
      <trkpt lat="30.5147074162960052490234375" lon="114.22540001571178436279296875">
        <ele>21</ele>
        <time>2025-11-07T01:06:48.000Z</time>
        <extensions>
          <ns3:TrackPointExtension>
            <ns3:hr>144</ns3:hr>
            <ns3:cad>91</ns3:cad>
          </ns3:TrackPointExtension>
        </extensions>
      </trkpt>
      <trkpt lat="30.5146837793290615081787109375" lon="114.22542138956487178802490234375">
        <ele>21</ele>
        <time>2025-11-07T01:06:49.000Z</time>
        <extensions>
          <ns3:TrackPointExtension>
            <ns3:hr>144</ns3:hr>
            <ns3:cad>92</ns3:cad>
          </ns3:TrackPointExtension>
        </extensions>
      </trkpt>
      <trkpt lat="30.5146609805524349212646484375" lon="114.22544083558022975921630859375">
        <ele>21.200000762939453125</ele>
        <time>2025-11-07T01:06:50.000Z</time>
        <extensions>
          <ns3:TrackPointExtension>
            <ns3:hr>146</ns3:hr>
            <ns3:cad>91</ns3:cad>
          </ns3:TrackPointExtension>
        </extensions>
      </trkpt>
      <trkpt lat="30.51463373936712741851806640625" lon="114.2254585213959217071533203125">
        <ele>21.200000762939453125</ele>
        <time>2025-11-07T01:06:51.000Z</time>
        <extensions>
          <ns3:TrackPointExtension>
            <ns3:hr>145</ns3:hr>
            <ns3:cad>91</ns3:cad>
          </ns3:TrackPointExtension>
        </extensions>
      </trkpt>
      <trkpt lat="30.51461228169500827789306640625" lon="114.22547503374516963958740234375">
        <ele>21.200000762939453125</ele>
        <time>2025-11-07T01:06:52.000Z</time>
        <extensions>
          <ns3:TrackPointExtension>
            <ns3:hr>144</ns3:hr>
            <ns3:cad>89</ns3:cad>
          </ns3:TrackPointExtension>
        </extensions>
      </trkpt>
      <trkpt lat="30.5145888961851596832275390625" lon="114.22549531795084476470947265625">
        <ele>21.200000762939453125</ele>
        <time>2025-11-07T01:06:53.000Z</time>
        <extensions>
          <ns3:TrackPointExtension>
            <ns3:hr>144</ns3:hr>
            <ns3:cad>89</ns3:cad>
          </ns3:TrackPointExtension>
        </extensions>
      </trkpt>
      <trkpt lat="30.5145888961851596832275390625" lon="114.22549531795084476470947265625">
        <ele>21.200000762939453125</ele>
        <time>2025-11-07T01:06:54.000Z</time>
        <extensions>
          <ns3:TrackPointExtension>
            <ns3:hr>144</ns3:hr>
            <ns3:cad>89</ns3:cad>
          </ns3:TrackPointExtension>
        </extensions>
      </trkpt>
      <trkpt lat="30.51454556174576282501220703125" lon="114.22552951611578464508056640625">
        <ele>21.200000762939453125</ele>
        <time>2025-11-07T01:06:55.000Z</time>
        <extensions>
          <ns3:TrackPointExtension>
            <ns3:hr>144</ns3:hr>
            <ns3:cad>88</ns3:cad>
          </ns3:TrackPointExtension>
        </extensions>
      </trkpt>
      <trkpt lat="30.51452544517815113067626953125" lon="114.2255470342934131622314453125">
        <ele>21.200000762939453125</ele>
        <time>2025-11-07T01:06:56.000Z</time>
        <extensions>
          <ns3:TrackPointExtension>
            <ns3:hr>143</ns3:hr>
            <ns3:cad>87</ns3:cad>
          </ns3:TrackPointExtension>
        </extensions>
      </trkpt>
      <trkpt lat="30.51452544517815113067626953125" lon="114.2255470342934131622314453125">
        <ele>21.200000762939453125</ele>
        <time>2025-11-07T01:06:57.000Z</time>
        <extensions>
          <ns3:TrackPointExtension>
            <ns3:hr>143</ns3:hr>
            <ns3:cad>87</ns3:cad>
          </ns3:TrackPointExtension>
        </extensions>
      </trkpt>
      <trkpt lat="30.5145037360489368438720703125" lon="114.225565977394580841064453125">
        <ele>21.200000762939453125</ele>
        <time>2025-11-07T01:06:58.000Z</time>
        <extensions>
          <ns3:TrackPointExtension>
            <ns3:hr>143</ns3:hr>
            <ns3:cad>88</ns3:cad>
          </ns3:TrackPointExtension>
        </extensions>
      </trkpt>
      <trkpt lat="30.51446442492306232452392578125" lon="114.22560377977788448333740234375">
        <ele>21.200000762939453125</ele>
        <time>2025-11-07T01:06:59.000Z</time>
        <extensions>
          <ns3:TrackPointExtension>
            <ns3:hr>143</ns3:hr>
            <ns3:cad>88</ns3:cad>
          </ns3:TrackPointExtension>
        </extensions>
      </trkpt>
      <trkpt lat="30.51444665528833866119384765625" lon="114.22562263906002044677734375">
        <ele>21.200000762939453125</ele>
        <time>2025-11-07T01:07:00.000Z</time>
        <extensions>
          <ns3:TrackPointExtension>
            <ns3:hr>143</ns3:hr>
            <ns3:cad>88</ns3:cad>
          </ns3:TrackPointExtension>
        </extensions>
      </trkpt>
      <trkpt lat="30.51443022675812244415283203125" lon="114.22564677894115447998046875">
        <ele>21.200000762939453125</ele>
        <time>2025-11-07T01:07:01.000Z</time>
        <extensions>
          <ns3:TrackPointExtension>
            <ns3:hr>143</ns3:hr>
            <ns3:cad>88</ns3:cad>
          </ns3:TrackPointExtension>
        </extensions>
      </trkpt>
      <trkpt lat="30.514411032199859619140625" lon="114.2256697453558444976806640625">
        <ele>21.200000762939453125</ele>
        <time>2025-11-07T01:07:02.000Z</time>
        <extensions>
          <ns3:TrackPointExtension>
            <ns3:hr>143</ns3:hr>
            <ns3:cad>89</ns3:cad>
          </ns3:TrackPointExtension>
        </extensions>
      </trkpt>
      <trkpt lat="30.51439183764159679412841796875" lon="114.22569229267537593841552734375">
        <ele>21.200000762939453125</ele>
        <time>2025-11-07T01:07:03.000Z</time>
        <extensions>
          <ns3:TrackPointExtension>
            <ns3:hr>142</ns3:hr>
            <ns3:cad>89</ns3:cad>
          </ns3:TrackPointExtension>
        </extensions>
      </trkpt>
      <trkpt lat="30.51439183764159679412841796875" lon="114.22569229267537593841552734375">
        <ele>21.200000762939453125</ele>
        <time>2025-11-07T01:07:04.000Z</time>
        <extensions>
          <ns3:TrackPointExtension>
            <ns3:hr>142</ns3:hr>
            <ns3:cad>90</ns3:cad>
          </ns3:TrackPointExtension>
        </extensions>
      </trkpt>
      <trkpt lat="30.51435713656246662139892578125" lon="114.225740991532802581787109375">
        <ele>21.200000762939453125</ele>
        <time>2025-11-07T01:07:05.000Z</time>
        <extensions>
          <ns3:TrackPointExtension>
            <ns3:hr>142</ns3:hr>
            <ns3:cad>90</ns3:cad>
          </ns3:TrackPointExtension>
        </extensions>
      </trkpt>
      <trkpt lat="30.514341294765472412109375" lon="114.2257668077945709228515625">
        <ele>21.200000762939453125</ele>
        <time>2025-11-07T01:07:06.000Z</time>
        <extensions>
          <ns3:TrackPointExtension>
            <ns3:hr>141</ns3:hr>
            <ns3:cad>91</ns3:cad>
          </ns3:TrackPointExtension>
        </extensions>
      </trkpt>
      <trkpt lat="30.51432360894978046417236328125" lon="114.2257937975227832794189453125">
        <ele>21.200000762939453125</ele>
        <time>2025-11-07T01:07:07.000Z</time>
        <extensions>
          <ns3:TrackPointExtension>
            <ns3:hr>140</ns3:hr>
            <ns3:cad>91</ns3:cad>
          </ns3:TrackPointExtension>
        </extensions>
      </trkpt>
      <trkpt lat="30.51432360894978046417236328125" lon="114.2257937975227832794189453125">
        <ele>21.200000762939453125</ele>
        <time>2025-11-07T01:07:08.000Z</time>
        <extensions>
          <ns3:TrackPointExtension>
            <ns3:hr>140</ns3:hr>
            <ns3:cad>91</ns3:cad>
          </ns3:TrackPointExtension>
        </extensions>
      </trkpt>
      <trkpt lat="30.51429879851639270782470703125" lon="114.2258528061211109161376953125">
        <ele>21.200000762939453125</ele>
        <time>2025-11-07T01:07:09.000Z</time>
        <extensions>
          <ns3:TrackPointExtension>
            <ns3:hr>140</ns3:hr>
            <ns3:cad>91</ns3:cad>
          </ns3:TrackPointExtension>
        </extensions>
      </trkpt>
      <trkpt lat="30.51428773440420627593994140625" lon="114.22587820328772068023681640625">
        <ele>21.200000762939453125</ele>
        <time>2025-11-07T01:07:10.000Z</time>
        <extensions>
          <ns3:TrackPointExtension>
            <ns3:hr>140</ns3:hr>
            <ns3:cad>92</ns3:cad>
          </ns3:TrackPointExtension>
        </extensions>
      </trkpt>
      <trkpt lat="30.51427449099719524383544921875" lon="114.2259091325104236602783203125">
        <ele>21.3999996185302734375</ele>
        <time>2025-11-07T01:07:11.000Z</time>
        <extensions>
          <ns3:TrackPointExtension>
            <ns3:hr>140</ns3:hr>
            <ns3:cad>92</ns3:cad>
          </ns3:TrackPointExtension>
        </extensions>
      </trkpt>
      <trkpt lat="30.51426594145596027374267578125" lon="114.22593872062861919403076171875">
        <ele>21.3999996185302734375</ele>
        <time>2025-11-07T01:07:12.000Z</time>
        <extensions>
          <ns3:TrackPointExtension>
            <ns3:hr>140</ns3:hr>
            <ns3:cad>92</ns3:cad>
          </ns3:TrackPointExtension>
        </extensions>
      </trkpt>
      <trkpt lat="30.51425420679152011871337890625" lon="114.2259698174893856048583984375">
        <ele>21.3999996185302734375</ele>
        <time>2025-11-07T01:07:13.000Z</time>
        <extensions>
          <ns3:TrackPointExtension>
            <ns3:hr>140</ns3:hr>
            <ns3:cad>92</ns3:cad>
          </ns3:TrackPointExtension>
        </extensions>
      </trkpt>
      <trkpt lat="30.51425420679152011871337890625" lon="114.2259698174893856048583984375">
        <ele>21.200000762939453125</ele>
        <time>2025-11-07T01:07:14.000Z</time>
        <extensions>
          <ns3:TrackPointExtension>
            <ns3:hr>140</ns3:hr>
            <ns3:cad>91</ns3:cad>
          </ns3:TrackPointExtension>
        </extensions>
      </trkpt>
      <trkpt lat="30.5142482556402683258056640625" lon="114.2260013334453105926513671875">
        <ele>21.200000762939453125</ele>
        <time>2025-11-07T01:07:15.000Z</time>
        <extensions>
          <ns3:TrackPointExtension>
            <ns3:hr>141</ns3:hr>
            <ns3:cad>91</ns3:cad>
          </ns3:TrackPointExtension>
        </extensions>
      </trkpt>
      <trkpt lat="30.51423978991806507110595703125" lon="114.22603259794414043426513671875">
        <ele>21.200000762939453125</ele>
        <time>2025-11-07T01:07:16.000Z</time>
        <extensions>
          <ns3:TrackPointExtension>
            <ns3:hr>142</ns3:hr>
            <ns3:cad>91</ns3:cad>
          </ns3:TrackPointExtension>
        </extensions>
      </trkpt>
      <trkpt lat="30.51423392258584499359130859375" lon="114.22606126405298709869384765625">
        <ele>21.200000762939453125</ele>
        <time>2025-11-07T01:07:17.000Z</time>
        <extensions>
          <ns3:TrackPointExtension>
            <ns3:hr>142</ns3:hr>
            <ns3:cad>91</ns3:cad>
          </ns3:TrackPointExtension>
        </extensions>
      </trkpt>
      <trkpt lat="30.51422202028334140777587890625" lon="114.2261227034032344818115234375">
        <ele>21.200000762939453125</ele>
        <time>2025-11-07T01:07:18.000Z</time>
        <extensions>
          <ns3:TrackPointExtension>
            <ns3:hr>141</ns3:hr>
            <ns3:cad>91</ns3:cad>
          </ns3:TrackPointExtension>
        </extensions>
      </trkpt>
      <trkpt lat="30.51422202028334140777587890625" lon="114.2261227034032344818115234375">
        <ele>21.200000762939453125</ele>
        <time>2025-11-07T01:07:19.000Z</time>
        <extensions>
          <ns3:TrackPointExtension>
            <ns3:hr>141</ns3:hr>
            <ns3:cad>91</ns3:cad>
          </ns3:TrackPointExtension>
        </extensions>
      </trkpt>
      <trkpt lat="30.5142184160649776458740234375" lon="114.226189590990543365478515625">
        <ele>21</ele>
        <time>2025-11-07T01:07:20.000Z</time>
        <extensions>
          <ns3:TrackPointExtension>
            <ns3:hr>141</ns3:hr>
            <ns3:cad>91</ns3:cad>
          </ns3:TrackPointExtension>
        </extensions>
      </trkpt>
      <trkpt lat="30.51421858370304107666015625" lon="114.22622269950807094573974609375">
        <ele>21</ele>
        <time>2025-11-07T01:07:21.000Z</time>
        <extensions>
          <ns3:TrackPointExtension>
            <ns3:hr>142</ns3:hr>
            <ns3:cad>91</ns3:cad>
          </ns3:TrackPointExtension>
        </extensions>
      </trkpt>
      <trkpt lat="30.51422151736915111541748046875" lon="114.2262564785778522491455078125">
        <ele>21.200000762939453125</ele>
        <time>2025-11-07T01:07:22.000Z</time>
        <extensions>
          <ns3:TrackPointExtension>
            <ns3:hr>141</ns3:hr>
            <ns3:cad>90</ns3:cad>
          </ns3:TrackPointExtension>
        </extensions>
      </trkpt>
      <trkpt lat="30.5142221041023731231689453125" lon="114.22629092819988727569580078125">
        <ele>21.200000762939453125</ele>
        <time>2025-11-07T01:07:23.000Z</time>
        <extensions>
          <ns3:TrackPointExtension>
            <ns3:hr>142</ns3:hr>
            <ns3:cad>91</ns3:cad>
          </ns3:TrackPointExtension>
        </extensions>
      </trkpt>
      <trkpt lat="30.51422252319753170013427734375" lon="114.22632546164095401763916015625">
        <ele>21.200000762939453125</ele>
        <time>2025-11-07T01:07:24.000Z</time>
        <extensions>
          <ns3:TrackPointExtension>
            <ns3:hr>142</ns3:hr>
            <ns3:cad>91</ns3:cad>
          </ns3:TrackPointExtension>
        </extensions>
      </trkpt>
      <trkpt lat="30.51422302611172199249267578125" lon="114.22635546885430812835693359375">
        <ele>21.200000762939453125</ele>
        <time>2025-11-07T01:07:25.000Z</time>
        <extensions>
          <ns3:TrackPointExtension>
            <ns3:hr>142</ns3:hr>
            <ns3:cad>91</ns3:cad>
          </ns3:TrackPointExtension>
        </extensions>
      </trkpt>
      <trkpt lat="30.51422185264527797698974609375" lon="114.226388074457645416259765625">
        <ele>21.200000762939453125</ele>
        <time>2025-11-07T01:07:26.000Z</time>
        <extensions>
          <ns3:TrackPointExtension>
            <ns3:hr>144</ns3:hr>
            <ns3:cad>91</ns3:cad>
          </ns3:TrackPointExtension>
        </extensions>
      </trkpt>
      <trkpt lat="30.51422185264527797698974609375" lon="114.226388074457645416259765625">
        <ele>21.200000762939453125</ele>
        <time>2025-11-07T01:07:27.000Z</time>
        <extensions>
          <ns3:TrackPointExtension>
            <ns3:hr>144</ns3:hr>
            <ns3:cad>91</ns3:cad>
          </ns3:TrackPointExtension>
        </extensions>
      </trkpt>
      <trkpt lat="30.514216236770153045654296875" lon="114.22642151825129985809326171875">
        <ele>21.200000762939453125</ele>
        <time>2025-11-07T01:07:28.000Z</time>
        <extensions>
          <ns3:TrackPointExtension>
            <ns3:hr>144</ns3:hr>
            <ns3:cad>91</ns3:cad>
          </ns3:TrackPointExtension>
        </extensions>
      </trkpt>
      <trkpt lat="30.5142083577811717987060546875" lon="114.22645404003560543060302734375">
        <ele>21.200000762939453125</ele>
        <time>2025-11-07T01:07:29.000Z</time>
        <extensions>
          <ns3:TrackPointExtension>
            <ns3:hr>143</ns3:hr>
            <ns3:cad>91</ns3:cad>
          </ns3:TrackPointExtension>
        </extensions>
      </trkpt>
      <trkpt lat="30.514196120202541351318359375" lon="114.22648421488702297210693359375">
        <ele>21.3999996185302734375</ele>
        <time>2025-11-07T01:07:30.000Z</time>
        <extensions>
          <ns3:TrackPointExtension>
            <ns3:hr>143</ns3:hr>
            <ns3:cad>91</ns3:cad>
          </ns3:TrackPointExtension>
        </extensions>
      </trkpt>
      <trkpt lat="30.51417768001556396484375" lon="114.2265106178820133209228515625">
        <ele>21.200000762939453125</ele>
        <time>2025-11-07T01:07:31.000Z</time>
        <extensions>
          <ns3:TrackPointExtension>
            <ns3:hr>142</ns3:hr>
            <ns3:cad>92</ns3:cad>
          </ns3:TrackPointExtension>
        </extensions>
      </trkpt>
      <trkpt lat="30.51416049711406230926513671875" lon="114.22653467394411563873291015625">
        <ele>21.200000762939453125</ele>
        <time>2025-11-07T01:07:32.000Z</time>
        <extensions>
          <ns3:TrackPointExtension>
            <ns3:hr>141</ns3:hr>
            <ns3:cad>92</ns3:cad>
          </ns3:TrackPointExtension>
        </extensions>
      </trkpt>
      <trkpt lat="30.5141221918165683746337890625" lon="114.226587228477001190185546875">
        <ele>21.200000762939453125</ele>
        <time>2025-11-07T01:07:33.000Z</time>
        <extensions>
          <ns3:TrackPointExtension>
            <ns3:hr>142</ns3:hr>
            <ns3:cad>92</ns3:cad>
          </ns3:TrackPointExtension>
        </extensions>
      </trkpt>
      <trkpt lat="30.5141017399728298187255859375" lon="114.2266170680522918701171875">
        <ele>21.200000762939453125</ele>
        <time>2025-11-07T01:07:34.000Z</time>
        <extensions>
          <ns3:TrackPointExtension>
            <ns3:hr>142</ns3:hr>
            <ns3:cad>91</ns3:cad>
          </ns3:TrackPointExtension>
        </extensions>
      </trkpt>
      <trkpt lat="30.5140856467187404632568359375" lon="114.226640872657299041748046875">
        <ele>21.200000762939453125</ele>
        <time>2025-11-07T01:07:35.000Z</time>
        <extensions>
          <ns3:TrackPointExtension>
            <ns3:hr>142</ns3:hr>
            <ns3:cad>92</ns3:cad>
          </ns3:TrackPointExtension>
        </extensions>
      </trkpt>
      <trkpt lat="30.514066033065319061279296875" lon="114.2266665212810039520263671875">
        <ele>21.200000762939453125</ele>
        <time>2025-11-07T01:07:36.000Z</time>
        <extensions>
          <ns3:TrackPointExtension>
            <ns3:hr>142</ns3:hr>
            <ns3:cad>92</ns3:cad>
          </ns3:TrackPointExtension>
        </extensions>
      </trkpt>
      <trkpt lat="30.51404767669737339019775390625" lon="114.2266936786472797393798828125">
        <ele>21.200000762939453125</ele>
        <time>2025-11-07T01:07:37.000Z</time>
        <extensions>
          <ns3:TrackPointExtension>
            <ns3:hr>142</ns3:hr>
            <ns3:cad>92</ns3:cad>
          </ns3:TrackPointExtension>
        </extensions>
      </trkpt>
      <trkpt lat="30.51404767669737339019775390625" lon="114.2266936786472797393798828125">
        <ele>21.200000762939453125</ele>
        <time>2025-11-07T01:07:38.000Z</time>
        <extensions>
          <ns3:TrackPointExtension>
            <ns3:hr>142</ns3:hr>
            <ns3:cad>91</ns3:cad>
          </ns3:TrackPointExtension>
        </extensions>
      </trkpt>
      <trkpt lat="30.5140330083668231964111328125" lon="114.2267211712896823883056640625">
        <ele>21.200000762939453125</ele>
        <time>2025-11-07T01:07:39.000Z</time>
        <extensions>
          <ns3:TrackPointExtension>
            <ns3:hr>142</ns3:hr>
            <ns3:cad>92</ns3:cad>
          </ns3:TrackPointExtension>
        </extensions>
      </trkpt>
      <trkpt lat="30.5140266381204128265380859375" lon="114.22675092704594135284423828125">
        <ele>21.200000762939453125</ele>
        <time>2025-11-07T01:07:40.000Z</time>
        <extensions>
          <ns3:TrackPointExtension>
            <ns3:hr>142</ns3:hr>
            <ns3:cad>91</ns3:cad>
          </ns3:TrackPointExtension>
        </extensions>
      </trkpt>
      <trkpt lat="30.51401800476014614105224609375" lon="114.22678411938250064849853515625">
        <ele>21.200000762939453125</ele>
        <time>2025-11-07T01:07:41.000Z</time>
        <extensions>
          <ns3:TrackPointExtension>
            <ns3:hr>143</ns3:hr>
            <ns3:cad>92</ns3:cad>
          </ns3:TrackPointExtension>
        </extensions>
      </trkpt>
      <trkpt lat="30.5140008218586444854736328125" lon="114.22684815712273120880126953125">
        <ele>21.3999996185302734375</ele>
        <time>2025-11-07T01:07:42.000Z</time>
        <extensions>
          <ns3:TrackPointExtension>
            <ns3:hr>143</ns3:hr>
            <ns3:cad>92</ns3:cad>
          </ns3:TrackPointExtension>
        </extensions>
      </trkpt>
      <trkpt lat="30.51398791372776031494140625" lon="114.226878918707370758056640625">
        <ele>21.200000762939453125</ele>
        <time>2025-11-07T01:07:43.000Z</time>
        <extensions>
          <ns3:TrackPointExtension>
            <ns3:hr>142</ns3:hr>
            <ns3:cad>92</ns3:cad>
          </ns3:TrackPointExtension>
        </extensions>
      </trkpt>
      <trkpt lat="30.51397592760622501373291015625" lon="114.22690817154943943023681640625">
        <ele>21.200000762939453125</ele>
        <time>2025-11-07T01:07:44.000Z</time>
        <extensions>
          <ns3:TrackPointExtension>
            <ns3:hr>142</ns3:hr>
            <ns3:cad>92</ns3:cad>
          </ns3:TrackPointExtension>
        </extensions>
      </trkpt>
      <trkpt lat="30.51396201364696025848388671875" lon="114.22693599946796894073486328125">
        <ele>21.200000762939453125</ele>
        <time>2025-11-07T01:07:45.000Z</time>
        <extensions>
          <ns3:TrackPointExtension>
            <ns3:hr>142</ns3:hr>
            <ns3:cad>92</ns3:cad>
          </ns3:TrackPointExtension>
        </extensions>
      </trkpt>
      <trkpt lat="30.51394960843026638031005859375" lon="114.22696164809167385101318359375">
        <ele>21.200000762939453125</ele>
        <time>2025-11-07T01:07:46.000Z</time>
        <extensions>
          <ns3:TrackPointExtension>
            <ns3:hr>142</ns3:hr>
            <ns3:cad>91</ns3:cad>
          </ns3:TrackPointExtension>
        </extensions>
      </trkpt>
      <trkpt lat="30.51393317990005016326904296875" lon="114.22699115239083766937255859375">
        <ele>21.200000762939453125</ele>
        <time>2025-11-07T01:07:47.000Z</time>
        <extensions>
          <ns3:TrackPointExtension>
            <ns3:hr>141</ns3:hr>
            <ns3:cad>93</ns3:cad>
          </ns3:TrackPointExtension>
        </extensions>
      </trkpt>
      <trkpt lat="30.51393317990005016326904296875" lon="114.22699115239083766937255859375">
        <ele>21.200000762939453125</ele>
        <time>2025-11-07T01:07:48.000Z</time>
        <extensions>
          <ns3:TrackPointExtension>
            <ns3:hr>140</ns3:hr>
            <ns3:cad>95</ns3:cad>
          </ns3:TrackPointExtension>
        </extensions>
      </trkpt>
      <trkpt lat="30.5139188468456268310546875" lon="114.2270178906619548797607421875">
        <ele>21</ele>
        <time>2025-11-07T01:07:49.000Z</time>
        <extensions>
          <ns3:TrackPointExtension>
            <ns3:hr>141</ns3:hr>
            <ns3:cad>95</ns3:cad>
          </ns3:TrackPointExtension>
        </extensions>
      </trkpt>
      <trkpt lat="30.51390300504863262176513671875" lon="114.22704529948532581329345703125">
        <ele>21</ele>
        <time>2025-11-07T01:07:50.000Z</time>
        <extensions>
          <ns3:TrackPointExtension>
            <ns3:hr>141</ns3:hr>
            <ns3:cad>94</ns3:cad>
          </ns3:TrackPointExtension>
        </extensions>
      </trkpt>
      <trkpt lat="30.51389127038419246673583984375" lon="114.2270765639841556549072265625">
        <ele>21</ele>
        <time>2025-11-07T01:07:51.000Z</time>
        <extensions>
          <ns3:TrackPointExtension>
            <ns3:hr>141</ns3:hr>
            <ns3:cad>93</ns3:cad>
          </ns3:TrackPointExtension>
        </extensions>
      </trkpt>
      <trkpt lat="30.51387802697718143463134765625" lon="114.2271040566265583038330078125">
        <ele>21.200000762939453125</ele>
        <time>2025-11-07T01:07:52.000Z</time>
        <extensions>
          <ns3:TrackPointExtension>
            <ns3:hr>144</ns3:hr>
            <ns3:cad>92</ns3:cad>
          </ns3:TrackPointExtension>
        </extensions>
      </trkpt>
      <trkpt lat="30.5138504505157470703125" lon="114.22716080211102962493896484375">
        <ele>21.200000762939453125</ele>
        <time>2025-11-07T01:07:53.000Z</time>
        <extensions>
          <ns3:TrackPointExtension>
            <ns3:hr>144</ns3:hr>
            <ns3:cad>92</ns3:cad>
          </ns3:TrackPointExtension>
        </extensions>
      </trkpt>
      <trkpt lat="30.51383636891841888427734375" lon="114.2271883785724639892578125">
        <ele>21.3999996185302734375</ele>
        <time>2025-11-07T01:07:54.000Z</time>
        <extensions>
          <ns3:TrackPointExtension>
            <ns3:hr>144</ns3:hr>
            <ns3:cad>92</ns3:cad>
          </ns3:TrackPointExtension>
        </extensions>
      </trkpt>
      <trkpt lat="30.51382295787334442138671875" lon="114.2272150330245494842529296875">
        <ele>21.3999996185302734375</ele>
        <time>2025-11-07T01:07:55.000Z</time>
        <extensions>
          <ns3:TrackPointExtension>
            <ns3:hr>144</ns3:hr>
            <ns3:cad>92</ns3:cad>
          </ns3:TrackPointExtension>
        </extensions>
      </trkpt>
      <trkpt lat="30.51380954682826995849609375" lon="114.22724277712404727935791015625">
        <ele>21.3999996185302734375</ele>
        <time>2025-11-07T01:07:56.000Z</time>
        <extensions>
          <ns3:TrackPointExtension>
            <ns3:hr>144</ns3:hr>
            <ns3:cad>92</ns3:cad>
          </ns3:TrackPointExtension>
        </extensions>
      </trkpt>
      <trkpt lat="30.51380954682826995849609375" lon="114.22724277712404727935791015625">
        <ele>21.200000762939453125</ele>
        <time>2025-11-07T01:07:57.000Z</time>
        <extensions>
          <ns3:TrackPointExtension>
            <ns3:hr>144</ns3:hr>
            <ns3:cad>92</ns3:cad>
          </ns3:TrackPointExtension>
        </extensions>
      </trkpt>
      <trkpt lat="30.5137820541858673095703125" lon="114.22730027697980403900146484375">
        <ele>21.3999996185302734375</ele>
        <time>2025-11-07T01:07:58.000Z</time>
        <extensions>
          <ns3:TrackPointExtension>
            <ns3:hr>144</ns3:hr>
            <ns3:cad>93</ns3:cad>
          </ns3:TrackPointExtension>
        </extensions>
      </trkpt>
      <trkpt lat="30.51377333700656890869140625" lon="114.22732592560350894927978515625">
        <ele>21.3999996185302734375</ele>
        <time>2025-11-07T01:07:59.000Z</time>
        <extensions>
          <ns3:TrackPointExtension>
            <ns3:hr>144</ns3:hr>
            <ns3:cad>94</ns3:cad>
          </ns3:TrackPointExtension>
        </extensions>
      </trkpt>
      <trkpt lat="30.5137631110846996307373046875" lon="114.22735777683556079864501953125">
        <ele>21.3999996185302734375</ele>
        <time>2025-11-07T01:08:00.000Z</time>
        <extensions>
          <ns3:TrackPointExtension>
            <ns3:hr>144</ns3:hr>
            <ns3:cad>94</ns3:cad>
          </ns3:TrackPointExtension>
        </extensions>
      </trkpt>
      <trkpt lat="30.5137560702860355377197265625" lon="114.2273890413343906402587890625">
        <ele>21.3999996185302734375</ele>
        <time>2025-11-07T01:08:01.000Z</time>
        <extensions>
          <ns3:TrackPointExtension>
            <ns3:hr>144</ns3:hr>
            <ns3:cad>92</ns3:cad>
          </ns3:TrackPointExtension>
        </extensions>
      </trkpt>
      <trkpt lat="30.5137560702860355377197265625" lon="114.2273890413343906402587890625">
        <ele>21.6000003814697265625</ele>
        <time>2025-11-07T01:08:02.000Z</time>
        <extensions>
          <ns3:TrackPointExtension>
            <ns3:hr>144</ns3:hr>
            <ns3:cad>91</ns3:cad>
          </ns3:TrackPointExtension>
        </extensions>
      </trkpt>
      <trkpt lat="30.51374492235481739044189453125" lon="114.227420389652252197265625">
        <ele>21.3999996185302734375</ele>
        <time>2025-11-07T01:08:03.000Z</time>
        <extensions>
          <ns3:TrackPointExtension>
            <ns3:hr>144</ns3:hr>
            <ns3:cad>89</ns3:cad>
          </ns3:TrackPointExtension>
        </extensions>
      </trkpt>
      <trkpt lat="30.513735450804233551025390625" lon="114.22744746319949626922607421875">
        <ele>21.3999996185302734375</ele>
        <time>2025-11-07T01:08:04.000Z</time>
        <extensions>
          <ns3:TrackPointExtension>
            <ns3:hr>144</ns3:hr>
            <ns3:cad>89</ns3:cad>
          </ns3:TrackPointExtension>
        </extensions>
      </trkpt>
      <trkpt lat="30.513722710311412811279296875" lon="114.22747830860316753387451171875">
        <ele>21.3999996185302734375</ele>
        <time>2025-11-07T01:08:05.000Z</time>
        <extensions>
          <ns3:TrackPointExtension>
            <ns3:hr>144</ns3:hr>
            <ns3:cad>90</ns3:cad>
          </ns3:TrackPointExtension>
        </extensions>
      </trkpt>
      <trkpt lat="30.513711981475353240966796875" lon="114.22750714235007762908935546875">
        <ele>21.200000762939453125</ele>
        <time>2025-11-07T01:08:06.000Z</time>
        <extensions>
          <ns3:TrackPointExtension>
            <ns3:hr>144</ns3:hr>
            <ns3:cad>92</ns3:cad>
          </ns3:TrackPointExtension>
        </extensions>
      </trkpt>
      <trkpt lat="30.5136870034039020538330078125" lon="114.22756631858646869659423828125">
        <ele>21.200000762939453125</ele>
        <time>2025-11-07T01:08:07.000Z</time>
        <extensions>
          <ns3:TrackPointExtension>
            <ns3:hr>143</ns3:hr>
            <ns3:cad>91</ns3:cad>
          </ns3:TrackPointExtension>
        </extensions>
      </trkpt>
      <trkpt lat="30.5136725865304470062255859375" lon="114.22758911736309528350830078125">
        <ele>21.200000762939453125</ele>
        <time>2025-11-07T01:08:08.000Z</time>
        <extensions>
          <ns3:TrackPointExtension>
            <ns3:hr>144</ns3:hr>
            <ns3:cad>91</ns3:cad>
          </ns3:TrackPointExtension>
        </extensions>
      </trkpt>
      <trkpt lat="30.51365976221859455108642578125" lon="114.22761828638613224029541015625">
        <ele>21.200000762939453125</ele>
        <time>2025-11-07T01:08:09.000Z</time>
        <extensions>
          <ns3:TrackPointExtension>
            <ns3:hr>144</ns3:hr>
            <ns3:cad>91</ns3:cad>
          </ns3:TrackPointExtension>
        </extensions>
      </trkpt>
      <trkpt lat="30.5136372148990631103515625" lon="114.2276389896869659423828125">
        <ele>21.200000762939453125</ele>
        <time>2025-11-07T01:08:10.000Z</time>
        <extensions>
          <ns3:TrackPointExtension>
            <ns3:hr>144</ns3:hr>
            <ns3:cad>91</ns3:cad>
          </ns3:TrackPointExtension>
        </extensions>
      </trkpt>
      <trkpt lat="30.5136172659695148468017578125" lon="114.22766304574906826019287109375">
        <ele>21.200000762939453125</ele>
        <time>2025-11-07T01:08:11.000Z</time>
        <extensions>
          <ns3:TrackPointExtension>
            <ns3:hr>143</ns3:hr>
            <ns3:cad>91</ns3:cad>
          </ns3:TrackPointExtension>
        </extensions>
      </trkpt>
      <trkpt lat="30.5136172659695148468017578125" lon="114.22766304574906826019287109375">
        <ele>21.200000762939453125</ele>
        <time>2025-11-07T01:08:12.000Z</time>
        <extensions>
          <ns3:TrackPointExtension>
            <ns3:hr>144</ns3:hr>
            <ns3:cad>91</ns3:cad>
          </ns3:TrackPointExtension>
        </extensions>
      </trkpt>
      <trkpt lat="30.51359673030674457550048828125" lon="114.22768098302185535430908203125">
        <ele>21.200000762939453125</ele>
        <time>2025-11-07T01:08:13.000Z</time>
        <extensions>
          <ns3:TrackPointExtension>
            <ns3:hr>144</ns3:hr>
            <ns3:cad>90</ns3:cad>
          </ns3:TrackPointExtension>
        </extensions>
      </trkpt>
      <trkpt lat="30.51357711665332317352294921875" lon="114.22770260833203792572021484375">
        <ele>21.200000762939453125</ele>
        <time>2025-11-07T01:08:14.000Z</time>
        <extensions>
          <ns3:TrackPointExtension>
            <ns3:hr>143</ns3:hr>
            <ns3:cad>90</ns3:cad>
          </ns3:TrackPointExtension>
        </extensions>
      </trkpt>
      <trkpt lat="30.51355683244764804840087890625" lon="114.22772440128028392791748046875">
        <ele>21.200000762939453125</ele>
        <time>2025-11-07T01:08:15.000Z</time>
        <extensions>
          <ns3:TrackPointExtension>
            <ns3:hr>143</ns3:hr>
            <ns3:cad>91</ns3:cad>
          </ns3:TrackPointExtension>
        </extensions>
      </trkpt>
      <trkpt lat="30.51353990100324153900146484375" lon="114.22774284146726131439208984375">
        <ele>21.200000762939453125</ele>
        <time>2025-11-07T01:08:16.000Z</time>
        <extensions>
          <ns3:TrackPointExtension>
            <ns3:hr>143</ns3:hr>
            <ns3:cad>91</ns3:cad>
          </ns3:TrackPointExtension>
        </extensions>
      </trkpt>
      <trkpt lat="30.51351911388337612152099609375" lon="114.22775901854038238525390625">
        <ele>21.200000762939453125</ele>
        <time>2025-11-07T01:08:17.000Z</time>
        <extensions>
          <ns3:TrackPointExtension>
            <ns3:hr>143</ns3:hr>
            <ns3:cad>91</ns3:cad>
          </ns3:TrackPointExtension>
        </extensions>
      </trkpt>
      <trkpt lat="30.51346161402761936187744140625" lon="114.22779598273336887359619140625">
        <ele>21.200000762939453125</ele>
        <time>2025-11-07T01:08:18.000Z</time>
        <extensions>
          <ns3:TrackPointExtension>
            <ns3:hr>143</ns3:hr>
            <ns3:cad>91</ns3:cad>
          </ns3:TrackPointExtension>
        </extensions>
      </trkpt>
      <trkpt lat="30.51346161402761936187744140625" lon="114.22779598273336887359619140625">
        <ele>21.200000762939453125</ele>
        <time>2025-11-07T01:08:19.000Z</time>
        <extensions>
          <ns3:TrackPointExtension>
            <ns3:hr>143</ns3:hr>
            <ns3:cad>91</ns3:cad>
          </ns3:TrackPointExtension>
        </extensions>
      </trkpt>
      <trkpt lat="30.513433702290058135986328125" lon="114.22782003879547119140625">
        <ele>21.200000762939453125</ele>
        <time>2025-11-07T01:08:20.000Z</time>
        <extensions>
          <ns3:TrackPointExtension>
            <ns3:hr>143</ns3:hr>
            <ns3:cad>91</ns3:cad>
          </ns3:TrackPointExtension>
        </extensions>
      </trkpt>
      <trkpt lat="30.51340981386601924896240234375" lon="114.22783839516341686248779296875">
        <ele>21.200000762939453125</ele>
        <time>2025-11-07T01:08:21.000Z</time>
        <extensions>
          <ns3:TrackPointExtension>
            <ns3:hr>142</ns3:hr>
            <ns3:cad>91</ns3:cad>
          </ns3:TrackPointExtension>
        </extensions>
      </trkpt>
      <trkpt lat="30.5133852548897266387939453125" lon="114.22785851173102855682373046875">
        <ele>21.200000762939453125</ele>
        <time>2025-11-07T01:08:22.000Z</time>
        <extensions>
          <ns3:TrackPointExtension>
            <ns3:hr>142</ns3:hr>
            <ns3:cad>92</ns3:cad>
          </ns3:TrackPointExtension>
        </extensions>
      </trkpt>
      <trkpt lat="30.5133668147027492523193359375" lon="114.22788298688828945159912109375">
        <ele>21.3999996185302734375</ele>
        <time>2025-11-07T01:08:23.000Z</time>
        <extensions>
          <ns3:TrackPointExtension>
            <ns3:hr>142</ns3:hr>
            <ns3:cad>92</ns3:cad>
          </ns3:TrackPointExtension>
        </extensions>
      </trkpt>
      <trkpt lat="30.51333420909941196441650390625" lon="114.22790394164621829986572265625">
        <ele>21.3999996185302734375</ele>
        <time>2025-11-07T01:08:24.000Z</time>
        <extensions>
          <ns3:TrackPointExtension>
            <ns3:hr>141</ns3:hr>
            <ns3:cad>93</ns3:cad>
          </ns3:TrackPointExtension>
        </extensions>
      </trkpt>
      <trkpt lat="30.51331199705600738525390625" lon="114.22792531549930572509765625">
        <ele>21.3999996185302734375</ele>
        <time>2025-11-07T01:08:25.000Z</time>
        <extensions>
          <ns3:TrackPointExtension>
            <ns3:hr>142</ns3:hr>
            <ns3:cad>93</ns3:cad>
          </ns3:TrackPointExtension>
        </extensions>
      </trkpt>
      <trkpt lat="30.5132665671408176422119140625" lon="114.2279808036983013153076171875">
        <ele>21.3999996185302734375</ele>
        <time>2025-11-07T01:08:26.000Z</time>
        <extensions>
          <ns3:TrackPointExtension>
            <ns3:hr>142</ns3:hr>
            <ns3:cad>92</ns3:cad>
          </ns3:TrackPointExtension>
        </extensions>
      </trkpt>
      <trkpt lat="30.51324485801160335540771484375" lon="114.228000752627849578857421875">
        <ele>21.3999996185302734375</ele>
        <time>2025-11-07T01:08:27.000Z</time>
        <extensions>
          <ns3:TrackPointExtension>
            <ns3:hr>142</ns3:hr>
            <ns3:cad>92</ns3:cad>
          </ns3:TrackPointExtension>
        </extensions>
      </trkpt>
      <trkpt lat="30.51324485801160335540771484375" lon="114.228000752627849578857421875">
        <ele>21.3999996185302734375</ele>
        <time>2025-11-07T01:08:28.000Z</time>
        <extensions>
          <ns3:TrackPointExtension>
            <ns3:hr>142</ns3:hr>
            <ns3:cad>92</ns3:cad>
          </ns3:TrackPointExtension>
        </extensions>
      </trkpt>
      <trkpt lat="30.51320211030542850494384765625" lon="114.22804710455238819122314453125">
        <ele>21.3999996185302734375</ele>
        <time>2025-11-07T01:08:29.000Z</time>
        <extensions>
          <ns3:TrackPointExtension>
            <ns3:hr>144</ns3:hr>
            <ns3:cad>92</ns3:cad>
          </ns3:TrackPointExtension>
        </extensions>
      </trkpt>
      <trkpt lat="30.51318065263330936431884765625" lon="114.2280706577003002166748046875">
        <ele>21.3999996185302734375</ele>
        <time>2025-11-07T01:08:30.000Z</time>
        <extensions>
          <ns3:TrackPointExtension>
            <ns3:hr>143</ns3:hr>
            <ns3:cad>92</ns3:cad>
          </ns3:TrackPointExtension>
        </extensions>
      </trkpt>
      <trkpt lat="30.51315911114215850830078125" lon="114.228095300495624542236328125">
        <ele>21.3999996185302734375</ele>
        <time>2025-11-07T01:08:31.000Z</time>
        <extensions>
          <ns3:TrackPointExtension>
            <ns3:hr>144</ns3:hr>
            <ns3:cad>92</ns3:cad>
          </ns3:TrackPointExtension>
        </extensions>
      </trkpt>
      <trkpt lat="30.51313857547938823699951171875" lon="114.2281202785670757293701171875">
        <ele>21.3999996185302734375</ele>
        <time>2025-11-07T01:08:32.000Z</time>
        <extensions>
          <ns3:TrackPointExtension>
            <ns3:hr>143</ns3:hr>
            <ns3:cad>93</ns3:cad>
          </ns3:TrackPointExtension>
        </extensions>
      </trkpt>
      <trkpt lat="30.5131220631301403045654296875" lon="114.22814584337174892425537109375">
        <ele>21.3999996185302734375</ele>
        <time>2025-11-07T01:08:33.000Z</time>
        <extensions>
          <ns3:TrackPointExtension>
            <ns3:hr>144</ns3:hr>
            <ns3:cad>92</ns3:cad>
          </ns3:TrackPointExtension>
        </extensions>
      </trkpt>
      <trkpt lat="30.51310236565768718719482421875" lon="114.22817316837608814239501953125">
        <ele>21.3999996185302734375</ele>
        <time>2025-11-07T01:08:34.000Z</time>
        <extensions>
          <ns3:TrackPointExtension>
            <ns3:hr>143</ns3:hr>
            <ns3:cad>92</ns3:cad>
          </ns3:TrackPointExtension>
        </extensions>
      </trkpt>
      <trkpt lat="30.5130855180323123931884765625" lon="114.228193871676921844482421875">
        <ele>21.3999996185302734375</ele>
        <time>2025-11-07T01:08:35.000Z</time>
        <extensions>
          <ns3:TrackPointExtension>
            <ns3:hr>144</ns3:hr>
            <ns3:cad>92</ns3:cad>
          </ns3:TrackPointExtension>
        </extensions>
      </trkpt>
      <trkpt lat="30.5130670778453350067138671875" lon="114.228220023214817047119140625">
        <ele>21.3999996185302734375</ele>
        <time>2025-11-07T01:08:36.000Z</time>
        <extensions>
          <ns3:TrackPointExtension>
            <ns3:hr>144</ns3:hr>
            <ns3:cad>92</ns3:cad>
          </ns3:TrackPointExtension>
        </extensions>
      </trkpt>
      <trkpt lat="30.51305056549608707427978515625" lon="114.2282436601817607879638671875">
        <ele>21.3999996185302734375</ele>
        <time>2025-11-07T01:08:37.000Z</time>
        <extensions>
          <ns3:TrackPointExtension>
            <ns3:hr>144</ns3:hr>
            <ns3:cad>92</ns3:cad>
          </ns3:TrackPointExtension>
        </extensions>
      </trkpt>
      <trkpt lat="30.51305056549608707427978515625" lon="114.2282436601817607879638671875">
        <ele>21.3999996185302734375</ele>
        <time>2025-11-07T01:08:38.000Z</time>
        <extensions>
          <ns3:TrackPointExtension>
            <ns3:hr>144</ns3:hr>
            <ns3:cad>92</ns3:cad>
          </ns3:TrackPointExtension>
        </extensions>
      </trkpt>
      <trkpt lat="30.5130154453217983245849609375" lon="114.22829411923885345458984375">
        <ele>21.3999996185302734375</ele>
        <time>2025-11-07T01:08:39.000Z</time>
        <extensions>
          <ns3:TrackPointExtension>
            <ns3:hr>144</ns3:hr>
            <ns3:cad>92</ns3:cad>
          </ns3:TrackPointExtension>
        </extensions>
      </trkpt>
      <trkpt lat="30.5130154453217983245849609375" lon="114.22829411923885345458984375">
        <ele>21.3999996185302734375</ele>
        <time>2025-11-07T01:08:40.000Z</time>
        <extensions>
          <ns3:TrackPointExtension>
            <ns3:hr>143</ns3:hr>
            <ns3:cad>92</ns3:cad>
          </ns3:TrackPointExtension>
        </extensions>
      </trkpt>
      <trkpt lat="30.5130010284483432769775390625" lon="114.22831750474870204925537109375">
        <ele>21.3999996185302734375</ele>
        <time>2025-11-07T01:08:41.000Z</time>
        <extensions>
          <ns3:TrackPointExtension>
            <ns3:hr>143</ns3:hr>
            <ns3:cad>91</ns3:cad>
          </ns3:TrackPointExtension>
        </extensions>
      </trkpt>
      <trkpt lat="30.5129691772162914276123046875" lon="114.22837316058576107025146484375">
        <ele>21.3999996185302734375</ele>
        <time>2025-11-07T01:08:42.000Z</time>
        <extensions>
          <ns3:TrackPointExtension>
            <ns3:hr>143</ns3:hr>
            <ns3:cad>91</ns3:cad>
          </ns3:TrackPointExtension>
        </extensions>
      </trkpt>
      <trkpt lat="30.51295618526637554168701171875" lon="114.22840274870395660400390625">
        <ele>21.3999996185302734375</ele>
        <time>2025-11-07T01:08:43.000Z</time>
        <extensions>
          <ns3:TrackPointExtension>
            <ns3:hr>143</ns3:hr>
            <ns3:cad>91</ns3:cad>
          </ns3:TrackPointExtension>
        </extensions>
      </trkpt>
      <trkpt lat="30.51293942146003246307373046875" lon="114.22842998988926410675048828125">
        <ele>21.3999996185302734375</ele>
        <time>2025-11-07T01:08:44.000Z</time>
        <extensions>
          <ns3:TrackPointExtension>
            <ns3:hr>142</ns3:hr>
            <ns3:cad>91</ns3:cad>
          </ns3:TrackPointExtension>
        </extensions>
      </trkpt>
      <trkpt lat="30.51292668096721172332763671875" lon="114.22845982946455478668212890625">
        <ele>21.3999996185302734375</ele>
        <time>2025-11-07T01:08:45.000Z</time>
        <extensions>
          <ns3:TrackPointExtension>
            <ns3:hr>142</ns3:hr>
            <ns3:cad>91</ns3:cad>
          </ns3:TrackPointExtension>
        </extensions>
      </trkpt>
      <trkpt lat="30.512914359569549560546875" lon="114.22849101014435291290283203125">
        <ele>21.3999996185302734375</ele>
        <time>2025-11-07T01:08:46.000Z</time>
        <extensions>
          <ns3:TrackPointExtension>
            <ns3:hr>142</ns3:hr>
            <ns3:cad>91</ns3:cad>
          </ns3:TrackPointExtension>
        </extensions>
      </trkpt>
      <trkpt lat="30.51290220580995082855224609375" lon="114.22852235846221446990966796875">
        <ele>21.3999996185302734375</ele>
        <time>2025-11-07T01:08:47.000Z</time>
        <extensions>
          <ns3:TrackPointExtension>
            <ns3:hr>142</ns3:hr>
            <ns3:cad>91</ns3:cad>
          </ns3:TrackPointExtension>
        </extensions>
      </trkpt>
      <trkpt lat="30.51289164461195468902587890625" lon="114.22855253331363201141357421875">
        <ele>21.6000003814697265625</ele>
        <time>2025-11-07T01:08:48.000Z</time>
        <extensions>
          <ns3:TrackPointExtension>
            <ns3:hr>142</ns3:hr>
            <ns3:cad>91</ns3:cad>
          </ns3:TrackPointExtension>
        </extensions>
      </trkpt>
      <trkpt lat="30.51288259215652942657470703125" lon="114.22858304344117641448974609375">
        <ele>21.6000003814697265625</ele>
        <time>2025-11-07T01:08:49.000Z</time>
        <extensions>
          <ns3:TrackPointExtension>
            <ns3:hr>146</ns3:hr>
            <ns3:cad>91</ns3:cad>
          </ns3:TrackPointExtension>
        </extensions>
      </trkpt>
      <trkpt lat="30.51287421025335788726806640625" lon="114.2286161519587039947509765625">
        <ele>21.6000003814697265625</ele>
        <time>2025-11-07T01:08:50.000Z</time>
        <extensions>
          <ns3:TrackPointExtension>
            <ns3:hr>146</ns3:hr>
            <ns3:cad>91</ns3:cad>
          </ns3:TrackPointExtension>
        </extensions>
      </trkpt>
      <trkpt lat="30.51286633126437664031982421875" lon="114.22864942811429500579833984375">
        <ele>21.6000003814697265625</ele>
        <time>2025-11-07T01:08:51.000Z</time>
        <extensions>
          <ns3:TrackPointExtension>
            <ns3:hr>143</ns3:hr>
            <ns3:cad>91</ns3:cad>
          </ns3:TrackPointExtension>
        </extensions>
      </trkpt>
      <trkpt lat="30.51286633126437664031982421875" lon="114.22864942811429500579833984375">
        <ele>21.6000003814697265625</ele>
        <time>2025-11-07T01:08:52.000Z</time>
        <extensions>
          <ns3:TrackPointExtension>
            <ns3:hr>142</ns3:hr>
            <ns3:cad>92</ns3:cad>
          </ns3:TrackPointExtension>
        </extensions>
      </trkpt>
      <trkpt lat="30.5128566920757293701171875" lon="114.228683374822139739990234375">
        <ele>21.6000003814697265625</ele>
        <time>2025-11-07T01:08:53.000Z</time>
        <extensions>
          <ns3:TrackPointExtension>
            <ns3:hr>142</ns3:hr>
            <ns3:cad>92</ns3:cad>
          </ns3:TrackPointExtension>
        </extensions>
      </trkpt>
      <trkpt lat="30.51284202374517917633056640625" lon="114.228737689554691314697265625">
        <ele>21.6000003814697265625</ele>
        <time>2025-11-07T01:08:54.000Z</time>
        <extensions>
          <ns3:TrackPointExtension>
            <ns3:hr>142</ns3:hr>
            <ns3:cad>93</ns3:cad>
          </ns3:TrackPointExtension>
        </extensions>
      </trkpt>
      <trkpt lat="30.51283456385135650634765625" lon="114.22877063043415546417236328125">
        <ele>21.6000003814697265625</ele>
        <time>2025-11-07T01:08:55.000Z</time>
        <extensions>
          <ns3:TrackPointExtension>
            <ns3:hr>142</ns3:hr>
            <ns3:cad>93</ns3:cad>
          </ns3:TrackPointExtension>
        </extensions>
      </trkpt>
      <trkpt lat="30.512828193604946136474609375" lon="114.22880105674266815185546875">
        <ele>21.6000003814697265625</ele>
        <time>2025-11-07T01:08:56.000Z</time>
        <extensions>
          <ns3:TrackPointExtension>
            <ns3:hr>143</ns3:hr>
            <ns3:cad>92</ns3:cad>
          </ns3:TrackPointExtension>
        </extensions>
      </trkpt>
      <trkpt lat="30.512828193604946136474609375" lon="114.22880105674266815185546875">
        <ele>21.6000003814697265625</ele>
        <time>2025-11-07T01:08:57.000Z</time>
        <extensions>
          <ns3:TrackPointExtension>
            <ns3:hr>143</ns3:hr>
            <ns3:cad>92</ns3:cad>
          </ns3:TrackPointExtension>
        </extensions>
      </trkpt>
      <trkpt lat="30.51282006315886974334716796875" lon="114.22883324325084686279296875">
        <ele>21.6000003814697265625</ele>
        <time>2025-11-07T01:08:58.000Z</time>
        <extensions>
          <ns3:TrackPointExtension>
            <ns3:hr>143</ns3:hr>
            <ns3:cad>92</ns3:cad>
          </ns3:TrackPointExtension>
        </extensions>
      </trkpt>
      <trkpt lat="30.51281235180795192718505859375" lon="114.2289018072187900543212890625">
        <ele>21.6000003814697265625</ele>
        <time>2025-11-07T01:08:59.000Z</time>
        <extensions>
          <ns3:TrackPointExtension>
            <ns3:hr>143</ns3:hr>
            <ns3:cad>91</ns3:cad>
          </ns3:TrackPointExtension>
        </extensions>
      </trkpt>
      <trkpt lat="30.5128089152276515960693359375" lon="114.22893223352730274200439453125">
        <ele>21.6000003814697265625</ele>
        <time>2025-11-07T01:09:00.000Z</time>
        <extensions>
          <ns3:TrackPointExtension>
            <ns3:hr>144</ns3:hr>
            <ns3:cad>91</ns3:cad>
          </ns3:TrackPointExtension>
        </extensions>
      </trkpt>
      <trkpt lat="30.5128008686006069183349609375" lon="114.2289634980261325836181640625">
        <ele>21.6000003814697265625</ele>
        <time>2025-11-07T01:09:01.000Z</time>
        <extensions>
          <ns3:TrackPointExtension>
            <ns3:hr>143</ns3:hr>
            <ns3:cad>91</ns3:cad>
          </ns3:TrackPointExtension>
        </extensions>
      </trkpt>
      <trkpt lat="30.51279458217322826385498046875" lon="114.22899325378239154815673828125">
        <ele>21.6000003814697265625</ele>
        <time>2025-11-07T01:09:02.000Z</time>
        <extensions>
          <ns3:TrackPointExtension>
            <ns3:hr>144</ns3:hr>
            <ns3:cad>90</ns3:cad>
          </ns3:TrackPointExtension>
        </extensions>
      </trkpt>
      <trkpt lat="30.51279458217322826385498046875" lon="114.22899325378239154815673828125">
        <ele>21.6000003814697265625</ele>
        <time>2025-11-07T01:09:03.000Z</time>
        <extensions>
          <ns3:TrackPointExtension>
            <ns3:hr>144</ns3:hr>
            <ns3:cad>90</ns3:cad>
          </ns3:TrackPointExtension>
        </extensions>
      </trkpt>
      <trkpt lat="30.51277815364301204681396484375" lon="114.22905662097036838531494140625">
        <ele>21.6000003814697265625</ele>
        <time>2025-11-07T01:09:04.000Z</time>
        <extensions>
          <ns3:TrackPointExtension>
            <ns3:hr>144</ns3:hr>
            <ns3:cad>90</ns3:cad>
          </ns3:TrackPointExtension>
        </extensions>
      </trkpt>
      <trkpt lat="30.5127727054059505462646484375" lon="114.2290875501930713653564453125">
        <ele>21.6000003814697265625</ele>
        <time>2025-11-07T01:09:05.000Z</time>
        <extensions>
          <ns3:TrackPointExtension>
            <ns3:hr>144</ns3:hr>
            <ns3:cad>89</ns3:cad>
          </ns3:TrackPointExtension>
        </extensions>
      </trkpt>
      <trkpt lat="30.512767173349857330322265625" lon="114.22911755740642547607421875">
        <ele>21.6000003814697265625</ele>
        <time>2025-11-07T01:09:06.000Z</time>
        <extensions>
          <ns3:TrackPointExtension>
            <ns3:hr>144</ns3:hr>
            <ns3:cad>89</ns3:cad>
          </ns3:TrackPointExtension>
        </extensions>
      </trkpt>
      <trkpt lat="30.51276206038892269134521484375" lon="114.22915033064782619476318359375">
        <ele>21.6000003814697265625</ele>
        <time>2025-11-07T01:09:07.000Z</time>
        <extensions>
          <ns3:TrackPointExtension>
            <ns3:hr>144</ns3:hr>
            <ns3:cad>89</ns3:cad>
          </ns3:TrackPointExtension>
        </extensions>
      </trkpt>
      <trkpt lat="30.51276206038892269134521484375" lon="114.22915033064782619476318359375">
        <ele>21.6000003814697265625</ele>
        <time>2025-11-07T01:09:08.000Z</time>
        <extensions>
          <ns3:TrackPointExtension>
            <ns3:hr>143</ns3:hr>
            <ns3:cad>89</ns3:cad>
          </ns3:TrackPointExtension>
        </extensions>
      </trkpt>
      <trkpt lat="30.51275677978992462158203125" lon="114.22921369783580303192138671875">
        <ele>21.6000003814697265625</ele>
        <time>2025-11-07T01:09:09.000Z</time>
        <extensions>
          <ns3:TrackPointExtension>
            <ns3:hr>144</ns3:hr>
            <ns3:cad>90</ns3:cad>
          </ns3:TrackPointExtension>
        </extensions>
      </trkpt>
      <trkpt lat="30.5127535946667194366455078125" lon="114.22924471087753772735595703125">
        <ele>21.6000003814697265625</ele>
        <time>2025-11-07T01:09:10.000Z</time>
        <extensions>
          <ns3:TrackPointExtension>
            <ns3:hr>144</ns3:hr>
            <ns3:cad>90</ns3:cad>
          </ns3:TrackPointExtension>
        </extensions>
      </trkpt>
      <trkpt lat="30.51275049336254596710205078125" lon="114.229274131357669830322265625">
        <ele>21.799999237060546875</ele>
        <time>2025-11-07T01:09:11.000Z</time>
        <extensions>
          <ns3:TrackPointExtension>
            <ns3:hr>144</ns3:hr>
            <ns3:cad>60</ns3:cad>
          </ns3:TrackPointExtension>
        </extensions>
      </trkpt>
      <trkpt lat="30.5127472244203090667724609375" lon="114.22930723987519741058349609375">
        <ele>21.799999237060546875</ele>
        <time>2025-11-07T01:09:12.000Z</time>
        <extensions>
          <ns3:TrackPointExtension>
            <ns3:hr>144</ns3:hr>
            <ns3:cad>56</ns3:cad>
          </ns3:TrackPointExtension>
        </extensions>
      </trkpt>
      <trkpt lat="30.5127425305545330047607421875" lon="114.2293396778404712677001953125">
        <ele>21.799999237060546875</ele>
        <time>2025-11-07T01:09:13.000Z</time>
        <extensions>
          <ns3:TrackPointExtension>
            <ns3:hr>144</ns3:hr>
            <ns3:cad>71</ns3:cad>
          </ns3:TrackPointExtension>
        </extensions>
      </trkpt>
      <trkpt lat="30.5127425305545330047607421875" lon="114.2293396778404712677001953125">
        <ele>21.799999237060546875</ele>
        <time>2025-11-07T01:09:14.000Z</time>
        <extensions>
          <ns3:TrackPointExtension>
            <ns3:hr>144</ns3:hr>
            <ns3:cad>70</ns3:cad>
          </ns3:TrackPointExtension>
        </extensions>
      </trkpt>
      <trkpt lat="30.5127368308603763580322265625" lon="114.229375384747982025146484375">
        <ele>21.799999237060546875</ele>
        <time>2025-11-07T01:09:15.000Z</time>
        <extensions>
          <ns3:TrackPointExtension>
            <ns3:hr>145</ns3:hr>
            <ns3:cad>72</ns3:cad>
          </ns3:TrackPointExtension>
        </extensions>
      </trkpt>
      <trkpt lat="30.5127301253378391265869140625" lon="114.2294038832187652587890625">
        <ele>21.799999237060546875</ele>
        <time>2025-11-07T01:09:16.000Z</time>
        <extensions>
          <ns3:TrackPointExtension>
            <ns3:hr>144</ns3:hr>
            <ns3:cad>72</ns3:cad>
          </ns3:TrackPointExtension>
        </extensions>
      </trkpt>
      <trkpt lat="30.51271855831146240234375" lon="114.2294335551559925079345703125">
        <ele>21.799999237060546875</ele>
        <time>2025-11-07T01:09:17.000Z</time>
        <extensions>
          <ns3:TrackPointExtension>
            <ns3:hr>144</ns3:hr>
            <ns3:cad>73</ns3:cad>
          </ns3:TrackPointExtension>
        </extensions>
      </trkpt>
      <trkpt lat="30.51269718445837497711181640625" lon="114.22949549742043018341064453125">
        <ele>21.799999237060546875</ele>
        <time>2025-11-07T01:09:18.000Z</time>
        <extensions>
          <ns3:TrackPointExtension>
            <ns3:hr>144</ns3:hr>
            <ns3:cad>93</ns3:cad>
          </ns3:TrackPointExtension>
        </extensions>
      </trkpt>
      <trkpt lat="30.51269718445837497711181640625" lon="114.22949549742043018341064453125">
        <ele>21.799999237060546875</ele>
        <time>2025-11-07T01:09:19.000Z</time>
        <extensions>
          <ns3:TrackPointExtension>
            <ns3:hr>144</ns3:hr>
            <ns3:cad>93</ns3:cad>
          </ns3:TrackPointExtension>
        </extensions>
      </trkpt>
      <trkpt lat="30.51267589442431926727294921875" lon="114.22955852933228015899658203125">
        <ele>21.799999237060546875</ele>
        <time>2025-11-07T01:09:20.000Z</time>
        <extensions>
          <ns3:TrackPointExtension>
            <ns3:hr>144</ns3:hr>
            <ns3:cad>93</ns3:cad>
          </ns3:TrackPointExtension>
        </extensions>
      </trkpt>
      <trkpt lat="30.51265829242765903472900390625" lon="114.22958702780306339263916015625">
        <ele>21.799999237060546875</ele>
        <time>2025-11-07T01:09:21.000Z</time>
        <extensions>
          <ns3:TrackPointExtension>
            <ns3:hr>144</ns3:hr>
            <ns3:cad>94</ns3:cad>
          </ns3:TrackPointExtension>
        </extensions>
      </trkpt>
      <trkpt lat="30.5126416124403476715087890625" lon="114.22961284406483173370361328125">
        <ele>21.6000003814697265625</ele>
        <time>2025-11-07T01:09:22.000Z</time>
        <extensions>
          <ns3:TrackPointExtension>
            <ns3:hr>143</ns3:hr>
            <ns3:cad>93</ns3:cad>
          </ns3:TrackPointExtension>
        </extensions>
      </trkpt>
      <trkpt lat="30.5126211605966091156005859375" lon="114.229640252888202667236328125">
        <ele>21.6000003814697265625</ele>
        <time>2025-11-07T01:09:23.000Z</time>
        <extensions>
          <ns3:TrackPointExtension>
            <ns3:hr>144</ns3:hr>
            <ns3:cad>93</ns3:cad>
          </ns3:TrackPointExtension>
        </extensions>
      </trkpt>
      <trkpt lat="30.5126040615141391754150390625" lon="114.2296612076461315155029296875">
        <ele>21.6000003814697265625</ele>
        <time>2025-11-07T01:09:24.000Z</time>
        <extensions>
          <ns3:TrackPointExtension>
            <ns3:hr>144</ns3:hr>
            <ns3:cad>92</ns3:cad>
          </ns3:TrackPointExtension>
        </extensions>
      </trkpt>
      <trkpt lat="30.51258469931781291961669921875" lon="114.229686520993709564208984375">
        <ele>21.6000003814697265625</ele>
        <time>2025-11-07T01:09:25.000Z</time>
        <extensions>
          <ns3:TrackPointExtension>
            <ns3:hr>144</ns3:hr>
            <ns3:cad>92</ns3:cad>
          </ns3:TrackPointExtension>
        </extensions>
      </trkpt>
      <trkpt lat="30.51256843842566013336181640625" lon="114.22970940358936786651611328125">
        <ele>21.6000003814697265625</ele>
        <time>2025-11-07T01:09:26.000Z</time>
        <extensions>
          <ns3:TrackPointExtension>
            <ns3:hr>143</ns3:hr>
            <ns3:cad>91</ns3:cad>
          </ns3:TrackPointExtension>
        </extensions>
      </trkpt>
      <trkpt lat="30.51255167461931705474853515625" lon="114.229738153517246246337890625">
        <ele>21.799999237060546875</ele>
        <time>2025-11-07T01:09:27.000Z</time>
        <extensions>
          <ns3:TrackPointExtension>
            <ns3:hr>143</ns3:hr>
            <ns3:cad>91</ns3:cad>
          </ns3:TrackPointExtension>
        </extensions>
      </trkpt>
      <trkpt lat="30.51255167461931705474853515625" lon="114.229738153517246246337890625">
        <ele>21.799999237060546875</ele>
        <time>2025-11-07T01:09:28.000Z</time>
        <extensions>
          <ns3:TrackPointExtension>
            <ns3:hr>142</ns3:hr>
            <ns3:cad>91</ns3:cad>
          </ns3:TrackPointExtension>
        </extensions>
      </trkpt>
      <trkpt lat="30.51253415644168853759765625" lon="114.22976137138903141021728515625">
        <ele>21.799999237060546875</ele>
        <time>2025-11-07T01:09:29.000Z</time>
        <extensions>
          <ns3:TrackPointExtension>
            <ns3:hr>139</ns3:hr>
            <ns3:cad>91</ns3:cad>
          </ns3:TrackPointExtension>
        </extensions>
      </trkpt>
      <trkpt lat="30.51251395605504512786865234375" lon="114.22978878021240234375">
        <ele>21.799999237060546875</ele>
        <time>2025-11-07T01:09:30.000Z</time>
        <extensions>
          <ns3:TrackPointExtension>
            <ns3:hr>143</ns3:hr>
            <ns3:cad>91</ns3:cad>
          </ns3:TrackPointExtension>
        </extensions>
      </trkpt>
      <trkpt lat="30.51249853335320949554443359375" lon="114.2298115789890289306640625">
        <ele>21.799999237060546875</ele>
        <time>2025-11-07T01:09:31.000Z</time>
        <extensions>
          <ns3:TrackPointExtension>
            <ns3:hr>142</ns3:hr>
            <ns3:cad>91</ns3:cad>
          </ns3:TrackPointExtension>
        </extensions>
      </trkpt>
      <trkpt lat="30.5124790035188198089599609375" lon="114.2298410832881927490234375">
        <ele>21.799999237060546875</ele>
        <time>2025-11-07T01:09:32.000Z</time>
        <extensions>
          <ns3:TrackPointExtension>
            <ns3:hr>143</ns3:hr>
            <ns3:cad>91</ns3:cad>
          </ns3:TrackPointExtension>
        </extensions>
      </trkpt>
      <trkpt lat="30.51244522444903850555419921875" lon="114.2298935540020465850830078125">
        <ele>21.799999237060546875</ele>
        <time>2025-11-07T01:09:33.000Z</time>
        <extensions>
          <ns3:TrackPointExtension>
            <ns3:hr>142</ns3:hr>
            <ns3:cad>92</ns3:cad>
          </ns3:TrackPointExtension>
        </extensions>
      </trkpt>
      <trkpt lat="30.51243315450847148895263671875" lon="114.2299223877489566802978515625">
        <ele>21.799999237060546875</ele>
        <time>2025-11-07T01:09:34.000Z</time>
        <extensions>
          <ns3:TrackPointExtension>
            <ns3:hr>141</ns3:hr>
            <ns3:cad>92</ns3:cad>
          </ns3:TrackPointExtension>
        </extensions>
      </trkpt>
      <trkpt lat="30.51241856999695301055908203125" lon="114.2299492098391056060791015625">
        <ele>21.799999237060546875</ele>
        <time>2025-11-07T01:09:35.000Z</time>
        <extensions>
          <ns3:TrackPointExtension>
            <ns3:hr>141</ns3:hr>
            <ns3:cad>92</ns3:cad>
          </ns3:TrackPointExtension>
        </extensions>
      </trkpt>
      <trkpt lat="30.51240197382867336273193359375" lon="114.22997494228184223175048828125">
        <ele>21.799999237060546875</ele>
        <time>2025-11-07T01:09:36.000Z</time>
        <extensions>
          <ns3:TrackPointExtension>
            <ns3:hr>142</ns3:hr>
            <ns3:cad>92</ns3:cad>
          </ns3:TrackPointExtension>
        </extensions>
      </trkpt>
      <trkpt lat="30.51240197382867336273193359375" lon="114.22997494228184223175048828125">
        <ele>21.799999237060546875</ele>
        <time>2025-11-07T01:09:37.000Z</time>
        <extensions>
          <ns3:TrackPointExtension>
            <ns3:hr>141</ns3:hr>
            <ns3:cad>92</ns3:cad>
          </ns3:TrackPointExtension>
        </extensions>
      </trkpt>
      <trkpt lat="30.512381605803966522216796875" lon="114.229995645582675933837890625">
        <ele>21.6000003814697265625</ele>
        <time>2025-11-07T01:09:38.000Z</time>
        <extensions>
          <ns3:TrackPointExtension>
            <ns3:hr>141</ns3:hr>
            <ns3:cad>92</ns3:cad>
          </ns3:TrackPointExtension>
        </extensions>
      </trkpt>
      <trkpt lat="30.51236375235021114349365234375" lon="114.23001919873058795928955078125">
        <ele>21.799999237060546875</ele>
        <time>2025-11-07T01:09:39.000Z</time>
        <extensions>
          <ns3:TrackPointExtension>
            <ns3:hr>141</ns3:hr>
            <ns3:cad>92</ns3:cad>
          </ns3:TrackPointExtension>
        </extensions>
      </trkpt>
      <trkpt lat="30.51233307458460330963134765625" lon="114.23007099889218807220458984375">
        <ele>21.799999237060546875</ele>
        <time>2025-11-07T01:09:40.000Z</time>
        <extensions>
          <ns3:TrackPointExtension>
            <ns3:hr>140</ns3:hr>
            <ns3:cad>92</ns3:cad>
          </ns3:TrackPointExtension>
        </extensions>
      </trkpt>
      <trkpt lat="30.5123207531869411468505859375" lon="114.23009664751589298248291015625">
        <ele>21.799999237060546875</ele>
        <time>2025-11-07T01:09:41.000Z</time>
        <extensions>
          <ns3:TrackPointExtension>
            <ns3:hr>140</ns3:hr>
            <ns3:cad>92</ns3:cad>
          </ns3:TrackPointExtension>
        </extensions>
      </trkpt>
      <trkpt lat="30.5123207531869411468505859375" lon="114.23009664751589298248291015625">
        <ele>21.799999237060546875</ele>
        <time>2025-11-07T01:09:42.000Z</time>
        <extensions>
          <ns3:TrackPointExtension>
            <ns3:hr>142</ns3:hr>
            <ns3:cad>92</ns3:cad>
          </ns3:TrackPointExtension>
        </extensions>
      </trkpt>
      <trkpt lat="30.51229502074420452117919921875" lon="114.23015599139034748077392578125">
        <ele>21.799999237060546875</ele>
        <time>2025-11-07T01:09:43.000Z</time>
        <extensions>
          <ns3:TrackPointExtension>
            <ns3:hr>142</ns3:hr>
            <ns3:cad>91</ns3:cad>
          </ns3:TrackPointExtension>
        </extensions>
      </trkpt>
      <trkpt lat="30.51227875985205173492431640625" lon="114.23019086010754108428955078125">
        <ele>21.799999237060546875</ele>
        <time>2025-11-07T01:09:44.000Z</time>
        <extensions>
          <ns3:TrackPointExtension>
            <ns3:hr>142</ns3:hr>
            <ns3:cad>91</ns3:cad>
          </ns3:TrackPointExtension>
        </extensions>
      </trkpt>
      <trkpt lat="30.5122617445886135101318359375" lon="114.2302184365689754486083984375">
        <ele>21.799999237060546875</ele>
        <time>2025-11-07T01:09:45.000Z</time>
        <extensions>
          <ns3:TrackPointExtension>
            <ns3:hr>142</ns3:hr>
            <ns3:cad>92</ns3:cad>
          </ns3:TrackPointExtension>
        </extensions>
      </trkpt>
      <trkpt lat="30.51223081536591053009033203125" lon="114.2302362062036991119384765625">
        <ele>21.799999237060546875</ele>
        <time>2025-11-07T01:09:46.000Z</time>
        <extensions>
          <ns3:TrackPointExtension>
            <ns3:hr>142</ns3:hr>
            <ns3:cad>93</ns3:cad>
          </ns3:TrackPointExtension>
        </extensions>
      </trkpt>
      <trkpt lat="30.512204580008983612060546875" lon="114.23025741241872310638427734375">
        <ele>22</ele>
        <time>2025-11-07T01:09:47.000Z</time>
        <extensions>
          <ns3:TrackPointExtension>
            <ns3:hr>142</ns3:hr>
            <ns3:cad>94</ns3:cad>
          </ns3:TrackPointExtension>
        </extensions>
      </trkpt>
      <trkpt lat="30.512204580008983612060546875" lon="114.23025741241872310638427734375">
        <ele>22.200000762939453125</ele>
        <time>2025-11-07T01:09:48.000Z</time>
        <extensions>
          <ns3:TrackPointExtension>
            <ns3:hr>142</ns3:hr>
            <ns3:cad>94</ns3:cad>
          </ns3:TrackPointExtension>
        </extensions>
      </trkpt>
      <trkpt lat="30.5121866427361965179443359375" lon="114.2302781157195568084716796875">
        <ele>22.3999996185302734375</ele>
        <time>2025-11-07T01:09:49.000Z</time>
        <extensions>
          <ns3:TrackPointExtension>
            <ns3:hr>142</ns3:hr>
            <ns3:cad>94</ns3:cad>
          </ns3:TrackPointExtension>
        </extensions>
      </trkpt>
      <trkpt lat="30.512161664664745330810546875" lon="114.230322875082492828369140625">
        <ele>22.799999237060546875</ele>
        <time>2025-11-07T01:09:50.000Z</time>
        <extensions>
          <ns3:TrackPointExtension>
            <ns3:hr>142</ns3:hr>
            <ns3:cad>94</ns3:cad>
          </ns3:TrackPointExtension>
        </extensions>
      </trkpt>
      <trkpt lat="30.51215219311416149139404296875" lon="114.230348356068134307861328125">
        <ele>23</ele>
        <time>2025-11-07T01:09:51.000Z</time>
        <extensions>
          <ns3:TrackPointExtension>
            <ns3:hr>142</ns3:hr>
            <ns3:cad>94</ns3:cad>
          </ns3:TrackPointExtension>
        </extensions>
      </trkpt>
      <trkpt lat="30.51214381121098995208740234375" lon="114.23036838881671428680419921875">
        <ele>23.3999996185302734375</ele>
        <time>2025-11-07T01:09:52.000Z</time>
        <extensions>
          <ns3:TrackPointExtension>
            <ns3:hr>142</ns3:hr>
            <ns3:cad>94</ns3:cad>
          </ns3:TrackPointExtension>
        </extensions>
      </trkpt>
      <trkpt lat="30.5121324956417083740234375" lon="114.2303931154310703277587890625">
        <ele>23.6000003814697265625</ele>
        <time>2025-11-07T01:09:53.000Z</time>
        <extensions>
          <ns3:TrackPointExtension>
            <ns3:hr>142</ns3:hr>
            <ns3:cad>93</ns3:cad>
          </ns3:TrackPointExtension>
        </extensions>
      </trkpt>
      <trkpt lat="30.5121242813766002655029296875" lon="114.23041616566479206085205078125">
        <ele>23.799999237060546875</ele>
        <time>2025-11-07T01:09:54.000Z</time>
        <extensions>
          <ns3:TrackPointExtension>
            <ns3:hr>143</ns3:hr>
            <ns3:cad>93</ns3:cad>
          </ns3:TrackPointExtension>
        </extensions>
      </trkpt>
      <trkpt lat="30.51211179234087467193603515625" lon="114.230442903935909271240234375">
        <ele>24</ele>
        <time>2025-11-07T01:09:55.000Z</time>
        <extensions>
          <ns3:TrackPointExtension>
            <ns3:hr>142</ns3:hr>
            <ns3:cad>93</ns3:cad>
          </ns3:TrackPointExtension>
        </extensions>
      </trkpt>
      <trkpt lat="30.51210391335189342498779296875" lon="114.23046679235994815826416015625">
        <ele>24.200000762939453125</ele>
        <time>2025-11-07T01:09:56.000Z</time>
        <extensions>
          <ns3:TrackPointExtension>
            <ns3:hr>142</ns3:hr>
            <ns3:cad>92</ns3:cad>
          </ns3:TrackPointExtension>
        </extensions>
      </trkpt>
      <trkpt lat="30.5120971240103244781494140625" lon="114.23049646429717540740966796875">
        <ele>24.3999996185302734375</ele>
        <time>2025-11-07T01:09:57.000Z</time>
        <extensions>
          <ns3:TrackPointExtension>
            <ns3:hr>143</ns3:hr>
            <ns3:cad>91</ns3:cad>
          </ns3:TrackPointExtension>
        </extensions>
      </trkpt>
      <trkpt lat="30.5120971240103244781494140625" lon="114.23049646429717540740966796875">
        <ele>24.3999996185302734375</ele>
        <time>2025-11-07T01:09:58.000Z</time>
        <extensions>
          <ns3:TrackPointExtension>
            <ns3:hr>143</ns3:hr>
            <ns3:cad>91</ns3:cad>
          </ns3:TrackPointExtension>
        </extensions>
      </trkpt>
      <trkpt lat="30.51209553144872188568115234375" lon="114.23052546568214893341064453125">
        <ele>24.6000003814697265625</ele>
        <time>2025-11-07T01:09:59.000Z</time>
        <extensions>
          <ns3:TrackPointExtension>
            <ns3:hr>143</ns3:hr>
            <ns3:cad>91</ns3:cad>
          </ns3:TrackPointExtension>
        </extensions>
      </trkpt>
      <trkpt lat="30.51209469325840473175048828125" lon="114.2305572330951690673828125">
        <ele>24.6000003814697265625</ele>
        <time>2025-11-07T01:10:00.000Z</time>
        <extensions>
          <ns3:TrackPointExtension>
            <ns3:hr>143</ns3:hr>
            <ns3:cad>90</ns3:cad>
          </ns3:TrackPointExtension>
        </extensions>
      </trkpt>
      <trkpt lat="30.5120988003909587860107421875" lon="114.23062219284474849700927734375">
        <ele>24.3999996185302734375</ele>
        <time>2025-11-07T01:10:01.000Z</time>
        <extensions>
          <ns3:TrackPointExtension>
            <ns3:hr>144</ns3:hr>
            <ns3:cad>90</ns3:cad>
          </ns3:TrackPointExtension>
        </extensions>
      </trkpt>
      <trkpt lat="30.51210072822868824005126953125" lon="114.23065337352454662322998046875">
        <ele>24.3999996185302734375</ele>
        <time>2025-11-07T01:10:02.000Z</time>
        <extensions>
          <ns3:TrackPointExtension>
            <ns3:hr>144</ns3:hr>
            <ns3:cad>90</ns3:cad>
          </ns3:TrackPointExtension>
        </extensions>
      </trkpt>
      <trkpt lat="30.51210072822868824005126953125" lon="114.23065337352454662322998046875">
        <ele>24.3999996185302734375</ele>
        <time>2025-11-07T01:10:03.000Z</time>
        <extensions>
          <ns3:TrackPointExtension>
            <ns3:hr>144</ns3:hr>
            <ns3:cad>90</ns3:cad>
          </ns3:TrackPointExtension>
        </extensions>
      </trkpt>
      <trkpt lat="30.51208295859396457672119140625" lon="114.23071908764541149139404296875">
        <ele>24.3999996185302734375</ele>
        <time>2025-11-07T01:10:04.000Z</time>
        <extensions>
          <ns3:TrackPointExtension>
            <ns3:hr>145</ns3:hr>
            <ns3:cad>90</ns3:cad>
          </ns3:TrackPointExtension>
        </extensions>
      </trkpt>
      <trkpt lat="30.51208295859396457672119140625" lon="114.23071908764541149139404296875">
        <ele>24.200000762939453125</ele>
        <time>2025-11-07T01:10:05.000Z</time>
        <extensions>
          <ns3:TrackPointExtension>
            <ns3:hr>145</ns3:hr>
            <ns3:cad>91</ns3:cad>
          </ns3:TrackPointExtension>
        </extensions>
      </trkpt>
      <trkpt lat="30.51206166855990886688232421875" lon="114.23074356280267238616943359375">
        <ele>24.200000762939453125</ele>
        <time>2025-11-07T01:10:06.000Z</time>
        <extensions>
          <ns3:TrackPointExtension>
            <ns3:hr>145</ns3:hr>
            <ns3:cad>91</ns3:cad>
          </ns3:TrackPointExtension>
        </extensions>
      </trkpt>
      <trkpt lat="30.5120225250720977783203125" lon="114.23078857362270355224609375">
        <ele>24.200000762939453125</ele>
        <time>2025-11-07T01:10:07.000Z</time>
        <extensions>
          <ns3:TrackPointExtension>
            <ns3:hr>146</ns3:hr>
            <ns3:cad>91</ns3:cad>
          </ns3:TrackPointExtension>
        </extensions>
      </trkpt>
      <trkpt lat="30.51200131885707378387451171875" lon="114.23080860637128353118896484375">
        <ele>24.200000762939453125</ele>
        <time>2025-11-07T01:10:08.000Z</time>
        <extensions>
          <ns3:TrackPointExtension>
            <ns3:hr>146</ns3:hr>
            <ns3:cad>91</ns3:cad>
          </ns3:TrackPointExtension>
        </extensions>
      </trkpt>
      <trkpt lat="30.51200131885707378387451171875" lon="114.23080860637128353118896484375">
        <ele>24.200000762939453125</ele>
        <time>2025-11-07T01:10:09.000Z</time>
        <extensions>
          <ns3:TrackPointExtension>
            <ns3:hr>146</ns3:hr>
            <ns3:cad>92</ns3:cad>
          </ns3:TrackPointExtension>
        </extensions>
      </trkpt>
      <trkpt lat="30.51197701133787631988525390625" lon="114.23082822002470493316650390625">
        <ele>24.200000762939453125</ele>
        <time>2025-11-07T01:10:10.000Z</time>
        <extensions>
          <ns3:TrackPointExtension>
            <ns3:hr>146</ns3:hr>
            <ns3:cad>92</ns3:cad>
          </ns3:TrackPointExtension>
        </extensions>
      </trkpt>
      <trkpt lat="30.5119539611041545867919921875" lon="114.23084498383104801177978515625">
        <ele>24.200000762939453125</ele>
        <time>2025-11-07T01:10:11.000Z</time>
        <extensions>
          <ns3:TrackPointExtension>
            <ns3:hr>147</ns3:hr>
            <ns3:cad>93</ns3:cad>
          </ns3:TrackPointExtension>
        </extensions>
      </trkpt>
      <trkpt lat="30.5119318328797817230224609375" lon="114.23086141236126422882080078125">
        <ele>24.200000762939453125</ele>
        <time>2025-11-07T01:10:12.000Z</time>
        <extensions>
          <ns3:TrackPointExtension>
            <ns3:hr>147</ns3:hr>
            <ns3:cad>92</ns3:cad>
          </ns3:TrackPointExtension>
        </extensions>
      </trkpt>
      <trkpt lat="30.511890761554241180419921875" lon="114.230890162289142608642578125">
        <ele>24.200000762939453125</ele>
        <time>2025-11-07T01:10:13.000Z</time>
        <extensions>
          <ns3:TrackPointExtension>
            <ns3:hr>147</ns3:hr>
            <ns3:cad>92</ns3:cad>
          </ns3:TrackPointExtension>
        </extensions>
      </trkpt>
      <trkpt lat="30.5118669569492340087890625" lon="114.23090617172420024871826171875">
        <ele>24.200000762939453125</ele>
        <time>2025-11-07T01:10:14.000Z</time>
        <extensions>
          <ns3:TrackPointExtension>
            <ns3:hr>147</ns3:hr>
            <ns3:cad>92</ns3:cad>
          </ns3:TrackPointExtension>
        </extensions>
      </trkpt>
      <trkpt lat="30.51184675656259059906005859375" lon="114.2309208400547504425048828125">
        <ele>24.200000762939453125</ele>
        <time>2025-11-07T01:10:15.000Z</time>
        <extensions>
          <ns3:TrackPointExtension>
            <ns3:hr>147</ns3:hr>
            <ns3:cad>92</ns3:cad>
          </ns3:TrackPointExtension>
        </extensions>
      </trkpt>
      <trkpt lat="30.51182110793888568878173828125" lon="114.2309379391372203826904296875">
        <ele>24.200000762939453125</ele>
        <time>2025-11-07T01:10:16.000Z</time>
        <extensions>
          <ns3:TrackPointExtension>
            <ns3:hr>146</ns3:hr>
            <ns3:cad>93</ns3:cad>
          </ns3:TrackPointExtension>
        </extensions>
      </trkpt>
      <trkpt lat="30.511801578104496002197265625" lon="114.23095847479999065399169921875">
        <ele>24.200000762939453125</ele>
        <time>2025-11-07T01:10:17.000Z</time>
        <extensions>
          <ns3:TrackPointExtension>
            <ns3:hr>147</ns3:hr>
            <ns3:cad>91</ns3:cad>
          </ns3:TrackPointExtension>
        </extensions>
      </trkpt>
      <trkpt lat="30.51178154535591602325439453125" lon="114.23098160885274410247802734375">
        <ele>24.200000762939453125</ele>
        <time>2025-11-07T01:10:18.000Z</time>
        <extensions>
          <ns3:TrackPointExtension>
            <ns3:hr>147</ns3:hr>
            <ns3:cad>91</ns3:cad>
          </ns3:TrackPointExtension>
        </extensions>
      </trkpt>
      <trkpt lat="30.5117648653686046600341796875" lon="114.23100306652486324310302734375">
        <ele>24.200000762939453125</ele>
        <time>2025-11-07T01:10:19.000Z</time>
        <extensions>
          <ns3:TrackPointExtension>
            <ns3:hr>146</ns3:hr>
            <ns3:cad>91</ns3:cad>
          </ns3:TrackPointExtension>
        </extensions>
      </trkpt>
      <trkpt lat="30.51174483262002468109130859375" lon="114.23102519474923610687255859375">
        <ele>24.200000762939453125</ele>
        <time>2025-11-07T01:10:20.000Z</time>
        <extensions>
          <ns3:TrackPointExtension>
            <ns3:hr>144</ns3:hr>
            <ns3:cad>91</ns3:cad>
          </ns3:TrackPointExtension>
        </extensions>
      </trkpt>
      <trkpt lat="30.51172572188079357147216796875" lon="114.2310469038784503936767578125">
        <ele>24.200000762939453125</ele>
        <time>2025-11-07T01:10:21.000Z</time>
        <extensions>
          <ns3:TrackPointExtension>
            <ns3:hr>143</ns3:hr>
            <ns3:cad>91</ns3:cad>
          </ns3:TrackPointExtension>
        </extensions>
      </trkpt>
      <trkpt lat="30.51172572188079357147216796875" lon="114.2310469038784503936767578125">
        <ele>24.200000762939453125</ele>
        <time>2025-11-07T01:10:22.000Z</time>
        <extensions>
          <ns3:TrackPointExtension>
            <ns3:hr>142</ns3:hr>
            <ns3:cad>92</ns3:cad>
          </ns3:TrackPointExtension>
        </extensions>
      </trkpt>
      <trkpt lat="30.5117048509418964385986328125" lon="114.231068529188632965087890625">
        <ele>24.200000762939453125</ele>
        <time>2025-11-07T01:10:23.000Z</time>
        <extensions>
          <ns3:TrackPointExtension>
            <ns3:hr>140</ns3:hr>
            <ns3:cad>92</ns3:cad>
          </ns3:TrackPointExtension>
        </extensions>
      </trkpt>
      <trkpt lat="30.5116676352918148040771484375" lon="114.23111253418028354644775390625">
        <ele>24.3999996185302734375</ele>
        <time>2025-11-07T01:10:24.000Z</time>
        <extensions>
          <ns3:TrackPointExtension>
            <ns3:hr>139</ns3:hr>
            <ns3:cad>93</ns3:cad>
          </ns3:TrackPointExtension>
        </extensions>
      </trkpt>
      <trkpt lat="30.51164366304874420166015625" lon="114.2311298847198486328125">
        <ele>24.3999996185302734375</ele>
        <time>2025-11-07T01:10:25.000Z</time>
        <extensions>
          <ns3:TrackPointExtension>
            <ns3:hr>139</ns3:hr>
            <ns3:cad>92</ns3:cad>
          </ns3:TrackPointExtension>
        </extensions>
      </trkpt>
      <trkpt lat="30.51162463612854480743408203125" lon="114.2311461456120014190673828125">
        <ele>24.3999996185302734375</ele>
        <time>2025-11-07T01:10:26.000Z</time>
        <extensions>
          <ns3:TrackPointExtension>
            <ns3:hr>138</ns3:hr>
            <ns3:cad>92</ns3:cad>
          </ns3:TrackPointExtension>
        </extensions>
      </trkpt>
      <trkpt lat="30.5116014182567596435546875" lon="114.23116316087543964385986328125">
        <ele>24.3999996185302734375</ele>
        <time>2025-11-07T01:10:27.000Z</time>
        <extensions>
          <ns3:TrackPointExtension>
            <ns3:hr>138</ns3:hr>
            <ns3:cad>92</ns3:cad>
          </ns3:TrackPointExtension>
        </extensions>
      </trkpt>
      <trkpt lat="30.5116014182567596435546875" lon="114.23116316087543964385986328125">
        <ele>24.6000003814697265625</ele>
        <time>2025-11-07T01:10:28.000Z</time>
        <extensions>
          <ns3:TrackPointExtension>
            <ns3:hr>138</ns3:hr>
            <ns3:cad>92</ns3:cad>
          </ns3:TrackPointExtension>
        </extensions>
      </trkpt>
      <trkpt lat="30.51155825145542621612548828125" lon="114.23119048587977886199951171875">
        <ele>24.6000003814697265625</ele>
        <time>2025-11-07T01:10:29.000Z</time>
        <extensions>
          <ns3:TrackPointExtension>
            <ns3:hr>138</ns3:hr>
            <ns3:cad>92</ns3:cad>
          </ns3:TrackPointExtension>
        </extensions>
      </trkpt>
      <trkpt lat="30.511534698307514190673828125" lon="114.2312061600387096405029296875">
        <ele>24.6000003814697265625</ele>
        <time>2025-11-07T01:10:30.000Z</time>
        <extensions>
          <ns3:TrackPointExtension>
            <ns3:hr>138</ns3:hr>
            <ns3:cad>92</ns3:cad>
          </ns3:TrackPointExtension>
        </extensions>
      </trkpt>
      <trkpt lat="30.51150687038898468017578125" lon="114.23122216947376728057861328125">
        <ele>24.6000003814697265625</ele>
        <time>2025-11-07T01:10:31.000Z</time>
        <extensions>
          <ns3:TrackPointExtension>
            <ns3:hr>138</ns3:hr>
            <ns3:cad>92</ns3:cad>
          </ns3:TrackPointExtension>
        </extensions>
      </trkpt>
      <trkpt lat="30.5114825628697872161865234375" lon="114.23123306594789028167724609375">
        <ele>24.6000003814697265625</ele>
        <time>2025-11-07T01:10:32.000Z</time>
        <extensions>
          <ns3:TrackPointExtension>
            <ns3:hr>138</ns3:hr>
            <ns3:cad>92</ns3:cad>
          </ns3:TrackPointExtension>
        </extensions>
      </trkpt>
      <trkpt lat="30.51145255565643310546875" lon="114.23124396242201328277587890625">
        <ele>24.6000003814697265625</ele>
        <time>2025-11-07T01:10:33.000Z</time>
        <extensions>
          <ns3:TrackPointExtension>
            <ns3:hr>138</ns3:hr>
            <ns3:cad>91</ns3:cad>
          </ns3:TrackPointExtension>
        </extensions>
      </trkpt>
      <trkpt lat="30.51145255565643310546875" lon="114.23124396242201328277587890625">
        <ele>24.6000003814697265625</ele>
        <time>2025-11-07T01:10:34.000Z</time>
        <extensions>
          <ns3:TrackPointExtension>
            <ns3:hr>138</ns3:hr>
            <ns3:cad>91</ns3:cad>
          </ns3:TrackPointExtension>
        </extensions>
      </trkpt>
      <trkpt lat="30.5114262364804744720458984375" lon="114.231258966028690338134765625">
        <ele>24.6000003814697265625</ele>
        <time>2025-11-07T01:10:35.000Z</time>
        <extensions>
          <ns3:TrackPointExtension>
            <ns3:hr>137</ns3:hr>
            <ns3:cad>91</ns3:cad>
          </ns3:TrackPointExtension>
        </extensions>
      </trkpt>
      <trkpt lat="30.51139824092388153076171875" lon="114.23126961104571819305419921875">
        <ele>24.6000003814697265625</ele>
        <time>2025-11-07T01:10:36.000Z</time>
        <extensions>
          <ns3:TrackPointExtension>
            <ns3:hr>137</ns3:hr>
            <ns3:cad>91</ns3:cad>
          </ns3:TrackPointExtension>
        </extensions>
      </trkpt>
      <trkpt lat="30.511347614228725433349609375" lon="114.23130347393453121185302734375">
        <ele>24.3999996185302734375</ele>
        <time>2025-11-07T01:10:37.000Z</time>
        <extensions>
          <ns3:TrackPointExtension>
            <ns3:hr>137</ns3:hr>
            <ns3:cad>92</ns3:cad>
          </ns3:TrackPointExtension>
        </extensions>
      </trkpt>
      <trkpt lat="30.51132523454725742340087890625" lon="114.23132291994988918304443359375">
        <ele>24.6000003814697265625</ele>
        <time>2025-11-07T01:10:38.000Z</time>
        <extensions>
          <ns3:TrackPointExtension>
            <ns3:hr>137</ns3:hr>
            <ns3:cad>91</ns3:cad>
          </ns3:TrackPointExtension>
        </extensions>
      </trkpt>
      <trkpt lat="30.51132523454725742340087890625" lon="114.23132291994988918304443359375">
        <ele>24.6000003814697265625</ele>
        <time>2025-11-07T01:10:39.000Z</time>
        <extensions>
          <ns3:TrackPointExtension>
            <ns3:hr>137</ns3:hr>
            <ns3:cad>91</ns3:cad>
          </ns3:TrackPointExtension>
        </extensions>
      </trkpt>
      <trkpt lat="30.511301346123218536376953125" lon="114.2313431203365325927734375">
        <ele>24.6000003814697265625</ele>
        <time>2025-11-07T01:10:40.000Z</time>
        <extensions>
          <ns3:TrackPointExtension>
            <ns3:hr>137</ns3:hr>
            <ns3:cad>91</ns3:cad>
          </ns3:TrackPointExtension>
        </extensions>
      </trkpt>
      <trkpt lat="30.5112656392157077789306640625" lon="114.2313939146697521209716796875">
        <ele>24.6000003814697265625</ele>
        <time>2025-11-07T01:10:41.000Z</time>
        <extensions>
          <ns3:TrackPointExtension>
            <ns3:hr>137</ns3:hr>
            <ns3:cad>91</ns3:cad>
          </ns3:TrackPointExtension>
        </extensions>
      </trkpt>
      <trkpt lat="30.51125600002706050872802734375" lon="114.231422245502471923828125">
        <ele>24.6000003814697265625</ele>
        <time>2025-11-07T01:10:42.000Z</time>
        <extensions>
          <ns3:TrackPointExtension>
            <ns3:hr>137</ns3:hr>
            <ns3:cad>91</ns3:cad>
          </ns3:TrackPointExtension>
        </extensions>
      </trkpt>
      <trkpt lat="30.51126052625477313995361328125" lon="114.231452755630016326904296875">
        <ele>24.3999996185302734375</ele>
        <time>2025-11-07T01:10:43.000Z</time>
        <extensions>
          <ns3:TrackPointExtension>
            <ns3:hr>137</ns3:hr>
            <ns3:cad>90</ns3:cad>
          </ns3:TrackPointExtension>
        </extensions>
      </trkpt>
      <trkpt lat="30.51126052625477313995361328125" lon="114.231452755630016326904296875">
        <ele>24.6000003814697265625</ele>
        <time>2025-11-07T01:10:44.000Z</time>
        <extensions>
          <ns3:TrackPointExtension>
            <ns3:hr>137</ns3:hr>
            <ns3:cad>90</ns3:cad>
          </ns3:TrackPointExtension>
        </extensions>
      </trkpt>
      <trkpt lat="30.5112929642200469970703125" lon="114.23150338232517242431640625">
        <ele>24.6000003814697265625</ele>
        <time>2025-11-07T01:10:45.000Z</time>
        <extensions>
          <ns3:TrackPointExtension>
            <ns3:hr>137</ns3:hr>
            <ns3:cad>90</ns3:cad>
          </ns3:TrackPointExtension>
        </extensions>
      </trkpt>
      <trkpt lat="30.5113135837018489837646484375" lon="114.231521822512149810791015625">
        <ele>24.6000003814697265625</ele>
        <time>2025-11-07T01:10:46.000Z</time>
        <extensions>
          <ns3:TrackPointExtension>
            <ns3:hr>137</ns3:hr>
            <ns3:cad>90</ns3:cad>
          </ns3:TrackPointExtension>
        </extensions>
      </trkpt>
      <trkpt lat="30.5113135837018489837646484375" lon="114.231521822512149810791015625">
        <ele>24.6000003814697265625</ele>
        <time>2025-11-07T01:10:47.000Z</time>
        <extensions>
          <ns3:TrackPointExtension>
            <ns3:hr>137</ns3:hr>
            <ns3:cad>90</ns3:cad>
          </ns3:TrackPointExtension>
        </extensions>
      </trkpt>
      <trkpt lat="30.5113521404564380645751953125" lon="114.23155702650547027587890625">
        <ele>24.799999237060546875</ele>
        <time>2025-11-07T01:10:48.000Z</time>
        <extensions>
          <ns3:TrackPointExtension>
            <ns3:hr>137</ns3:hr>
            <ns3:cad>90</ns3:cad>
          </ns3:TrackPointExtension>
        </extensions>
      </trkpt>
      <trkpt lat="30.51137234084308147430419921875" lon="114.23158359713852405548095703125">
        <ele>24.799999237060546875</ele>
        <time>2025-11-07T01:10:49.000Z</time>
        <extensions>
          <ns3:TrackPointExtension>
            <ns3:hr>137</ns3:hr>
            <ns3:cad>91</ns3:cad>
          </ns3:TrackPointExtension>
        </extensions>
      </trkpt>
      <trkpt lat="30.51139421761035919189453125" lon="114.23160606063902378082275390625">
        <ele>24.799999237060546875</ele>
        <time>2025-11-07T01:10:50.000Z</time>
        <extensions>
          <ns3:TrackPointExtension>
            <ns3:hr>138</ns3:hr>
            <ns3:cad>92</ns3:cad>
          </ns3:TrackPointExtension>
        </extensions>
      </trkpt>
      <trkpt lat="30.51141575910151004791259765625" lon="114.23162383027374744415283203125">
        <ele>24.799999237060546875</ele>
        <time>2025-11-07T01:10:51.000Z</time>
        <extensions>
          <ns3:TrackPointExtension>
            <ns3:hr>138</ns3:hr>
            <ns3:cad>92</ns3:cad>
          </ns3:TrackPointExtension>
        </extensions>
      </trkpt>
      <trkpt lat="30.51141575910151004791259765625" lon="114.23162383027374744415283203125">
        <ele>24.799999237060546875</ele>
        <time>2025-11-07T01:10:52.000Z</time>
        <extensions>
          <ns3:TrackPointExtension>
            <ns3:hr>138</ns3:hr>
            <ns3:cad>92</ns3:cad>
          </ns3:TrackPointExtension>
        </extensions>
      </trkpt>
      <trkpt lat="30.51145615987479686737060546875" lon="114.23166473396122455596923828125">
        <ele>24.6000003814697265625</ele>
        <time>2025-11-07T01:10:53.000Z</time>
        <extensions>
          <ns3:TrackPointExtension>
            <ns3:hr>138</ns3:hr>
            <ns3:cad>92</ns3:cad>
          </ns3:TrackPointExtension>
        </extensions>
      </trkpt>
      <trkpt lat="30.511469654738903045654296875" lon="114.2316929809749126434326171875">
        <ele>24.6000003814697265625</ele>
        <time>2025-11-07T01:10:54.000Z</time>
        <extensions>
          <ns3:TrackPointExtension>
            <ns3:hr>138</ns3:hr>
            <ns3:cad>92</ns3:cad>
          </ns3:TrackPointExtension>
        </extensions>
      </trkpt>
      <trkpt lat="30.51147677935659885406494140625" lon="114.23172273673117160797119140625">
        <ele>24.3999996185302734375</ele>
        <time>2025-11-07T01:10:55.000Z</time>
        <extensions>
          <ns3:TrackPointExtension>
            <ns3:hr>138</ns3:hr>
            <ns3:cad>93</ns3:cad>
          </ns3:TrackPointExtension>
        </extensions>
      </trkpt>
      <trkpt lat="30.51147677935659885406494140625" lon="114.23172273673117160797119140625">
        <ele>24.3999996185302734375</ele>
        <time>2025-11-07T01:10:56.000Z</time>
        <extensions>
          <ns3:TrackPointExtension>
            <ns3:hr>139</ns3:hr>
            <ns3:cad>92</ns3:cad>
          </ns3:TrackPointExtension>
        </extensions>
      </trkpt>
      <trkpt lat="30.51147610880434513092041015625" lon="114.2317566834390163421630859375">
        <ele>24.3999996185302734375</ele>
        <time>2025-11-07T01:10:57.000Z</time>
        <extensions>
          <ns3:TrackPointExtension>
            <ns3:hr>139</ns3:hr>
            <ns3:cad>92</ns3:cad>
          </ns3:TrackPointExtension>
        </extensions>
      </trkpt>
      <trkpt lat="30.5114699900150299072265625" lon="114.231818877160549163818359375">
        <ele>24.3999996185302734375</ele>
        <time>2025-11-07T01:10:58.000Z</time>
        <extensions>
          <ns3:TrackPointExtension>
            <ns3:hr>139</ns3:hr>
            <ns3:cad>92</ns3:cad>
          </ns3:TrackPointExtension>
        </extensions>
      </trkpt>
      <trkpt lat="30.5114699900150299072265625" lon="114.231818877160549163818359375">
        <ele>24.3999996185302734375</ele>
        <time>2025-11-07T01:10:59.000Z</time>
        <extensions>
          <ns3:TrackPointExtension>
            <ns3:hr>139</ns3:hr>
            <ns3:cad>92</ns3:cad>
          </ns3:TrackPointExtension>
        </extensions>
      </trkpt>
      <trkpt lat="30.5114768631756305694580078125" lon="114.231875203549861907958984375">
        <ele>24.3999996185302734375</ele>
        <time>2025-11-07T01:11:00.000Z</time>
        <extensions>
          <ns3:TrackPointExtension>
            <ns3:hr>138</ns3:hr>
            <ns3:cad>92</ns3:cad>
          </ns3:TrackPointExtension>
        </extensions>
      </trkpt>
      <trkpt lat="30.5114860832691192626953125" lon="114.2319010198116302490234375">
        <ele>24.6000003814697265625</ele>
        <time>2025-11-07T01:11:01.000Z</time>
        <extensions>
          <ns3:TrackPointExtension>
            <ns3:hr>139</ns3:hr>
            <ns3:cad>92</ns3:cad>
          </ns3:TrackPointExtension>
        </extensions>
      </trkpt>
      <trkpt lat="30.51149270497262477874755859375" lon="114.2319189570844173431396484375">
        <ele>24.6000003814697265625</ele>
        <time>2025-11-07T01:11:02.000Z</time>
        <extensions>
          <ns3:TrackPointExtension>
            <ns3:hr>139</ns3:hr>
            <ns3:cad>91</ns3:cad>
          </ns3:TrackPointExtension>
        </extensions>
      </trkpt>
      <trkpt lat="30.51149371080100536346435546875" lon="114.231934882700443267822265625">
        <ele>24.6000003814697265625</ele>
        <time>2025-11-07T01:11:03.000Z</time>
        <extensions>
          <ns3:TrackPointExtension>
            <ns3:hr>139</ns3:hr>
            <ns3:cad>89</ns3:cad>
          </ns3:TrackPointExtension>
        </extensions>
      </trkpt>
      <trkpt lat="30.51149371080100536346435546875" lon="114.231934882700443267822265625">
        <ele>24.6000003814697265625</ele>
        <time>2025-11-07T01:11:04.000Z</time>
        <extensions>
          <ns3:TrackPointExtension>
            <ns3:hr>139</ns3:hr>
            <ns3:cad>87</ns3:cad>
          </ns3:TrackPointExtension>
        </extensions>
      </trkpt>
      <trkpt lat="30.5115080438554286956787109375" lon="114.231965728104114532470703125">
        <ele>24.6000003814697265625</ele>
        <time>2025-11-07T01:11:05.000Z</time>
        <extensions>
          <ns3:TrackPointExtension>
            <ns3:hr>139</ns3:hr>
            <ns3:cad>85</ns3:cad>
          </ns3:TrackPointExtension>
        </extensions>
      </trkpt>
      <trkpt lat="30.51151952706277370452880859375" lon="114.231982491910457611083984375">
        <ele>24.799999237060546875</ele>
        <time>2025-11-07T01:11:06.000Z</time>
        <extensions>
          <ns3:TrackPointExtension>
            <ns3:hr>139</ns3:hr>
            <ns3:cad>93</ns3:cad>
          </ns3:TrackPointExtension>
        </extensions>
      </trkpt>
      <trkpt lat="30.511532016098499298095703125" lon="114.2319977469742298126220703125">
        <ele>24.799999237060546875</ele>
        <time>2025-11-07T01:11:07.000Z</time>
        <extensions>
          <ns3:TrackPointExtension>
            <ns3:hr>140</ns3:hr>
            <ns3:cad>95</ns3:cad>
          </ns3:TrackPointExtension>
        </extensions>
      </trkpt>
      <trkpt lat="30.511532016098499298095703125" lon="114.2319977469742298126220703125">
        <ele>24.6000003814697265625</ele>
        <time>2025-11-07T01:11:08.000Z</time>
        <extensions>
          <ns3:TrackPointExtension>
            <ns3:hr>139</ns3:hr>
            <ns3:cad>98</ns3:cad>
          </ns3:TrackPointExtension>
        </extensions>
      </trkpt>
      <trkpt lat="30.51155255176126956939697265625" lon="114.232007972896099090576171875">
        <ele>24.6000003814697265625</ele>
        <time>2025-11-07T01:11:09.000Z</time>
        <extensions>
          <ns3:TrackPointExtension>
            <ns3:hr>139</ns3:hr>
            <ns3:cad>94</ns3:cad>
          </ns3:TrackPointExtension>
        </extensions>
      </trkpt>
      <trkpt lat="30.51156126894056797027587890625" lon="114.23202482052147388458251953125">
        <ele>24.6000003814697265625</ele>
        <time>2025-11-07T01:11:10.000Z</time>
        <extensions>
          <ns3:TrackPointExtension>
            <ns3:hr>140</ns3:hr>
            <ns3:cad>64</ns3:cad>
          </ns3:TrackPointExtension>
        </extensions>
      </trkpt>
      <trkpt lat="30.5115687288343906402587890625" lon="114.23203454352915287017822265625">
        <ele>24.6000003814697265625</ele>
        <time>2025-11-07T01:11:11.000Z</time>
        <extensions>
          <ns3:TrackPointExtension>
            <ns3:hr>141</ns3:hr>
            <ns3:cad>74</ns3:cad>
          </ns3:TrackPointExtension>
        </extensions>
      </trkpt>
      <trkpt lat="30.51157719455659389495849609375" lon="114.2320433445274829864501953125">
        <ele>24.6000003814697265625</ele>
        <time>2025-11-07T01:11:12.000Z</time>
        <extensions>
          <ns3:TrackPointExtension>
            <ns3:hr>139</ns3:hr>
            <ns3:cad>72</ns3:cad>
          </ns3:TrackPointExtension>
        </extensions>
      </trkpt>
      <trkpt lat="30.51157719455659389495849609375" lon="114.2320433445274829864501953125">
        <ele>24.6000003814697265625</ele>
        <time>2025-11-07T01:11:13.000Z</time>
        <extensions>
          <ns3:TrackPointExtension>
            <ns3:hr>139</ns3:hr>
            <ns3:cad>69</ns3:cad>
          </ns3:TrackPointExtension>
        </extensions>
      </trkpt>
      <trkpt lat="30.51157903857529163360595703125" lon="114.2320477031171321868896484375">
        <ele>24.6000003814697265625</ele>
        <time>2025-11-07T01:11:14.000Z</time>
        <extensions>
          <ns3:TrackPointExtension>
            <ns3:hr>138</ns3:hr>
            <ns3:cad>69</ns3:cad>
          </ns3:TrackPointExtension>
        </extensions>
      </trkpt>
      <trkpt lat="30.51157903857529163360595703125" lon="114.232047535479068756103515625">
        <ele>24.799999237060546875</ele>
        <time>2025-11-07T01:11:15.000Z</time>
        <extensions>
          <ns3:TrackPointExtension>
            <ns3:hr>139</ns3:hr>
            <ns3:cad>70</ns3:cad>
          </ns3:TrackPointExtension>
        </extensions>
      </trkpt>
      <trkpt lat="30.51157903857529163360595703125" lon="114.232047535479068756103515625">
        <ele>24.799999237060546875</ele>
        <time>2025-11-07T01:11:16.000Z</time>
        <extensions>
          <ns3:TrackPointExtension>
            <ns3:hr>137</ns3:hr>
            <ns3:cad>73</ns3:cad>
          </ns3:TrackPointExtension>
        </extensions>
      </trkpt>
      <trkpt lat="30.5115761049091815948486328125" lon="114.23204518854618072509765625">
        <ele>24.799999237060546875</ele>
        <time>2025-11-07T01:11:17.000Z</time>
        <extensions>
          <ns3:TrackPointExtension>
            <ns3:hr>135</ns3:hr>
            <ns3:cad>75</ns3:cad>
          </ns3:TrackPointExtension>
        </extensions>
      </trkpt>
      <trkpt lat="30.51157685928046703338623046875" lon="114.2320490442216396331787109375">
        <ele>24.799999237060546875</ele>
        <time>2025-11-07T01:11:18.000Z</time>
        <extensions>
          <ns3:TrackPointExtension>
            <ns3:hr>133</ns3:hr>
            <ns3:cad>75</ns3:cad>
          </ns3:TrackPointExtension>
        </extensions>
      </trkpt>
      <trkpt lat="30.51157685928046703338623046875" lon="114.2320490442216396331787109375">
        <ele>24.799999237060546875</ele>
        <time>2025-11-07T01:11:19.000Z</time>
        <extensions>
          <ns3:TrackPointExtension>
            <ns3:hr>133</ns3:hr>
            <ns3:cad>0</ns3:cad>
          </ns3:TrackPointExtension>
        </extensions>
      </trkpt>
      <trkpt lat="30.51157903857529163360595703125" lon="114.23204761929810047149658203125">
        <ele>24.799999237060546875</ele>
        <time>2025-11-07T01:11:20.000Z</time>
        <extensions>
          <ns3:TrackPointExtension>
            <ns3:hr>133</ns3:hr>
            <ns3:cad>0</ns3:cad>
          </ns3:TrackPointExtension>
        </extensions>
      </trkpt>
      <trkpt lat="30.51157903857529163360595703125" lon="114.23204761929810047149658203125">
        <ele>25</ele>
        <time>2025-11-07T01:11:21.000Z</time>
        <extensions>
          <ns3:TrackPointExtension>
            <ns3:hr>132</ns3:hr>
            <ns3:cad>0</ns3:cad>
          </ns3:TrackPointExtension>
        </extensions>
      </trkpt>
      <trkpt lat="30.51157526671886444091796875" lon="114.23204828985035419464111328125">
        <ele>25</ele>
        <time>2025-11-07T01:11:22.000Z</time>
        <extensions>
          <ns3:TrackPointExtension>
            <ns3:hr>132</ns3:hr>
            <ns3:cad>127</ns3:cad>
          </ns3:TrackPointExtension>
        </extensions>
      </trkpt>
      <trkpt lat="30.511581636965274810791015625" lon="114.2320574261248111724853515625">
        <ele>25</ele>
        <time>2025-11-07T01:11:23.000Z</time>
        <extensions>
          <ns3:TrackPointExtension>
            <ns3:hr>131</ns3:hr>
            <ns3:cad>73</ns3:cad>
          </ns3:TrackPointExtension>
        </extensions>
      </trkpt>
      <trkpt lat="30.51159135997295379638671875" lon="114.23206664621829986572265625">
        <ele>25</ele>
        <time>2025-11-07T01:11:24.000Z</time>
        <extensions>
          <ns3:TrackPointExtension>
            <ns3:hr>130</ns3:hr>
            <ns3:cad>65</ns3:cad>
          </ns3:TrackPointExtension>
        </extensions>
      </trkpt>
      <trkpt lat="30.511601082980632781982421875" lon="114.23207444138824939727783203125">
        <ele>25</ele>
        <time>2025-11-07T01:11:25.000Z</time>
        <extensions>
          <ns3:TrackPointExtension>
            <ns3:hr>130</ns3:hr>
            <ns3:cad>70</ns3:cad>
          </ns3:TrackPointExtension>
        </extensions>
      </trkpt>
      <trkpt lat="30.5116119794547557830810546875" lon="114.2320822365581989288330078125">
        <ele>25</ele>
        <time>2025-11-07T01:11:26.000Z</time>
        <extensions>
          <ns3:TrackPointExtension>
            <ns3:hr>130</ns3:hr>
            <ns3:cad>70</ns3:cad>
          </ns3:TrackPointExtension>
        </extensions>
      </trkpt>
      <trkpt lat="30.51162111572921276092529296875" lon="114.2320889420807361602783203125">
        <ele>25</ele>
        <time>2025-11-07T01:11:27.000Z</time>
        <extensions>
          <ns3:TrackPointExtension>
            <ns3:hr>128</ns3:hr>
            <ns3:cad>67</ns3:cad>
          </ns3:TrackPointExtension>
        </extensions>
      </trkpt>
      <trkpt lat="30.51162111572921276092529296875" lon="114.2320889420807361602783203125">
        <ele>24.799999237060546875</ele>
        <time>2025-11-07T01:11:28.000Z</time>
        <extensions>
          <ns3:TrackPointExtension>
            <ns3:hr>128</ns3:hr>
            <ns3:cad>66</ns3:cad>
          </ns3:TrackPointExtension>
        </extensions>
      </trkpt>
      <trkpt lat="30.5116282403469085693359375" lon="114.2320943064987659454345703125">
        <ele>24.799999237060546875</ele>
        <time>2025-11-07T01:11:29.000Z</time>
        <extensions>
          <ns3:TrackPointExtension>
            <ns3:hr>127</ns3:hr>
            <ns3:cad>65</ns3:cad>
          </ns3:TrackPointExtension>
        </extensions>
      </trkpt>
      <trkpt lat="30.51163494586944580078125" lon="114.232099838554859161376953125">
        <ele>24.6000003814697265625</ele>
        <time>2025-11-07T01:11:30.000Z</time>
        <extensions>
          <ns3:TrackPointExtension>
            <ns3:hr>126</ns3:hr>
            <ns3:cad>65</ns3:cad>
          </ns3:TrackPointExtension>
        </extensions>
      </trkpt>
      <trkpt lat="30.5116443336009979248046875" lon="114.2321080528199672698974609375">
        <ele>24.6000003814697265625</ele>
        <time>2025-11-07T01:11:31.000Z</time>
        <extensions>
          <ns3:TrackPointExtension>
            <ns3:hr>125</ns3:hr>
            <ns3:cad>67</ns3:cad>
          </ns3:TrackPointExtension>
        </extensions>
      </trkpt>
      <trkpt lat="30.511656068265438079833984375" lon="114.232112579047679901123046875">
        <ele>24.3999996185302734375</ele>
        <time>2025-11-07T01:11:32.000Z</time>
        <extensions>
          <ns3:TrackPointExtension>
            <ns3:hr>125</ns3:hr>
            <ns3:cad>67</ns3:cad>
          </ns3:TrackPointExtension>
        </extensions>
      </trkpt>
      <trkpt lat="30.51167182624340057373046875" lon="114.23212003894150257110595703125">
        <ele>24.6000003814697265625</ele>
        <time>2025-11-07T01:11:33.000Z</time>
        <extensions>
          <ns3:TrackPointExtension>
            <ns3:hr>125</ns3:hr>
            <ns3:cad>68</ns3:cad>
          </ns3:TrackPointExtension>
        </extensions>
      </trkpt>
      <trkpt lat="30.5116827227175235748291015625" lon="114.2321224696934223175048828125">
        <ele>24.6000003814697265625</ele>
        <time>2025-11-07T01:11:34.000Z</time>
        <extensions>
          <ns3:TrackPointExtension>
            <ns3:hr>123</ns3:hr>
            <ns3:cad>67</ns3:cad>
          </ns3:TrackPointExtension>
        </extensions>
      </trkpt>
      <trkpt lat="30.51168750040233135223388671875" lon="114.23212523572146892547607421875">
        <ele>24.6000003814697265625</ele>
        <time>2025-11-07T01:11:35.000Z</time>
        <extensions>
          <ns3:TrackPointExtension>
            <ns3:hr>123</ns3:hr>
            <ns3:cad>95</ns3:cad>
          </ns3:TrackPointExtension>
        </extensions>
      </trkpt>
      <trkpt lat="30.51169856451451778411865234375" lon="114.23212188296020030975341796875">
        <ele>24.799999237060546875</ele>
        <time>2025-11-07T01:11:36.000Z</time>
        <extensions>
          <ns3:TrackPointExtension>
            <ns3:hr>123</ns3:hr>
            <ns3:cad>79</ns3:cad>
          </ns3:TrackPointExtension>
        </extensions>
      </trkpt>
      <trkpt lat="30.51171205937862396240234375" lon="114.23212707974016666412353515625">
        <ele>25</ele>
        <time>2025-11-07T01:11:37.000Z</time>
        <extensions>
          <ns3:TrackPointExtension>
            <ns3:hr>122</ns3:hr>
            <ns3:cad>69</ns3:cad>
          </ns3:TrackPointExtension>
        </extensions>
      </trkpt>
      <trkpt lat="30.51172278821468353271484375" lon="114.23213378526270389556884765625">
        <ele>25</ele>
        <time>2025-11-07T01:11:38.000Z</time>
        <extensions>
          <ns3:TrackPointExtension>
            <ns3:hr>121</ns3:hr>
            <ns3:cad>70</ns3:cad>
          </ns3:TrackPointExtension>
        </extensions>
      </trkpt>
      <trkpt lat="30.51172278821468353271484375" lon="114.23213378526270389556884765625">
        <ele>25</ele>
        <time>2025-11-07T01:11:39.000Z</time>
        <extensions>
          <ns3:TrackPointExtension>
            <ns3:hr>121</ns3:hr>
            <ns3:cad>70</ns3:cad>
          </ns3:TrackPointExtension>
        </extensions>
      </trkpt>
      <trkpt lat="30.511738546192646026611328125" lon="114.23213814385235309600830078125">
        <ele>25</ele>
        <time>2025-11-07T01:11:40.000Z</time>
        <extensions>
          <ns3:TrackPointExtension>
            <ns3:hr>120</ns3:hr>
            <ns3:cad>73</ns3:cad>
          </ns3:TrackPointExtension>
        </extensions>
      </trkpt>
      <trkpt lat="30.511793531477451324462890625" lon="114.23213277943432331085205078125">
        <ele>24.799999237060546875</ele>
        <time>2025-11-07T01:11:41.000Z</time>
        <extensions>
          <ns3:TrackPointExtension>
            <ns3:hr>120</ns3:hr>
            <ns3:cad>80</ns3:cad>
          </ns3:TrackPointExtension>
        </extensions>
      </trkpt>
      <trkpt lat="30.5118178389966487884521484375" lon="114.23212272115051746368408203125">
        <ele>24.6000003814697265625</ele>
        <time>2025-11-07T01:11:42.000Z</time>
        <extensions>
          <ns3:TrackPointExtension>
            <ns3:hr>121</ns3:hr>
            <ns3:cad>84</ns3:cad>
          </ns3:TrackPointExtension>
        </extensions>
      </trkpt>
      <trkpt lat="30.5118481814861297607421875" lon="114.23210897482931613922119140625">
        <ele>24.6000003814697265625</ele>
        <time>2025-11-07T01:11:43.000Z</time>
        <extensions>
          <ns3:TrackPointExtension>
            <ns3:hr>122</ns3:hr>
            <ns3:cad>87</ns3:cad>
          </ns3:TrackPointExtension>
        </extensions>
      </trkpt>
      <trkpt lat="30.51187022589147090911865234375" lon="114.23209103755652904510498046875">
        <ele>24.3999996185302734375</ele>
        <time>2025-11-07T01:11:44.000Z</time>
        <extensions>
          <ns3:TrackPointExtension>
            <ns3:hr>124</ns3:hr>
            <ns3:cad>88</ns3:cad>
          </ns3:TrackPointExtension>
        </extensions>
      </trkpt>
      <trkpt lat="30.51189369522035121917724609375" lon="114.232068993151187896728515625">
        <ele>24.3999996185302734375</ele>
        <time>2025-11-07T01:11:45.000Z</time>
        <extensions>
          <ns3:TrackPointExtension>
            <ns3:hr>124</ns3:hr>
            <ns3:cad>88</ns3:cad>
          </ns3:TrackPointExtension>
        </extensions>
      </trkpt>
      <trkpt lat="30.51191389560699462890625" lon="114.2320487089455127716064453125">
        <ele>24.6000003814697265625</ele>
        <time>2025-11-07T01:11:46.000Z</time>
        <extensions>
          <ns3:TrackPointExtension>
            <ns3:hr>125</ns3:hr>
            <ns3:cad>88</ns3:cad>
          </ns3:TrackPointExtension>
        </extensions>
      </trkpt>
      <trkpt lat="30.51191389560699462890625" lon="114.2320487089455127716064453125">
        <ele>24.6000003814697265625</ele>
        <time>2025-11-07T01:11:47.000Z</time>
        <extensions>
          <ns3:TrackPointExtension>
            <ns3:hr>126</ns3:hr>
            <ns3:cad>89</ns3:cad>
          </ns3:TrackPointExtension>
        </extensions>
      </trkpt>
      <trkpt lat="30.5119351856410503387451171875" lon="114.23203152604401111602783203125">
        <ele>24.6000003814697265625</ele>
        <time>2025-11-07T01:11:48.000Z</time>
        <extensions>
          <ns3:TrackPointExtension>
            <ns3:hr>125</ns3:hr>
            <ns3:cad>90</ns3:cad>
          </ns3:TrackPointExtension>
        </extensions>
      </trkpt>
      <trkpt lat="30.51198438741266727447509765625" lon="114.23202465288341045379638671875">
        <ele>24.6000003814697265625</ele>
        <time>2025-11-07T01:11:49.000Z</time>
        <extensions>
          <ns3:TrackPointExtension>
            <ns3:hr>125</ns3:hr>
            <ns3:cad>90</ns3:cad>
          </ns3:TrackPointExtension>
        </extensions>
      </trkpt>
      <trkpt lat="30.51201380789279937744140625" lon="114.23203320242464542388916015625">
        <ele>24.3999996185302734375</ele>
        <time>2025-11-07T01:11:50.000Z</time>
        <extensions>
          <ns3:TrackPointExtension>
            <ns3:hr>124</ns3:hr>
            <ns3:cad>91</ns3:cad>
          </ns3:TrackPointExtension>
        </extensions>
      </trkpt>
      <trkpt lat="30.51204524002969264984130859375" lon="114.2320477031171321868896484375">
        <ele>24.3999996185302734375</ele>
        <time>2025-11-07T01:11:51.000Z</time>
        <extensions>
          <ns3:TrackPointExtension>
            <ns3:hr>125</ns3:hr>
            <ns3:cad>92</ns3:cad>
          </ns3:TrackPointExtension>
        </extensions>
      </trkpt>
      <trkpt lat="30.51204524002969264984130859375" lon="114.2320477031171321868896484375">
        <ele>24.3999996185302734375</ele>
        <time>2025-11-07T01:11:52.000Z</time>
        <extensions>
          <ns3:TrackPointExtension>
            <ns3:hr>126</ns3:hr>
            <ns3:cad>92</ns3:cad>
          </ns3:TrackPointExtension>
        </extensions>
      </trkpt>
      <trkpt lat="30.512075833976268768310546875" lon="114.23206572420895099639892578125">
        <ele>24.3999996185302734375</ele>
        <time>2025-11-07T01:11:53.000Z</time>
        <extensions>
          <ns3:TrackPointExtension>
            <ns3:hr>127</ns3:hr>
            <ns3:cad>92</ns3:cad>
          </ns3:TrackPointExtension>
        </extensions>
      </trkpt>
      <trkpt lat="30.51214582286775112152099609375" lon="114.23210025765001773834228515625">
        <ele>24.6000003814697265625</ele>
        <time>2025-11-07T01:11:54.000Z</time>
        <extensions>
          <ns3:TrackPointExtension>
            <ns3:hr>129</ns3:hr>
            <ns3:cad>93</ns3:cad>
          </ns3:TrackPointExtension>
        </extensions>
      </trkpt>
      <trkpt lat="30.5121780931949615478515625" lon="114.23211350105702877044677734375">
        <ele>24.6000003814697265625</ele>
        <time>2025-11-07T01:11:55.000Z</time>
        <extensions>
          <ns3:TrackPointExtension>
            <ns3:hr>128</ns3:hr>
            <ns3:cad>94</ns3:cad>
          </ns3:TrackPointExtension>
        </extensions>
      </trkpt>
      <trkpt lat="30.512213297188282012939453125" lon="114.2321234755218029022216796875">
        <ele>25</ele>
        <time>2025-11-07T01:11:56.000Z</time>
        <extensions>
          <ns3:TrackPointExtension>
            <ns3:hr>128</ns3:hr>
            <ns3:cad>92</ns3:cad>
          </ns3:TrackPointExtension>
        </extensions>
      </trkpt>
      <trkpt lat="30.5122424662113189697265625" lon="114.23212456516921520233154296875">
        <ele>25</ele>
        <time>2025-11-07T01:11:57.000Z</time>
        <extensions>
          <ns3:TrackPointExtension>
            <ns3:hr>128</ns3:hr>
            <ns3:cad>91</ns3:cad>
          </ns3:TrackPointExtension>
        </extensions>
      </trkpt>
      <trkpt lat="30.512272305786609649658203125" lon="114.23210687935352325439453125">
        <ele>24.799999237060546875</ele>
        <time>2025-11-07T01:11:58.000Z</time>
        <extensions>
          <ns3:TrackPointExtension>
            <ns3:hr>128</ns3:hr>
            <ns3:cad>93</ns3:cad>
          </ns3:TrackPointExtension>
        </extensions>
      </trkpt>
      <trkpt lat="30.51229150034487247467041015625" lon="114.23207762651145458221435546875">
        <ele>24.6000003814697265625</ele>
        <time>2025-11-07T01:11:59.000Z</time>
        <extensions>
          <ns3:TrackPointExtension>
            <ns3:hr>128</ns3:hr>
            <ns3:cad>94</ns3:cad>
          </ns3:TrackPointExtension>
        </extensions>
      </trkpt>
      <trkpt lat="30.5122987926006317138671875" lon="114.2320490442216396331787109375">
        <ele>24.6000003814697265625</ele>
        <time>2025-11-07T01:12:00.000Z</time>
        <extensions>
          <ns3:TrackPointExtension>
            <ns3:hr>136</ns3:hr>
            <ns3:cad>95</ns3:cad>
          </ns3:TrackPointExtension>
        </extensions>
      </trkpt>
      <trkpt lat="30.51229971460998058319091796875" lon="114.2320010997354984283447265625">
        <ele>24.3999996185302734375</ele>
        <time>2025-11-07T01:12:01.000Z</time>
        <extensions>
          <ns3:TrackPointExtension>
            <ns3:hr>137</ns3:hr>
            <ns3:cad>95</ns3:cad>
          </ns3:TrackPointExtension>
        </extensions>
      </trkpt>
      <trkpt lat="30.51229803822934627532958984375" lon="114.23195793293416500091552734375">
        <ele>24.3999996185302734375</ele>
        <time>2025-11-07T01:12:02.000Z</time>
        <extensions>
          <ns3:TrackPointExtension>
            <ns3:hr>136</ns3:hr>
            <ns3:cad>95</ns3:cad>
          </ns3:TrackPointExtension>
        </extensions>
      </trkpt>
      <trkpt lat="30.51229669712483882904052734375" lon="114.2319109104573726654052734375">
        <ele>24.3999996185302734375</ele>
        <time>2025-11-07T01:12:03.000Z</time>
        <extensions>
          <ns3:TrackPointExtension>
            <ns3:hr>137</ns3:hr>
            <ns3:cad>94</ns3:cad>
          </ns3:TrackPointExtension>
        </extensions>
      </trkpt>
      <trkpt lat="30.51229669712483882904052734375" lon="114.2319109104573726654052734375">
        <ele>24.6000003814697265625</ele>
        <time>2025-11-07T01:12:04.000Z</time>
        <extensions>
          <ns3:TrackPointExtension>
            <ns3:hr>138</ns3:hr>
            <ns3:cad>94</ns3:cad>
          </ns3:TrackPointExtension>
        </extensions>
      </trkpt>
      <trkpt lat="30.51230139099061489105224609375" lon="114.2318720184266567230224609375">
        <ele>24.6000003814697265625</ele>
        <time>2025-11-07T01:12:05.000Z</time>
        <extensions>
          <ns3:TrackPointExtension>
            <ns3:hr>138</ns3:hr>
            <ns3:cad>95</ns3:cad>
          </ns3:TrackPointExtension>
        </extensions>
      </trkpt>
      <trkpt lat="30.51231446675956249237060546875" lon="114.23183589242398738861083984375">
        <ele>24.6000003814697265625</ele>
        <time>2025-11-07T01:12:06.000Z</time>
        <extensions>
          <ns3:TrackPointExtension>
            <ns3:hr>138</ns3:hr>
            <ns3:cad>95</ns3:cad>
          </ns3:TrackPointExtension>
        </extensions>
      </trkpt>
      <trkpt lat="30.5123579688370227813720703125" lon="114.2317711003124713897705078125">
        <ele>24.6000003814697265625</ele>
        <time>2025-11-07T01:12:07.000Z</time>
        <extensions>
          <ns3:TrackPointExtension>
            <ns3:hr>138</ns3:hr>
            <ns3:cad>96</ns3:cad>
          </ns3:TrackPointExtension>
        </extensions>
      </trkpt>
      <trkpt lat="30.51238118670880794525146484375" lon="114.2317379079759120941162109375">
        <ele>24.3999996185302734375</ele>
        <time>2025-11-07T01:12:08.000Z</time>
        <extensions>
          <ns3:TrackPointExtension>
            <ns3:hr>143</ns3:hr>
            <ns3:cad>97</ns3:cad>
          </ns3:TrackPointExtension>
        </extensions>
      </trkpt>
      <trkpt lat="30.51240750588476657867431640625" lon="114.2317063920199871063232421875">
        <ele>24.6000003814697265625</ele>
        <time>2025-11-07T01:12:09.000Z</time>
        <extensions>
          <ns3:TrackPointExtension>
            <ns3:hr>144</ns3:hr>
            <ns3:cad>97</ns3:cad>
          </ns3:TrackPointExtension>
        </extensions>
      </trkpt>
      <trkpt lat="30.512428544461727142333984375" lon="114.23168116249144077301025390625">
        <ele>24.6000003814697265625</ele>
        <time>2025-11-07T01:12:10.000Z</time>
        <extensions>
          <ns3:TrackPointExtension>
            <ns3:hr>144</ns3:hr>
            <ns3:cad>97</ns3:cad>
          </ns3:TrackPointExtension>
        </extensions>
      </trkpt>
      <trkpt lat="30.5124511756002902984619140625" lon="114.23165266402065753936767578125">
        <ele>24.799999237060546875</ele>
        <time>2025-11-07T01:12:11.000Z</time>
        <extensions>
          <ns3:TrackPointExtension>
            <ns3:hr>144</ns3:hr>
            <ns3:cad>96</ns3:cad>
          </ns3:TrackPointExtension>
        </extensions>
      </trkpt>
      <trkpt lat="30.5124706216156482696533203125" lon="114.23162852413952350616455078125">
        <ele>25</ele>
        <time>2025-11-07T01:12:12.000Z</time>
        <extensions>
          <ns3:TrackPointExtension>
            <ns3:hr>144</ns3:hr>
            <ns3:cad>96</ns3:cad>
          </ns3:TrackPointExtension>
        </extensions>
      </trkpt>
      <trkpt lat="30.51249132491648197174072265625" lon="114.23160119913518428802490234375">
        <ele>25.200000762939453125</ele>
        <time>2025-11-07T01:12:13.000Z</time>
        <extensions>
          <ns3:TrackPointExtension>
            <ns3:hr>144</ns3:hr>
            <ns3:cad>96</ns3:cad>
          </ns3:TrackPointExtension>
        </extensions>
      </trkpt>
      <trkpt lat="30.51250523887574672698974609375" lon="114.23157236538827419281005859375">
        <ele>25.3999996185302734375</ele>
        <time>2025-11-07T01:12:14.000Z</time>
        <extensions>
          <ns3:TrackPointExtension>
            <ns3:hr>144</ns3:hr>
            <ns3:cad>96</ns3:cad>
          </ns3:TrackPointExtension>
        </extensions>
      </trkpt>
      <trkpt lat="30.51251881755888462066650390625" lon="114.23154034651815891265869140625">
        <ele>25.6000003814697265625</ele>
        <time>2025-11-07T01:12:15.000Z</time>
        <extensions>
          <ns3:TrackPointExtension>
            <ns3:hr>143</ns3:hr>
            <ns3:cad>95</ns3:cad>
          </ns3:TrackPointExtension>
        </extensions>
      </trkpt>
      <trkpt lat="30.51251881755888462066650390625" lon="114.23154034651815891265869140625">
        <ele>25.6000003814697265625</ele>
        <time>2025-11-07T01:12:16.000Z</time>
        <extensions>
          <ns3:TrackPointExtension>
            <ns3:hr>142</ns3:hr>
            <ns3:cad>94</ns3:cad>
          </ns3:TrackPointExtension>
        </extensions>
      </trkpt>
      <trkpt lat="30.5125286243855953216552734375" lon="114.2315032146871089935302734375">
        <ele>25.6000003814697265625</ele>
        <time>2025-11-07T01:12:17.000Z</time>
        <extensions>
          <ns3:TrackPointExtension>
            <ns3:hr>140</ns3:hr>
            <ns3:cad>93</ns3:cad>
          </ns3:TrackPointExtension>
        </extensions>
      </trkpt>
      <trkpt lat="30.51253407262265682220458984375" lon="114.2314680106937885284423828125">
        <ele>25.799999237060546875</ele>
        <time>2025-11-07T01:12:18.000Z</time>
        <extensions>
          <ns3:TrackPointExtension>
            <ns3:hr>140</ns3:hr>
            <ns3:cad>93</ns3:cad>
          </ns3:TrackPointExtension>
        </extensions>
      </trkpt>
      <trkpt lat="30.51253876648843288421630859375" lon="114.23143255524337291717529296875">
        <ele>25.799999237060546875</ele>
        <time>2025-11-07T01:12:19.000Z</time>
        <extensions>
          <ns3:TrackPointExtension>
            <ns3:hr>141</ns3:hr>
            <ns3:cad>94</ns3:cad>
          </ns3:TrackPointExtension>
        </extensions>
      </trkpt>
      <trkpt lat="30.5125430412590503692626953125" lon="114.23135812394320964813232421875">
        <ele>26</ele>
        <time>2025-11-07T01:12:20.000Z</time>
        <extensions>
          <ns3:TrackPointExtension>
            <ns3:hr>142</ns3:hr>
            <ns3:cad>93</ns3:cad>
          </ns3:TrackPointExtension>
        </extensions>
      </trkpt>
      <trkpt lat="30.5125430412590503692626953125" lon="114.23135812394320964813232421875">
        <ele>26</ele>
        <time>2025-11-07T01:12:21.000Z</time>
        <extensions>
          <ns3:TrackPointExtension>
            <ns3:hr>144</ns3:hr>
            <ns3:cad>93</ns3:cad>
          </ns3:TrackPointExtension>
        </extensions>
      </trkpt>
      <trkpt lat="30.5125457234680652618408203125" lon="114.231320656836032867431640625">
        <ele>26</ele>
        <time>2025-11-07T01:12:22.000Z</time>
        <extensions>
          <ns3:TrackPointExtension>
            <ns3:hr>150</ns3:hr>
            <ns3:cad>93</ns3:cad>
          </ns3:TrackPointExtension>
        </extensions>
      </trkpt>
      <trkpt lat="30.51255821250379085540771484375" lon="114.23124396242201328277587890625">
        <ele>26</ele>
        <time>2025-11-07T01:12:23.000Z</time>
        <extensions>
          <ns3:TrackPointExtension>
            <ns3:hr>150</ns3:hr>
            <ns3:cad>92</ns3:cad>
          </ns3:TrackPointExtension>
        </extensions>
      </trkpt>
      <trkpt lat="30.51256592385470867156982421875" lon="114.23120926134288311004638671875">
        <ele>26.200000762939453125</ele>
        <time>2025-11-07T01:12:24.000Z</time>
        <extensions>
          <ns3:TrackPointExtension>
            <ns3:hr>150</ns3:hr>
            <ns3:cad>93</ns3:cad>
          </ns3:TrackPointExtension>
        </extensions>
      </trkpt>
      <trkpt lat="30.5125775747001171112060546875" lon="114.23117891885340213775634765625">
        <ele>26.200000762939453125</ele>
        <time>2025-11-07T01:12:25.000Z</time>
        <extensions>
          <ns3:TrackPointExtension>
            <ns3:hr>150</ns3:hr>
            <ns3:cad>93</ns3:cad>
          </ns3:TrackPointExtension>
        </extensions>
      </trkpt>
      <trkpt lat="30.51259576342999935150146484375" lon="114.2311474867165088653564453125">
        <ele>26.200000762939453125</ele>
        <time>2025-11-07T01:12:26.000Z</time>
        <extensions>
          <ns3:TrackPointExtension>
            <ns3:hr>150</ns3:hr>
            <ns3:cad>93</ns3:cad>
          </ns3:TrackPointExtension>
        </extensions>
      </trkpt>
      <trkpt lat="30.5126161314547061920166015625" lon="114.2311122827231884002685546875">
        <ele>26</ele>
        <time>2025-11-07T01:12:27.000Z</time>
        <extensions>
          <ns3:TrackPointExtension>
            <ns3:hr>150</ns3:hr>
            <ns3:cad>93</ns3:cad>
          </ns3:TrackPointExtension>
        </extensions>
      </trkpt>
      <trkpt lat="30.5126161314547061920166015625" lon="114.2311122827231884002685546875">
        <ele>25.799999237060546875</ele>
        <time>2025-11-07T01:12:28.000Z</time>
        <extensions>
          <ns3:TrackPointExtension>
            <ns3:hr>150</ns3:hr>
            <ns3:cad>93</ns3:cad>
          </ns3:TrackPointExtension>
        </extensions>
      </trkpt>
      <trkpt lat="30.51263666711747646331787109375" lon="114.23108152113854885101318359375">
        <ele>25.6000003814697265625</ele>
        <time>2025-11-07T01:12:29.000Z</time>
        <extensions>
          <ns3:TrackPointExtension>
            <ns3:hr>151</ns3:hr>
            <ns3:cad>93</ns3:cad>
          </ns3:TrackPointExtension>
        </extensions>
      </trkpt>
      <trkpt lat="30.5126610584557056427001953125" lon="114.2310442216694355010986328125">
        <ele>25.3999996185302734375</ele>
        <time>2025-11-07T01:12:30.000Z</time>
        <extensions>
          <ns3:TrackPointExtension>
            <ns3:hr>150</ns3:hr>
            <ns3:cad>93</ns3:cad>
          </ns3:TrackPointExtension>
        </extensions>
      </trkpt>
      <trkpt lat="30.51270824857056140899658203125" lon="114.230987392365932464599609375">
        <ele>25.3999996185302734375</ele>
        <time>2025-11-07T01:12:31.000Z</time>
        <extensions>
          <ns3:TrackPointExtension>
            <ns3:hr>151</ns3:hr>
            <ns3:cad>93</ns3:cad>
          </ns3:TrackPointExtension>
        </extensions>
      </trkpt>
      <trkpt lat="30.5127351544797420501708984375" lon="114.23096467740833759307861328125">
        <ele>25.200000762939453125</ele>
        <time>2025-11-07T01:12:32.000Z</time>
        <extensions>
          <ns3:TrackPointExtension>
            <ns3:hr>152</ns3:hr>
            <ns3:cad>93</ns3:cad>
          </ns3:TrackPointExtension>
        </extensions>
      </trkpt>
      <trkpt lat="30.51276222802698612213134765625" lon="114.23093601129949092864990234375">
        <ele>25.200000762939453125</ele>
        <time>2025-11-07T01:12:33.000Z</time>
        <extensions>
          <ns3:TrackPointExtension>
            <ns3:hr>152</ns3:hr>
            <ns3:cad>94</ns3:cad>
          </ns3:TrackPointExtension>
        </extensions>
      </trkpt>
      <trkpt lat="30.512782596051692962646484375" lon="114.23090751282870769500732421875">
        <ele>25.200000762939453125</ele>
        <time>2025-11-07T01:12:34.000Z</time>
        <extensions>
          <ns3:TrackPointExtension>
            <ns3:hr>153</ns3:hr>
            <ns3:cad>93</ns3:cad>
          </ns3:TrackPointExtension>
        </extensions>
      </trkpt>
      <trkpt lat="30.51280564628541469573974609375" lon="114.23088186420500278472900390625">
        <ele>25.200000762939453125</ele>
        <time>2025-11-07T01:12:35.000Z</time>
        <extensions>
          <ns3:TrackPointExtension>
            <ns3:hr>153</ns3:hr>
            <ns3:cad>93</ns3:cad>
          </ns3:TrackPointExtension>
        </extensions>
      </trkpt>
      <trkpt lat="30.5128273554146289825439453125" lon="114.23084900714457035064697265625">
        <ele>25</ele>
        <time>2025-11-07T01:12:36.000Z</time>
        <extensions>
          <ns3:TrackPointExtension>
            <ns3:hr>152</ns3:hr>
            <ns3:cad>93</ns3:cad>
          </ns3:TrackPointExtension>
        </extensions>
      </trkpt>
      <trkpt lat="30.51284889690577983856201171875" lon="114.230812378227710723876953125">
        <ele>24.799999237060546875</ele>
        <time>2025-11-07T01:12:37.000Z</time>
        <extensions>
          <ns3:TrackPointExtension>
            <ns3:hr>151</ns3:hr>
            <ns3:cad>93</ns3:cad>
          </ns3:TrackPointExtension>
        </extensions>
      </trkpt>
      <trkpt lat="30.51284889690577983856201171875" lon="114.230812378227710723876953125">
        <ele>24.799999237060546875</ele>
        <time>2025-11-07T01:12:38.000Z</time>
        <extensions>
          <ns3:TrackPointExtension>
            <ns3:hr>150</ns3:hr>
            <ns3:cad>93</ns3:cad>
          </ns3:TrackPointExtension>
        </extensions>
      </trkpt>
      <trkpt lat="30.51286767236888408660888671875" lon="114.23077189363539218902587890625">
        <ele>24.6000003814697265625</ele>
        <time>2025-11-07T01:12:39.000Z</time>
        <extensions>
          <ns3:TrackPointExtension>
            <ns3:hr>149</ns3:hr>
            <ns3:cad>93</ns3:cad>
          </ns3:TrackPointExtension>
        </extensions>
      </trkpt>
      <trkpt lat="30.51288108341395854949951171875" lon="114.23073518089950084686279296875">
        <ele>24.3999996185302734375</ele>
        <time>2025-11-07T01:12:40.000Z</time>
        <extensions>
          <ns3:TrackPointExtension>
            <ns3:hr>149</ns3:hr>
            <ns3:cad>91</ns3:cad>
          </ns3:TrackPointExtension>
        </extensions>
      </trkpt>
      <trkpt lat="30.51289466209709644317626953125" lon="114.2306908406317234039306640625">
        <ele>24.3999996185302734375</ele>
        <time>2025-11-07T01:12:41.000Z</time>
        <extensions>
          <ns3:TrackPointExtension>
            <ns3:hr>149</ns3:hr>
            <ns3:cad>91</ns3:cad>
          </ns3:TrackPointExtension>
        </extensions>
      </trkpt>
      <trkpt lat="30.51290689967572689056396484375" lon="114.23065572045743465423583984375">
        <ele>24.3999996185302734375</ele>
        <time>2025-11-07T01:12:42.000Z</time>
        <extensions>
          <ns3:TrackPointExtension>
            <ns3:hr>150</ns3:hr>
            <ns3:cad>91</ns3:cad>
          </ns3:TrackPointExtension>
        </extensions>
      </trkpt>
      <trkpt lat="30.512947551906108856201171875" lon="114.2305949516594409942626953125">
        <ele>24.3999996185302734375</ele>
        <time>2025-11-07T01:12:43.000Z</time>
        <extensions>
          <ns3:TrackPointExtension>
            <ns3:hr>150</ns3:hr>
            <ns3:cad>92</ns3:cad>
          </ns3:TrackPointExtension>
        </extensions>
      </trkpt>
      <trkpt lat="30.512947551906108856201171875" lon="114.2305949516594409942626953125">
        <ele>24.200000762939453125</ele>
        <time>2025-11-07T01:12:44.000Z</time>
        <extensions>
          <ns3:TrackPointExtension>
            <ns3:hr>150</ns3:hr>
            <ns3:cad>92</ns3:cad>
          </ns3:TrackPointExtension>
        </extensions>
      </trkpt>
      <trkpt lat="30.51300195045769214630126953125" lon="114.2305389605462551116943359375">
        <ele>24.200000762939453125</ele>
        <time>2025-11-07T01:12:45.000Z</time>
        <extensions>
          <ns3:TrackPointExtension>
            <ns3:hr>151</ns3:hr>
            <ns3:cad>93</ns3:cad>
          </ns3:TrackPointExtension>
        </extensions>
      </trkpt>
      <trkpt lat="30.51302994601428508758544921875" lon="114.2305151559412479400634765625">
        <ele>24.200000762939453125</ele>
        <time>2025-11-07T01:12:46.000Z</time>
        <extensions>
          <ns3:TrackPointExtension>
            <ns3:hr>151</ns3:hr>
            <ns3:cad>93</ns3:cad>
          </ns3:TrackPointExtension>
        </extensions>
      </trkpt>
      <trkpt lat="30.51305852830410003662109375" lon="114.2304879985749721527099609375">
        <ele>24.200000762939453125</ele>
        <time>2025-11-07T01:12:47.000Z</time>
        <extensions>
          <ns3:TrackPointExtension>
            <ns3:hr>151</ns3:hr>
            <ns3:cad>93</ns3:cad>
          </ns3:TrackPointExtension>
        </extensions>
      </trkpt>
      <trkpt lat="30.51308266818523406982421875" lon="114.2304635234177112579345703125">
        <ele>24</ele>
        <time>2025-11-07T01:12:48.000Z</time>
        <extensions>
          <ns3:TrackPointExtension>
            <ns3:hr>152</ns3:hr>
            <ns3:cad>93</ns3:cad>
          </ns3:TrackPointExtension>
        </extensions>
      </trkpt>
      <trkpt lat="30.51310814917087554931640625" lon="114.23043712042272090911865234375">
        <ele>24</ele>
        <time>2025-11-07T01:12:49.000Z</time>
        <extensions>
          <ns3:TrackPointExtension>
            <ns3:hr>152</ns3:hr>
            <ns3:cad>93</ns3:cad>
          </ns3:TrackPointExtension>
        </extensions>
      </trkpt>
      <trkpt lat="30.51312818191945552825927734375" lon="114.23041415400803089141845703125">
        <ele>24</ele>
        <time>2025-11-07T01:12:50.000Z</time>
        <extensions>
          <ns3:TrackPointExtension>
            <ns3:hr>152</ns3:hr>
            <ns3:cad>93</ns3:cad>
          </ns3:TrackPointExtension>
        </extensions>
      </trkpt>
      <trkpt lat="30.5131492204964160919189453125" lon="114.23038297332823276519775390625">
        <ele>24</ele>
        <time>2025-11-07T01:12:51.000Z</time>
        <extensions>
          <ns3:TrackPointExtension>
            <ns3:hr>153</ns3:hr>
            <ns3:cad>93</ns3:cad>
          </ns3:TrackPointExtension>
        </extensions>
      </trkpt>
      <trkpt lat="30.5131678283214569091796875" lon="114.23035564832389354705810546875">
        <ele>24</ele>
        <time>2025-11-07T01:12:52.000Z</time>
        <extensions>
          <ns3:TrackPointExtension>
            <ns3:hr>153</ns3:hr>
            <ns3:cad>93</ns3:cad>
          </ns3:TrackPointExtension>
        </extensions>
      </trkpt>
      <trkpt lat="30.5131891183555126190185546875" lon="114.2303223721683025360107421875">
        <ele>24</ele>
        <time>2025-11-07T01:12:53.000Z</time>
        <extensions>
          <ns3:TrackPointExtension>
            <ns3:hr>153</ns3:hr>
            <ns3:cad>93</ns3:cad>
          </ns3:TrackPointExtension>
        </extensions>
      </trkpt>
      <trkpt lat="30.5131891183555126190185546875" lon="114.2303223721683025360107421875">
        <ele>24</ele>
        <time>2025-11-07T01:12:54.000Z</time>
        <extensions>
          <ns3:TrackPointExtension>
            <ns3:hr>153</ns3:hr>
            <ns3:cad>93</ns3:cad>
          </ns3:TrackPointExtension>
        </extensions>
      </trkpt>
      <trkpt lat="30.5132021941244602203369140625" lon="114.23029244877398014068603515625">
        <ele>23.799999237060546875</ele>
        <time>2025-11-07T01:12:55.000Z</time>
        <extensions>
          <ns3:TrackPointExtension>
            <ns3:hr>153</ns3:hr>
            <ns3:cad>92</ns3:cad>
          </ns3:TrackPointExtension>
        </extensions>
      </trkpt>
      <trkpt lat="30.51321501843631267547607421875" lon="114.230259843170642852783203125">
        <ele>23.799999237060546875</ele>
        <time>2025-11-07T01:12:56.000Z</time>
        <extensions>
          <ns3:TrackPointExtension>
            <ns3:hr>153</ns3:hr>
            <ns3:cad>92</ns3:cad>
          </ns3:TrackPointExtension>
        </extensions>
      </trkpt>
      <trkpt lat="30.51322742365300655364990234375" lon="114.2302221246063709259033203125">
        <ele>23.799999237060546875</ele>
        <time>2025-11-07T01:12:57.000Z</time>
        <extensions>
          <ns3:TrackPointExtension>
            <ns3:hr>154</ns3:hr>
            <ns3:cad>91</ns3:cad>
          </ns3:TrackPointExtension>
        </extensions>
      </trkpt>
      <trkpt lat="30.5132457800209522247314453125" lon="114.23015481792390346527099609375">
        <ele>23.799999237060546875</ele>
        <time>2025-11-07T01:12:58.000Z</time>
        <extensions>
          <ns3:TrackPointExtension>
            <ns3:hr>154</ns3:hr>
            <ns3:cad>91</ns3:cad>
          </ns3:TrackPointExtension>
        </extensions>
      </trkpt>
      <trkpt lat="30.51325240172445774078369140625" lon="114.230122379958629608154296875">
        <ele>23.6000003814697265625</ele>
        <time>2025-11-07T01:12:59.000Z</time>
        <extensions>
          <ns3:TrackPointExtension>
            <ns3:hr>154</ns3:hr>
            <ns3:cad>92</ns3:cad>
          </ns3:TrackPointExtension>
        </extensions>
      </trkpt>
      <trkpt lat="30.513258017599582672119140625" lon="114.23008583486080169677734375">
        <ele>23.6000003814697265625</ele>
        <time>2025-11-07T01:13:00.000Z</time>
        <extensions>
          <ns3:TrackPointExtension>
            <ns3:hr>154</ns3:hr>
            <ns3:cad>92</ns3:cad>
          </ns3:TrackPointExtension>
        </extensions>
      </trkpt>
      <trkpt lat="30.513262711465358734130859375" lon="114.23005507327616214752197265625">
        <ele>23.6000003814697265625</ele>
        <time>2025-11-07T01:13:01.000Z</time>
        <extensions>
          <ns3:TrackPointExtension>
            <ns3:hr>154</ns3:hr>
            <ns3:cad>92</ns3:cad>
          </ns3:TrackPointExtension>
        </extensions>
      </trkpt>
      <trkpt lat="30.51326966844499111175537109375" lon="114.23001919873058795928955078125">
        <ele>23.6000003814697265625</ele>
        <time>2025-11-07T01:13:02.000Z</time>
        <extensions>
          <ns3:TrackPointExtension>
            <ns3:hr>153</ns3:hr>
            <ns3:cad>92</ns3:cad>
          </ns3:TrackPointExtension>
        </extensions>
      </trkpt>
      <trkpt lat="30.51327318884432315826416015625" lon="114.2299874313175678253173828125">
        <ele>23.6000003814697265625</ele>
        <time>2025-11-07T01:13:03.000Z</time>
        <extensions>
          <ns3:TrackPointExtension>
            <ns3:hr>153</ns3:hr>
            <ns3:cad>92</ns3:cad>
          </ns3:TrackPointExtension>
        </extensions>
      </trkpt>
      <trkpt lat="30.51327318884432315826416015625" lon="114.2299874313175678253173828125">
        <ele>23.6000003814697265625</ele>
        <time>2025-11-07T01:13:04.000Z</time>
        <extensions>
          <ns3:TrackPointExtension>
            <ns3:hr>153</ns3:hr>
            <ns3:cad>92</ns3:cad>
          </ns3:TrackPointExtension>
        </extensions>
      </trkpt>
      <trkpt lat="30.513274110853672027587890625" lon="114.229948706924915313720703125">
        <ele>23.6000003814697265625</ele>
        <time>2025-11-07T01:13:05.000Z</time>
        <extensions>
          <ns3:TrackPointExtension>
            <ns3:hr>153</ns3:hr>
            <ns3:cad>92</ns3:cad>
          </ns3:TrackPointExtension>
        </extensions>
      </trkpt>
      <trkpt lat="30.51327737979590892791748046875" lon="114.22987536527216434478759765625">
        <ele>23.3999996185302734375</ele>
        <time>2025-11-07T01:13:06.000Z</time>
        <extensions>
          <ns3:TrackPointExtension>
            <ns3:hr>153</ns3:hr>
            <ns3:cad>92</ns3:cad>
          </ns3:TrackPointExtension>
        </extensions>
      </trkpt>
      <trkpt lat="30.51327771507203578948974609375" lon="114.22984133474528789520263671875">
        <ele>23.3999996185302734375</ele>
        <time>2025-11-07T01:13:07.000Z</time>
        <extensions>
          <ns3:TrackPointExtension>
            <ns3:hr>153</ns3:hr>
            <ns3:cad>92</ns3:cad>
          </ns3:TrackPointExtension>
        </extensions>
      </trkpt>
      <trkpt lat="30.51328307949006557464599609375" lon="114.22980143688619136810302734375">
        <ele>23.3999996185302734375</ele>
        <time>2025-11-07T01:13:08.000Z</time>
        <extensions>
          <ns3:TrackPointExtension>
            <ns3:hr>153</ns3:hr>
            <ns3:cad>92</ns3:cad>
          </ns3:TrackPointExtension>
        </extensions>
      </trkpt>
      <trkpt lat="30.5132907070219516754150390625" lon="114.22976522706449031829833984375">
        <ele>23.3999996185302734375</ele>
        <time>2025-11-07T01:13:09.000Z</time>
        <extensions>
          <ns3:TrackPointExtension>
            <ns3:hr>153</ns3:hr>
            <ns3:cad>92</ns3:cad>
          </ns3:TrackPointExtension>
        </extensions>
      </trkpt>
      <trkpt lat="30.5133021064102649688720703125" lon="114.22973035834729671478271484375">
        <ele>23.3999996185302734375</ele>
        <time>2025-11-07T01:13:10.000Z</time>
        <extensions>
          <ns3:TrackPointExtension>
            <ns3:hr>153</ns3:hr>
            <ns3:cad>92</ns3:cad>
          </ns3:TrackPointExtension>
        </extensions>
      </trkpt>
      <trkpt lat="30.5133021064102649688720703125" lon="114.22973035834729671478271484375">
        <ele>23.3999996185302734375</ele>
        <time>2025-11-07T01:13:11.000Z</time>
        <extensions>
          <ns3:TrackPointExtension>
            <ns3:hr>153</ns3:hr>
            <ns3:cad>92</ns3:cad>
          </ns3:TrackPointExtension>
        </extensions>
      </trkpt>
      <trkpt lat="30.5133141763508319854736328125" lon="114.229694902896881103515625">
        <ele>23.3999996185302734375</ele>
        <time>2025-11-07T01:13:12.000Z</time>
        <extensions>
          <ns3:TrackPointExtension>
            <ns3:hr>153</ns3:hr>
            <ns3:cad>92</ns3:cad>
          </ns3:TrackPointExtension>
        </extensions>
      </trkpt>
      <trkpt lat="30.51332649774849414825439453125" lon="114.22966179437935352325439453125">
        <ele>23.3999996185302734375</ele>
        <time>2025-11-07T01:13:13.000Z</time>
        <extensions>
          <ns3:TrackPointExtension>
            <ns3:hr>153</ns3:hr>
            <ns3:cad>92</ns3:cad>
          </ns3:TrackPointExtension>
        </extensions>
      </trkpt>
      <trkpt lat="30.5133569240570068359375" lon="114.2296028696000576019287109375">
        <ele>23.200000762939453125</ele>
        <time>2025-11-07T01:13:14.000Z</time>
        <extensions>
          <ns3:TrackPointExtension>
            <ns3:hr>153</ns3:hr>
            <ns3:cad>93</ns3:cad>
          </ns3:TrackPointExtension>
        </extensions>
      </trkpt>
      <trkpt lat="30.513374693691730499267578125" lon="114.22956942580640316009521484375">
        <ele>23.200000762939453125</ele>
        <time>2025-11-07T01:13:15.000Z</time>
        <extensions>
          <ns3:TrackPointExtension>
            <ns3:hr>153</ns3:hr>
            <ns3:cad>92</ns3:cad>
          </ns3:TrackPointExtension>
        </extensions>
      </trkpt>
      <trkpt lat="30.51339489407837390899658203125" lon="114.22954327426850795745849609375">
        <ele>23.200000762939453125</ele>
        <time>2025-11-07T01:13:16.000Z</time>
        <extensions>
          <ns3:TrackPointExtension>
            <ns3:hr>153</ns3:hr>
            <ns3:cad>92</ns3:cad>
          </ns3:TrackPointExtension>
        </extensions>
      </trkpt>
      <trkpt lat="30.51339489407837390899658203125" lon="114.22954327426850795745849609375">
        <ele>23.200000762939453125</ele>
        <time>2025-11-07T01:13:17.000Z</time>
        <extensions>
          <ns3:TrackPointExtension>
            <ns3:hr>153</ns3:hr>
            <ns3:cad>92</ns3:cad>
          </ns3:TrackPointExtension>
        </extensions>
      </trkpt>
      <trkpt lat="30.513432361185550689697265625" lon="114.22947990708053112030029296875">
        <ele>23.3999996185302734375</ele>
        <time>2025-11-07T01:13:18.000Z</time>
        <extensions>
          <ns3:TrackPointExtension>
            <ns3:hr>153</ns3:hr>
            <ns3:cad>92</ns3:cad>
          </ns3:TrackPointExtension>
        </extensions>
      </trkpt>
      <trkpt lat="30.5134539864957332611083984375" lon="114.229448474943637847900390625">
        <ele>23.200000762939453125</ele>
        <time>2025-11-07T01:13:19.000Z</time>
        <extensions>
          <ns3:TrackPointExtension>
            <ns3:hr>153</ns3:hr>
            <ns3:cad>92</ns3:cad>
          </ns3:TrackPointExtension>
        </extensions>
      </trkpt>
      <trkpt lat="30.51346966065466403961181640625" lon="114.22942374832928180694580078125">
        <ele>23.200000762939453125</ele>
        <time>2025-11-07T01:13:20.000Z</time>
        <extensions>
          <ns3:TrackPointExtension>
            <ns3:hr>152</ns3:hr>
            <ns3:cad>92</ns3:cad>
          </ns3:TrackPointExtension>
        </extensions>
      </trkpt>
      <trkpt lat="30.51346966065466403961181640625" lon="114.22942374832928180694580078125">
        <ele>23.200000762939453125</ele>
        <time>2025-11-07T01:13:21.000Z</time>
        <extensions>
          <ns3:TrackPointExtension>
            <ns3:hr>153</ns3:hr>
            <ns3:cad>92</ns3:cad>
          </ns3:TrackPointExtension>
        </extensions>
      </trkpt>
      <trkpt lat="30.5134891904890537261962890625" lon="114.2293904721736907958984375">
        <ele>23.200000762939453125</ele>
        <time>2025-11-07T01:13:22.000Z</time>
        <extensions>
          <ns3:TrackPointExtension>
            <ns3:hr>153</ns3:hr>
            <ns3:cad>92</ns3:cad>
          </ns3:TrackPointExtension>
        </extensions>
      </trkpt>
      <trkpt lat="30.51351718604564666748046875" lon="114.2293299548327922821044921875">
        <ele>23.200000762939453125</ele>
        <time>2025-11-07T01:13:23.000Z</time>
        <extensions>
          <ns3:TrackPointExtension>
            <ns3:hr>153</ns3:hr>
            <ns3:cad>92</ns3:cad>
          </ns3:TrackPointExtension>
        </extensions>
      </trkpt>
      <trkpt lat="30.5135331116616725921630859375" lon="114.22929852269589900970458984375">
        <ele>23.200000762939453125</ele>
        <time>2025-11-07T01:13:24.000Z</time>
        <extensions>
          <ns3:TrackPointExtension>
            <ns3:hr>152</ns3:hr>
            <ns3:cad>93</ns3:cad>
          </ns3:TrackPointExtension>
        </extensions>
      </trkpt>
      <trkpt lat="30.5135460197925567626953125" lon="114.229266755282878875732421875">
        <ele>23.200000762939453125</ele>
        <time>2025-11-07T01:13:25.000Z</time>
        <extensions>
          <ns3:TrackPointExtension>
            <ns3:hr>153</ns3:hr>
            <ns3:cad>92</ns3:cad>
          </ns3:TrackPointExtension>
        </extensions>
      </trkpt>
      <trkpt lat="30.51355884410440921783447265625" lon="114.2292317189276218414306640625">
        <ele>23</ele>
        <time>2025-11-07T01:13:26.000Z</time>
        <extensions>
          <ns3:TrackPointExtension>
            <ns3:hr>153</ns3:hr>
            <ns3:cad>92</ns3:cad>
          </ns3:TrackPointExtension>
        </extensions>
      </trkpt>
      <trkpt lat="30.51356839947402477264404296875" lon="114.22920263372361660003662109375">
        <ele>23</ele>
        <time>2025-11-07T01:13:27.000Z</time>
        <extensions>
          <ns3:TrackPointExtension>
            <ns3:hr>152</ns3:hr>
            <ns3:cad>92</ns3:cad>
          </ns3:TrackPointExtension>
        </extensions>
      </trkpt>
      <trkpt lat="30.5135817267000675201416015625" lon="114.22916977666318416595458984375">
        <ele>23</ele>
        <time>2025-11-07T01:13:28.000Z</time>
        <extensions>
          <ns3:TrackPointExtension>
            <ns3:hr>153</ns3:hr>
            <ns3:cad>92</ns3:cad>
          </ns3:TrackPointExtension>
        </extensions>
      </trkpt>
      <trkpt lat="30.5135817267000675201416015625" lon="114.22916977666318416595458984375">
        <ele>23</ele>
        <time>2025-11-07T01:13:29.000Z</time>
        <extensions>
          <ns3:TrackPointExtension>
            <ns3:hr>153</ns3:hr>
            <ns3:cad>92</ns3:cad>
          </ns3:TrackPointExtension>
        </extensions>
      </trkpt>
      <trkpt lat="30.51359036006033420562744140625" lon="114.229140020906925201416015625">
        <ele>23</ele>
        <time>2025-11-07T01:13:30.000Z</time>
        <extensions>
          <ns3:TrackPointExtension>
            <ns3:hr>153</ns3:hr>
            <ns3:cad>93</ns3:cad>
          </ns3:TrackPointExtension>
        </extensions>
      </trkpt>
      <trkpt lat="30.51360913552343845367431640625" lon="114.22907506115734577178955078125">
        <ele>23</ele>
        <time>2025-11-07T01:13:31.000Z</time>
        <extensions>
          <ns3:TrackPointExtension>
            <ns3:hr>152</ns3:hr>
            <ns3:cad>93</ns3:cad>
          </ns3:TrackPointExtension>
        </extensions>
      </trkpt>
      <trkpt lat="30.5136233009397983551025390625" lon="114.2290409468114376068115234375">
        <ele>23</ele>
        <time>2025-11-07T01:13:32.000Z</time>
        <extensions>
          <ns3:TrackPointExtension>
            <ns3:hr>153</ns3:hr>
            <ns3:cad>93</ns3:cad>
          </ns3:TrackPointExtension>
        </extensions>
      </trkpt>
      <trkpt lat="30.5136233009397983551025390625" lon="114.2290409468114376068115234375">
        <ele>23</ele>
        <time>2025-11-07T01:13:33.000Z</time>
        <extensions>
          <ns3:TrackPointExtension>
            <ns3:hr>153</ns3:hr>
            <ns3:cad>93</ns3:cad>
          </ns3:TrackPointExtension>
        </extensions>
      </trkpt>
      <trkpt lat="30.51363277249038219451904296875" lon="114.22900750301778316497802734375">
        <ele>23</ele>
        <time>2025-11-07T01:13:34.000Z</time>
        <extensions>
          <ns3:TrackPointExtension>
            <ns3:hr>153</ns3:hr>
            <ns3:cad>94</ns3:cad>
          </ns3:TrackPointExtension>
        </extensions>
      </trkpt>
      <trkpt lat="30.51365825347602367401123046875" lon="114.22894111834466457366943359375">
        <ele>23.200000762939453125</ele>
        <time>2025-11-07T01:13:35.000Z</time>
        <extensions>
          <ns3:TrackPointExtension>
            <ns3:hr>153</ns3:hr>
            <ns3:cad>93</ns3:cad>
          </ns3:TrackPointExtension>
        </extensions>
      </trkpt>
      <trkpt lat="30.51367199979722499847412109375" lon="114.22890859656035900115966796875">
        <ele>23.200000762939453125</ele>
        <time>2025-11-07T01:13:36.000Z</time>
        <extensions>
          <ns3:TrackPointExtension>
            <ns3:hr>152</ns3:hr>
            <ns3:cad>93</ns3:cad>
          </ns3:TrackPointExtension>
        </extensions>
      </trkpt>
      <trkpt lat="30.5136880092322826385498046875" lon="114.22887423075735569000244140625">
        <ele>23.200000762939453125</ele>
        <time>2025-11-07T01:13:37.000Z</time>
        <extensions>
          <ns3:TrackPointExtension>
            <ns3:hr>153</ns3:hr>
            <ns3:cad>92</ns3:cad>
          </ns3:TrackPointExtension>
        </extensions>
      </trkpt>
      <trkpt lat="30.51370552740991115570068359375" lon="114.2288511805236339569091796875">
        <ele>23.200000762939453125</ele>
        <time>2025-11-07T01:13:38.000Z</time>
        <extensions>
          <ns3:TrackPointExtension>
            <ns3:hr>153</ns3:hr>
            <ns3:cad>93</ns3:cad>
          </ns3:TrackPointExtension>
        </extensions>
      </trkpt>
      <trkpt lat="30.5137258954346179962158203125" lon="114.22882494516670703887939453125">
        <ele>23.200000762939453125</ele>
        <time>2025-11-07T01:13:39.000Z</time>
        <extensions>
          <ns3:TrackPointExtension>
            <ns3:hr>153</ns3:hr>
            <ns3:cad>93</ns3:cad>
          </ns3:TrackPointExtension>
        </extensions>
      </trkpt>
      <trkpt lat="30.5137443356215953826904296875" lon="114.2288022302091121673583984375">
        <ele>23</ele>
        <time>2025-11-07T01:13:40.000Z</time>
        <extensions>
          <ns3:TrackPointExtension>
            <ns3:hr>154</ns3:hr>
            <ns3:cad>93</ns3:cad>
          </ns3:TrackPointExtension>
        </extensions>
      </trkpt>
      <trkpt lat="30.51376788876950740814208984375" lon="114.2287767492234706878662109375">
        <ele>23</ele>
        <time>2025-11-07T01:13:41.000Z</time>
        <extensions>
          <ns3:TrackPointExtension>
            <ns3:hr>154</ns3:hr>
            <ns3:cad>93</ns3:cad>
          </ns3:TrackPointExtension>
        </extensions>
      </trkpt>
      <trkpt lat="30.51376788876950740814208984375" lon="114.2287767492234706878662109375">
        <ele>23</ele>
        <time>2025-11-07T01:13:42.000Z</time>
        <extensions>
          <ns3:TrackPointExtension>
            <ns3:hr>154</ns3:hr>
            <ns3:cad>92</ns3:cad>
          </ns3:TrackPointExtension>
        </extensions>
      </trkpt>
      <trkpt lat="30.51378808915615081787109375" lon="114.22875403426587581634521484375">
        <ele>22.799999237060546875</ele>
        <time>2025-11-07T01:13:43.000Z</time>
        <extensions>
          <ns3:TrackPointExtension>
            <ns3:hr>154</ns3:hr>
            <ns3:cad>93</ns3:cad>
          </ns3:TrackPointExtension>
        </extensions>
      </trkpt>
      <trkpt lat="30.51381097175180912017822265625" lon="114.2287277989089488983154296875">
        <ele>23</ele>
        <time>2025-11-07T01:13:44.000Z</time>
        <extensions>
          <ns3:TrackPointExtension>
            <ns3:hr>154</ns3:hr>
            <ns3:cad>93</ns3:cad>
          </ns3:TrackPointExtension>
        </extensions>
      </trkpt>
      <trkpt lat="30.5138593353331089019775390625" lon="114.228683374822139739990234375">
        <ele>23</ele>
        <time>2025-11-07T01:13:45.000Z</time>
        <extensions>
          <ns3:TrackPointExtension>
            <ns3:hr>154</ns3:hr>
            <ns3:cad>92</ns3:cad>
          </ns3:TrackPointExtension>
        </extensions>
      </trkpt>
      <trkpt lat="30.5138593353331089019775390625" lon="114.228683374822139739990234375">
        <ele>23</ele>
        <time>2025-11-07T01:13:46.000Z</time>
        <extensions>
          <ns3:TrackPointExtension>
            <ns3:hr>154</ns3:hr>
            <ns3:cad>93</ns3:cad>
          </ns3:TrackPointExtension>
        </extensions>
      </trkpt>
      <trkpt lat="30.51388196647167205810546875" lon="114.22865713946521282196044921875">
        <ele>23</ele>
        <time>2025-11-07T01:13:47.000Z</time>
        <extensions>
          <ns3:TrackPointExtension>
            <ns3:hr>154</ns3:hr>
            <ns3:cad>93</ns3:cad>
          </ns3:TrackPointExtension>
        </extensions>
      </trkpt>
      <trkpt lat="30.5139161646366119384765625" lon="114.2285978794097900390625">
        <ele>23</ele>
        <time>2025-11-07T01:13:48.000Z</time>
        <extensions>
          <ns3:TrackPointExtension>
            <ns3:hr>154</ns3:hr>
            <ns3:cad>92</ns3:cad>
          </ns3:TrackPointExtension>
        </extensions>
      </trkpt>
      <trkpt lat="30.5139344371855258941650390625" lon="114.22856443561613559722900390625">
        <ele>23</ele>
        <time>2025-11-07T01:13:49.000Z</time>
        <extensions>
          <ns3:TrackPointExtension>
            <ns3:hr>154</ns3:hr>
            <ns3:cad>91</ns3:cad>
          </ns3:TrackPointExtension>
        </extensions>
      </trkpt>
      <trkpt lat="30.51395111717283725738525390625" lon="114.228528477251529693603515625">
        <ele>22.799999237060546875</ele>
        <time>2025-11-07T01:13:50.000Z</time>
        <extensions>
          <ns3:TrackPointExtension>
            <ns3:hr>154</ns3:hr>
            <ns3:cad>91</ns3:cad>
          </ns3:TrackPointExtension>
        </extensions>
      </trkpt>
      <trkpt lat="30.5139662884175777435302734375" lon="114.22848899848759174346923828125">
        <ele>22.6000003814697265625</ele>
        <time>2025-11-07T01:13:51.000Z</time>
        <extensions>
          <ns3:TrackPointExtension>
            <ns3:hr>153</ns3:hr>
            <ns3:cad>91</ns3:cad>
          </ns3:TrackPointExtension>
        </extensions>
      </trkpt>
      <trkpt lat="30.51398011855781078338623046875" lon="114.228445328772068023681640625">
        <ele>22.200000762939453125</ele>
        <time>2025-11-07T01:13:52.000Z</time>
        <extensions>
          <ns3:TrackPointExtension>
            <ns3:hr>154</ns3:hr>
            <ns3:cad>92</ns3:cad>
          </ns3:TrackPointExtension>
        </extensions>
      </trkpt>
      <trkpt lat="30.51400409080088138580322265625" lon="114.22840006649494171142578125">
        <ele>21.799999237060546875</ele>
        <time>2025-11-07T01:13:53.000Z</time>
        <extensions>
          <ns3:TrackPointExtension>
            <ns3:hr>154</ns3:hr>
            <ns3:cad>94</ns3:cad>
          </ns3:TrackPointExtension>
        </extensions>
      </trkpt>
      <trkpt lat="30.51400409080088138580322265625" lon="114.22840006649494171142578125">
        <ele>21.3999996185302734375</ele>
        <time>2025-11-07T01:13:54.000Z</time>
        <extensions>
          <ns3:TrackPointExtension>
            <ns3:hr>153</ns3:hr>
            <ns3:cad>93</ns3:cad>
          </ns3:TrackPointExtension>
        </extensions>
      </trkpt>
      <trkpt lat="30.51402605138719081878662109375" lon="114.22836125828325748443603515625">
        <ele>21.200000762939453125</ele>
        <time>2025-11-07T01:13:55.000Z</time>
        <extensions>
          <ns3:TrackPointExtension>
            <ns3:hr>153</ns3:hr>
            <ns3:cad>92</ns3:cad>
          </ns3:TrackPointExtension>
        </extensions>
      </trkpt>
      <trkpt lat="30.5140397138893604278564453125" lon="114.228326641023159027099609375">
        <ele>21</ele>
        <time>2025-11-07T01:13:56.000Z</time>
        <extensions>
          <ns3:TrackPointExtension>
            <ns3:hr>153</ns3:hr>
            <ns3:cad>92</ns3:cad>
          </ns3:TrackPointExtension>
        </extensions>
      </trkpt>
      <trkpt lat="30.5140514485538005828857421875" lon="114.22829571180045604705810546875">
        <ele>21</ele>
        <time>2025-11-07T01:13:57.000Z</time>
        <extensions>
          <ns3:TrackPointExtension>
            <ns3:hr>154</ns3:hr>
            <ns3:cad>92</ns3:cad>
          </ns3:TrackPointExtension>
        </extensions>
      </trkpt>
      <trkpt lat="30.5140628479421138763427734375" lon="114.228267967700958251953125">
        <ele>21</ele>
        <time>2025-11-07T01:13:58.000Z</time>
        <extensions>
          <ns3:TrackPointExtension>
            <ns3:hr>154</ns3:hr>
            <ns3:cad>92</ns3:cad>
          </ns3:TrackPointExtension>
        </extensions>
      </trkpt>
      <trkpt lat="30.5140772648155689239501953125" lon="114.22823854722082614898681640625">
        <ele>21.200000762939453125</ele>
        <time>2025-11-07T01:13:59.000Z</time>
        <extensions>
          <ns3:TrackPointExtension>
            <ns3:hr>154</ns3:hr>
            <ns3:cad>92</ns3:cad>
          </ns3:TrackPointExtension>
        </extensions>
      </trkpt>
      <trkpt lat="30.51408992148935794830322265625" lon="114.2281995713710784912109375">
        <ele>21</ele>
        <time>2025-11-07T01:14:00.000Z</time>
        <extensions>
          <ns3:TrackPointExtension>
            <ns3:hr>154</ns3:hr>
            <ns3:cad>92</ns3:cad>
          </ns3:TrackPointExtension>
        </extensions>
      </trkpt>
      <trkpt lat="30.5141014046967029571533203125" lon="114.2281625233590602874755859375">
        <ele>21</ele>
        <time>2025-11-07T01:14:01.000Z</time>
        <extensions>
          <ns3:TrackPointExtension>
            <ns3:hr>154</ns3:hr>
            <ns3:cad>92</ns3:cad>
          </ns3:TrackPointExtension>
        </extensions>
      </trkpt>
      <trkpt lat="30.51411473192274570465087890625" lon="114.2281293310225009918212890625">
        <ele>21</ele>
        <time>2025-11-07T01:14:02.000Z</time>
        <extensions>
          <ns3:TrackPointExtension>
            <ns3:hr>154</ns3:hr>
            <ns3:cad>92</ns3:cad>
          </ns3:TrackPointExtension>
        </extensions>
      </trkpt>
      <trkpt lat="30.51413451321423053741455078125" lon="114.2280708253383636474609375">
        <ele>21</ele>
        <time>2025-11-07T01:14:03.000Z</time>
        <extensions>
          <ns3:TrackPointExtension>
            <ns3:hr>154</ns3:hr>
            <ns3:cad>93</ns3:cad>
          </ns3:TrackPointExtension>
        </extensions>
      </trkpt>
      <trkpt lat="30.51413451321423053741455078125" lon="114.2280708253383636474609375">
        <ele>21</ele>
        <time>2025-11-07T01:14:04.000Z</time>
        <extensions>
          <ns3:TrackPointExtension>
            <ns3:hr>154</ns3:hr>
            <ns3:cad>93</ns3:cad>
          </ns3:TrackPointExtension>
        </extensions>
      </trkpt>
      <trkpt lat="30.51413903944194316864013671875" lon="114.228042997419834136962890625">
        <ele>21</ele>
        <time>2025-11-07T01:14:05.000Z</time>
        <extensions>
          <ns3:TrackPointExtension>
            <ns3:hr>155</ns3:hr>
            <ns3:cad>93</ns3:cad>
          </ns3:TrackPointExtension>
        </extensions>
      </trkpt>
      <trkpt lat="30.51414079964160919189453125" lon="114.2280171811580657958984375">
        <ele>21</ele>
        <time>2025-11-07T01:14:06.000Z</time>
        <extensions>
          <ns3:TrackPointExtension>
            <ns3:hr>154</ns3:hr>
            <ns3:cad>92</ns3:cad>
          </ns3:TrackPointExtension>
        </extensions>
      </trkpt>
      <trkpt lat="30.514115989208221435546875" lon="114.227983988821506500244140625">
        <ele>21</ele>
        <time>2025-11-07T01:14:07.000Z</time>
        <extensions>
          <ns3:TrackPointExtension>
            <ns3:hr>154</ns3:hr>
            <ns3:cad>92</ns3:cad>
          </ns3:TrackPointExtension>
        </extensions>
      </trkpt>
      <trkpt lat="30.51410056650638580322265625" lon="114.22796747647225856781005859375">
        <ele>21</ele>
        <time>2025-11-07T01:14:08.000Z</time>
        <extensions>
          <ns3:TrackPointExtension>
            <ns3:hr>154</ns3:hr>
            <ns3:cad>92</ns3:cad>
          </ns3:TrackPointExtension>
        </extensions>
      </trkpt>
      <trkpt lat="30.5140957050025463104248046875" lon="114.22794216312468051910400390625">
        <ele>21</ele>
        <time>2025-11-07T01:14:09.000Z</time>
        <extensions>
          <ns3:TrackPointExtension>
            <ns3:hr>154</ns3:hr>
            <ns3:cad>88</ns3:cad>
          </ns3:TrackPointExtension>
        </extensions>
      </trkpt>
      <trkpt lat="30.51410333253443241119384765625" lon="114.2279100604355335235595703125">
        <ele>21</ele>
        <time>2025-11-07T01:14:10.000Z</time>
        <extensions>
          <ns3:TrackPointExtension>
            <ns3:hr>154</ns3:hr>
            <ns3:cad>85</ns3:cad>
          </ns3:TrackPointExtension>
        </extensions>
      </trkpt>
      <trkpt lat="30.51411875523626804351806640625" lon="114.22787527553737163543701171875">
        <ele>21</ele>
        <time>2025-11-07T01:14:11.000Z</time>
        <extensions>
          <ns3:TrackPointExtension>
            <ns3:hr>154</ns3:hr>
            <ns3:cad>87</ns3:cad>
          </ns3:TrackPointExtension>
        </extensions>
      </trkpt>
      <trkpt lat="30.51413786597549915313720703125" lon="114.22784543596208095550537109375">
        <ele>21</ele>
        <time>2025-11-07T01:14:12.000Z</time>
        <extensions>
          <ns3:TrackPointExtension>
            <ns3:hr>154</ns3:hr>
            <ns3:cad>90</ns3:cad>
          </ns3:TrackPointExtension>
        </extensions>
      </trkpt>
      <trkpt lat="30.51415915600955486297607421875" lon="114.22781324945390224456787109375">
        <ele>21</ele>
        <time>2025-11-07T01:14:13.000Z</time>
        <extensions>
          <ns3:TrackPointExtension>
            <ns3:hr>154</ns3:hr>
            <ns3:cad>93</ns3:cad>
          </ns3:TrackPointExtension>
        </extensions>
      </trkpt>
      <trkpt lat="30.5141741596162319183349609375" lon="114.22778709791600704193115234375">
        <ele>21</ele>
        <time>2025-11-07T01:14:14.000Z</time>
        <extensions>
          <ns3:TrackPointExtension>
            <ns3:hr>154</ns3:hr>
            <ns3:cad>95</ns3:cad>
          </ns3:TrackPointExtension>
        </extensions>
      </trkpt>
      <trkpt lat="30.5141858942806720733642578125" lon="114.2277538217604160308837890625">
        <ele>21</ele>
        <time>2025-11-07T01:14:15.000Z</time>
        <extensions>
          <ns3:TrackPointExtension>
            <ns3:hr>154</ns3:hr>
            <ns3:cad>95</ns3:cad>
          </ns3:TrackPointExtension>
        </extensions>
      </trkpt>
      <trkpt lat="30.5141858942806720733642578125" lon="114.2277538217604160308837890625">
        <ele>21</ele>
        <time>2025-11-07T01:14:16.000Z</time>
        <extensions>
          <ns3:TrackPointExtension>
            <ns3:hr>154</ns3:hr>
            <ns3:cad>94</ns3:cad>
          </ns3:TrackPointExtension>
        </extensions>
      </trkpt>
      <trkpt lat="30.51419042050838470458984375" lon="114.22771668992936611175537109375">
        <ele>21</ele>
        <time>2025-11-07T01:14:17.000Z</time>
        <extensions>
          <ns3:TrackPointExtension>
            <ns3:hr>154</ns3:hr>
            <ns3:cad>94</ns3:cad>
          </ns3:TrackPointExtension>
        </extensions>
      </trkpt>
      <trkpt lat="30.51420542411506175994873046875" lon="114.22765080817043781280517578125">
        <ele>21</ele>
        <time>2025-11-07T01:14:18.000Z</time>
        <extensions>
          <ns3:TrackPointExtension>
            <ns3:hr>154</ns3:hr>
            <ns3:cad>93</ns3:cad>
          </ns3:TrackPointExtension>
        </extensions>
      </trkpt>
      <trkpt lat="30.51420542411506175994873046875" lon="114.22765080817043781280517578125">
        <ele>21.200000762939453125</ele>
        <time>2025-11-07T01:14:19.000Z</time>
        <extensions>
          <ns3:TrackPointExtension>
            <ns3:hr>154</ns3:hr>
            <ns3:cad>93</ns3:cad>
          </ns3:TrackPointExtension>
        </extensions>
      </trkpt>
      <trkpt lat="30.5142261274158954620361328125" lon="114.22758710570633411407470703125">
        <ele>21.200000762939453125</ele>
        <time>2025-11-07T01:14:20.000Z</time>
        <extensions>
          <ns3:TrackPointExtension>
            <ns3:hr>154</ns3:hr>
            <ns3:cad>93</ns3:cad>
          </ns3:TrackPointExtension>
        </extensions>
      </trkpt>
      <trkpt lat="30.514233000576496124267578125" lon="114.2275536619126796722412109375">
        <ele>21.200000762939453125</ele>
        <time>2025-11-07T01:14:21.000Z</time>
        <extensions>
          <ns3:TrackPointExtension>
            <ns3:hr>154</ns3:hr>
            <ns3:cad>93</ns3:cad>
          </ns3:TrackPointExtension>
        </extensions>
      </trkpt>
      <trkpt lat="30.514233000576496124267578125" lon="114.2275536619126796722412109375">
        <ele>21.200000762939453125</ele>
        <time>2025-11-07T01:14:22.000Z</time>
        <extensions>
          <ns3:TrackPointExtension>
            <ns3:hr>154</ns3:hr>
            <ns3:cad>93</ns3:cad>
          </ns3:TrackPointExtension>
        </extensions>
      </trkpt>
      <trkpt lat="30.51424431614577770233154296875" lon="114.227516613900661468505859375">
        <ele>21.200000762939453125</ele>
        <time>2025-11-07T01:14:23.000Z</time>
        <extensions>
          <ns3:TrackPointExtension>
            <ns3:hr>154</ns3:hr>
            <ns3:cad>93</ns3:cad>
          </ns3:TrackPointExtension>
        </extensions>
      </trkpt>
      <trkpt lat="30.51427415572106838226318359375" lon="114.22745601274073123931884765625">
        <ele>21</ele>
        <time>2025-11-07T01:14:24.000Z</time>
        <extensions>
          <ns3:TrackPointExtension>
            <ns3:hr>153</ns3:hr>
            <ns3:cad>94</ns3:cad>
          </ns3:TrackPointExtension>
        </extensions>
      </trkpt>
      <trkpt lat="30.51428337581455707550048828125" lon="114.22742567025125026702880859375">
        <ele>21</ele>
        <time>2025-11-07T01:14:25.000Z</time>
        <extensions>
          <ns3:TrackPointExtension>
            <ns3:hr>154</ns3:hr>
            <ns3:cad>93</ns3:cad>
          </ns3:TrackPointExtension>
        </extensions>
      </trkpt>
      <trkpt lat="30.51429796032607555389404296875" lon="114.22739163972437381744384765625">
        <ele>21.200000762939453125</ele>
        <time>2025-11-07T01:14:26.000Z</time>
        <extensions>
          <ns3:TrackPointExtension>
            <ns3:hr>154</ns3:hr>
            <ns3:cad>92</ns3:cad>
          </ns3:TrackPointExtension>
        </extensions>
      </trkpt>
      <trkpt lat="30.51429796032607555389404296875" lon="114.22739163972437381744384765625">
        <ele>21.200000762939453125</ele>
        <time>2025-11-07T01:14:27.000Z</time>
        <extensions>
          <ns3:TrackPointExtension>
            <ns3:hr>153</ns3:hr>
            <ns3:cad>92</ns3:cad>
          </ns3:TrackPointExtension>
        </extensions>
      </trkpt>
      <trkpt lat="30.51431137137115001678466796875" lon="114.22736364416778087615966796875">
        <ele>21.200000762939453125</ele>
        <time>2025-11-07T01:14:28.000Z</time>
        <extensions>
          <ns3:TrackPointExtension>
            <ns3:hr>154</ns3:hr>
            <ns3:cad>93</ns3:cad>
          </ns3:TrackPointExtension>
        </extensions>
      </trkpt>
      <trkpt lat="30.51432964392006397247314453125" lon="114.227335564792156219482421875">
        <ele>21.200000762939453125</ele>
        <time>2025-11-07T01:14:29.000Z</time>
        <extensions>
          <ns3:TrackPointExtension>
            <ns3:hr>154</ns3:hr>
            <ns3:cad>93</ns3:cad>
          </ns3:TrackPointExtension>
        </extensions>
      </trkpt>
      <trkpt lat="30.514365769922733306884765625" lon="114.2272780649363994598388671875">
        <ele>21.200000762939453125</ele>
        <time>2025-11-07T01:14:30.000Z</time>
        <extensions>
          <ns3:TrackPointExtension>
            <ns3:hr>153</ns3:hr>
            <ns3:cad>92</ns3:cad>
          </ns3:TrackPointExtension>
        </extensions>
      </trkpt>
      <trkpt lat="30.51438345573842525482177734375" lon="114.22724814154207706451416015625">
        <ele>21.200000762939453125</ele>
        <time>2025-11-07T01:14:31.000Z</time>
        <extensions>
          <ns3:TrackPointExtension>
            <ns3:hr>153</ns3:hr>
            <ns3:cad>92</ns3:cad>
          </ns3:TrackPointExtension>
        </extensions>
      </trkpt>
      <trkpt lat="30.5143991298973560333251953125" lon="114.227221906185150146484375">
        <ele>21.200000762939453125</ele>
        <time>2025-11-07T01:14:32.000Z</time>
        <extensions>
          <ns3:TrackPointExtension>
            <ns3:hr>153</ns3:hr>
            <ns3:cad>93</ns3:cad>
          </ns3:TrackPointExtension>
        </extensions>
      </trkpt>
      <trkpt lat="30.514418072998523712158203125" lon="114.22719131223857402801513671875">
        <ele>21.200000762939453125</ele>
        <time>2025-11-07T01:14:33.000Z</time>
        <extensions>
          <ns3:TrackPointExtension>
            <ns3:hr>153</ns3:hr>
            <ns3:cad>94</ns3:cad>
          </ns3:TrackPointExtension>
        </extensions>
      </trkpt>
      <trkpt lat="30.5144353397190570831298828125" lon="114.2271674238145351409912109375">
        <ele>21.200000762939453125</ele>
        <time>2025-11-07T01:14:34.000Z</time>
        <extensions>
          <ns3:TrackPointExtension>
            <ns3:hr>153</ns3:hr>
            <ns3:cad>94</ns3:cad>
          </ns3:TrackPointExtension>
        </extensions>
      </trkpt>
      <trkpt lat="30.514456294476985931396484375" lon="114.2271402664482593536376953125">
        <ele>21.3999996185302734375</ele>
        <time>2025-11-07T01:14:35.000Z</time>
        <extensions>
          <ns3:TrackPointExtension>
            <ns3:hr>153</ns3:hr>
            <ns3:cad>93</ns3:cad>
          </ns3:TrackPointExtension>
        </extensions>
      </trkpt>
      <trkpt lat="30.51447297446429729461669921875" lon="114.22711235471069812774658203125">
        <ele>21.3999996185302734375</ele>
        <time>2025-11-07T01:14:36.000Z</time>
        <extensions>
          <ns3:TrackPointExtension>
            <ns3:hr>153</ns3:hr>
            <ns3:cad>93</ns3:cad>
          </ns3:TrackPointExtension>
        </extensions>
      </trkpt>
      <trkpt lat="30.5144913308322429656982421875" lon="114.227087460458278656005859375">
        <ele>21.6000003814697265625</ele>
        <time>2025-11-07T01:14:37.000Z</time>
        <extensions>
          <ns3:TrackPointExtension>
            <ns3:hr>153</ns3:hr>
            <ns3:cad>93</ns3:cad>
          </ns3:TrackPointExtension>
        </extensions>
      </trkpt>
      <trkpt lat="30.5144913308322429656982421875" lon="114.227087460458278656005859375">
        <ele>21.6000003814697265625</ele>
        <time>2025-11-07T01:14:38.000Z</time>
        <extensions>
          <ns3:TrackPointExtension>
            <ns3:hr>153</ns3:hr>
            <ns3:cad>93</ns3:cad>
          </ns3:TrackPointExtension>
        </extensions>
      </trkpt>
      <trkpt lat="30.514509938657283782958984375" lon="114.22706239856779575347900390625">
        <ele>21.799999237060546875</ele>
        <time>2025-11-07T01:14:39.000Z</time>
        <extensions>
          <ns3:TrackPointExtension>
            <ns3:hr>153</ns3:hr>
            <ns3:cad>93</ns3:cad>
          </ns3:TrackPointExtension>
        </extensions>
      </trkpt>
      <trkpt lat="30.5145275406539440155029296875" lon="114.22703557647764682769775390625">
        <ele>21.799999237060546875</ele>
        <time>2025-11-07T01:14:40.000Z</time>
        <extensions>
          <ns3:TrackPointExtension>
            <ns3:hr>153</ns3:hr>
            <ns3:cad>92</ns3:cad>
          </ns3:TrackPointExtension>
        </extensions>
      </trkpt>
      <trkpt lat="30.51456685177981853485107421875" lon="114.22697891481220722198486328125">
        <ele>21.799999237060546875</ele>
        <time>2025-11-07T01:14:41.000Z</time>
        <extensions>
          <ns3:TrackPointExtension>
            <ns3:hr>153</ns3:hr>
            <ns3:cad>92</ns3:cad>
          </ns3:TrackPointExtension>
        </extensions>
      </trkpt>
      <trkpt lat="30.51458462141454219818115234375" lon="114.22694630920886993408203125">
        <ele>21.799999237060546875</ele>
        <time>2025-11-07T01:14:42.000Z</time>
        <extensions>
          <ns3:TrackPointExtension>
            <ns3:hr>154</ns3:hr>
            <ns3:cad>92</ns3:cad>
          </ns3:TrackPointExtension>
        </extensions>
      </trkpt>
      <trkpt lat="30.51460054703056812286376953125" lon="114.2269173078238964080810546875">
        <ele>21.799999237060546875</ele>
        <time>2025-11-07T01:14:43.000Z</time>
        <extensions>
          <ns3:TrackPointExtension>
            <ns3:hr>154</ns3:hr>
            <ns3:cad>92</ns3:cad>
          </ns3:TrackPointExtension>
        </extensions>
      </trkpt>
      <trkpt lat="30.5146187357604503631591796875" lon="114.22688185237348079681396484375">
        <ele>21.799999237060546875</ele>
        <time>2025-11-07T01:14:44.000Z</time>
        <extensions>
          <ns3:TrackPointExtension>
            <ns3:hr>154</ns3:hr>
            <ns3:cad>92</ns3:cad>
          </ns3:TrackPointExtension>
        </extensions>
      </trkpt>
      <trkpt lat="30.51463223062455654144287109375" lon="114.22684798948466777801513671875">
        <ele>21.799999237060546875</ele>
        <time>2025-11-07T01:14:45.000Z</time>
        <extensions>
          <ns3:TrackPointExtension>
            <ns3:hr>153</ns3:hr>
            <ns3:cad>92</ns3:cad>
          </ns3:TrackPointExtension>
        </extensions>
      </trkpt>
      <trkpt lat="30.51464882679283618927001953125" lon="114.2268120311200618743896484375">
        <ele>21.799999237060546875</ele>
        <time>2025-11-07T01:14:46.000Z</time>
        <extensions>
          <ns3:TrackPointExtension>
            <ns3:hr>154</ns3:hr>
            <ns3:cad>93</ns3:cad>
          </ns3:TrackPointExtension>
        </extensions>
      </trkpt>
      <trkpt lat="30.5146616511046886444091796875" lon="114.22678110189735889434814453125">
        <ele>21.799999237060546875</ele>
        <time>2025-11-07T01:14:47.000Z</time>
        <extensions>
          <ns3:TrackPointExtension>
            <ns3:hr>154</ns3:hr>
            <ns3:cad>93</ns3:cad>
          </ns3:TrackPointExtension>
        </extensions>
      </trkpt>
      <trkpt lat="30.514678917825222015380859375" lon="114.2267479933798313140869140625">
        <ele>21.799999237060546875</ele>
        <time>2025-11-07T01:14:48.000Z</time>
        <extensions>
          <ns3:TrackPointExtension>
            <ns3:hr>154</ns3:hr>
            <ns3:cad>93</ns3:cad>
          </ns3:TrackPointExtension>
        </extensions>
      </trkpt>
      <trkpt lat="30.51469274796545505523681640625" lon="114.2267194949090480804443359375">
        <ele>21.799999237060546875</ele>
        <time>2025-11-07T01:14:49.000Z</time>
        <extensions>
          <ns3:TrackPointExtension>
            <ns3:hr>154</ns3:hr>
            <ns3:cad>93</ns3:cad>
          </ns3:TrackPointExtension>
        </extensions>
      </trkpt>
      <trkpt lat="30.51469274796545505523681640625" lon="114.2267194949090480804443359375">
        <ele>21.799999237060546875</ele>
        <time>2025-11-07T01:14:50.000Z</time>
        <extensions>
          <ns3:TrackPointExtension>
            <ns3:hr>153</ns3:hr>
            <ns3:cad>93</ns3:cad>
          </ns3:TrackPointExtension>
        </extensions>
      </trkpt>
      <trkpt lat="30.51470582373440265655517578125" lon="114.22668722458183765411376953125">
        <ele>21.799999237060546875</ele>
        <time>2025-11-07T01:14:51.000Z</time>
        <extensions>
          <ns3:TrackPointExtension>
            <ns3:hr>154</ns3:hr>
            <ns3:cad>92</ns3:cad>
          </ns3:TrackPointExtension>
        </extensions>
      </trkpt>
      <trkpt lat="30.51473214291036128997802734375" lon="114.2266289703547954559326171875">
        <ele>21.799999237060546875</ele>
        <time>2025-11-07T01:14:52.000Z</time>
        <extensions>
          <ns3:TrackPointExtension>
            <ns3:hr>154</ns3:hr>
            <ns3:cad>92</ns3:cad>
          </ns3:TrackPointExtension>
        </extensions>
      </trkpt>
      <trkpt lat="30.514741949737071990966796875" lon="114.226596616208553314208984375">
        <ele>21.6000003814697265625</ele>
        <time>2025-11-07T01:14:53.000Z</time>
        <extensions>
          <ns3:TrackPointExtension>
            <ns3:hr>154</ns3:hr>
            <ns3:cad>92</ns3:cad>
          </ns3:TrackPointExtension>
        </extensions>
      </trkpt>
      <trkpt lat="30.51475309766829013824462890625" lon="114.22656836919486522674560546875">
        <ele>21.6000003814697265625</ele>
        <time>2025-11-07T01:14:54.000Z</time>
        <extensions>
          <ns3:TrackPointExtension>
            <ns3:hr>154</ns3:hr>
            <ns3:cad>92</ns3:cad>
          </ns3:TrackPointExtension>
        </extensions>
      </trkpt>
      <trkpt lat="30.5147635750472545623779296875" lon="114.22653685323894023895263671875">
        <ele>21.6000003814697265625</ele>
        <time>2025-11-07T01:14:55.000Z</time>
        <extensions>
          <ns3:TrackPointExtension>
            <ns3:hr>154</ns3:hr>
            <ns3:cad>91</ns3:cad>
          </ns3:TrackPointExtension>
        </extensions>
      </trkpt>
      <trkpt lat="30.5147635750472545623779296875" lon="114.22653685323894023895263671875">
        <ele>21.6000003814697265625</ele>
        <time>2025-11-07T01:14:56.000Z</time>
        <extensions>
          <ns3:TrackPointExtension>
            <ns3:hr>154</ns3:hr>
            <ns3:cad>91</ns3:cad>
          </ns3:TrackPointExtension>
        </extensions>
      </trkpt>
      <trkpt lat="30.51477137021720409393310546875" lon="114.22650852240622043609619140625">
        <ele>21.799999237060546875</ele>
        <time>2025-11-07T01:14:57.000Z</time>
        <extensions>
          <ns3:TrackPointExtension>
            <ns3:hr>154</ns3:hr>
            <ns3:cad>90</ns3:cad>
          </ns3:TrackPointExtension>
        </extensions>
      </trkpt>
      <trkpt lat="30.51479182206094264984130859375" lon="114.22644473612308502197265625">
        <ele>21.6000003814697265625</ele>
        <time>2025-11-07T01:14:58.000Z</time>
        <extensions>
          <ns3:TrackPointExtension>
            <ns3:hr>154</ns3:hr>
            <ns3:cad>89</ns3:cad>
          </ns3:TrackPointExtension>
        </extensions>
      </trkpt>
      <trkpt lat="30.51479936577379703521728515625" lon="114.22640986740589141845703125">
        <ele>21.6000003814697265625</ele>
        <time>2025-11-07T01:14:59.000Z</time>
        <extensions>
          <ns3:TrackPointExtension>
            <ns3:hr>154</ns3:hr>
            <ns3:cad>89</ns3:cad>
          </ns3:TrackPointExtension>
        </extensions>
      </trkpt>
      <trkpt lat="30.5148108489811420440673828125" lon="114.22637759707868099212646484375">
        <ele>21.3999996185302734375</ele>
        <time>2025-11-07T01:15:00.000Z</time>
        <extensions>
          <ns3:TrackPointExtension>
            <ns3:hr>154</ns3:hr>
            <ns3:cad>90</ns3:cad>
          </ns3:TrackPointExtension>
        </extensions>
      </trkpt>
      <trkpt lat="30.5148108489811420440673828125" lon="114.22637759707868099212646484375">
        <ele>21.200000762939453125</ele>
        <time>2025-11-07T01:15:01.000Z</time>
        <extensions>
          <ns3:TrackPointExtension>
            <ns3:hr>154</ns3:hr>
            <ns3:cad>90</ns3:cad>
          </ns3:TrackPointExtension>
        </extensions>
      </trkpt>
      <trkpt lat="30.51482099108397960662841796875" lon="114.22634658403694629669189453125">
        <ele>21.200000762939453125</ele>
        <time>2025-11-07T01:15:02.000Z</time>
        <extensions>
          <ns3:TrackPointExtension>
            <ns3:hr>154</ns3:hr>
            <ns3:cad>91</ns3:cad>
          </ns3:TrackPointExtension>
        </extensions>
      </trkpt>
      <trkpt lat="30.5148292891681194305419921875" lon="114.22631657682359218597412109375">
        <ele>21.200000762939453125</ele>
        <time>2025-11-07T01:15:03.000Z</time>
        <extensions>
          <ns3:TrackPointExtension>
            <ns3:hr>153</ns3:hr>
            <ns3:cad>91</ns3:cad>
          </ns3:TrackPointExtension>
        </extensions>
      </trkpt>
      <trkpt lat="30.5148453824222087860107421875" lon="114.22625362873077392578125">
        <ele>21.200000762939453125</ele>
        <time>2025-11-07T01:15:04.000Z</time>
        <extensions>
          <ns3:TrackPointExtension>
            <ns3:hr>154</ns3:hr>
            <ns3:cad>91</ns3:cad>
          </ns3:TrackPointExtension>
        </extensions>
      </trkpt>
      <trkpt lat="30.5148527584969997406005859375" lon="114.2262202687561511993408203125">
        <ele>21.200000762939453125</ele>
        <time>2025-11-07T01:15:05.000Z</time>
        <extensions>
          <ns3:TrackPointExtension>
            <ns3:hr>154</ns3:hr>
            <ns3:cad>91</ns3:cad>
          </ns3:TrackPointExtension>
        </extensions>
      </trkpt>
      <trkpt lat="30.51485870964825153350830078125" lon="114.22618749551475048065185546875">
        <ele>21.200000762939453125</ele>
        <time>2025-11-07T01:15:06.000Z</time>
        <extensions>
          <ns3:TrackPointExtension>
            <ns3:hr>153</ns3:hr>
            <ns3:cad>91</ns3:cad>
          </ns3:TrackPointExtension>
        </extensions>
      </trkpt>
      <trkpt lat="30.51486507989466190338134765625" lon="114.226150028407573699951171875">
        <ele>21.200000762939453125</ele>
        <time>2025-11-07T01:15:07.000Z</time>
        <extensions>
          <ns3:TrackPointExtension>
            <ns3:hr>153</ns3:hr>
            <ns3:cad>92</ns3:cad>
          </ns3:TrackPointExtension>
        </extensions>
      </trkpt>
      <trkpt lat="30.514868684113025665283203125" lon="114.226119518280029296875">
        <ele>21.200000762939453125</ele>
        <time>2025-11-07T01:15:08.000Z</time>
        <extensions>
          <ns3:TrackPointExtension>
            <ns3:hr>153</ns3:hr>
            <ns3:cad>93</ns3:cad>
          </ns3:TrackPointExtension>
        </extensions>
      </trkpt>
      <trkpt lat="30.5148735456168651580810546875" lon="114.22608573921024799346923828125">
        <ele>21.200000762939453125</ele>
        <time>2025-11-07T01:15:09.000Z</time>
        <extensions>
          <ns3:TrackPointExtension>
            <ns3:hr>153</ns3:hr>
            <ns3:cad>93</ns3:cad>
          </ns3:TrackPointExtension>
        </extensions>
      </trkpt>
      <trkpt lat="30.51487564109265804290771484375" lon="114.22605045139789581298828125">
        <ele>21.200000762939453125</ele>
        <time>2025-11-07T01:15:10.000Z</time>
        <extensions>
          <ns3:TrackPointExtension>
            <ns3:hr>154</ns3:hr>
            <ns3:cad>93</ns3:cad>
          </ns3:TrackPointExtension>
        </extensions>
      </trkpt>
      <trkpt lat="30.51488117314875125885009765625" lon="114.2260174266993999481201171875">
        <ele>21.200000762939453125</ele>
        <time>2025-11-07T01:15:11.000Z</time>
        <extensions>
          <ns3:TrackPointExtension>
            <ns3:hr>153</ns3:hr>
            <ns3:cad>94</ns3:cad>
          </ns3:TrackPointExtension>
        </extensions>
      </trkpt>
      <trkpt lat="30.514891147613525390625" lon="114.2259832285344600677490234375">
        <ele>21.200000762939453125</ele>
        <time>2025-11-07T01:15:12.000Z</time>
        <extensions>
          <ns3:TrackPointExtension>
            <ns3:hr>153</ns3:hr>
            <ns3:cad>94</ns3:cad>
          </ns3:TrackPointExtension>
        </extensions>
      </trkpt>
      <trkpt lat="30.514891147613525390625" lon="114.2259832285344600677490234375">
        <ele>21.200000762939453125</ele>
        <time>2025-11-07T01:15:13.000Z</time>
        <extensions>
          <ns3:TrackPointExtension>
            <ns3:hr>153</ns3:hr>
            <ns3:cad>94</ns3:cad>
          </ns3:TrackPointExtension>
        </extensions>
      </trkpt>
      <trkpt lat="30.5149023793637752532958984375" lon="114.22595657408237457275390625">
        <ele>21.200000762939453125</ele>
        <time>2025-11-07T01:15:14.000Z</time>
        <extensions>
          <ns3:TrackPointExtension>
            <ns3:hr>153</ns3:hr>
            <ns3:cad>94</ns3:cad>
          </ns3:TrackPointExtension>
        </extensions>
      </trkpt>
      <trkpt lat="30.51493473351001739501953125" lon="114.2258984036743640899658203125">
        <ele>21.200000762939453125</ele>
        <time>2025-11-07T01:15:15.000Z</time>
        <extensions>
          <ns3:TrackPointExtension>
            <ns3:hr>153</ns3:hr>
            <ns3:cad>93</ns3:cad>
          </ns3:TrackPointExtension>
        </extensions>
      </trkpt>
      <trkpt lat="30.51495728082954883575439453125" lon="114.225870408117771148681640625">
        <ele>21.200000762939453125</ele>
        <time>2025-11-07T01:15:16.000Z</time>
        <extensions>
          <ns3:TrackPointExtension>
            <ns3:hr>153</ns3:hr>
            <ns3:cad>93</ns3:cad>
          </ns3:TrackPointExtension>
        </extensions>
      </trkpt>
      <trkpt lat="30.51497907377779483795166015625" lon="114.22584660351276397705078125">
        <ele>21.200000762939453125</ele>
        <time>2025-11-07T01:15:17.000Z</time>
        <extensions>
          <ns3:TrackPointExtension>
            <ns3:hr>153</ns3:hr>
            <ns3:cad>93</ns3:cad>
          </ns3:TrackPointExtension>
        </extensions>
      </trkpt>
      <trkpt lat="30.51500715315341949462890625" lon="114.225827492773532867431640625">
        <ele>21.200000762939453125</ele>
        <time>2025-11-07T01:15:18.000Z</time>
        <extensions>
          <ns3:TrackPointExtension>
            <ns3:hr>153</ns3:hr>
            <ns3:cad>93</ns3:cad>
          </ns3:TrackPointExtension>
        </extensions>
      </trkpt>
      <trkpt lat="30.51500715315341949462890625" lon="114.225827492773532867431640625">
        <ele>21.3999996185302734375</ele>
        <time>2025-11-07T01:15:19.000Z</time>
        <extensions>
          <ns3:TrackPointExtension>
            <ns3:hr>153</ns3:hr>
            <ns3:cad>92</ns3:cad>
          </ns3:TrackPointExtension>
        </extensions>
      </trkpt>
      <trkpt lat="30.51505551673471927642822265625" lon="114.2257989943027496337890625">
        <ele>21.3999996185302734375</ele>
        <time>2025-11-07T01:15:20.000Z</time>
        <extensions>
          <ns3:TrackPointExtension>
            <ns3:hr>154</ns3:hr>
            <ns3:cad>92</ns3:cad>
          </ns3:TrackPointExtension>
        </extensions>
      </trkpt>
      <trkpt lat="30.5150829255580902099609375" lon="114.22578399069607257843017578125">
        <ele>21.3999996185302734375</ele>
        <time>2025-11-07T01:15:21.000Z</time>
        <extensions>
          <ns3:TrackPointExtension>
            <ns3:hr>153</ns3:hr>
            <ns3:cad>93</ns3:cad>
          </ns3:TrackPointExtension>
        </extensions>
      </trkpt>
      <trkpt lat="30.51511050201952457427978515625" lon="114.225772507488727569580078125">
        <ele>21.200000762939453125</ele>
        <time>2025-11-07T01:15:22.000Z</time>
        <extensions>
          <ns3:TrackPointExtension>
            <ns3:hr>153</ns3:hr>
            <ns3:cad>93</ns3:cad>
          </ns3:TrackPointExtension>
        </extensions>
      </trkpt>
      <trkpt lat="30.51514185033738613128662109375" lon="114.22576068900525569915771484375">
        <ele>21.200000762939453125</ele>
        <time>2025-11-07T01:15:23.000Z</time>
        <extensions>
          <ns3:TrackPointExtension>
            <ns3:hr>154</ns3:hr>
            <ns3:cad>93</ns3:cad>
          </ns3:TrackPointExtension>
        </extensions>
      </trkpt>
      <trkpt lat="30.5151687562465667724609375" lon="114.2257485352456569671630859375">
        <ele>21.200000762939453125</ele>
        <time>2025-11-07T01:15:24.000Z</time>
        <extensions>
          <ns3:TrackPointExtension>
            <ns3:hr>153</ns3:hr>
            <ns3:cad>93</ns3:cad>
          </ns3:TrackPointExtension>
        </extensions>
      </trkpt>
      <trkpt lat="30.5151687562465667724609375" lon="114.2257485352456569671630859375">
        <ele>21.200000762939453125</ele>
        <time>2025-11-07T01:15:25.000Z</time>
        <extensions>
          <ns3:TrackPointExtension>
            <ns3:hr>153</ns3:hr>
            <ns3:cad>92</ns3:cad>
          </ns3:TrackPointExtension>
        </extensions>
      </trkpt>
      <trkpt lat="30.51520027220249176025390625" lon="114.225734286010265350341796875">
        <ele>21.200000762939453125</ele>
        <time>2025-11-07T01:15:26.000Z</time>
        <extensions>
          <ns3:TrackPointExtension>
            <ns3:hr>153</ns3:hr>
            <ns3:cad>92</ns3:cad>
          </ns3:TrackPointExtension>
        </extensions>
      </trkpt>
      <trkpt lat="30.51522566936910152435302734375" lon="114.22571693547070026397705078125">
        <ele>21.200000762939453125</ele>
        <time>2025-11-07T01:15:27.000Z</time>
        <extensions>
          <ns3:TrackPointExtension>
            <ns3:hr>153</ns3:hr>
            <ns3:cad>92</ns3:cad>
          </ns3:TrackPointExtension>
        </extensions>
      </trkpt>
      <trkpt lat="30.51527881063520908355712890625" lon="114.22568625770509243011474609375">
        <ele>21.200000762939453125</ele>
        <time>2025-11-07T01:15:28.000Z</time>
        <extensions>
          <ns3:TrackPointExtension>
            <ns3:hr>154</ns3:hr>
            <ns3:cad>93</ns3:cad>
          </ns3:TrackPointExtension>
        </extensions>
      </trkpt>
      <trkpt lat="30.515303872525691986083984375" lon="114.2256657220423221588134765625">
        <ele>21.200000762939453125</ele>
        <time>2025-11-07T01:15:29.000Z</time>
        <extensions>
          <ns3:TrackPointExtension>
            <ns3:hr>153</ns3:hr>
            <ns3:cad>93</ns3:cad>
          </ns3:TrackPointExtension>
        </extensions>
      </trkpt>
      <trkpt lat="30.515303872525691986083984375" lon="114.2256657220423221588134765625">
        <ele>21.200000762939453125</ele>
        <time>2025-11-07T01:15:30.000Z</time>
        <extensions>
          <ns3:TrackPointExtension>
            <ns3:hr>153</ns3:hr>
            <ns3:cad>93</ns3:cad>
          </ns3:TrackPointExtension>
        </extensions>
      </trkpt>
      <trkpt lat="30.515324659645557403564453125" lon="114.22564283944666385650634765625">
        <ele>21.200000762939453125</ele>
        <time>2025-11-07T01:15:31.000Z</time>
        <extensions>
          <ns3:TrackPointExtension>
            <ns3:hr>153</ns3:hr>
            <ns3:cad>92</ns3:cad>
          </ns3:TrackPointExtension>
        </extensions>
      </trkpt>
      <trkpt lat="30.51536547951400279998779296875" lon="114.2255983315408229827880859375">
        <ele>21.200000762939453125</ele>
        <time>2025-11-07T01:15:32.000Z</time>
        <extensions>
          <ns3:TrackPointExtension>
            <ns3:hr>153</ns3:hr>
            <ns3:cad>91</ns3:cad>
          </ns3:TrackPointExtension>
        </extensions>
      </trkpt>
      <trkpt lat="30.515384674072265625" lon="114.2255741916596889495849609375">
        <ele>21.200000762939453125</ele>
        <time>2025-11-07T01:15:33.000Z</time>
        <extensions>
          <ns3:TrackPointExtension>
            <ns3:hr>153</ns3:hr>
            <ns3:cad>91</ns3:cad>
          </ns3:TrackPointExtension>
        </extensions>
      </trkpt>
      <trkpt lat="30.515384674072265625" lon="114.2255741916596889495849609375">
        <ele>21.200000762939453125</ele>
        <time>2025-11-07T01:15:34.000Z</time>
        <extensions>
          <ns3:TrackPointExtension>
            <ns3:hr>153</ns3:hr>
            <ns3:cad>92</ns3:cad>
          </ns3:TrackPointExtension>
        </extensions>
      </trkpt>
      <trkpt lat="30.51540403626859188079833984375" lon="114.22555080614984035491943359375">
        <ele>21.200000762939453125</ele>
        <time>2025-11-07T01:15:35.000Z</time>
        <extensions>
          <ns3:TrackPointExtension>
            <ns3:hr>153</ns3:hr>
            <ns3:cad>92</ns3:cad>
          </ns3:TrackPointExtension>
        </extensions>
      </trkpt>
      <trkpt lat="30.51542155444622039794921875" lon="114.2255262471735477447509765625">
        <ele>21</ele>
        <time>2025-11-07T01:15:36.000Z</time>
        <extensions>
          <ns3:TrackPointExtension>
            <ns3:hr>153</ns3:hr>
            <ns3:cad>92</ns3:cad>
          </ns3:TrackPointExtension>
        </extensions>
      </trkpt>
      <trkpt lat="30.51543873734772205352783203125" lon="114.22549716196954250335693359375">
        <ele>21</ele>
        <time>2025-11-07T01:15:37.000Z</time>
        <extensions>
          <ns3:TrackPointExtension>
            <ns3:hr>152</ns3:hr>
            <ns3:cad>92</ns3:cad>
          </ns3:TrackPointExtension>
        </extensions>
      </trkpt>
      <trkpt lat="30.51546857692301273345947265625" lon="114.22543823719024658203125">
        <ele>21</ele>
        <time>2025-11-07T01:15:38.000Z</time>
        <extensions>
          <ns3:TrackPointExtension>
            <ns3:hr>153</ns3:hr>
            <ns3:cad>92</ns3:cad>
          </ns3:TrackPointExtension>
        </extensions>
      </trkpt>
      <trkpt lat="30.51548383198678493499755859375" lon="114.2254095710813999176025390625">
        <ele>21.200000762939453125</ele>
        <time>2025-11-07T01:15:39.000Z</time>
        <extensions>
          <ns3:TrackPointExtension>
            <ns3:hr>152</ns3:hr>
            <ns3:cad>92</ns3:cad>
          </ns3:TrackPointExtension>
        </extensions>
      </trkpt>
      <trkpt lat="30.51549665629863739013671875" lon="114.225380234420299530029296875">
        <ele>21.200000762939453125</ele>
        <time>2025-11-07T01:15:40.000Z</time>
        <extensions>
          <ns3:TrackPointExtension>
            <ns3:hr>152</ns3:hr>
            <ns3:cad>93</ns3:cad>
          </ns3:TrackPointExtension>
        </extensions>
      </trkpt>
      <trkpt lat="30.51549665629863739013671875" lon="114.225380234420299530029296875">
        <ele>21.200000762939453125</ele>
        <time>2025-11-07T01:15:41.000Z</time>
        <extensions>
          <ns3:TrackPointExtension>
            <ns3:hr>152</ns3:hr>
            <ns3:cad>93</ns3:cad>
          </ns3:TrackPointExtension>
        </extensions>
      </trkpt>
      <trkpt lat="30.51552590914070606231689453125" lon="114.22531544230878353118896484375">
        <ele>21.200000762939453125</ele>
        <time>2025-11-07T01:15:42.000Z</time>
        <extensions>
          <ns3:TrackPointExtension>
            <ns3:hr>152</ns3:hr>
            <ns3:cad>91</ns3:cad>
          </ns3:TrackPointExtension>
        </extensions>
      </trkpt>
      <trkpt lat="30.51553647033870220184326171875" lon="114.2252875305712223052978515625">
        <ele>21.200000762939453125</ele>
        <time>2025-11-07T01:15:43.000Z</time>
        <extensions>
          <ns3:TrackPointExtension>
            <ns3:hr>153</ns3:hr>
            <ns3:cad>91</ns3:cad>
          </ns3:TrackPointExtension>
        </extensions>
      </trkpt>
      <trkpt lat="30.51555088721215724945068359375" lon="114.225252829492092132568359375">
        <ele>21.200000762939453125</ele>
        <time>2025-11-07T01:15:44.000Z</time>
        <extensions>
          <ns3:TrackPointExtension>
            <ns3:hr>152</ns3:hr>
            <ns3:cad>91</ns3:cad>
          </ns3:TrackPointExtension>
        </extensions>
      </trkpt>
      <trkpt lat="30.51556413061916828155517578125" lon="114.22522164881229400634765625">
        <ele>21</ele>
        <time>2025-11-07T01:15:45.000Z</time>
        <extensions>
          <ns3:TrackPointExtension>
            <ns3:hr>152</ns3:hr>
            <ns3:cad>92</ns3:cad>
          </ns3:TrackPointExtension>
        </extensions>
      </trkpt>
      <trkpt lat="30.51558248698711395263671875" lon="114.225190468132495880126953125">
        <ele>21.200000762939453125</ele>
        <time>2025-11-07T01:15:46.000Z</time>
        <extensions>
          <ns3:TrackPointExtension>
            <ns3:hr>152</ns3:hr>
            <ns3:cad>92</ns3:cad>
          </ns3:TrackPointExtension>
        </extensions>
      </trkpt>
      <trkpt lat="30.51558248698711395263671875" lon="114.225190468132495880126953125">
        <ele>21.200000762939453125</ele>
        <time>2025-11-07T01:15:47.000Z</time>
        <extensions>
          <ns3:TrackPointExtension>
            <ns3:hr>152</ns3:hr>
            <ns3:cad>92</ns3:cad>
          </ns3:TrackPointExtension>
        </extensions>
      </trkpt>
      <trkpt lat="30.51560126245021820068359375" lon="114.2251644842326641082763671875">
        <ele>21.200000762939453125</ele>
        <time>2025-11-07T01:15:48.000Z</time>
        <extensions>
          <ns3:TrackPointExtension>
            <ns3:hr>152</ns3:hr>
            <ns3:cad>93</ns3:cad>
          </ns3:TrackPointExtension>
        </extensions>
      </trkpt>
      <trkpt lat="30.51562112756073474884033203125" lon="114.22513690777122974395751953125">
        <ele>21.200000762939453125</ele>
        <time>2025-11-07T01:15:49.000Z</time>
        <extensions>
          <ns3:TrackPointExtension>
            <ns3:hr>152</ns3:hr>
            <ns3:cad>92</ns3:cad>
          </ns3:TrackPointExtension>
        </extensions>
      </trkpt>
      <trkpt lat="30.5156399868428707122802734375" lon="114.22511260025203227996826171875">
        <ele>21.3999996185302734375</ele>
        <time>2025-11-07T01:15:50.000Z</time>
        <extensions>
          <ns3:TrackPointExtension>
            <ns3:hr>152</ns3:hr>
            <ns3:cad>92</ns3:cad>
          </ns3:TrackPointExtension>
        </extensions>
      </trkpt>
      <trkpt lat="30.51567108370363712310791015625" lon="114.22506608068943023681640625">
        <ele>21.3999996185302734375</ele>
        <time>2025-11-07T01:15:51.000Z</time>
        <extensions>
          <ns3:TrackPointExtension>
            <ns3:hr>152</ns3:hr>
            <ns3:cad>92</ns3:cad>
          </ns3:TrackPointExtension>
        </extensions>
      </trkpt>
      <trkpt lat="30.5156862549483776092529296875" lon="114.225045628845691680908203125">
        <ele>21.6000003814697265625</ele>
        <time>2025-11-07T01:15:52.000Z</time>
        <extensions>
          <ns3:TrackPointExtension>
            <ns3:hr>152</ns3:hr>
            <ns3:cad>93</ns3:cad>
          </ns3:TrackPointExtension>
        </extensions>
      </trkpt>
      <trkpt lat="30.51570226438343524932861328125" lon="114.225024841725826263427734375">
        <ele>21.799999237060546875</ele>
        <time>2025-11-07T01:15:53.000Z</time>
        <extensions>
          <ns3:TrackPointExtension>
            <ns3:hr>152</ns3:hr>
            <ns3:cad>93</ns3:cad>
          </ns3:TrackPointExtension>
        </extensions>
      </trkpt>
      <trkpt lat="30.5157147534191608428955078125" lon="114.22500715591013431549072265625">
        <ele>22.200000762939453125</ele>
        <time>2025-11-07T01:15:54.000Z</time>
        <extensions>
          <ns3:TrackPointExtension>
            <ns3:hr>151</ns3:hr>
            <ns3:cad>93</ns3:cad>
          </ns3:TrackPointExtension>
        </extensions>
      </trkpt>
      <trkpt lat="30.5157281644642353057861328125" lon="114.2249841056764125823974609375">
        <ele>22.3999996185302734375</ele>
        <time>2025-11-07T01:15:55.000Z</time>
        <extensions>
          <ns3:TrackPointExtension>
            <ns3:hr>152</ns3:hr>
            <ns3:cad>92</ns3:cad>
          </ns3:TrackPointExtension>
        </extensions>
      </trkpt>
      <trkpt lat="30.51573746837675571441650390625" lon="114.22495820559561252593994140625">
        <ele>22.6000003814697265625</ele>
        <time>2025-11-07T01:15:56.000Z</time>
        <extensions>
          <ns3:TrackPointExtension>
            <ns3:hr>152</ns3:hr>
            <ns3:cad>92</ns3:cad>
          </ns3:TrackPointExtension>
        </extensions>
      </trkpt>
      <trkpt lat="30.5157425813376903533935546875" lon="114.2249250970780849456787109375">
        <ele>22.799999237060546875</ele>
        <time>2025-11-07T01:15:57.000Z</time>
        <extensions>
          <ns3:TrackPointExtension>
            <ns3:hr>152</ns3:hr>
            <ns3:cad>92</ns3:cad>
          </ns3:TrackPointExtension>
        </extensions>
      </trkpt>
      <trkpt lat="30.5157469399273395538330078125" lon="114.2248955927789211273193359375">
        <ele>22.799999237060546875</ele>
        <time>2025-11-07T01:15:58.000Z</time>
        <extensions>
          <ns3:TrackPointExtension>
            <ns3:hr>153</ns3:hr>
            <ns3:cad>92</ns3:cad>
          </ns3:TrackPointExtension>
        </extensions>
      </trkpt>
      <trkpt lat="30.5157563276588916778564453125" lon="114.2248664237558841705322265625">
        <ele>22.799999237060546875</ele>
        <time>2025-11-07T01:15:59.000Z</time>
        <extensions>
          <ns3:TrackPointExtension>
            <ns3:hr>153</ns3:hr>
            <ns3:cad>92</ns3:cad>
          </ns3:TrackPointExtension>
        </extensions>
      </trkpt>
      <trkpt lat="30.51576261408627033233642578125" lon="114.22483482398092746734619140625">
        <ele>23</ele>
        <time>2025-11-07T01:16:00.000Z</time>
        <extensions>
          <ns3:TrackPointExtension>
            <ns3:hr>152</ns3:hr>
            <ns3:cad>92</ns3:cad>
          </ns3:TrackPointExtension>
        </extensions>
      </trkpt>
      <trkpt lat="30.515767224133014678955078125" lon="114.224806241691112518310546875">
        <ele>23</ele>
        <time>2025-11-07T01:16:01.000Z</time>
        <extensions>
          <ns3:TrackPointExtension>
            <ns3:hr>152</ns3:hr>
            <ns3:cad>92</ns3:cad>
          </ns3:TrackPointExtension>
        </extensions>
      </trkpt>
      <trkpt lat="30.515767224133014678955078125" lon="114.224806241691112518310546875">
        <ele>23</ele>
        <time>2025-11-07T01:16:02.000Z</time>
        <extensions>
          <ns3:TrackPointExtension>
            <ns3:hr>152</ns3:hr>
            <ns3:cad>92</ns3:cad>
          </ns3:TrackPointExtension>
        </extensions>
      </trkpt>
      <trkpt lat="30.5157730914652347564697265625" lon="114.22477682121098041534423828125">
        <ele>23</ele>
        <time>2025-11-07T01:16:03.000Z</time>
        <extensions>
          <ns3:TrackPointExtension>
            <ns3:hr>152</ns3:hr>
            <ns3:cad>92</ns3:cad>
          </ns3:TrackPointExtension>
        </extensions>
      </trkpt>
      <trkpt lat="30.5157784558832645416259765625" lon="114.224746227264404296875">
        <ele>23</ele>
        <time>2025-11-07T01:16:04.000Z</time>
        <extensions>
          <ns3:TrackPointExtension>
            <ns3:hr>152</ns3:hr>
            <ns3:cad>93</ns3:cad>
          </ns3:TrackPointExtension>
        </extensions>
      </trkpt>
      <trkpt lat="30.5157861672341823577880859375" lon="114.22471161000430583953857421875">
        <ele>23</ele>
        <time>2025-11-07T01:16:05.000Z</time>
        <extensions>
          <ns3:TrackPointExtension>
            <ns3:hr>152</ns3:hr>
            <ns3:cad>93</ns3:cad>
          </ns3:TrackPointExtension>
        </extensions>
      </trkpt>
      <trkpt lat="30.515793375670909881591796875" lon="114.22468378208577632904052734375">
        <ele>23</ele>
        <time>2025-11-07T01:16:06.000Z</time>
        <extensions>
          <ns3:TrackPointExtension>
            <ns3:hr>152</ns3:hr>
            <ns3:cad>92</ns3:cad>
          </ns3:TrackPointExtension>
        </extensions>
      </trkpt>
      <trkpt lat="30.515812821686267852783203125" lon="114.22462007962167263031005859375">
        <ele>23</ele>
        <time>2025-11-07T01:16:07.000Z</time>
        <extensions>
          <ns3:TrackPointExtension>
            <ns3:hr>152</ns3:hr>
            <ns3:cad>92</ns3:cad>
          </ns3:TrackPointExtension>
        </extensions>
      </trkpt>
      <trkpt lat="30.51582120358943939208984375" lon="114.224584959447383880615234375">
        <ele>23</ele>
        <time>2025-11-07T01:16:08.000Z</time>
        <extensions>
          <ns3:TrackPointExtension>
            <ns3:hr>151</ns3:hr>
            <ns3:cad>92</ns3:cad>
          </ns3:TrackPointExtension>
        </extensions>
      </trkpt>
      <trkpt lat="30.51583101041615009307861328125" lon="114.2245562933385372161865234375">
        <ele>23</ele>
        <time>2025-11-07T01:16:09.000Z</time>
        <extensions>
          <ns3:TrackPointExtension>
            <ns3:hr>151</ns3:hr>
            <ns3:cad>92</ns3:cad>
          </ns3:TrackPointExtension>
        </extensions>
      </trkpt>
      <trkpt lat="30.51584668457508087158203125" lon="114.2245241068303585052490234375">
        <ele>23</ele>
        <time>2025-11-07T01:16:10.000Z</time>
        <extensions>
          <ns3:TrackPointExtension>
            <ns3:hr>151</ns3:hr>
            <ns3:cad>92</ns3:cad>
          </ns3:TrackPointExtension>
        </extensions>
      </trkpt>
      <trkpt lat="30.51585800014436244964599609375" lon="114.22449409961700439453125">
        <ele>23</ele>
        <time>2025-11-07T01:16:11.000Z</time>
        <extensions>
          <ns3:TrackPointExtension>
            <ns3:hr>152</ns3:hr>
            <ns3:cad>92</ns3:cad>
          </ns3:TrackPointExtension>
        </extensions>
      </trkpt>
      <trkpt lat="30.5158743448555469512939453125" lon="114.22446350567042827606201171875">
        <ele>23.200000762939453125</ele>
        <time>2025-11-07T01:16:12.000Z</time>
        <extensions>
          <ns3:TrackPointExtension>
            <ns3:hr>152</ns3:hr>
            <ns3:cad>92</ns3:cad>
          </ns3:TrackPointExtension>
        </extensions>
      </trkpt>
      <trkpt lat="30.5158743448555469512939453125" lon="114.22446350567042827606201171875">
        <ele>23</ele>
        <time>2025-11-07T01:16:13.000Z</time>
        <extensions>
          <ns3:TrackPointExtension>
            <ns3:hr>152</ns3:hr>
            <ns3:cad>92</ns3:cad>
          </ns3:TrackPointExtension>
        </extensions>
      </trkpt>
      <trkpt lat="30.5158902704715728759765625" lon="114.22443266026675701141357421875">
        <ele>23</ele>
        <time>2025-11-07T01:16:14.000Z</time>
        <extensions>
          <ns3:TrackPointExtension>
            <ns3:hr>153</ns3:hr>
            <ns3:cad>92</ns3:cad>
          </ns3:TrackPointExtension>
        </extensions>
      </trkpt>
      <trkpt lat="30.51590946502983570098876953125" lon="114.22440013848245143890380859375">
        <ele>23</ele>
        <time>2025-11-07T01:16:15.000Z</time>
        <extensions>
          <ns3:TrackPointExtension>
            <ns3:hr>153</ns3:hr>
            <ns3:cad>93</ns3:cad>
          </ns3:TrackPointExtension>
        </extensions>
      </trkpt>
      <trkpt lat="30.515946261584758758544921875" lon="114.22434448264539241790771484375">
        <ele>23</ele>
        <time>2025-11-07T01:16:16.000Z</time>
        <extensions>
          <ns3:TrackPointExtension>
            <ns3:hr>154</ns3:hr>
            <ns3:cad>93</ns3:cad>
          </ns3:TrackPointExtension>
        </extensions>
      </trkpt>
      <trkpt lat="30.51596914418041706085205078125" lon="114.2243132181465625762939453125">
        <ele>23</ele>
        <time>2025-11-07T01:16:17.000Z</time>
        <extensions>
          <ns3:TrackPointExtension>
            <ns3:hr>154</ns3:hr>
            <ns3:cad>93</ns3:cad>
          </ns3:TrackPointExtension>
        </extensions>
      </trkpt>
      <trkpt lat="30.5159913562238216400146484375" lon="114.22428689897060394287109375">
        <ele>23</ele>
        <time>2025-11-07T01:16:18.000Z</time>
        <extensions>
          <ns3:TrackPointExtension>
            <ns3:hr>154</ns3:hr>
            <ns3:cad>92</ns3:cad>
          </ns3:TrackPointExtension>
        </extensions>
      </trkpt>
      <trkpt lat="30.5159913562238216400146484375" lon="114.22428689897060394287109375">
        <ele>23.200000762939453125</ele>
        <time>2025-11-07T01:16:19.000Z</time>
        <extensions>
          <ns3:TrackPointExtension>
            <ns3:hr>154</ns3:hr>
            <ns3:cad>92</ns3:cad>
          </ns3:TrackPointExtension>
        </extensions>
      </trkpt>
      <trkpt lat="30.51603737287223339080810546875" lon="114.2242377810180187225341796875">
        <ele>23.200000762939453125</ele>
        <time>2025-11-07T01:16:20.000Z</time>
        <extensions>
          <ns3:TrackPointExtension>
            <ns3:hr>154</ns3:hr>
            <ns3:cad>92</ns3:cad>
          </ns3:TrackPointExtension>
        </extensions>
      </trkpt>
      <trkpt lat="30.51603737287223339080810546875" lon="114.2242377810180187225341796875">
        <ele>23.200000762939453125</ele>
        <time>2025-11-07T01:16:21.000Z</time>
        <extensions>
          <ns3:TrackPointExtension>
            <ns3:hr>154</ns3:hr>
            <ns3:cad>92</ns3:cad>
          </ns3:TrackPointExtension>
        </extensions>
      </trkpt>
      <trkpt lat="30.5160671286284923553466796875" lon="114.22421355731785297393798828125">
        <ele>23.3999996185302734375</ele>
        <time>2025-11-07T01:16:22.000Z</time>
        <extensions>
          <ns3:TrackPointExtension>
            <ns3:hr>154</ns3:hr>
            <ns3:cad>93</ns3:cad>
          </ns3:TrackPointExtension>
        </extensions>
      </trkpt>
      <trkpt lat="30.51612420938909053802490234375" lon="114.22416712157428264617919921875">
        <ele>23.3999996185302734375</ele>
        <time>2025-11-07T01:16:23.000Z</time>
        <extensions>
          <ns3:TrackPointExtension>
            <ns3:hr>154</ns3:hr>
            <ns3:cad>93</ns3:cad>
          </ns3:TrackPointExtension>
        </extensions>
      </trkpt>
      <trkpt lat="30.5161509476602077484130859375" lon="114.22414650209248065948486328125">
        <ele>23.3999996185302734375</ele>
        <time>2025-11-07T01:16:24.000Z</time>
        <extensions>
          <ns3:TrackPointExtension>
            <ns3:hr>155</ns3:hr>
            <ns3:cad>93</ns3:cad>
          </ns3:TrackPointExtension>
        </extensions>
      </trkpt>
      <trkpt lat="30.5161509476602077484130859375" lon="114.22414650209248065948486328125">
        <ele>23.3999996185302734375</ele>
        <time>2025-11-07T01:16:25.000Z</time>
        <extensions>
          <ns3:TrackPointExtension>
            <ns3:hr>155</ns3:hr>
            <ns3:cad>92</ns3:cad>
          </ns3:TrackPointExtension>
        </extensions>
      </trkpt>
      <trkpt lat="30.51620132289826869964599609375" lon="114.224105179309844970703125">
        <ele>23.3999996185302734375</ele>
        <time>2025-11-07T01:16:26.000Z</time>
        <extensions>
          <ns3:TrackPointExtension>
            <ns3:hr>155</ns3:hr>
            <ns3:cad>92</ns3:cad>
          </ns3:TrackPointExtension>
        </extensions>
      </trkpt>
      <trkpt lat="30.51622261293232440948486328125" lon="114.224089086055755615234375">
        <ele>23.3999996185302734375</ele>
        <time>2025-11-07T01:16:27.000Z</time>
        <extensions>
          <ns3:TrackPointExtension>
            <ns3:hr>154</ns3:hr>
            <ns3:cad>92</ns3:cad>
          </ns3:TrackPointExtension>
        </extensions>
      </trkpt>
      <trkpt lat="30.51624692045152187347412109375" lon="114.22407106496393680572509765625">
        <ele>23.200000762939453125</ele>
        <time>2025-11-07T01:16:28.000Z</time>
        <extensions>
          <ns3:TrackPointExtension>
            <ns3:hr>154</ns3:hr>
            <ns3:cad>92</ns3:cad>
          </ns3:TrackPointExtension>
        </extensions>
      </trkpt>
      <trkpt lat="30.5162686295807361602783203125" lon="114.22405413351953029632568359375">
        <ele>23.200000762939453125</ele>
        <time>2025-11-07T01:16:29.000Z</time>
        <extensions>
          <ns3:TrackPointExtension>
            <ns3:hr>154</ns3:hr>
            <ns3:cad>92</ns3:cad>
          </ns3:TrackPointExtension>
        </extensions>
      </trkpt>
      <trkpt lat="30.5162937752902507781982421875" lon="114.22403837554156780242919921875">
        <ele>23.200000762939453125</ele>
        <time>2025-11-07T01:16:30.000Z</time>
        <extensions>
          <ns3:TrackPointExtension>
            <ns3:hr>155</ns3:hr>
            <ns3:cad>92</ns3:cad>
          </ns3:TrackPointExtension>
        </extensions>
      </trkpt>
      <trkpt lat="30.516311042010784149169921875" lon="114.2240235395729541778564453125">
        <ele>23.3999996185302734375</ele>
        <time>2025-11-07T01:16:31.000Z</time>
        <extensions>
          <ns3:TrackPointExtension>
            <ns3:hr>155</ns3:hr>
            <ns3:cad>91</ns3:cad>
          </ns3:TrackPointExtension>
        </extensions>
      </trkpt>
      <trkpt lat="30.51633224822580814361572265625" lon="114.22400484792888164520263671875">
        <ele>23.3999996185302734375</ele>
        <time>2025-11-07T01:16:32.000Z</time>
        <extensions>
          <ns3:TrackPointExtension>
            <ns3:hr>154</ns3:hr>
            <ns3:cad>91</ns3:cad>
          </ns3:TrackPointExtension>
        </extensions>
      </trkpt>
      <trkpt lat="30.51635085605084896087646484375" lon="114.22398489899933338165283203125">
        <ele>23.3999996185302734375</ele>
        <time>2025-11-07T01:16:33.000Z</time>
        <extensions>
          <ns3:TrackPointExtension>
            <ns3:hr>154</ns3:hr>
            <ns3:cad>91</ns3:cad>
          </ns3:TrackPointExtension>
        </extensions>
      </trkpt>
      <trkpt lat="30.51637533120810985565185546875" lon="114.22396411187946796417236328125">
        <ele>23.3999996185302734375</ele>
        <time>2025-11-07T01:16:34.000Z</time>
        <extensions>
          <ns3:TrackPointExtension>
            <ns3:hr>154</ns3:hr>
            <ns3:cad>91</ns3:cad>
          </ns3:TrackPointExtension>
        </extensions>
      </trkpt>
      <trkpt lat="30.516392849385738372802734375" lon="114.2239482700824737548828125">
        <ele>23.3999996185302734375</ele>
        <time>2025-11-07T01:16:35.000Z</time>
        <extensions>
          <ns3:TrackPointExtension>
            <ns3:hr>154</ns3:hr>
            <ns3:cad>91</ns3:cad>
          </ns3:TrackPointExtension>
        </extensions>
      </trkpt>
      <trkpt lat="30.516392849385738372802734375" lon="114.2239482700824737548828125">
        <ele>23.3999996185302734375</ele>
        <time>2025-11-07T01:16:36.000Z</time>
        <extensions>
          <ns3:TrackPointExtension>
            <ns3:hr>154</ns3:hr>
            <ns3:cad>90</ns3:cad>
          </ns3:TrackPointExtension>
        </extensions>
      </trkpt>
      <trkpt lat="30.51640701480209827423095703125" lon="114.223927147686481475830078125">
        <ele>23.6000003814697265625</ele>
        <time>2025-11-07T01:16:37.000Z</time>
        <extensions>
          <ns3:TrackPointExtension>
            <ns3:hr>154</ns3:hr>
            <ns3:cad>89</ns3:cad>
          </ns3:TrackPointExtension>
        </extensions>
      </trkpt>
      <trkpt lat="30.516421012580394744873046875" lon="114.2239082045853137969970703125">
        <ele>23.6000003814697265625</ele>
        <time>2025-11-07T01:16:38.000Z</time>
        <extensions>
          <ns3:TrackPointExtension>
            <ns3:hr>153</ns3:hr>
            <ns3:cad>87</ns3:cad>
          </ns3:TrackPointExtension>
        </extensions>
      </trkpt>
      <trkpt lat="30.5164312385022640228271484375" lon="114.223892278969287872314453125">
        <ele>23.6000003814697265625</ele>
        <time>2025-11-07T01:16:39.000Z</time>
        <extensions>
          <ns3:TrackPointExtension>
            <ns3:hr>154</ns3:hr>
            <ns3:cad>87</ns3:cad>
          </ns3:TrackPointExtension>
        </extensions>
      </trkpt>
      <trkpt lat="30.51644506864249706268310546875" lon="114.2238833941519260406494140625">
        <ele>23.799999237060546875</ele>
        <time>2025-11-07T01:16:40.000Z</time>
        <extensions>
          <ns3:TrackPointExtension>
            <ns3:hr>153</ns3:hr>
            <ns3:cad>86</ns3:cad>
          </ns3:TrackPointExtension>
        </extensions>
      </trkpt>
      <trkpt lat="30.5164587311446666717529296875" lon="114.22388968057930469512939453125">
        <ele>23.799999237060546875</ele>
        <time>2025-11-07T01:16:41.000Z</time>
        <extensions>
          <ns3:TrackPointExtension>
            <ns3:hr>153</ns3:hr>
            <ns3:cad>61</ns3:cad>
          </ns3:TrackPointExtension>
        </extensions>
      </trkpt>
      <trkpt lat="30.51647323183715343475341796875" lon="114.2239041812717914581298828125">
        <ele>24</ele>
        <time>2025-11-07T01:16:42.000Z</time>
        <extensions>
          <ns3:TrackPointExtension>
            <ns3:hr>153</ns3:hr>
            <ns3:cad>65</ns3:cad>
          </ns3:TrackPointExtension>
        </extensions>
      </trkpt>
      <trkpt lat="30.5164671130478382110595703125" lon="114.2239115573465824127197265625">
        <ele>23.799999237060546875</ele>
        <time>2025-11-07T01:16:43.000Z</time>
        <extensions>
          <ns3:TrackPointExtension>
            <ns3:hr>153</ns3:hr>
            <ns3:cad>70</ns3:cad>
          </ns3:TrackPointExtension>
        </extensions>
      </trkpt>
      <trkpt lat="30.51646099425852298736572265625" lon="114.22391004860401153564453125">
        <ele>23.799999237060546875</ele>
        <time>2025-11-07T01:16:44.000Z</time>
        <extensions>
          <ns3:TrackPointExtension>
            <ns3:hr>152</ns3:hr>
            <ns3:cad>87</ns3:cad>
          </ns3:TrackPointExtension>
        </extensions>
      </trkpt>
      <trkpt lat="30.51646099425852298736572265625" lon="114.22391004860401153564453125">
        <ele>23.6000003814697265625</ele>
        <time>2025-11-07T01:16:45.000Z</time>
        <extensions>
          <ns3:TrackPointExtension>
            <ns3:hr>151</ns3:hr>
            <ns3:cad>87</ns3:cad>
          </ns3:TrackPointExtension>
        </extensions>
      </trkpt>
      <trkpt lat="30.5164570547640323638916015625" lon="114.22390677966177463531494140625">
        <ele>23.6000003814697265625</ele>
        <time>2025-11-07T01:16:46.000Z</time>
        <extensions>
          <ns3:TrackPointExtension>
            <ns3:hr>150</ns3:hr>
            <ns3:cad>87</ns3:cad>
          </ns3:TrackPointExtension>
        </extensions>
      </trkpt>
      <trkpt lat="30.51645495928823947906494140625" lon="114.223903007805347442626953125">
        <ele>23.6000003814697265625</ele>
        <time>2025-11-07T01:16:47.000Z</time>
        <extensions>
          <ns3:TrackPointExtension>
            <ns3:hr>150</ns3:hr>
            <ns3:cad>77</ns3:cad>
          </ns3:TrackPointExtension>
        </extensions>
      </trkpt>
      <trkpt lat="30.51646216772496700286865234375" lon="114.22390024177730083465576171875">
        <ele>23.3999996185302734375</ele>
        <time>2025-11-07T01:16:48.000Z</time>
        <extensions>
          <ns3:TrackPointExtension>
            <ns3:hr>150</ns3:hr>
            <ns3:cad>60</ns3:cad>
          </ns3:TrackPointExtension>
        </extensions>
      </trkpt>
      <trkpt lat="30.516461916267871856689453125" lon="114.22390007413923740386962890625">
        <ele>23.6000003814697265625</ele>
        <time>2025-11-07T01:16:49.000Z</time>
        <extensions>
          <ns3:TrackPointExtension>
            <ns3:hr>150</ns3:hr>
            <ns3:cad>57</ns3:cad>
          </ns3:TrackPointExtension>
        </extensions>
      </trkpt>
      <trkpt lat="30.516461916267871856689453125" lon="114.22390007413923740386962890625">
        <ele>23.6000003814697265625</ele>
        <time>2025-11-07T01:16:50.000Z</time>
        <extensions>
          <ns3:TrackPointExtension>
            <ns3:hr>150</ns3:hr>
            <ns3:cad>54</ns3:cad>
          </ns3:TrackPointExtension>
        </extensions>
      </trkpt>
      <trkpt lat="30.516461916267871856689453125" lon="114.22390007413923740386962890625">
        <ele>23.6000003814697265625</ele>
        <time>2025-11-07T01:16:51.000Z</time>
        <extensions>
          <ns3:TrackPointExtension>
            <ns3:hr>151</ns3:hr>
            <ns3:cad>52</ns3:cad>
          </ns3:TrackPointExtension>
        </extensions>
      </trkpt>
      <trkpt lat="30.5164620839059352874755859375" lon="114.22390007413923740386962890625">
        <ele>23.6000003814697265625</ele>
        <time>2025-11-07T01:16:52.000Z</time>
        <extensions>
          <ns3:TrackPointExtension>
            <ns3:hr>151</ns3:hr>
            <ns3:cad>51</ns3:cad>
          </ns3:TrackPointExtension>
        </extensions>
      </trkpt>
      <trkpt lat="30.51646317355334758758544921875" lon="114.22388800419867038726806640625">
        <ele>23.6000003814697265625</ele>
        <time>2025-11-07T01:16:53.000Z</time>
        <extensions>
          <ns3:TrackPointExtension>
            <ns3:hr>152</ns3:hr>
            <ns3:cad>85</ns3:cad>
          </ns3:TrackPointExtension>
        </extensions>
      </trkpt>
      <trkpt lat="30.51646501757204532623291015625" lon="114.223869144916534423828125">
        <ele>23.6000003814697265625</ele>
        <time>2025-11-07T01:16:54.000Z</time>
        <extensions>
          <ns3:TrackPointExtension>
            <ns3:hr>152</ns3:hr>
            <ns3:cad>80</ns3:cad>
          </ns3:TrackPointExtension>
        </extensions>
      </trkpt>
      <trkpt lat="30.51646501757204532623291015625" lon="114.223869144916534423828125">
        <ele>23.6000003814697265625</ele>
        <time>2025-11-07T01:16:55.000Z</time>
        <extensions>
          <ns3:TrackPointExtension>
            <ns3:hr>152</ns3:hr>
            <ns3:cad>83</ns3:cad>
          </ns3:TrackPointExtension>
        </extensions>
      </trkpt>
      <trkpt lat="30.516470968723297119140625" lon="114.22385330311954021453857421875">
        <ele>23.6000003814697265625</ele>
        <time>2025-11-07T01:16:56.000Z</time>
        <extensions>
          <ns3:TrackPointExtension>
            <ns3:hr>151</ns3:hr>
            <ns3:cad>83</ns3:cad>
          </ns3:TrackPointExtension>
        </extensions>
      </trkpt>
      <trkpt lat="30.51648865453898906707763671875" lon="114.2238146625459194183349609375">
        <ele>23.6000003814697265625</ele>
        <time>2025-11-07T01:16:57.000Z</time>
        <extensions>
          <ns3:TrackPointExtension>
            <ns3:hr>150</ns3:hr>
            <ns3:cad>84</ns3:cad>
          </ns3:TrackPointExtension>
        </extensions>
      </trkpt>
      <trkpt lat="30.51648865453898906707763671875" lon="114.2238146625459194183349609375">
        <ele>23.6000003814697265625</ele>
        <time>2025-11-07T01:16:58.000Z</time>
        <extensions>
          <ns3:TrackPointExtension>
            <ns3:hr>150</ns3:hr>
            <ns3:cad>85</ns3:cad>
          </ns3:TrackPointExtension>
        </extensions>
      </trkpt>
      <trkpt lat="30.5164671130478382110595703125" lon="114.22377593815326690673828125">
        <ele>23.6000003814697265625</ele>
        <time>2025-11-07T01:16:59.000Z</time>
        <extensions>
          <ns3:TrackPointExtension>
            <ns3:hr>149</ns3:hr>
            <ns3:cad>86</ns3:cad>
          </ns3:TrackPointExtension>
        </extensions>
      </trkpt>
      <trkpt lat="30.5164459906518459320068359375" lon="114.22376244328916072845458984375">
        <ele>23.3999996185302734375</ele>
        <time>2025-11-07T01:17:00.000Z</time>
        <extensions>
          <ns3:TrackPointExtension>
            <ns3:hr>149</ns3:hr>
            <ns3:cad>87</ns3:cad>
          </ns3:TrackPointExtension>
        </extensions>
      </trkpt>
      <trkpt lat="30.51642260514199733734130859375" lon="114.223740734159946441650390625">
        <ele>23.3999996185302734375</ele>
        <time>2025-11-07T01:17:01.000Z</time>
        <extensions>
          <ns3:TrackPointExtension>
            <ns3:hr>148</ns3:hr>
            <ns3:cad>88</ns3:cad>
          </ns3:TrackPointExtension>
        </extensions>
      </trkpt>
      <trkpt lat="30.51642260514199733734130859375" lon="114.223740734159946441650390625">
        <ele>23.3999996185302734375</ele>
        <time>2025-11-07T01:17:02.000Z</time>
        <extensions>
          <ns3:TrackPointExtension>
            <ns3:hr>148</ns3:hr>
            <ns3:cad>88</ns3:cad>
          </ns3:TrackPointExtension>
        </extensions>
      </trkpt>
      <trkpt lat="30.5163772590458393096923828125" lon="114.22369413077831268310546875">
        <ele>23.3999996185302734375</ele>
        <time>2025-11-07T01:17:03.000Z</time>
        <extensions>
          <ns3:TrackPointExtension>
            <ns3:hr>148</ns3:hr>
            <ns3:cad>90</ns3:cad>
          </ns3:TrackPointExtension>
        </extensions>
      </trkpt>
      <trkpt lat="30.51635286770761013031005859375" lon="114.22367627732455730438232421875">
        <ele>23.6000003814697265625</ele>
        <time>2025-11-07T01:17:04.000Z</time>
        <extensions>
          <ns3:TrackPointExtension>
            <ns3:hr>147</ns3:hr>
            <ns3:cad>90</ns3:cad>
          </ns3:TrackPointExtension>
        </extensions>
      </trkpt>
      <trkpt lat="30.51632814109325408935546875" lon="114.22365699894726276397705078125">
        <ele>23.6000003814697265625</ele>
        <time>2025-11-07T01:17:05.000Z</time>
        <extensions>
          <ns3:TrackPointExtension>
            <ns3:hr>147</ns3:hr>
            <ns3:cad>90</ns3:cad>
          </ns3:TrackPointExtension>
        </extensions>
      </trkpt>
      <trkpt lat="30.5163021571934223175048828125" lon="114.22363855876028537750244140625">
        <ele>23.6000003814697265625</ele>
        <time>2025-11-07T01:17:06.000Z</time>
        <extensions>
          <ns3:TrackPointExtension>
            <ns3:hr>147</ns3:hr>
            <ns3:cad>92</ns3:cad>
          </ns3:TrackPointExtension>
        </extensions>
      </trkpt>
      <trkpt lat="30.516278855502605438232421875" lon="114.2236198671162128448486328125">
        <ele>23.6000003814697265625</ele>
        <time>2025-11-07T01:17:07.000Z</time>
        <extensions>
          <ns3:TrackPointExtension>
            <ns3:hr>148</ns3:hr>
            <ns3:cad>92</ns3:cad>
          </ns3:TrackPointExtension>
        </extensions>
      </trkpt>
      <trkpt lat="30.516278855502605438232421875" lon="114.2236198671162128448486328125">
        <ele>23.6000003814697265625</ele>
        <time>2025-11-07T01:17:08.000Z</time>
        <extensions>
          <ns3:TrackPointExtension>
            <ns3:hr>147</ns3:hr>
            <ns3:cad>92</ns3:cad>
          </ns3:TrackPointExtension>
        </extensions>
      </trkpt>
      <trkpt lat="30.51625169813632965087890625" lon="114.2235977388918399810791015625">
        <ele>23.3999996185302734375</ele>
        <time>2025-11-07T01:17:09.000Z</time>
        <extensions>
          <ns3:TrackPointExtension>
            <ns3:hr>147</ns3:hr>
            <ns3:cad>93</ns3:cad>
          </ns3:TrackPointExtension>
        </extensions>
      </trkpt>
      <trkpt lat="30.51622814498841762542724609375" lon="114.2235796339809894561767578125">
        <ele>23.3999996185302734375</ele>
        <time>2025-11-07T01:17:10.000Z</time>
        <extensions>
          <ns3:TrackPointExtension>
            <ns3:hr>147</ns3:hr>
            <ns3:cad>93</ns3:cad>
          </ns3:TrackPointExtension>
        </extensions>
      </trkpt>
      <trkpt lat="30.51617550663650035858154296875" lon="114.22353814356029033660888671875">
        <ele>23.3999996185302734375</ele>
        <time>2025-11-07T01:17:11.000Z</time>
        <extensions>
          <ns3:TrackPointExtension>
            <ns3:hr>147</ns3:hr>
            <ns3:cad>93</ns3:cad>
          </ns3:TrackPointExtension>
        </extensions>
      </trkpt>
      <trkpt lat="30.51617550663650035858154296875" lon="114.22353814356029033660888671875">
        <ele>23.6000003814697265625</ele>
        <time>2025-11-07T01:17:12.000Z</time>
        <extensions>
          <ns3:TrackPointExtension>
            <ns3:hr>147</ns3:hr>
            <ns3:cad>93</ns3:cad>
          </ns3:TrackPointExtension>
        </extensions>
      </trkpt>
      <trkpt lat="30.51614700816571712493896484375" lon="114.22351500950753688812255859375">
        <ele>23.799999237060546875</ele>
        <time>2025-11-07T01:17:13.000Z</time>
        <extensions>
          <ns3:TrackPointExtension>
            <ns3:hr>147</ns3:hr>
            <ns3:cad>93</ns3:cad>
          </ns3:TrackPointExtension>
        </extensions>
      </trkpt>
      <trkpt lat="30.51609789021313190460205078125" lon="114.22347377054393291473388671875">
        <ele>23.799999237060546875</ele>
        <time>2025-11-07T01:17:14.000Z</time>
        <extensions>
          <ns3:TrackPointExtension>
            <ns3:hr>147</ns3:hr>
            <ns3:cad>93</ns3:cad>
          </ns3:TrackPointExtension>
        </extensions>
      </trkpt>
      <trkpt lat="30.51606939174234867095947265625" lon="114.22345298342406749725341796875">
        <ele>24</ele>
        <time>2025-11-07T01:17:15.000Z</time>
        <extensions>
          <ns3:TrackPointExtension>
            <ns3:hr>147</ns3:hr>
            <ns3:cad>93</ns3:cad>
          </ns3:TrackPointExtension>
        </extensions>
      </trkpt>
      <trkpt lat="30.5160443298518657684326171875" lon="114.22343169339001178741455078125">
        <ele>24</ele>
        <time>2025-11-07T01:17:16.000Z</time>
        <extensions>
          <ns3:TrackPointExtension>
            <ns3:hr>147</ns3:hr>
            <ns3:cad>93</ns3:cad>
          </ns3:TrackPointExtension>
        </extensions>
      </trkpt>
      <trkpt lat="30.5160171724855899810791015625" lon="114.2234106548130512237548828125">
        <ele>24</ele>
        <time>2025-11-07T01:17:17.000Z</time>
        <extensions>
          <ns3:TrackPointExtension>
            <ns3:hr>148</ns3:hr>
            <ns3:cad>93</ns3:cad>
          </ns3:TrackPointExtension>
        </extensions>
      </trkpt>
      <trkpt lat="30.51599554717540740966796875" lon="114.223388694226741790771484375">
        <ele>24</ele>
        <time>2025-11-07T01:17:18.000Z</time>
        <extensions>
          <ns3:TrackPointExtension>
            <ns3:hr>148</ns3:hr>
            <ns3:cad>92</ns3:cad>
          </ns3:TrackPointExtension>
        </extensions>
      </trkpt>
      <trkpt lat="30.5159675516188144683837890625" lon="114.22336614690721035003662109375">
        <ele>24</ele>
        <time>2025-11-07T01:17:19.000Z</time>
        <extensions>
          <ns3:TrackPointExtension>
            <ns3:hr>148</ns3:hr>
            <ns3:cad>93</ns3:cad>
          </ns3:TrackPointExtension>
        </extensions>
      </trkpt>
      <trkpt lat="30.5159675516188144683837890625" lon="114.22336614690721035003662109375">
        <ele>24</ele>
        <time>2025-11-07T01:17:20.000Z</time>
        <extensions>
          <ns3:TrackPointExtension>
            <ns3:hr>148</ns3:hr>
            <ns3:cad>93</ns3:cad>
          </ns3:TrackPointExtension>
        </extensions>
      </trkpt>
      <trkpt lat="30.51591667346656322479248046875" lon="114.22332289628684520721435546875">
        <ele>24</ele>
        <time>2025-11-07T01:17:21.000Z</time>
        <extensions>
          <ns3:TrackPointExtension>
            <ns3:hr>149</ns3:hr>
            <ns3:cad>93</ns3:cad>
          </ns3:TrackPointExtension>
        </extensions>
      </trkpt>
      <trkpt lat="30.5158914439380168914794921875" lon="114.2233067192137241363525390625">
        <ele>24</ele>
        <time>2025-11-07T01:17:22.000Z</time>
        <extensions>
          <ns3:TrackPointExtension>
            <ns3:hr>149</ns3:hr>
            <ns3:cad>93</ns3:cad>
          </ns3:TrackPointExtension>
        </extensions>
      </trkpt>
      <trkpt lat="30.5158661305904388427734375" lon="114.22328584827482700347900390625">
        <ele>24</ele>
        <time>2025-11-07T01:17:23.000Z</time>
        <extensions>
          <ns3:TrackPointExtension>
            <ns3:hr>149</ns3:hr>
            <ns3:cad>93</ns3:cad>
          </ns3:TrackPointExtension>
        </extensions>
      </trkpt>
      <trkpt lat="30.5158441700041294097900390625" lon="114.22326539643108844757080078125">
        <ele>23.799999237060546875</ele>
        <time>2025-11-07T01:17:24.000Z</time>
        <extensions>
          <ns3:TrackPointExtension>
            <ns3:hr>150</ns3:hr>
            <ns3:cad>93</ns3:cad>
          </ns3:TrackPointExtension>
        </extensions>
      </trkpt>
      <trkpt lat="30.5158210359513759613037109375" lon="114.22324209474027156829833984375">
        <ele>23.799999237060546875</ele>
        <time>2025-11-07T01:17:25.000Z</time>
        <extensions>
          <ns3:TrackPointExtension>
            <ns3:hr>150</ns3:hr>
            <ns3:cad>93</ns3:cad>
          </ns3:TrackPointExtension>
        </extensions>
      </trkpt>
      <trkpt lat="30.51579496823251247406005859375" lon="114.22322080470621585845947265625">
        <ele>23.799999237060546875</ele>
        <time>2025-11-07T01:17:26.000Z</time>
        <extensions>
          <ns3:TrackPointExtension>
            <ns3:hr>150</ns3:hr>
            <ns3:cad>93</ns3:cad>
          </ns3:TrackPointExtension>
        </extensions>
      </trkpt>
      <trkpt lat="30.5157707445323467254638671875" lon="114.22320102341473102569580078125">
        <ele>23.6000003814697265625</ele>
        <time>2025-11-07T01:17:27.000Z</time>
        <extensions>
          <ns3:TrackPointExtension>
            <ns3:hr>150</ns3:hr>
            <ns3:cad>93</ns3:cad>
          </ns3:TrackPointExtension>
        </extensions>
      </trkpt>
      <trkpt lat="30.51574367098510265350341796875" lon="114.2231866903603076934814453125">
        <ele>23.6000003814697265625</ele>
        <time>2025-11-07T01:17:28.000Z</time>
        <extensions>
          <ns3:TrackPointExtension>
            <ns3:hr>150</ns3:hr>
            <ns3:cad>93</ns3:cad>
          </ns3:TrackPointExtension>
        </extensions>
      </trkpt>
      <trkpt lat="30.51574367098510265350341796875" lon="114.2231866903603076934814453125">
        <ele>23.6000003814697265625</ele>
        <time>2025-11-07T01:17:29.000Z</time>
        <extensions>
          <ns3:TrackPointExtension>
            <ns3:hr>150</ns3:hr>
            <ns3:cad>93</ns3:cad>
          </ns3:TrackPointExtension>
        </extensions>
      </trkpt>
      <trkpt lat="30.515721626579761505126953125" lon="114.22318157739937305450439453125">
        <ele>23.6000003814697265625</ele>
        <time>2025-11-07T01:17:30.000Z</time>
        <extensions>
          <ns3:TrackPointExtension>
            <ns3:hr>150</ns3:hr>
            <ns3:cad>92</ns3:cad>
          </ns3:TrackPointExtension>
        </extensions>
      </trkpt>
      <trkpt lat="30.515696816146373748779296875" lon="114.22317621298134326934814453125">
        <ele>23.6000003814697265625</ele>
        <time>2025-11-07T01:17:31.000Z</time>
        <extensions>
          <ns3:TrackPointExtension>
            <ns3:hr>150</ns3:hr>
            <ns3:cad>91</ns3:cad>
          </ns3:TrackPointExtension>
        </extensions>
      </trkpt>
      <trkpt lat="30.51567393355071544647216796875" lon="114.22316984273493289947509765625">
        <ele>23.799999237060546875</ele>
        <time>2025-11-07T01:17:32.000Z</time>
        <extensions>
          <ns3:TrackPointExtension>
            <ns3:hr>150</ns3:hr>
            <ns3:cad>91</ns3:cad>
          </ns3:TrackPointExtension>
        </extensions>
      </trkpt>
      <trkpt lat="30.51563353277742862701416015625" lon="114.22316171228885650634765625">
        <ele>24</ele>
        <time>2025-11-07T01:17:33.000Z</time>
        <extensions>
          <ns3:TrackPointExtension>
            <ns3:hr>150</ns3:hr>
            <ns3:cad>91</ns3:cad>
          </ns3:TrackPointExtension>
        </extensions>
      </trkpt>
      <trkpt lat="30.51563353277742862701416015625" lon="114.22316171228885650634765625">
        <ele>24</ele>
        <time>2025-11-07T01:17:34.000Z</time>
        <extensions>
          <ns3:TrackPointExtension>
            <ns3:hr>150</ns3:hr>
            <ns3:cad>92</ns3:cad>
          </ns3:TrackPointExtension>
        </extensions>
      </trkpt>
      <trkpt lat="30.515582822263240814208984375" lon="114.223151318728923797607421875">
        <ele>24</ele>
        <time>2025-11-07T01:17:35.000Z</time>
        <extensions>
          <ns3:TrackPointExtension>
            <ns3:hr>150</ns3:hr>
            <ns3:cad>92</ns3:cad>
          </ns3:TrackPointExtension>
        </extensions>
      </trkpt>
      <trkpt lat="30.515552647411823272705078125" lon="114.22314570285379886627197265625">
        <ele>24</ele>
        <time>2025-11-07T01:17:36.000Z</time>
        <extensions>
          <ns3:TrackPointExtension>
            <ns3:hr>150</ns3:hr>
            <ns3:cad>92</ns3:cad>
          </ns3:TrackPointExtension>
        </extensions>
      </trkpt>
      <trkpt lat="30.5155273340642452239990234375" lon="114.2231417633593082427978515625">
        <ele>23.799999237060546875</ele>
        <time>2025-11-07T01:17:37.000Z</time>
        <extensions>
          <ns3:TrackPointExtension>
            <ns3:hr>149</ns3:hr>
            <ns3:cad>91</ns3:cad>
          </ns3:TrackPointExtension>
        </extensions>
      </trkpt>
      <trkpt lat="30.51549891941249370574951171875" lon="114.22314033843576908111572265625">
        <ele>23.799999237060546875</ele>
        <time>2025-11-07T01:17:38.000Z</time>
        <extensions>
          <ns3:TrackPointExtension>
            <ns3:hr>149</ns3:hr>
            <ns3:cad>91</ns3:cad>
          </ns3:TrackPointExtension>
        </extensions>
      </trkpt>
      <trkpt lat="30.51547494716942310333251953125" lon="114.223141260445117950439453125">
        <ele>23.6000003814697265625</ele>
        <time>2025-11-07T01:17:39.000Z</time>
        <extensions>
          <ns3:TrackPointExtension>
            <ns3:hr>149</ns3:hr>
            <ns3:cad>90</ns3:cad>
          </ns3:TrackPointExtension>
        </extensions>
      </trkpt>
      <trkpt lat="30.51544996909797191619873046875" lon="114.223150648176670074462890625">
        <ele>23.3999996185302734375</ele>
        <time>2025-11-07T01:17:40.000Z</time>
        <extensions>
          <ns3:TrackPointExtension>
            <ns3:hr>149</ns3:hr>
            <ns3:cad>89</ns3:cad>
          </ns3:TrackPointExtension>
        </extensions>
      </trkpt>
      <trkpt lat="30.51544996909797191619873046875" lon="114.223150648176670074462890625">
        <ele>23.3999996185302734375</ele>
        <time>2025-11-07T01:17:41.000Z</time>
        <extensions>
          <ns3:TrackPointExtension>
            <ns3:hr>150</ns3:hr>
            <ns3:cad>89</ns3:cad>
          </ns3:TrackPointExtension>
        </extensions>
      </trkpt>
      <trkpt lat="30.5154371447861194610595703125" lon="114.22316296957433223724365234375">
        <ele>23.200000762939453125</ele>
        <time>2025-11-07T01:17:42.000Z</time>
        <extensions>
          <ns3:TrackPointExtension>
            <ns3:hr>149</ns3:hr>
            <ns3:cad>89</ns3:cad>
          </ns3:TrackPointExtension>
        </extensions>
      </trkpt>
      <trkpt lat="30.5154394917190074920654296875" lon="114.22316699288785457611083984375">
        <ele>23.200000762939453125</ele>
        <time>2025-11-07T01:17:43.000Z</time>
        <extensions>
          <ns3:TrackPointExtension>
            <ns3:hr>149</ns3:hr>
            <ns3:cad>88</ns3:cad>
          </ns3:TrackPointExtension>
        </extensions>
      </trkpt>
      <trkpt lat="30.515429265797138214111328125" lon="114.2231897078454494476318359375">
        <ele>23.200000762939453125</ele>
        <time>2025-11-07T01:17:44.000Z</time>
        <extensions>
          <ns3:TrackPointExtension>
            <ns3:hr>149</ns3:hr>
            <ns3:cad>88</ns3:cad>
          </ns3:TrackPointExtension>
        </extensions>
      </trkpt>
      <trkpt lat="30.515415184199810028076171875" lon="114.22321803867816925048828125">
        <ele>23.200000762939453125</ele>
        <time>2025-11-07T01:17:45.000Z</time>
        <extensions>
          <ns3:TrackPointExtension>
            <ns3:hr>149</ns3:hr>
            <ns3:cad>88</ns3:cad>
          </ns3:TrackPointExtension>
        </extensions>
      </trkpt>
      <trkpt lat="30.515415184199810028076171875" lon="114.22321803867816925048828125">
        <ele>23</ele>
        <time>2025-11-07T01:17:46.000Z</time>
        <extensions>
          <ns3:TrackPointExtension>
            <ns3:hr>149</ns3:hr>
            <ns3:cad>88</ns3:cad>
          </ns3:TrackPointExtension>
        </extensions>
      </trkpt>
      <trkpt lat="30.51539716310799121856689453125" lon="114.22326103784143924713134765625">
        <ele>23</ele>
        <time>2025-11-07T01:17:47.000Z</time>
        <extensions>
          <ns3:TrackPointExtension>
            <ns3:hr>149</ns3:hr>
            <ns3:cad>88</ns3:cad>
          </ns3:TrackPointExtension>
        </extensions>
      </trkpt>
      <trkpt lat="30.51539716310799121856689453125" lon="114.22326103784143924713134765625">
        <ele>23.200000762939453125</ele>
        <time>2025-11-07T01:17:48.000Z</time>
        <extensions>
          <ns3:TrackPointExtension>
            <ns3:hr>148</ns3:hr>
            <ns3:cad>88</ns3:cad>
          </ns3:TrackPointExtension>
        </extensions>
      </trkpt>
      <trkpt lat="30.5153992585837841033935546875" lon="114.223265312612056732177734375">
        <ele>23.200000762939453125</ele>
        <time>2025-11-07T01:17:49.000Z</time>
        <extensions>
          <ns3:TrackPointExtension>
            <ns3:hr>148</ns3:hr>
            <ns3:cad>88</ns3:cad>
          </ns3:TrackPointExtension>
        </extensions>
      </trkpt>
      <trkpt lat="30.51539816893637180328369140625" lon="114.223272688686847686767578125">
        <ele>23.200000762939453125</ele>
        <time>2025-11-07T01:17:50.000Z</time>
        <extensions>
          <ns3:TrackPointExtension>
            <ns3:hr>148</ns3:hr>
            <ns3:cad>88</ns3:cad>
          </ns3:TrackPointExtension>
        </extensions>
      </trkpt>
      <trkpt lat="30.515376627445220947265625" lon="114.2233114130795001983642578125">
        <ele>23.200000762939453125</ele>
        <time>2025-11-07T01:17:51.000Z</time>
        <extensions>
          <ns3:TrackPointExtension>
            <ns3:hr>148</ns3:hr>
            <ns3:cad>88</ns3:cad>
          </ns3:TrackPointExtension>
        </extensions>
      </trkpt>
      <trkpt lat="30.51537017337977886199951171875" lon="114.22333127819001674652099609375">
        <ele>23.200000762939453125</ele>
        <time>2025-11-07T01:17:52.000Z</time>
        <extensions>
          <ns3:TrackPointExtension>
            <ns3:hr>148</ns3:hr>
            <ns3:cad>89</ns3:cad>
          </ns3:TrackPointExtension>
        </extensions>
      </trkpt>
      <trkpt lat="30.51536950282752513885498046875" lon="114.2233586870133876800537109375">
        <ele>23.200000762939453125</ele>
        <time>2025-11-07T01:17:53.000Z</time>
        <extensions>
          <ns3:TrackPointExtension>
            <ns3:hr>147</ns3:hr>
            <ns3:cad>91</ns3:cad>
          </ns3:TrackPointExtension>
        </extensions>
      </trkpt>
      <trkpt lat="30.51537553779780864715576171875" lon="114.22338676638901233673095703125">
        <ele>23.200000762939453125</ele>
        <time>2025-11-07T01:17:54.000Z</time>
        <extensions>
          <ns3:TrackPointExtension>
            <ns3:hr>147</ns3:hr>
            <ns3:cad>92</ns3:cad>
          </ns3:TrackPointExtension>
        </extensions>
      </trkpt>
      <trkpt lat="30.515387356281280517578125" lon="114.2234106548130512237548828125">
        <ele>23</ele>
        <time>2025-11-07T01:17:55.000Z</time>
        <extensions>
          <ns3:TrackPointExtension>
            <ns3:hr>147</ns3:hr>
            <ns3:cad>93</ns3:cad>
          </ns3:TrackPointExtension>
        </extensions>
      </trkpt>
      <trkpt lat="30.5154022760689258575439453125" lon="114.22344057820737361907958984375">
        <ele>23</ele>
        <time>2025-11-07T01:17:56.000Z</time>
        <extensions>
          <ns3:TrackPointExtension>
            <ns3:hr>146</ns3:hr>
            <ns3:cad>80</ns3:cad>
          </ns3:TrackPointExtension>
        </extensions>
      </trkpt>
      <trkpt lat="30.51541023887693881988525390625" lon="114.22348282299935817718505859375">
        <ele>22.799999237060546875</ele>
        <time>2025-11-07T01:17:57.000Z</time>
        <extensions>
          <ns3:TrackPointExtension>
            <ns3:hr>146</ns3:hr>
            <ns3:cad>103</ns3:cad>
          </ns3:TrackPointExtension>
        </extensions>
      </trkpt>
      <trkpt lat="30.51541342400014400482177734375" lon="114.2235394008457660675048828125">
        <ele>22.3999996185302734375</ele>
        <time>2025-11-07T01:17:58.000Z</time>
        <extensions>
          <ns3:TrackPointExtension>
            <ns3:hr>146</ns3:hr>
            <ns3:cad>95</ns3:cad>
          </ns3:TrackPointExtension>
        </extensions>
      </trkpt>
      <trkpt lat="30.51541442982852458953857421875" lon="114.22360360622406005859375">
        <ele>22</ele>
        <time>2025-11-07T01:17:59.000Z</time>
        <extensions>
          <ns3:TrackPointExtension>
            <ns3:hr>146</ns3:hr>
            <ns3:cad>93</ns3:cad>
          </ns3:TrackPointExtension>
        </extensions>
      </trkpt>
      <trkpt lat="30.51541442982852458953857421875" lon="114.22360360622406005859375">
        <ele>21.6000003814697265625</ele>
        <time>2025-11-07T01:18:00.000Z</time>
        <extensions>
          <ns3:TrackPointExtension>
            <ns3:hr>145</ns3:hr>
            <ns3:cad>101</ns3:cad>
          </ns3:TrackPointExtension>
        </extensions>
      </trkpt>
      <trkpt lat="30.51541216671466827392578125" lon="114.22367024235427379608154296875">
        <ele>21.200000762939453125</ele>
        <time>2025-11-07T01:18:01.000Z</time>
        <extensions>
          <ns3:TrackPointExtension>
            <ns3:hr>145</ns3:hr>
            <ns3:cad>105</ns3:cad>
          </ns3:TrackPointExtension>
        </extensions>
      </trkpt>
      <trkpt lat="30.51540520973503589630126953125" lon="114.22373428009450435638427734375">
        <ele>20.799999237060546875</ele>
        <time>2025-11-07T01:18:02.000Z</time>
        <extensions>
          <ns3:TrackPointExtension>
            <ns3:hr>145</ns3:hr>
            <ns3:cad>106</ns3:cad>
          </ns3:TrackPointExtension>
        </extensions>
      </trkpt>
      <trkpt lat="30.51539951004087924957275390625" lon="114.22380007803440093994140625">
        <ele>20.6000003814697265625</ele>
        <time>2025-11-07T01:18:03.000Z</time>
        <extensions>
          <ns3:TrackPointExtension>
            <ns3:hr>144</ns3:hr>
            <ns3:cad>108</ns3:cad>
          </ns3:TrackPointExtension>
        </extensions>
      </trkpt>
      <trkpt lat="30.5153965763747692108154296875" lon="114.2239209450781345367431640625">
        <ele>20.6000003814697265625</ele>
        <time>2025-11-07T01:18:04.000Z</time>
        <extensions>
          <ns3:TrackPointExtension>
            <ns3:hr>144</ns3:hr>
            <ns3:cad>109</ns3:cad>
          </ns3:TrackPointExtension>
        </extensions>
      </trkpt>
      <trkpt lat="30.51539347507059574127197265625" lon="114.22397785820066928863525390625">
        <ele>20.6000003814697265625</ele>
        <time>2025-11-07T01:18:05.000Z</time>
        <extensions>
          <ns3:TrackPointExtension>
            <ns3:hr>144</ns3:hr>
            <ns3:cad>104</ns3:cad>
          </ns3:TrackPointExtension>
        </extensions>
      </trkpt>
      <trkpt lat="30.5153871886432170867919921875" lon="114.22403208911418914794921875">
        <ele>20.6000003814697265625</ele>
        <time>2025-11-07T01:18:06.000Z</time>
        <extensions>
          <ns3:TrackPointExtension>
            <ns3:hr>143</ns3:hr>
            <ns3:cad>104</ns3:cad>
          </ns3:TrackPointExtension>
        </extensions>
      </trkpt>
      <trkpt lat="30.515376627445220947265625" lon="114.22408481128513813018798828125">
        <ele>20.6000003814697265625</ele>
        <time>2025-11-07T01:18:07.000Z</time>
        <extensions>
          <ns3:TrackPointExtension>
            <ns3:hr>140</ns3:hr>
            <ns3:cad>105</ns3:cad>
          </ns3:TrackPointExtension>
        </extensions>
      </trkpt>
      <trkpt lat="30.51536195911467075347900390625" lon="114.2241371981799602508544921875">
        <ele>20.6000003814697265625</ele>
        <time>2025-11-07T01:18:08.000Z</time>
        <extensions>
          <ns3:TrackPointExtension>
            <ns3:hr>137</ns3:hr>
            <ns3:cad>103</ns3:cad>
          </ns3:TrackPointExtension>
        </extensions>
      </trkpt>
      <trkpt lat="30.5153442732989788055419921875" lon="114.224189333617687225341796875">
        <ele>20.6000003814697265625</ele>
        <time>2025-11-07T01:18:09.000Z</time>
        <extensions>
          <ns3:TrackPointExtension>
            <ns3:hr>135</ns3:hr>
            <ns3:cad>103</ns3:cad>
          </ns3:TrackPointExtension>
        </extensions>
      </trkpt>
      <trkpt lat="30.51532474346458911895751953125" lon="114.22424524091184139251708984375">
        <ele>20.6000003814697265625</ele>
        <time>2025-11-07T01:18:10.000Z</time>
        <extensions>
          <ns3:TrackPointExtension>
            <ns3:hr>133</ns3:hr>
            <ns3:cad>106</ns3:cad>
          </ns3:TrackPointExtension>
        </extensions>
      </trkpt>
      <trkpt lat="30.51530462689697742462158203125" lon="114.2242988012731075286865234375">
        <ele>20.6000003814697265625</ele>
        <time>2025-11-07T01:18:11.000Z</time>
        <extensions>
          <ns3:TrackPointExtension>
            <ns3:hr>132</ns3:hr>
            <ns3:cad>105</ns3:cad>
          </ns3:TrackPointExtension>
        </extensions>
      </trkpt>
      <trkpt lat="30.5152852647006511688232421875" lon="114.22434900887310504913330078125">
        <ele>20.799999237060546875</ele>
        <time>2025-11-07T01:18:12.000Z</time>
        <extensions>
          <ns3:TrackPointExtension>
            <ns3:hr>131</ns3:hr>
            <ns3:cad>108</ns3:cad>
          </ns3:TrackPointExtension>
        </extensions>
      </trkpt>
      <trkpt lat="30.5152852647006511688232421875" lon="114.22434900887310504913330078125">
        <ele>21</ele>
        <time>2025-11-07T01:18:13.000Z</time>
        <extensions>
          <ns3:TrackPointExtension>
            <ns3:hr>131</ns3:hr>
            <ns3:cad>107</ns3:cad>
          </ns3:TrackPointExtension>
        </extensions>
      </trkpt>
      <trkpt lat="30.51526137627661228179931640625" lon="114.2244034074246883392333984375">
        <ele>21</ele>
        <time>2025-11-07T01:18:14.000Z</time>
        <extensions>
          <ns3:TrackPointExtension>
            <ns3:hr>130</ns3:hr>
            <ns3:cad>108</ns3:cad>
          </ns3:TrackPointExtension>
        </extensions>
      </trkpt>
      <trkpt lat="30.51520605571568012237548828125" lon="114.2244966141879558563232421875">
        <ele>20.799999237060546875</ele>
        <time>2025-11-07T01:18:15.000Z</time>
        <extensions>
          <ns3:TrackPointExtension>
            <ns3:hr>130</ns3:hr>
            <ns3:cad>109</ns3:cad>
          </ns3:TrackPointExtension>
        </extensions>
      </trkpt>
      <trkpt lat="30.51517336629331111907958984375" lon="114.22453701496124267578125">
        <ele>20.799999237060546875</ele>
        <time>2025-11-07T01:18:16.000Z</time>
        <extensions>
          <ns3:TrackPointExtension>
            <ns3:hr>129</ns3:hr>
            <ns3:cad>112</ns3:cad>
          </ns3:TrackPointExtension>
        </extensions>
      </trkpt>
      <trkpt lat="30.515144951641559600830078125" lon="114.22457967884838581085205078125">
        <ele>20.6000003814697265625</ele>
        <time>2025-11-07T01:18:17.000Z</time>
        <extensions>
          <ns3:TrackPointExtension>
            <ns3:hr>127</ns3:hr>
            <ns3:cad>113</ns3:cad>
          </ns3:TrackPointExtension>
        </extensions>
      </trkpt>
      <trkpt lat="30.51511603407561779022216796875" lon="114.2246213369071483612060546875">
        <ele>20.3999996185302734375</ele>
        <time>2025-11-07T01:18:18.000Z</time>
        <extensions>
          <ns3:TrackPointExtension>
            <ns3:hr>126</ns3:hr>
            <ns3:cad>114</ns3:cad>
          </ns3:TrackPointExtension>
        </extensions>
      </trkpt>
      <trkpt lat="30.51511603407561779022216796875" lon="114.2246213369071483612060546875">
        <ele>20.3999996185302734375</ele>
        <time>2025-11-07T01:18:19.000Z</time>
        <extensions>
          <ns3:TrackPointExtension>
            <ns3:hr>126</ns3:hr>
            <ns3:cad>113</ns3:cad>
          </ns3:TrackPointExtension>
        </extensions>
      </trkpt>
      <trkpt lat="30.51508761942386627197265625" lon="114.22466240823268890380859375">
        <ele>20.3999996185302734375</ele>
        <time>2025-11-07T01:18:20.000Z</time>
        <extensions>
          <ns3:TrackPointExtension>
            <ns3:hr>126</ns3:hr>
            <ns3:cad>113</ns3:cad>
          </ns3:TrackPointExtension>
        </extensions>
      </trkpt>
      <trkpt lat="30.5150294490158557891845703125" lon="114.22474530525505542755126953125">
        <ele>20.3999996185302734375</ele>
        <time>2025-11-07T01:18:21.000Z</time>
        <extensions>
          <ns3:TrackPointExtension>
            <ns3:hr>126</ns3:hr>
            <ns3:cad>112</ns3:cad>
          </ns3:TrackPointExtension>
        </extensions>
      </trkpt>
      <trkpt lat="30.515006147325038909912109375" lon="114.22478838823735713958740234375">
        <ele>20.3999996185302734375</ele>
        <time>2025-11-07T01:18:22.000Z</time>
        <extensions>
          <ns3:TrackPointExtension>
            <ns3:hr>125</ns3:hr>
            <ns3:cad>118</ns3:cad>
          </ns3:TrackPointExtension>
        </extensions>
      </trkpt>
      <trkpt lat="30.51498527638614177703857421875" lon="114.2248318903148174285888671875">
        <ele>20.6000003814697265625</ele>
        <time>2025-11-07T01:18:23.000Z</time>
        <extensions>
          <ns3:TrackPointExtension>
            <ns3:hr>126</ns3:hr>
            <ns3:cad>119</ns3:cad>
          </ns3:TrackPointExtension>
        </extensions>
      </trkpt>
      <trkpt lat="30.51496214233338832855224609375" lon="114.22487338073551654815673828125">
        <ele>20.6000003814697265625</ele>
        <time>2025-11-07T01:18:24.000Z</time>
        <extensions>
          <ns3:TrackPointExtension>
            <ns3:hr>126</ns3:hr>
            <ns3:cad>116</ns3:cad>
          </ns3:TrackPointExtension>
        </extensions>
      </trkpt>
      <trkpt lat="30.51494152285158634185791015625" lon="114.22491294331848621368408203125">
        <ele>20.6000003814697265625</ele>
        <time>2025-11-07T01:18:25.000Z</time>
        <extensions>
          <ns3:TrackPointExtension>
            <ns3:hr>125</ns3:hr>
            <ns3:cad>78</ns3:cad>
          </ns3:TrackPointExtension>
        </extensions>
      </trkpt>
      <trkpt lat="30.51494152285158634185791015625" lon="114.22491294331848621368408203125">
        <ele>20.6000003814697265625</ele>
        <time>2025-11-07T01:18:26.000Z</time>
        <extensions>
          <ns3:TrackPointExtension>
            <ns3:hr>125</ns3:hr>
            <ns3:cad>84</ns3:cad>
          </ns3:TrackPointExtension>
        </extensions>
      </trkpt>
      <trkpt lat="30.514920651912689208984375" lon="114.22495233826339244842529296875">
        <ele>20.6000003814697265625</ele>
        <time>2025-11-07T01:18:27.000Z</time>
        <extensions>
          <ns3:TrackPointExtension>
            <ns3:hr>125</ns3:hr>
            <ns3:cad>94</ns3:cad>
          </ns3:TrackPointExtension>
        </extensions>
      </trkpt>
      <trkpt lat="30.51490145735442638397216796875" lon="114.22499173320829868316650390625">
        <ele>20.6000003814697265625</ele>
        <time>2025-11-07T01:18:28.000Z</time>
        <extensions>
          <ns3:TrackPointExtension>
            <ns3:hr>125</ns3:hr>
            <ns3:cad>102</ns3:cad>
          </ns3:TrackPointExtension>
        </extensions>
      </trkpt>
      <trkpt lat="30.51486407406628131866455078125" lon="114.2250712774693965911865234375">
        <ele>20.6000003814697265625</ele>
        <time>2025-11-07T01:18:29.000Z</time>
        <extensions>
          <ns3:TrackPointExtension>
            <ns3:hr>125</ns3:hr>
            <ns3:cad>104</ns3:cad>
          </ns3:TrackPointExtension>
        </extensions>
      </trkpt>
      <trkpt lat="30.51484747789800167083740234375" lon="114.22511226497590541839599609375">
        <ele>20.6000003814697265625</ele>
        <time>2025-11-07T01:18:30.000Z</time>
        <extensions>
          <ns3:TrackPointExtension>
            <ns3:hr>125</ns3:hr>
            <ns3:cad>62</ns3:cad>
          </ns3:TrackPointExtension>
        </extensions>
      </trkpt>
      <trkpt lat="30.51483188755810260772705078125" lon="114.225154258310794830322265625">
        <ele>20.6000003814697265625</ele>
        <time>2025-11-07T01:18:31.000Z</time>
        <extensions>
          <ns3:TrackPointExtension>
            <ns3:hr>125</ns3:hr>
            <ns3:cad>76</ns3:cad>
          </ns3:TrackPointExtension>
        </extensions>
      </trkpt>
      <trkpt lat="30.514815710484981536865234375" lon="114.22519407235085964202880859375">
        <ele>20.6000003814697265625</ele>
        <time>2025-11-07T01:18:32.000Z</time>
        <extensions>
          <ns3:TrackPointExtension>
            <ns3:hr>124</ns3:hr>
            <ns3:cad>82</ns3:cad>
          </ns3:TrackPointExtension>
        </extensions>
      </trkpt>
      <trkpt lat="30.5148011259734630584716796875" lon="114.2252335511147975921630859375">
        <ele>20.6000003814697265625</ele>
        <time>2025-11-07T01:18:33.000Z</time>
        <extensions>
          <ns3:TrackPointExtension>
            <ns3:hr>124</ns3:hr>
            <ns3:cad>119</ns3:cad>
          </ns3:TrackPointExtension>
        </extensions>
      </trkpt>
      <trkpt lat="30.51478461362421512603759765625" lon="114.2252717725932598114013671875">
        <ele>20.6000003814697265625</ele>
        <time>2025-11-07T01:18:34.000Z</time>
        <extensions>
          <ns3:TrackPointExtension>
            <ns3:hr>123</ns3:hr>
            <ns3:cad>115</ns3:cad>
          </ns3:TrackPointExtension>
        </extensions>
      </trkpt>
      <trkpt lat="30.51476575434207916259765625" lon="114.22530873678624629974365234375">
        <ele>20.6000003814697265625</ele>
        <time>2025-11-07T01:18:35.000Z</time>
        <extensions>
          <ns3:TrackPointExtension>
            <ns3:hr>123</ns3:hr>
            <ns3:cad>88</ns3:cad>
          </ns3:TrackPointExtension>
        </extensions>
      </trkpt>
      <trkpt lat="30.51476575434207916259765625" lon="114.22530873678624629974365234375">
        <ele>20.6000003814697265625</ele>
        <time>2025-11-07T01:18:36.000Z</time>
        <extensions>
          <ns3:TrackPointExtension>
            <ns3:hr>123</ns3:hr>
            <ns3:cad>92</ns3:cad>
          </ns3:TrackPointExtension>
        </extensions>
      </trkpt>
      <trkpt lat="30.51474337466061115264892578125" lon="114.2253455333411693572998046875">
        <ele>20.6000003814697265625</ele>
        <time>2025-11-07T01:18:37.000Z</time>
        <extensions>
          <ns3:TrackPointExtension>
            <ns3:hr>123</ns3:hr>
            <ns3:cad>91</ns3:cad>
          </ns3:TrackPointExtension>
        </extensions>
      </trkpt>
      <trkpt lat="30.514692999422550201416015625" lon="114.22541300766170024871826171875">
        <ele>20.6000003814697265625</ele>
        <time>2025-11-07T01:18:38.000Z</time>
        <extensions>
          <ns3:TrackPointExtension>
            <ns3:hr>123</ns3:hr>
            <ns3:cad>94</ns3:cad>
          </ns3:TrackPointExtension>
        </extensions>
      </trkpt>
      <trkpt lat="30.514692999422550201416015625" lon="114.22541300766170024871826171875">
        <ele>20.6000003814697265625</ele>
        <time>2025-11-07T01:18:39.000Z</time>
        <extensions>
          <ns3:TrackPointExtension>
            <ns3:hr>122</ns3:hr>
            <ns3:cad>91</ns3:cad>
          </ns3:TrackPointExtension>
        </extensions>
      </trkpt>
      <trkpt lat="30.5146639980375766754150390625" lon="114.2254404164850711822509765625">
        <ele>20.6000003814697265625</ele>
        <time>2025-11-07T01:18:40.000Z</time>
        <extensions>
          <ns3:TrackPointExtension>
            <ns3:hr>121</ns3:hr>
            <ns3:cad>89</ns3:cad>
          </ns3:TrackPointExtension>
        </extensions>
      </trkpt>
      <trkpt lat="30.51463290117681026458740234375" lon="114.22546229325234889984130859375">
        <ele>20.6000003814697265625</ele>
        <time>2025-11-07T01:18:41.000Z</time>
        <extensions>
          <ns3:TrackPointExtension>
            <ns3:hr>120</ns3:hr>
            <ns3:cad>127</ns3:cad>
          </ns3:TrackPointExtension>
        </extensions>
      </trkpt>
      <trkpt lat="30.514571964740753173828125" lon="114.22550420276820659637451171875">
        <ele>20.6000003814697265625</ele>
        <time>2025-11-07T01:18:42.000Z</time>
        <extensions>
          <ns3:TrackPointExtension>
            <ns3:hr>120</ns3:hr>
            <ns3:cad>125</ns3:cad>
          </ns3:TrackPointExtension>
        </extensions>
      </trkpt>
      <trkpt lat="30.514571964740753173828125" lon="114.22550420276820659637451171875">
        <ele>20.3999996185302734375</ele>
        <time>2025-11-07T01:18:43.000Z</time>
        <extensions>
          <ns3:TrackPointExtension>
            <ns3:hr>119</ns3:hr>
            <ns3:cad>123</ns3:cad>
          </ns3:TrackPointExtension>
        </extensions>
      </trkpt>
      <trkpt lat="30.5145121179521083831787109375" lon="114.22555080614984035491943359375">
        <ele>20.3999996185302734375</ele>
        <time>2025-11-07T01:18:44.000Z</time>
        <extensions>
          <ns3:TrackPointExtension>
            <ns3:hr>118</ns3:hr>
            <ns3:cad>124</ns3:cad>
          </ns3:TrackPointExtension>
        </extensions>
      </trkpt>
      <trkpt lat="30.5144812725484371185302734375" lon="114.22557209618389606475830078125">
        <ele>20.3999996185302734375</ele>
        <time>2025-11-07T01:18:45.000Z</time>
        <extensions>
          <ns3:TrackPointExtension>
            <ns3:hr>118</ns3:hr>
            <ns3:cad>122</ns3:cad>
          </ns3:TrackPointExtension>
        </extensions>
      </trkpt>
      <trkpt lat="30.5144524388015270233154296875" lon="114.22559757716953754425048828125">
        <ele>20.3999996185302734375</ele>
        <time>2025-11-07T01:18:46.000Z</time>
        <extensions>
          <ns3:TrackPointExtension>
            <ns3:hr>118</ns3:hr>
            <ns3:cad>121</ns3:cad>
          </ns3:TrackPointExtension>
        </extensions>
      </trkpt>
      <trkpt lat="30.51442419178783893585205078125" lon="114.22562641091644763946533203125">
        <ele>20.3999996185302734375</ele>
        <time>2025-11-07T01:18:47.000Z</time>
        <extensions>
          <ns3:TrackPointExtension>
            <ns3:hr>117</ns3:hr>
            <ns3:cad>122</ns3:cad>
          </ns3:TrackPointExtension>
        </extensions>
      </trkpt>
      <trkpt lat="30.51439829170703887939453125" lon="114.2256570048630237579345703125">
        <ele>20.6000003814697265625</ele>
        <time>2025-11-07T01:18:48.000Z</time>
        <extensions>
          <ns3:TrackPointExtension>
            <ns3:hr>116</ns3:hr>
            <ns3:cad>120</ns3:cad>
          </ns3:TrackPointExtension>
        </extensions>
      </trkpt>
      <trkpt lat="30.514376498758792877197265625" lon="114.22569103538990020751953125">
        <ele>20.6000003814697265625</ele>
        <time>2025-11-07T01:18:49.000Z</time>
        <extensions>
          <ns3:TrackPointExtension>
            <ns3:hr>116</ns3:hr>
            <ns3:cad>120</ns3:cad>
          </ns3:TrackPointExtension>
        </extensions>
      </trkpt>
      <trkpt lat="30.5143565498292446136474609375" lon="114.22572590410709381103515625">
        <ele>20.6000003814697265625</ele>
        <time>2025-11-07T01:18:50.000Z</time>
        <extensions>
          <ns3:TrackPointExtension>
            <ns3:hr>117</ns3:hr>
            <ns3:cad>115</ns3:cad>
          </ns3:TrackPointExtension>
        </extensions>
      </trkpt>
      <trkpt lat="30.5143372714519500732421875" lon="114.22576018609106540679931640625">
        <ele>20.6000003814697265625</ele>
        <time>2025-11-07T01:18:51.000Z</time>
        <extensions>
          <ns3:TrackPointExtension>
            <ns3:hr>117</ns3:hr>
            <ns3:cad>110</ns3:cad>
          </ns3:TrackPointExtension>
        </extensions>
      </trkpt>
      <trkpt lat="30.5143372714519500732421875" lon="114.22576018609106540679931640625">
        <ele>20.6000003814697265625</ele>
        <time>2025-11-07T01:18:52.000Z</time>
        <extensions>
          <ns3:TrackPointExtension>
            <ns3:hr>118</ns3:hr>
            <ns3:cad>111</ns3:cad>
          </ns3:TrackPointExtension>
        </extensions>
      </trkpt>
      <trkpt lat="30.51431916654109954833984375" lon="114.22579564154148101806640625">
        <ele>20.6000003814697265625</ele>
        <time>2025-11-07T01:18:53.000Z</time>
        <extensions>
          <ns3:TrackPointExtension>
            <ns3:hr>117</ns3:hr>
            <ns3:cad>112</ns3:cad>
          </ns3:TrackPointExtension>
        </extensions>
      </trkpt>
      <trkpt lat="30.51430416293442249298095703125" lon="114.225832186639308929443359375">
        <ele>20.6000003814697265625</ele>
        <time>2025-11-07T01:18:54.000Z</time>
        <extensions>
          <ns3:TrackPointExtension>
            <ns3:hr>117</ns3:hr>
            <ns3:cad>112</ns3:cad>
          </ns3:TrackPointExtension>
        </extensions>
      </trkpt>
      <trkpt lat="30.5142767541110515594482421875" lon="114.2259054444730281829833984375">
        <ele>20.3999996185302734375</ele>
        <time>2025-11-07T01:18:55.000Z</time>
        <extensions>
          <ns3:TrackPointExtension>
            <ns3:hr>116</ns3:hr>
            <ns3:cad>114</ns3:cad>
          </ns3:TrackPointExtension>
        </extensions>
      </trkpt>
      <trkpt lat="30.5142656899988651275634765625" lon="114.2259433306753635406494140625">
        <ele>20.3999996185302734375</ele>
        <time>2025-11-07T01:18:56.000Z</time>
        <extensions>
          <ns3:TrackPointExtension>
            <ns3:hr>115</ns3:hr>
            <ns3:cad>114</ns3:cad>
          </ns3:TrackPointExtension>
        </extensions>
      </trkpt>
      <trkpt lat="30.5142539553344249725341796875" lon="114.22598163597285747528076171875">
        <ele>20.3999996185302734375</ele>
        <time>2025-11-07T01:18:57.000Z</time>
        <extensions>
          <ns3:TrackPointExtension>
            <ns3:hr>114</ns3:hr>
            <ns3:cad>115</ns3:cad>
          </ns3:TrackPointExtension>
        </extensions>
      </trkpt>
      <trkpt lat="30.51424205303192138671875" lon="114.2260174266993999481201171875">
        <ele>20.6000003814697265625</ele>
        <time>2025-11-07T01:18:58.000Z</time>
        <extensions>
          <ns3:TrackPointExtension>
            <ns3:hr>114</ns3:hr>
            <ns3:cad>115</ns3:cad>
          </ns3:TrackPointExtension>
        </extensions>
      </trkpt>
      <trkpt lat="30.51423056982457637786865234375" lon="114.22605489380657672882080078125">
        <ele>20.6000003814697265625</ele>
        <time>2025-11-07T01:18:59.000Z</time>
        <extensions>
          <ns3:TrackPointExtension>
            <ns3:hr>113</ns3:hr>
            <ns3:cad>0</ns3:cad>
          </ns3:TrackPointExtension>
        </extensions>
      </trkpt>
      <trkpt lat="30.51422126591205596923828125" lon="114.22609269618988037109375">
        <ele>20.6000003814697265625</ele>
        <time>2025-11-07T01:19:00.000Z</time>
        <extensions>
          <ns3:TrackPointExtension>
            <ns3:hr>113</ns3:hr>
            <ns3:cad>0</ns3:cad>
          </ns3:TrackPointExtension>
        </extensions>
      </trkpt>
      <trkpt lat="30.51421280018985271453857421875" lon="114.226131252944469451904296875">
        <ele>20.6000003814697265625</ele>
        <time>2025-11-07T01:19:01.000Z</time>
        <extensions>
          <ns3:TrackPointExtension>
            <ns3:hr>113</ns3:hr>
            <ns3:cad>81</ns3:cad>
          </ns3:TrackPointExtension>
        </extensions>
      </trkpt>
      <trkpt lat="30.51420743577182292938232421875" lon="114.226169474422931671142578125">
        <ele>20.6000003814697265625</ele>
        <time>2025-11-07T01:19:02.000Z</time>
        <extensions>
          <ns3:TrackPointExtension>
            <ns3:hr>112</ns3:hr>
            <ns3:cad>95</ns3:cad>
          </ns3:TrackPointExtension>
        </extensions>
      </trkpt>
      <trkpt lat="30.51420743577182292938232421875" lon="114.226169474422931671142578125">
        <ele>20.6000003814697265625</ele>
        <time>2025-11-07T01:19:03.000Z</time>
        <extensions>
          <ns3:TrackPointExtension>
            <ns3:hr>113</ns3:hr>
            <ns3:cad>103</ns3:cad>
          </ns3:TrackPointExtension>
        </extensions>
      </trkpt>
      <trkpt lat="30.51420475356280803680419921875" lon="114.22620828263461589813232421875">
        <ele>20.6000003814697265625</ele>
        <time>2025-11-07T01:19:04.000Z</time>
        <extensions>
          <ns3:TrackPointExtension>
            <ns3:hr>112</ns3:hr>
            <ns3:cad>109</ns3:cad>
          </ns3:TrackPointExtension>
        </extensions>
      </trkpt>
      <trkpt lat="30.5142056755721569061279296875" lon="114.226247258484363555908203125">
        <ele>20.6000003814697265625</ele>
        <time>2025-11-07T01:19:05.000Z</time>
        <extensions>
          <ns3:TrackPointExtension>
            <ns3:hr>112</ns3:hr>
            <ns3:cad>111</ns3:cad>
          </ns3:TrackPointExtension>
        </extensions>
      </trkpt>
      <trkpt lat="30.51420894451439380645751953125" lon="114.22632495872676372528076171875">
        <ele>20.6000003814697265625</ele>
        <time>2025-11-07T01:19:06.000Z</time>
        <extensions>
          <ns3:TrackPointExtension>
            <ns3:hr>112</ns3:hr>
            <ns3:cad>111</ns3:cad>
          </ns3:TrackPointExtension>
        </extensions>
      </trkpt>
      <trkpt lat="30.5142110399901866912841796875" lon="114.22636183910071849822998046875">
        <ele>20.6000003814697265625</ele>
        <time>2025-11-07T01:19:07.000Z</time>
        <extensions>
          <ns3:TrackPointExtension>
            <ns3:hr>111</ns3:hr>
            <ns3:cad>86</ns3:cad>
          </ns3:TrackPointExtension>
        </extensions>
      </trkpt>
      <trkpt lat="30.51421187818050384521484375" lon="114.2263999767601490020751953125">
        <ele>20.6000003814697265625</ele>
        <time>2025-11-07T01:19:08.000Z</time>
        <extensions>
          <ns3:TrackPointExtension>
            <ns3:hr>112</ns3:hr>
            <ns3:cad>84</ns3:cad>
          </ns3:TrackPointExtension>
        </extensions>
      </trkpt>
      <trkpt lat="30.5142063461244106292724609375" lon="114.22643744386732578277587890625">
        <ele>20.6000003814697265625</ele>
        <time>2025-11-07T01:19:09.000Z</time>
        <extensions>
          <ns3:TrackPointExtension>
            <ns3:hr>111</ns3:hr>
            <ns3:cad>87</ns3:cad>
          </ns3:TrackPointExtension>
        </extensions>
      </trkpt>
      <trkpt lat="30.5142063461244106292724609375" lon="114.22643744386732578277587890625">
        <ele>20.6000003814697265625</ele>
        <time>2025-11-07T01:19:10.000Z</time>
        <extensions>
          <ns3:TrackPointExtension>
            <ns3:hr>111</ns3:hr>
            <ns3:cad>88</ns3:cad>
          </ns3:TrackPointExtension>
        </extensions>
      </trkpt>
      <trkpt lat="30.51419201306998729705810546875" lon="114.22647063620388507843017578125">
        <ele>20.6000003814697265625</ele>
        <time>2025-11-07T01:19:11.000Z</time>
        <extensions>
          <ns3:TrackPointExtension>
            <ns3:hr>111</ns3:hr>
            <ns3:cad>98</ns3:cad>
          </ns3:TrackPointExtension>
        </extensions>
      </trkpt>
      <trkpt lat="30.514153875410556793212890625" lon="114.2265267111361026763916015625">
        <ele>20.6000003814697265625</ele>
        <time>2025-11-07T01:19:12.000Z</time>
        <extensions>
          <ns3:TrackPointExtension>
            <ns3:hr>111</ns3:hr>
            <ns3:cad>117</ns3:cad>
          </ns3:TrackPointExtension>
        </extensions>
      </trkpt>
      <trkpt lat="30.51413585431873798370361328125" lon="114.22655194066464900970458984375">
        <ele>20.6000003814697265625</ele>
        <time>2025-11-07T01:19:13.000Z</time>
        <extensions>
          <ns3:TrackPointExtension>
            <ns3:hr>111</ns3:hr>
            <ns3:cad>117</ns3:cad>
          </ns3:TrackPointExtension>
        </extensions>
      </trkpt>
      <trkpt lat="30.5141181685030460357666015625" lon="114.22658027149736881256103515625">
        <ele>20.6000003814697265625</ele>
        <time>2025-11-07T01:19:14.000Z</time>
        <extensions>
          <ns3:TrackPointExtension>
            <ns3:hr>111</ns3:hr>
            <ns3:cad>120</ns3:cad>
          </ns3:TrackPointExtension>
        </extensions>
      </trkpt>
      <trkpt lat="30.5141181685030460357666015625" lon="114.22658027149736881256103515625">
        <ele>20.6000003814697265625</ele>
        <time>2025-11-07T01:19:15.000Z</time>
        <extensions>
          <ns3:TrackPointExtension>
            <ns3:hr>112</ns3:hr>
            <ns3:cad>120</ns3:cad>
          </ns3:TrackPointExtension>
        </extensions>
      </trkpt>
      <trkpt lat="30.51409788429737091064453125" lon="114.2266088537871837615966796875">
        <ele>20.6000003814697265625</ele>
        <time>2025-11-07T01:19:16.000Z</time>
        <extensions>
          <ns3:TrackPointExtension>
            <ns3:hr>114</ns3:hr>
            <ns3:cad>120</ns3:cad>
          </ns3:TrackPointExtension>
        </extensions>
      </trkpt>
      <trkpt lat="30.5140568129718303680419921875" lon="114.2266651801764965057373046875">
        <ele>20.6000003814697265625</ele>
        <time>2025-11-07T01:19:17.000Z</time>
        <extensions>
          <ns3:TrackPointExtension>
            <ns3:hr>111</ns3:hr>
            <ns3:cad>120</ns3:cad>
          </ns3:TrackPointExtension>
        </extensions>
      </trkpt>
      <trkpt lat="30.51403820514678955078125" lon="114.22669409774243831634521484375">
        <ele>20.6000003814697265625</ele>
        <time>2025-11-07T01:19:18.000Z</time>
        <extensions>
          <ns3:TrackPointExtension>
            <ns3:hr>112</ns3:hr>
            <ns3:cad>45</ns3:cad>
          </ns3:TrackPointExtension>
        </extensions>
      </trkpt>
      <trkpt lat="30.51403820514678955078125" lon="114.22669409774243831634521484375">
        <ele>20.6000003814697265625</ele>
        <time>2025-11-07T01:19:19.000Z</time>
        <extensions>
          <ns3:TrackPointExtension>
            <ns3:hr>114</ns3:hr>
            <ns3:cad>39</ns3:cad>
          </ns3:TrackPointExtension>
        </extensions>
      </trkpt>
      <trkpt lat="30.51400400698184967041015625" lon="114.226757548749446868896484375">
        <ele>20.6000003814697265625</ele>
        <time>2025-11-07T01:19:20.000Z</time>
        <extensions>
          <ns3:TrackPointExtension>
            <ns3:hr>112</ns3:hr>
            <ns3:cad>45</ns3:cad>
          </ns3:TrackPointExtension>
        </extensions>
      </trkpt>
      <trkpt lat="30.51399528980255126953125" lon="114.22679719515144824981689453125">
        <ele>20.6000003814697265625</ele>
        <time>2025-11-07T01:19:21.000Z</time>
        <extensions>
          <ns3:TrackPointExtension>
            <ns3:hr>112</ns3:hr>
            <ns3:cad>47</ns3:cad>
          </ns3:TrackPointExtension>
        </extensions>
      </trkpt>
      <trkpt lat="30.51398967392742633819580078125" lon="114.22683893702924251556396484375">
        <ele>20.6000003814697265625</ele>
        <time>2025-11-07T01:19:22.000Z</time>
        <extensions>
          <ns3:TrackPointExtension>
            <ns3:hr>112</ns3:hr>
            <ns3:cad>100</ns3:cad>
          </ns3:TrackPointExtension>
        </extensions>
      </trkpt>
      <trkpt lat="30.51398129202425479888916015625" lon="114.226880930364131927490234375">
        <ele>20.6000003814697265625</ele>
        <time>2025-11-07T01:19:23.000Z</time>
        <extensions>
          <ns3:TrackPointExtension>
            <ns3:hr>112</ns3:hr>
            <ns3:cad>100</ns3:cad>
          </ns3:TrackPointExtension>
        </extensions>
      </trkpt>
      <trkpt lat="30.51396570168435573577880859375" lon="114.22691890038549900054931640625">
        <ele>20.3999996185302734375</ele>
        <time>2025-11-07T01:19:24.000Z</time>
        <extensions>
          <ns3:TrackPointExtension>
            <ns3:hr>112</ns3:hr>
            <ns3:cad>104</ns3:cad>
          </ns3:TrackPointExtension>
        </extensions>
      </trkpt>
      <trkpt lat="30.5139465071260929107666015625" lon="114.2269535176455974578857421875">
        <ele>20.3999996185302734375</ele>
        <time>2025-11-07T01:19:25.000Z</time>
        <extensions>
          <ns3:TrackPointExtension>
            <ns3:hr>113</ns3:hr>
            <ns3:cad>106</ns3:cad>
          </ns3:TrackPointExtension>
        </extensions>
      </trkpt>
      <trkpt lat="30.51393091678619384765625" lon="114.22698729671537876129150390625">
        <ele>20.3999996185302734375</ele>
        <time>2025-11-07T01:19:26.000Z</time>
        <extensions>
          <ns3:TrackPointExtension>
            <ns3:hr>112</ns3:hr>
            <ns3:cad>109</ns3:cad>
          </ns3:TrackPointExtension>
        </extensions>
      </trkpt>
      <trkpt lat="30.51393091678619384765625" lon="114.22698729671537876129150390625">
        <ele>20.3999996185302734375</ele>
        <time>2025-11-07T01:19:27.000Z</time>
        <extensions>
          <ns3:TrackPointExtension>
            <ns3:hr>112</ns3:hr>
            <ns3:cad>110</ns3:cad>
          </ns3:TrackPointExtension>
        </extensions>
      </trkpt>
      <trkpt lat="30.51391641609370708465576171875" lon="114.2270220816135406494140625">
        <ele>20.3999996185302734375</ele>
        <time>2025-11-07T01:19:28.000Z</time>
        <extensions>
          <ns3:TrackPointExtension>
            <ns3:hr>112</ns3:hr>
            <ns3:cad>110</ns3:cad>
          </ns3:TrackPointExtension>
        </extensions>
      </trkpt>
      <trkpt lat="30.513904429972171783447265625" lon="114.2270534299314022064208984375">
        <ele>20.6000003814697265625</ele>
        <time>2025-11-07T01:19:29.000Z</time>
        <extensions>
          <ns3:TrackPointExtension>
            <ns3:hr>112</ns3:hr>
            <ns3:cad>110</ns3:cad>
          </ns3:TrackPointExtension>
        </extensions>
      </trkpt>
      <trkpt lat="30.5138680525124073028564453125" lon="114.227119982242584228515625">
        <ele>20.6000003814697265625</ele>
        <time>2025-11-07T01:19:30.000Z</time>
        <extensions>
          <ns3:TrackPointExtension>
            <ns3:hr>113</ns3:hr>
            <ns3:cad>110</ns3:cad>
          </ns3:TrackPointExtension>
        </extensions>
      </trkpt>
      <trkpt lat="30.51384768448770046234130859375" lon="114.22715141437947750091552734375">
        <ele>20.6000003814697265625</ele>
        <time>2025-11-07T01:19:31.000Z</time>
        <extensions>
          <ns3:TrackPointExtension>
            <ns3:hr>113</ns3:hr>
            <ns3:cad>112</ns3:cad>
          </ns3:TrackPointExtension>
        </extensions>
      </trkpt>
      <trkpt lat="30.51382807083427906036376953125" lon="114.22718628309667110443115234375">
        <ele>20.6000003814697265625</ele>
        <time>2025-11-07T01:19:32.000Z</time>
        <extensions>
          <ns3:TrackPointExtension>
            <ns3:hr>112</ns3:hr>
            <ns3:cad>112</ns3:cad>
          </ns3:TrackPointExtension>
        </extensions>
      </trkpt>
      <trkpt lat="30.5138110555708408355712890625" lon="114.22722383402287960052490234375">
        <ele>20.3999996185302734375</ele>
        <time>2025-11-07T01:19:33.000Z</time>
        <extensions>
          <ns3:TrackPointExtension>
            <ns3:hr>110</ns3:hr>
            <ns3:cad>112</ns3:cad>
          </ns3:TrackPointExtension>
        </extensions>
      </trkpt>
      <trkpt lat="30.51379387266933917999267578125" lon="114.22726172022521495819091796875">
        <ele>20.3999996185302734375</ele>
        <time>2025-11-07T01:19:34.000Z</time>
        <extensions>
          <ns3:TrackPointExtension>
            <ns3:hr>112</ns3:hr>
            <ns3:cad>74</ns3:cad>
          </ns3:TrackPointExtension>
        </extensions>
      </trkpt>
      <trkpt lat="30.5137781985104084014892578125" lon="114.22729977406561374664306640625">
        <ele>20.3999996185302734375</ele>
        <time>2025-11-07T01:19:35.000Z</time>
        <extensions>
          <ns3:TrackPointExtension>
            <ns3:hr>111</ns3:hr>
            <ns3:cad>74</ns3:cad>
          </ns3:TrackPointExtension>
        </extensions>
      </trkpt>
      <trkpt lat="30.51376420073211193084716796875" lon="114.22734084539115428924560546875">
        <ele>20.3999996185302734375</ele>
        <time>2025-11-07T01:19:36.000Z</time>
        <extensions>
          <ns3:TrackPointExtension>
            <ns3:hr>111</ns3:hr>
            <ns3:cad>85</ns3:cad>
          </ns3:TrackPointExtension>
        </extensions>
      </trkpt>
      <trkpt lat="30.51375129260122776031494140625" lon="114.2273816652595996856689453125">
        <ele>20.3999996185302734375</ele>
        <time>2025-11-07T01:19:37.000Z</time>
        <extensions>
          <ns3:TrackPointExtension>
            <ns3:hr>110</ns3:hr>
            <ns3:cad>110</ns3:cad>
          </ns3:TrackPointExtension>
        </extensions>
      </trkpt>
      <trkpt lat="30.51373905502259731292724609375" lon="114.22742231748998165130615234375">
        <ele>20.3999996185302734375</ele>
        <time>2025-11-07T01:19:38.000Z</time>
        <extensions>
          <ns3:TrackPointExtension>
            <ns3:hr>111</ns3:hr>
            <ns3:cad>116</ns3:cad>
          </ns3:TrackPointExtension>
        </extensions>
      </trkpt>
      <trkpt lat="30.51372447051107883453369140625" lon="114.2274631373584270477294921875">
        <ele>20.3999996185302734375</ele>
        <time>2025-11-07T01:19:39.000Z</time>
        <extensions>
          <ns3:TrackPointExtension>
            <ns3:hr>111</ns3:hr>
            <ns3:cad>118</ns3:cad>
          </ns3:TrackPointExtension>
        </extensions>
      </trkpt>
      <trkpt lat="30.5137051083147525787353515625" lon="114.22749825753271579742431640625">
        <ele>20.3999996185302734375</ele>
        <time>2025-11-07T01:19:40.000Z</time>
        <extensions>
          <ns3:TrackPointExtension>
            <ns3:hr>110</ns3:hr>
            <ns3:cad>118</ns3:cad>
          </ns3:TrackPointExtension>
        </extensions>
      </trkpt>
      <trkpt lat="30.5137051083147525787353515625" lon="114.22749825753271579742431640625">
        <ele>20.3999996185302734375</ele>
        <time>2025-11-07T01:19:41.000Z</time>
        <extensions>
          <ns3:TrackPointExtension>
            <ns3:hr>109</ns3:hr>
            <ns3:cad>118</ns3:cad>
          </ns3:TrackPointExtension>
        </extensions>
      </trkpt>
      <trkpt lat="30.51368214190006256103515625" lon="114.2275335453450679779052734375">
        <ele>20.3999996185302734375</ele>
        <time>2025-11-07T01:19:42.000Z</time>
        <extensions>
          <ns3:TrackPointExtension>
            <ns3:hr>110</ns3:hr>
            <ns3:cad>107</ns3:cad>
          </ns3:TrackPointExtension>
        </extensions>
      </trkpt>
      <trkpt lat="30.51368214190006256103515625" lon="114.2275335453450679779052734375">
        <ele>20.3999996185302734375</ele>
        <time>2025-11-07T01:19:43.000Z</time>
        <extensions>
          <ns3:TrackPointExtension>
            <ns3:hr>110</ns3:hr>
            <ns3:cad>109</ns3:cad>
          </ns3:TrackPointExtension>
        </extensions>
      </trkpt>
      <trkpt lat="30.51368205808103084564208984375" lon="114.22753681428730487823486328125">
        <ele>20.3999996185302734375</ele>
        <time>2025-11-07T01:19:44.000Z</time>
        <extensions>
          <ns3:TrackPointExtension>
            <ns3:hr>110</ns3:hr>
            <ns3:cad>108</ns3:cad>
          </ns3:TrackPointExtension>
        </extensions>
      </trkpt>
      <trkpt lat="30.51368909887969493865966796875" lon="114.22753916122019290924072265625">
        <ele>20.3999996185302734375</ele>
        <time>2025-11-07T01:19:45.000Z</time>
        <extensions>
          <ns3:TrackPointExtension>
            <ns3:hr>112</ns3:hr>
            <ns3:cad>100</ns3:cad>
          </ns3:TrackPointExtension>
        </extensions>
      </trkpt>
      <trkpt lat="30.51368406973779201507568359375" lon="114.2275848425924777984619140625">
        <ele>20.200000762939453125</ele>
        <time>2025-11-07T01:19:46.000Z</time>
        <extensions>
          <ns3:TrackPointExtension>
            <ns3:hr>112</ns3:hr>
            <ns3:cad>84</ns3:cad>
          </ns3:TrackPointExtension>
        </extensions>
      </trkpt>
      <trkpt lat="30.51367501728236675262451171875" lon="114.2276150174438953399658203125">
        <ele>20.3999996185302734375</ele>
        <time>2025-11-07T01:19:47.000Z</time>
        <extensions>
          <ns3:TrackPointExtension>
            <ns3:hr>112</ns3:hr>
            <ns3:cad>88</ns3:cad>
          </ns3:TrackPointExtension>
        </extensions>
      </trkpt>
      <trkpt lat="30.51365691237151622772216796875" lon="114.2276435159146785736083984375">
        <ele>20.3999996185302734375</ele>
        <time>2025-11-07T01:19:48.000Z</time>
        <extensions>
          <ns3:TrackPointExtension>
            <ns3:hr>112</ns3:hr>
            <ns3:cad>89</ns3:cad>
          </ns3:TrackPointExtension>
        </extensions>
      </trkpt>
      <trkpt lat="30.51363377831876277923583984375" lon="114.22766916453838348388671875">
        <ele>20.3999996185302734375</ele>
        <time>2025-11-07T01:19:49.000Z</time>
        <extensions>
          <ns3:TrackPointExtension>
            <ns3:hr>113</ns3:hr>
            <ns3:cad>89</ns3:cad>
          </ns3:TrackPointExtension>
        </extensions>
      </trkpt>
      <trkpt lat="30.51363377831876277923583984375" lon="114.22766916453838348388671875">
        <ele>20.3999996185302734375</ele>
        <time>2025-11-07T01:19:50.000Z</time>
        <extensions>
          <ns3:TrackPointExtension>
            <ns3:hr>113</ns3:hr>
            <ns3:cad>89</ns3:cad>
          </ns3:TrackPointExtension>
        </extensions>
      </trkpt>
      <trkpt lat="30.513612739741802215576171875" lon="114.22769196331501007080078125">
        <ele>20.3999996185302734375</ele>
        <time>2025-11-07T01:19:51.000Z</time>
        <extensions>
          <ns3:TrackPointExtension>
            <ns3:hr>113</ns3:hr>
            <ns3:cad>89</ns3:cad>
          </ns3:TrackPointExtension>
        </extensions>
      </trkpt>
      <trkpt lat="30.51358633674681186676025390625" lon="114.2277167737483978271484375">
        <ele>20.3999996185302734375</ele>
        <time>2025-11-07T01:19:52.000Z</time>
        <extensions>
          <ns3:TrackPointExtension>
            <ns3:hr>113</ns3:hr>
            <ns3:cad>89</ns3:cad>
          </ns3:TrackPointExtension>
        </extensions>
      </trkpt>
      <trkpt lat="30.513565130531787872314453125" lon="114.2277409136295318603515625">
        <ele>20.3999996185302734375</ele>
        <time>2025-11-07T01:19:53.000Z</time>
        <extensions>
          <ns3:TrackPointExtension>
            <ns3:hr>113</ns3:hr>
            <ns3:cad>90</ns3:cad>
          </ns3:TrackPointExtension>
        </extensions>
      </trkpt>
      <trkpt lat="30.51354392431676387786865234375" lon="114.22776010818779468536376953125">
        <ele>20.3999996185302734375</ele>
        <time>2025-11-07T01:19:54.000Z</time>
        <extensions>
          <ns3:TrackPointExtension>
            <ns3:hr>112</ns3:hr>
            <ns3:cad>90</ns3:cad>
          </ns3:TrackPointExtension>
        </extensions>
      </trkpt>
      <trkpt lat="30.5135207064449787139892578125" lon="114.2277705855667591094970703125">
        <ele>20.200000762939453125</ele>
        <time>2025-11-07T01:19:55.000Z</time>
        <extensions>
          <ns3:TrackPointExtension>
            <ns3:hr>112</ns3:hr>
            <ns3:cad>90</ns3:cad>
          </ns3:TrackPointExtension>
        </extensions>
      </trkpt>
      <trkpt lat="30.51349966786801815032958984375" lon="114.22778852283954620361328125">
        <ele>20.200000762939453125</ele>
        <time>2025-11-07T01:19:56.000Z</time>
        <extensions>
          <ns3:TrackPointExtension>
            <ns3:hr>112</ns3:hr>
            <ns3:cad>90</ns3:cad>
          </ns3:TrackPointExtension>
        </extensions>
      </trkpt>
      <trkpt lat="30.51347133703529834747314453125" lon="114.22781174071133136749267578125">
        <ele>20.3999996185302734375</ele>
        <time>2025-11-07T01:19:57.000Z</time>
        <extensions>
          <ns3:TrackPointExtension>
            <ns3:hr>112</ns3:hr>
            <ns3:cad>90</ns3:cad>
          </ns3:TrackPointExtension>
        </extensions>
      </trkpt>
      <trkpt lat="30.513455159962177276611328125" lon="114.2278272472321987152099609375">
        <ele>20.3999996185302734375</ele>
        <time>2025-11-07T01:19:58.000Z</time>
        <extensions>
          <ns3:TrackPointExtension>
            <ns3:hr>111</ns3:hr>
            <ns3:cad>89</ns3:cad>
          </ns3:TrackPointExtension>
        </extensions>
      </trkpt>
      <trkpt lat="30.51343579776585102081298828125" lon="114.22784493304789066314697265625">
        <ele>20.3999996185302734375</ele>
        <time>2025-11-07T01:19:59.000Z</time>
        <extensions>
          <ns3:TrackPointExtension>
            <ns3:hr>112</ns3:hr>
            <ns3:cad>89</ns3:cad>
          </ns3:TrackPointExtension>
        </extensions>
      </trkpt>
      <trkpt lat="30.51342322491109371185302734375" lon="114.22785365022718906402587890625">
        <ele>20.3999996185302734375</ele>
        <time>2025-11-07T01:20:00.000Z</time>
        <extensions>
          <ns3:TrackPointExtension>
            <ns3:hr>112</ns3:hr>
            <ns3:cad>89</ns3:cad>
          </ns3:TrackPointExtension>
        </extensions>
      </trkpt>
      <trkpt lat="30.51340662874281406402587890625" lon="114.22786605544388294219970703125">
        <ele>20.200000762939453125</ele>
        <time>2025-11-07T01:20:01.000Z</time>
        <extensions>
          <ns3:TrackPointExtension>
            <ns3:hr>113</ns3:hr>
            <ns3:cad>89</ns3:cad>
          </ns3:TrackPointExtension>
        </extensions>
      </trkpt>
      <trkpt lat="30.5133916251361370086669921875" lon="114.227878712117671966552734375">
        <ele>20.200000762939453125</ele>
        <time>2025-11-07T01:20:02.000Z</time>
        <extensions>
          <ns3:TrackPointExtension>
            <ns3:hr>112</ns3:hr>
            <ns3:cad>89</ns3:cad>
          </ns3:TrackPointExtension>
        </extensions>
      </trkpt>
      <trkpt lat="30.51337905228137969970703125" lon="114.22788818366825580596923828125">
        <ele>20.200000762939453125</ele>
        <time>2025-11-07T01:20:03.000Z</time>
        <extensions>
          <ns3:TrackPointExtension>
            <ns3:hr>111</ns3:hr>
            <ns3:cad>90</ns3:cad>
          </ns3:TrackPointExtension>
        </extensions>
      </trkpt>
      <trkpt lat="30.51335767842829227447509765625" lon="114.22790561802685260772705078125">
        <ele>20.200000762939453125</ele>
        <time>2025-11-07T01:20:04.000Z</time>
        <extensions>
          <ns3:TrackPointExtension>
            <ns3:hr>112</ns3:hr>
            <ns3:cad>90</ns3:cad>
          </ns3:TrackPointExtension>
        </extensions>
      </trkpt>
      <trkpt lat="30.513329766690731048583984375" lon="114.227921627461910247802734375">
        <ele>20.200000762939453125</ele>
        <time>2025-11-07T01:20:05.000Z</time>
        <extensions>
          <ns3:TrackPointExtension>
            <ns3:hr>114</ns3:hr>
            <ns3:cad>90</ns3:cad>
          </ns3:TrackPointExtension>
        </extensions>
      </trkpt>
      <trkpt lat="30.51331065595149993896484375" lon="114.2279395647346973419189453125">
        <ele>20.200000762939453125</ele>
        <time>2025-11-07T01:20:06.000Z</time>
        <extensions>
          <ns3:TrackPointExtension>
            <ns3:hr>114</ns3:hr>
            <ns3:cad>92</ns3:cad>
          </ns3:TrackPointExtension>
        </extensions>
      </trkpt>
      <trkpt lat="30.5132669024169445037841796875" lon="114.22797485254704952239990234375">
        <ele>20.200000762939453125</ele>
        <time>2025-11-07T01:20:07.000Z</time>
        <extensions>
          <ns3:TrackPointExtension>
            <ns3:hr>114</ns3:hr>
            <ns3:cad>93</ns3:cad>
          </ns3:TrackPointExtension>
        </extensions>
      </trkpt>
      <trkpt lat="30.51324552856385707855224609375" lon="114.22799966298043727874755859375">
        <ele>20.200000762939453125</ele>
        <time>2025-11-07T01:20:08.000Z</time>
        <extensions>
          <ns3:TrackPointExtension>
            <ns3:hr>115</ns3:hr>
            <ns3:cad>93</ns3:cad>
          </ns3:TrackPointExtension>
        </extensions>
      </trkpt>
      <trkpt lat="30.5132239870727062225341796875" lon="114.2280280776321887969970703125">
        <ele>20.3999996185302734375</ele>
        <time>2025-11-07T01:20:09.000Z</time>
        <extensions>
          <ns3:TrackPointExtension>
            <ns3:hr>115</ns3:hr>
            <ns3:cad>93</ns3:cad>
          </ns3:TrackPointExtension>
        </extensions>
      </trkpt>
      <trkpt lat="30.51320345140993595123291015625" lon="114.22805607318878173828125">
        <ele>20.3999996185302734375</ele>
        <time>2025-11-07T01:20:10.000Z</time>
        <extensions>
          <ns3:TrackPointExtension>
            <ns3:hr>115</ns3:hr>
            <ns3:cad>94</ns3:cad>
          </ns3:TrackPointExtension>
        </extensions>
      </trkpt>
      <trkpt lat="30.51318056881427764892578125" lon="114.2280864156782627105712890625">
        <ele>20.3999996185302734375</ele>
        <time>2025-11-07T01:20:11.000Z</time>
        <extensions>
          <ns3:TrackPointExtension>
            <ns3:hr>116</ns3:hr>
            <ns3:cad>94</ns3:cad>
          </ns3:TrackPointExtension>
        </extensions>
      </trkpt>
      <trkpt lat="30.5131616257131099700927734375" lon="114.22811399213969707489013671875">
        <ele>20.3999996185302734375</ele>
        <time>2025-11-07T01:20:12.000Z</time>
        <extensions>
          <ns3:TrackPointExtension>
            <ns3:hr>116</ns3:hr>
            <ns3:cad>93</ns3:cad>
          </ns3:TrackPointExtension>
        </extensions>
      </trkpt>
      <trkpt lat="30.5131616257131099700927734375" lon="114.22811399213969707489013671875">
        <ele>20.6000003814697265625</ele>
        <time>2025-11-07T01:20:13.000Z</time>
        <extensions>
          <ns3:TrackPointExtension>
            <ns3:hr>116</ns3:hr>
            <ns3:cad>93</ns3:cad>
          </ns3:TrackPointExtension>
        </extensions>
      </trkpt>
      <trkpt lat="30.51313924603164196014404296875" lon="114.22814031131565570831298828125">
        <ele>20.3999996185302734375</ele>
        <time>2025-11-07T01:20:14.000Z</time>
        <extensions>
          <ns3:TrackPointExtension>
            <ns3:hr>116</ns3:hr>
            <ns3:cad>92</ns3:cad>
          </ns3:TrackPointExtension>
        </extensions>
      </trkpt>
      <trkpt lat="30.5131193809211254119873046875" lon="114.228168390691280364990234375">
        <ele>20.6000003814697265625</ele>
        <time>2025-11-07T01:20:15.000Z</time>
        <extensions>
          <ns3:TrackPointExtension>
            <ns3:hr>116</ns3:hr>
            <ns3:cad>92</ns3:cad>
          </ns3:TrackPointExtension>
        </extensions>
      </trkpt>
      <trkpt lat="30.513098426163196563720703125" lon="114.2282020859420299530029296875">
        <ele>20.6000003814697265625</ele>
        <time>2025-11-07T01:20:16.000Z</time>
        <extensions>
          <ns3:TrackPointExtension>
            <ns3:hr>117</ns3:hr>
            <ns3:cad>92</ns3:cad>
          </ns3:TrackPointExtension>
        </extensions>
      </trkpt>
      <trkpt lat="30.51305718719959259033203125" lon="114.22825765796005725860595703125">
        <ele>20.799999237060546875</ele>
        <time>2025-11-07T01:20:17.000Z</time>
        <extensions>
          <ns3:TrackPointExtension>
            <ns3:hr>118</ns3:hr>
            <ns3:cad>92</ns3:cad>
          </ns3:TrackPointExtension>
        </extensions>
      </trkpt>
      <trkpt lat="30.51303849555552005767822265625" lon="114.22829152084887027740478515625">
        <ele>20.799999237060546875</ele>
        <time>2025-11-07T01:20:18.000Z</time>
        <extensions>
          <ns3:TrackPointExtension>
            <ns3:hr>118</ns3:hr>
            <ns3:cad>92</ns3:cad>
          </ns3:TrackPointExtension>
        </extensions>
      </trkpt>
      <trkpt lat="30.51303849555552005767822265625" lon="114.22829152084887027740478515625">
        <ele>20.799999237060546875</ele>
        <time>2025-11-07T01:20:19.000Z</time>
        <extensions>
          <ns3:TrackPointExtension>
            <ns3:hr>119</ns3:hr>
            <ns3:cad>92</ns3:cad>
          </ns3:TrackPointExtension>
        </extensions>
      </trkpt>
      <trkpt lat="30.512996502220630645751953125" lon="114.228347428143024444580078125">
        <ele>20.799999237060546875</ele>
        <time>2025-11-07T01:20:20.000Z</time>
        <extensions>
          <ns3:TrackPointExtension>
            <ns3:hr>119</ns3:hr>
            <ns3:cad>92</ns3:cad>
          </ns3:TrackPointExtension>
        </extensions>
      </trkpt>
      <trkpt lat="30.512996502220630645751953125" lon="114.228347428143024444580078125">
        <ele>20.6000003814697265625</ele>
        <time>2025-11-07T01:20:21.000Z</time>
        <extensions>
          <ns3:TrackPointExtension>
            <ns3:hr>120</ns3:hr>
            <ns3:cad>92</ns3:cad>
          </ns3:TrackPointExtension>
        </extensions>
      </trkpt>
      <trkpt lat="30.512979738414287567138671875" lon="114.2283754236996173858642578125">
        <ele>20.6000003814697265625</ele>
        <time>2025-11-07T01:20:22.000Z</time>
        <extensions>
          <ns3:TrackPointExtension>
            <ns3:hr>120</ns3:hr>
            <ns3:cad>91</ns3:cad>
          </ns3:TrackPointExtension>
        </extensions>
      </trkpt>
      <trkpt lat="30.512947551906108856201171875" lon="114.228430576622486114501953125">
        <ele>20.6000003814697265625</ele>
        <time>2025-11-07T01:20:23.000Z</time>
        <extensions>
          <ns3:TrackPointExtension>
            <ns3:hr>120</ns3:hr>
            <ns3:cad>91</ns3:cad>
          </ns3:TrackPointExtension>
        </extensions>
      </trkpt>
      <trkpt lat="30.5129309557378292083740234375" lon="114.22846485860645771026611328125">
        <ele>20.6000003814697265625</ele>
        <time>2025-11-07T01:20:24.000Z</time>
        <extensions>
          <ns3:TrackPointExtension>
            <ns3:hr>121</ns3:hr>
            <ns3:cad>91</ns3:cad>
          </ns3:TrackPointExtension>
        </extensions>
      </trkpt>
      <trkpt lat="30.512914694845676422119140625" lon="114.22849469818174839019775390625">
        <ele>20.3999996185302734375</ele>
        <time>2025-11-07T01:20:25.000Z</time>
        <extensions>
          <ns3:TrackPointExtension>
            <ns3:hr>121</ns3:hr>
            <ns3:cad>91</ns3:cad>
          </ns3:TrackPointExtension>
        </extensions>
      </trkpt>
      <trkpt lat="30.512914694845676422119140625" lon="114.22849469818174839019775390625">
        <ele>20.6000003814697265625</ele>
        <time>2025-11-07T01:20:26.000Z</time>
        <extensions>
          <ns3:TrackPointExtension>
            <ns3:hr>121</ns3:hr>
            <ns3:cad>92</ns3:cad>
          </ns3:TrackPointExtension>
        </extensions>
      </trkpt>
      <trkpt lat="30.51289700902998447418212890625" lon="114.22853124327957630157470703125">
        <ele>20.6000003814697265625</ele>
        <time>2025-11-07T01:20:27.000Z</time>
        <extensions>
          <ns3:TrackPointExtension>
            <ns3:hr>122</ns3:hr>
            <ns3:cad>91</ns3:cad>
          </ns3:TrackPointExtension>
        </extensions>
      </trkpt>
      <trkpt lat="30.51288426853716373443603515625" lon="114.22856175340712070465087890625">
        <ele>20.6000003814697265625</ele>
        <time>2025-11-07T01:20:28.000Z</time>
        <extensions>
          <ns3:TrackPointExtension>
            <ns3:hr>122</ns3:hr>
            <ns3:cad>91</ns3:cad>
          </ns3:TrackPointExtension>
        </extensions>
      </trkpt>
      <trkpt lat="30.512863062322139739990234375" lon="114.22863383777439594268798828125">
        <ele>20.6000003814697265625</ele>
        <time>2025-11-07T01:20:29.000Z</time>
        <extensions>
          <ns3:TrackPointExtension>
            <ns3:hr>122</ns3:hr>
            <ns3:cad>91</ns3:cad>
          </ns3:TrackPointExtension>
        </extensions>
      </trkpt>
      <trkpt lat="30.51285426132380962371826171875" lon="114.22867138870060443878173828125">
        <ele>20.6000003814697265625</ele>
        <time>2025-11-07T01:20:30.000Z</time>
        <extensions>
          <ns3:TrackPointExtension>
            <ns3:hr>123</ns3:hr>
            <ns3:cad>92</ns3:cad>
          </ns3:TrackPointExtension>
        </extensions>
      </trkpt>
      <trkpt lat="30.5128511600196361541748046875" lon="114.22870709560811519622802734375">
        <ele>20.3999996185302734375</ele>
        <time>2025-11-07T01:20:31.000Z</time>
        <extensions>
          <ns3:TrackPointExtension>
            <ns3:hr>124</ns3:hr>
            <ns3:cad>93</ns3:cad>
          </ns3:TrackPointExtension>
        </extensions>
      </trkpt>
      <trkpt lat="30.51284118555486202239990234375" lon="114.2287442274391651153564453125">
        <ele>20.3999996185302734375</ele>
        <time>2025-11-07T01:20:32.000Z</time>
        <extensions>
          <ns3:TrackPointExtension>
            <ns3:hr>125</ns3:hr>
            <ns3:cad>93</ns3:cad>
          </ns3:TrackPointExtension>
        </extensions>
      </trkpt>
      <trkpt lat="30.512830875813961029052734375" lon="114.22878362238407135009765625">
        <ele>20.3999996185302734375</ele>
        <time>2025-11-07T01:20:33.000Z</time>
        <extensions>
          <ns3:TrackPointExtension>
            <ns3:hr>126</ns3:hr>
            <ns3:cad>93</ns3:cad>
          </ns3:TrackPointExtension>
        </extensions>
      </trkpt>
      <trkpt lat="30.512824170291423797607421875" lon="114.2288159765303134918212890625">
        <ele>20.3999996185302734375</ele>
        <time>2025-11-07T01:20:34.000Z</time>
        <extensions>
          <ns3:TrackPointExtension>
            <ns3:hr>127</ns3:hr>
            <ns3:cad>94</ns3:cad>
          </ns3:TrackPointExtension>
        </extensions>
      </trkpt>
      <trkpt lat="30.51281721331179141998291015625" lon="114.22885377891361713409423828125">
        <ele>20.6000003814697265625</ele>
        <time>2025-11-07T01:20:35.000Z</time>
        <extensions>
          <ns3:TrackPointExtension>
            <ns3:hr>127</ns3:hr>
            <ns3:cad>95</ns3:cad>
          </ns3:TrackPointExtension>
        </extensions>
      </trkpt>
      <trkpt lat="30.51281268708407878875732421875" lon="114.22889233566820621490478515625">
        <ele>20.6000003814697265625</ele>
        <time>2025-11-07T01:20:36.000Z</time>
        <extensions>
          <ns3:TrackPointExtension>
            <ns3:hr>128</ns3:hr>
            <ns3:cad>95</ns3:cad>
          </ns3:TrackPointExtension>
        </extensions>
      </trkpt>
      <trkpt lat="30.51281268708407878875732421875" lon="114.22889233566820621490478515625">
        <ele>20.799999237060546875</ele>
        <time>2025-11-07T01:20:37.000Z</time>
        <extensions>
          <ns3:TrackPointExtension>
            <ns3:hr>128</ns3:hr>
            <ns3:cad>95</ns3:cad>
          </ns3:TrackPointExtension>
        </extensions>
      </trkpt>
      <trkpt lat="30.51280480809509754180908203125" lon="114.22893307171761989593505859375">
        <ele>20.799999237060546875</ele>
        <time>2025-11-07T01:20:38.000Z</time>
        <extensions>
          <ns3:TrackPointExtension>
            <ns3:hr>129</ns3:hr>
            <ns3:cad>96</ns3:cad>
          </ns3:TrackPointExtension>
        </extensions>
      </trkpt>
      <trkpt lat="30.51279391162097454071044921875" lon="114.22897699289023876190185546875">
        <ele>20.6000003814697265625</ele>
        <time>2025-11-07T01:20:39.000Z</time>
        <extensions>
          <ns3:TrackPointExtension>
            <ns3:hr>129</ns3:hr>
            <ns3:cad>97</ns3:cad>
          </ns3:TrackPointExtension>
        </extensions>
      </trkpt>
      <trkpt lat="30.51277262158691883087158203125" lon="114.2290644161403179168701171875">
        <ele>20.799999237060546875</ele>
        <time>2025-11-07T01:20:40.000Z</time>
        <extensions>
          <ns3:TrackPointExtension>
            <ns3:hr>130</ns3:hr>
            <ns3:cad>98</ns3:cad>
          </ns3:TrackPointExtension>
        </extensions>
      </trkpt>
      <trkpt lat="30.51277262158691883087158203125" lon="114.2290644161403179168701171875">
        <ele>20.799999237060546875</ele>
        <time>2025-11-07T01:20:41.000Z</time>
        <extensions>
          <ns3:TrackPointExtension>
            <ns3:hr>130</ns3:hr>
            <ns3:cad>97</ns3:cad>
          </ns3:TrackPointExtension>
        </extensions>
      </trkpt>
      <trkpt lat="30.5127566121518611907958984375" lon="114.229144714772701263427734375">
        <ele>20.799999237060546875</ele>
        <time>2025-11-07T01:20:42.000Z</time>
        <extensions>
          <ns3:TrackPointExtension>
            <ns3:hr>131</ns3:hr>
            <ns3:cad>96</ns3:cad>
          </ns3:TrackPointExtension>
        </extensions>
      </trkpt>
      <trkpt lat="30.5127566121518611907958984375" lon="114.229144714772701263427734375">
        <ele>21</ele>
        <time>2025-11-07T01:20:43.000Z</time>
        <extensions>
          <ns3:TrackPointExtension>
            <ns3:hr>131</ns3:hr>
            <ns3:cad>96</ns3:cad>
          </ns3:TrackPointExtension>
        </extensions>
      </trkpt>
      <trkpt lat="30.5127432011067867279052734375" lon="114.22922425903379917144775390625">
        <ele>21</ele>
        <time>2025-11-07T01:20:44.000Z</time>
        <extensions>
          <ns3:TrackPointExtension>
            <ns3:hr>132</ns3:hr>
            <ns3:cad>96</ns3:cad>
          </ns3:TrackPointExtension>
        </extensions>
      </trkpt>
      <trkpt lat="30.51273926161229610443115234375" lon="114.22926642000675201416015625">
        <ele>21</ele>
        <time>2025-11-07T01:20:45.000Z</time>
        <extensions>
          <ns3:TrackPointExtension>
            <ns3:hr>133</ns3:hr>
            <ns3:cad>95</ns3:cad>
          </ns3:TrackPointExtension>
        </extensions>
      </trkpt>
      <trkpt lat="30.51273934543132781982421875" lon="114.2293027974665164947509765625">
        <ele>20.799999237060546875</ele>
        <time>2025-11-07T01:20:46.000Z</time>
        <extensions>
          <ns3:TrackPointExtension>
            <ns3:hr>134</ns3:hr>
            <ns3:cad>95</ns3:cad>
          </ns3:TrackPointExtension>
        </extensions>
      </trkpt>
      <trkpt lat="30.51273574121296405792236328125" lon="114.22934261150658130645751953125">
        <ele>20.799999237060546875</ele>
        <time>2025-11-07T01:20:47.000Z</time>
        <extensions>
          <ns3:TrackPointExtension>
            <ns3:hr>135</ns3:hr>
            <ns3:cad>95</ns3:cad>
          </ns3:TrackPointExtension>
        </extensions>
      </trkpt>
      <trkpt lat="30.5127279460430145263671875" lon="114.22938116826117038726806640625">
        <ele>20.799999237060546875</ele>
        <time>2025-11-07T01:20:48.000Z</time>
        <extensions>
          <ns3:TrackPointExtension>
            <ns3:hr>135</ns3:hr>
            <ns3:cad>95</ns3:cad>
          </ns3:TrackPointExtension>
        </extensions>
      </trkpt>
      <trkpt lat="30.51272132433950901031494140625" lon="114.22941536642611026763916015625">
        <ele>20.799999237060546875</ele>
        <time>2025-11-07T01:20:49.000Z</time>
        <extensions>
          <ns3:TrackPointExtension>
            <ns3:hr>136</ns3:hr>
            <ns3:cad>95</ns3:cad>
          </ns3:TrackPointExtension>
        </extensions>
      </trkpt>
      <trkpt lat="30.51272132433950901031494140625" lon="114.22941536642611026763916015625">
        <ele>20.799999237060546875</ele>
        <time>2025-11-07T01:20:50.000Z</time>
        <extensions>
          <ns3:TrackPointExtension>
            <ns3:hr>136</ns3:hr>
            <ns3:cad>95</ns3:cad>
          </ns3:TrackPointExtension>
        </extensions>
      </trkpt>
      <trkpt lat="30.5127076618373394012451171875" lon="114.22945459373295307159423828125">
        <ele>20.799999237060546875</ele>
        <time>2025-11-07T01:20:51.000Z</time>
        <extensions>
          <ns3:TrackPointExtension>
            <ns3:hr>137</ns3:hr>
            <ns3:cad>95</ns3:cad>
          </ns3:TrackPointExtension>
        </extensions>
      </trkpt>
      <trkpt lat="30.5126811750233173370361328125" lon="114.22952114604413509368896484375">
        <ele>20.799999237060546875</ele>
        <time>2025-11-07T01:20:52.000Z</time>
        <extensions>
          <ns3:TrackPointExtension>
            <ns3:hr>138</ns3:hr>
            <ns3:cad>93</ns3:cad>
          </ns3:TrackPointExtension>
        </extensions>
      </trkpt>
      <trkpt lat="30.51266985945403575897216796875" lon="114.22955266200006008148193359375">
        <ele>20.799999237060546875</ele>
        <time>2025-11-07T01:20:53.000Z</time>
        <extensions>
          <ns3:TrackPointExtension>
            <ns3:hr>139</ns3:hr>
            <ns3:cad>93</ns3:cad>
          </ns3:TrackPointExtension>
        </extensions>
      </trkpt>
      <trkpt lat="30.5126530118286609649658203125" lon="114.22958350740373134613037109375">
        <ele>20.6000003814697265625</ele>
        <time>2025-11-07T01:20:54.000Z</time>
        <extensions>
          <ns3:TrackPointExtension>
            <ns3:hr>139</ns3:hr>
            <ns3:cad>93</ns3:cad>
          </ns3:TrackPointExtension>
        </extensions>
      </trkpt>
      <trkpt lat="30.5126530118286609649658203125" lon="114.22958350740373134613037109375">
        <ele>20.799999237060546875</ele>
        <time>2025-11-07T01:20:55.000Z</time>
        <extensions>
          <ns3:TrackPointExtension>
            <ns3:hr>140</ns3:hr>
            <ns3:cad>93</ns3:cad>
          </ns3:TrackPointExtension>
        </extensions>
      </trkpt>
      <trkpt lat="30.51263415254652500152587890625" lon="114.2296132631599903106689453125">
        <ele>20.799999237060546875</ele>
        <time>2025-11-07T01:20:56.000Z</time>
        <extensions>
          <ns3:TrackPointExtension>
            <ns3:hr>141</ns3:hr>
            <ns3:cad>93</ns3:cad>
          </ns3:TrackPointExtension>
        </extensions>
      </trkpt>
      <trkpt lat="30.51259375177323818206787109375" lon="114.22966984100639820098876953125">
        <ele>20.6000003814697265625</ele>
        <time>2025-11-07T01:20:57.000Z</time>
        <extensions>
          <ns3:TrackPointExtension>
            <ns3:hr>142</ns3:hr>
            <ns3:cad>93</ns3:cad>
          </ns3:TrackPointExtension>
        </extensions>
      </trkpt>
      <trkpt lat="30.51257849670946598052978515625" lon="114.22969758510589599609375">
        <ele>20.6000003814697265625</ele>
        <time>2025-11-07T01:20:58.000Z</time>
        <extensions>
          <ns3:TrackPointExtension>
            <ns3:hr>142</ns3:hr>
            <ns3:cad>94</ns3:cad>
          </ns3:TrackPointExtension>
        </extensions>
      </trkpt>
      <trkpt lat="30.5125581286847591400146484375" lon="114.22972775995731353759765625">
        <ele>20.6000003814697265625</ele>
        <time>2025-11-07T01:20:59.000Z</time>
        <extensions>
          <ns3:TrackPointExtension>
            <ns3:hr>142</ns3:hr>
            <ns3:cad>94</ns3:cad>
          </ns3:TrackPointExtension>
        </extensions>
      </trkpt>
      <trkpt lat="30.5125390179455280303955078125" lon="114.22976153902709484100341796875">
        <ele>20.6000003814697265625</ele>
        <time>2025-11-07T01:21:00.000Z</time>
        <extensions>
          <ns3:TrackPointExtension>
            <ns3:hr>142</ns3:hr>
            <ns3:cad>95</ns3:cad>
          </ns3:TrackPointExtension>
        </extensions>
      </trkpt>
      <trkpt lat="30.512516386806964874267578125" lon="114.229796491563320159912109375">
        <ele>20.6000003814697265625</ele>
        <time>2025-11-07T01:21:01.000Z</time>
        <extensions>
          <ns3:TrackPointExtension>
            <ns3:hr>142</ns3:hr>
            <ns3:cad>96</ns3:cad>
          </ns3:TrackPointExtension>
        </extensions>
      </trkpt>
      <trkpt lat="30.5124920792877674102783203125" lon="114.229835383594036102294921875">
        <ele>20.799999237060546875</ele>
        <time>2025-11-07T01:21:02.000Z</time>
        <extensions>
          <ns3:TrackPointExtension>
            <ns3:hr>142</ns3:hr>
            <ns3:cad>97</ns3:cad>
          </ns3:TrackPointExtension>
        </extensions>
      </trkpt>
      <trkpt lat="30.51247137598693370819091796875" lon="114.2298684082925319671630859375">
        <ele>21</ele>
        <time>2025-11-07T01:21:03.000Z</time>
        <extensions>
          <ns3:TrackPointExtension>
            <ns3:hr>142</ns3:hr>
            <ns3:cad>96</ns3:cad>
          </ns3:TrackPointExtension>
        </extensions>
      </trkpt>
      <trkpt lat="30.5124448053538799285888671875" lon="114.229906462132930755615234375">
        <ele>21</ele>
        <time>2025-11-07T01:21:04.000Z</time>
        <extensions>
          <ns3:TrackPointExtension>
            <ns3:hr>143</ns3:hr>
            <ns3:cad>97</ns3:cad>
          </ns3:TrackPointExtension>
        </extensions>
      </trkpt>
      <trkpt lat="30.5124448053538799285888671875" lon="114.229906462132930755615234375">
        <ele>21</ele>
        <time>2025-11-07T01:21:05.000Z</time>
        <extensions>
          <ns3:TrackPointExtension>
            <ns3:hr>143</ns3:hr>
            <ns3:cad>98</ns3:cad>
          </ns3:TrackPointExtension>
        </extensions>
      </trkpt>
      <trkpt lat="30.51242150366306304931640625" lon="114.22994409687817096710205078125">
        <ele>21</ele>
        <time>2025-11-07T01:21:06.000Z</time>
        <extensions>
          <ns3:TrackPointExtension>
            <ns3:hr>143</ns3:hr>
            <ns3:cad>97</ns3:cad>
          </ns3:TrackPointExtension>
        </extensions>
      </trkpt>
      <trkpt lat="30.51237246952950954437255859375" lon="114.2300122417509555816650390625">
        <ele>20.6000003814697265625</ele>
        <time>2025-11-07T01:21:07.000Z</time>
        <extensions>
          <ns3:TrackPointExtension>
            <ns3:hr>144</ns3:hr>
            <ns3:cad>96</ns3:cad>
          </ns3:TrackPointExtension>
        </extensions>
      </trkpt>
      <trkpt lat="30.51237246952950954437255859375" lon="114.2300122417509555816650390625">
        <ele>20.6000003814697265625</ele>
        <time>2025-11-07T01:21:08.000Z</time>
        <extensions>
          <ns3:TrackPointExtension>
            <ns3:hr>145</ns3:hr>
            <ns3:cad>97</ns3:cad>
          </ns3:TrackPointExtension>
        </extensions>
      </trkpt>
      <trkpt lat="30.51233374513685703277587890625" lon="114.23007435165345668792724609375">
        <ele>20.799999237060546875</ele>
        <time>2025-11-07T01:21:09.000Z</time>
        <extensions>
          <ns3:TrackPointExtension>
            <ns3:hr>145</ns3:hr>
            <ns3:cad>97</ns3:cad>
          </ns3:TrackPointExtension>
        </extensions>
      </trkpt>
      <trkpt lat="30.51231681369245052337646484375" lon="114.23011089675128459930419921875">
        <ele>20.799999237060546875</ele>
        <time>2025-11-07T01:21:10.000Z</time>
        <extensions>
          <ns3:TrackPointExtension>
            <ns3:hr>146</ns3:hr>
            <ns3:cad>97</ns3:cad>
          </ns3:TrackPointExtension>
        </extensions>
      </trkpt>
      <trkpt lat="30.51230273209512233734130859375" lon="114.23013989813625812530517578125">
        <ele>20.6000003814697265625</ele>
        <time>2025-11-07T01:21:11.000Z</time>
        <extensions>
          <ns3:TrackPointExtension>
            <ns3:hr>147</ns3:hr>
            <ns3:cad>97</ns3:cad>
          </ns3:TrackPointExtension>
        </extensions>
      </trkpt>
      <trkpt lat="30.51230273209512233734130859375" lon="114.23013989813625812530517578125">
        <ele>20.6000003814697265625</ele>
        <time>2025-11-07T01:21:12.000Z</time>
        <extensions>
          <ns3:TrackPointExtension>
            <ns3:hr>148</ns3:hr>
            <ns3:cad>97</ns3:cad>
          </ns3:TrackPointExtension>
        </extensions>
      </trkpt>
      <trkpt lat="30.5122840404510498046875" lon="114.23017141409218311309814453125">
        <ele>20.6000003814697265625</ele>
        <time>2025-11-07T01:21:13.000Z</time>
        <extensions>
          <ns3:TrackPointExtension>
            <ns3:hr>148</ns3:hr>
            <ns3:cad>98</ns3:cad>
          </ns3:TrackPointExtension>
        </extensions>
      </trkpt>
      <trkpt lat="30.51225076429545879364013671875" lon="114.23022271133959293365478515625">
        <ele>20.6000003814697265625</ele>
        <time>2025-11-07T01:21:14.000Z</time>
        <extensions>
          <ns3:TrackPointExtension>
            <ns3:hr>148</ns3:hr>
            <ns3:cad>97</ns3:cad>
          </ns3:TrackPointExtension>
        </extensions>
      </trkpt>
      <trkpt lat="30.51222645677626132965087890625" lon="114.23023964278399944305419921875">
        <ele>20.6000003814697265625</ele>
        <time>2025-11-07T01:21:15.000Z</time>
        <extensions>
          <ns3:TrackPointExtension>
            <ns3:hr>148</ns3:hr>
            <ns3:cad>96</ns3:cad>
          </ns3:TrackPointExtension>
        </extensions>
      </trkpt>
      <trkpt lat="30.51222645677626132965087890625" lon="114.23023964278399944305419921875">
        <ele>20.799999237060546875</ele>
        <time>2025-11-07T01:21:16.000Z</time>
        <extensions>
          <ns3:TrackPointExtension>
            <ns3:hr>149</ns3:hr>
            <ns3:cad>96</ns3:cad>
          </ns3:TrackPointExtension>
        </extensions>
      </trkpt>
      <trkpt lat="30.51220751367509365081787109375" lon="114.23025288619101047515869140625">
        <ele>21.200000762939453125</ele>
        <time>2025-11-07T01:21:17.000Z</time>
        <extensions>
          <ns3:TrackPointExtension>
            <ns3:hr>149</ns3:hr>
            <ns3:cad>95</ns3:cad>
          </ns3:TrackPointExtension>
        </extensions>
      </trkpt>
      <trkpt lat="30.512174405157566070556640625" lon="114.23028792254626750946044921875">
        <ele>21.3999996185302734375</ele>
        <time>2025-11-07T01:21:18.000Z</time>
        <extensions>
          <ns3:TrackPointExtension>
            <ns3:hr>149</ns3:hr>
            <ns3:cad>94</ns3:cad>
          </ns3:TrackPointExtension>
        </extensions>
      </trkpt>
      <trkpt lat="30.512174405157566070556640625" lon="114.23028792254626750946044921875">
        <ele>21.6000003814697265625</ele>
        <time>2025-11-07T01:21:19.000Z</time>
        <extensions>
          <ns3:TrackPointExtension>
            <ns3:hr>149</ns3:hr>
            <ns3:cad>93</ns3:cad>
          </ns3:TrackPointExtension>
        </extensions>
      </trkpt>
      <trkpt lat="30.5121524445712566375732421875" lon="114.2303270660340785980224609375">
        <ele>22</ele>
        <time>2025-11-07T01:21:20.000Z</time>
        <extensions>
          <ns3:TrackPointExtension>
            <ns3:hr>149</ns3:hr>
            <ns3:cad>93</ns3:cad>
          </ns3:TrackPointExtension>
        </extensions>
      </trkpt>
      <trkpt lat="30.51214481703937053680419921875" lon="114.2303495295345783233642578125">
        <ele>22.200000762939453125</ele>
        <time>2025-11-07T01:21:21.000Z</time>
        <extensions>
          <ns3:TrackPointExtension>
            <ns3:hr>149</ns3:hr>
            <ns3:cad>93</ns3:cad>
          </ns3:TrackPointExtension>
        </extensions>
      </trkpt>
      <trkpt lat="30.51213853061199188232421875" lon="114.2303716577589511871337890625">
        <ele>22.3999996185302734375</ele>
        <time>2025-11-07T01:21:22.000Z</time>
        <extensions>
          <ns3:TrackPointExtension>
            <ns3:hr>149</ns3:hr>
            <ns3:cad>92</ns3:cad>
          </ns3:TrackPointExtension>
        </extensions>
      </trkpt>
      <trkpt lat="30.5121279694139957427978515625" lon="114.230395965278148651123046875">
        <ele>22.6000003814697265625</ele>
        <time>2025-11-07T01:21:23.000Z</time>
        <extensions>
          <ns3:TrackPointExtension>
            <ns3:hr>149</ns3:hr>
            <ns3:cad>92</ns3:cad>
          </ns3:TrackPointExtension>
        </extensions>
      </trkpt>
      <trkpt lat="30.512117408215999603271484375" lon="114.23041784204542636871337890625">
        <ele>22.799999237060546875</ele>
        <time>2025-11-07T01:21:24.000Z</time>
        <extensions>
          <ns3:TrackPointExtension>
            <ns3:hr>149</ns3:hr>
            <ns3:cad>92</ns3:cad>
          </ns3:TrackPointExtension>
        </extensions>
      </trkpt>
      <trkpt lat="30.5121112056076526641845703125" lon="114.23043594695627689361572265625">
        <ele>23</ele>
        <time>2025-11-07T01:21:25.000Z</time>
        <extensions>
          <ns3:TrackPointExtension>
            <ns3:hr>149</ns3:hr>
            <ns3:cad>93</ns3:cad>
          </ns3:TrackPointExtension>
        </extensions>
      </trkpt>
      <trkpt lat="30.51210366189479827880859375" lon="114.2304631881415843963623046875">
        <ele>23</ele>
        <time>2025-11-07T01:21:26.000Z</time>
        <extensions>
          <ns3:TrackPointExtension>
            <ns3:hr>149</ns3:hr>
            <ns3:cad>92</ns3:cad>
          </ns3:TrackPointExtension>
        </extensions>
      </trkpt>
      <trkpt lat="30.5121003091335296630859375" lon="114.2304906807839870452880859375">
        <ele>23.200000762939453125</ele>
        <time>2025-11-07T01:21:27.000Z</time>
        <extensions>
          <ns3:TrackPointExtension>
            <ns3:hr>149</ns3:hr>
            <ns3:cad>92</ns3:cad>
          </ns3:TrackPointExtension>
        </extensions>
      </trkpt>
      <trkpt lat="30.5121003091335296630859375" lon="114.2304906807839870452880859375">
        <ele>23.3999996185302734375</ele>
        <time>2025-11-07T01:21:28.000Z</time>
        <extensions>
          <ns3:TrackPointExtension>
            <ns3:hr>148</ns3:hr>
            <ns3:cad>92</ns3:cad>
          </ns3:TrackPointExtension>
        </extensions>
      </trkpt>
      <trkpt lat="30.51209821365773677825927734375" lon="114.23052328638732433319091796875">
        <ele>23.3999996185302734375</ele>
        <time>2025-11-07T01:21:29.000Z</time>
        <extensions>
          <ns3:TrackPointExtension>
            <ns3:hr>148</ns3:hr>
            <ns3:cad>91</ns3:cad>
          </ns3:TrackPointExtension>
        </extensions>
      </trkpt>
      <trkpt lat="30.51209754310548305511474609375" lon="114.230556897819042205810546875">
        <ele>23.6000003814697265625</ele>
        <time>2025-11-07T01:21:30.000Z</time>
        <extensions>
          <ns3:TrackPointExtension>
            <ns3:hr>147</ns3:hr>
            <ns3:cad>91</ns3:cad>
          </ns3:TrackPointExtension>
        </extensions>
      </trkpt>
      <trkpt lat="30.51210089586675167083740234375" lon="114.23059486784040927886962890625">
        <ele>23.3999996185302734375</ele>
        <time>2025-11-07T01:21:31.000Z</time>
        <extensions>
          <ns3:TrackPointExtension>
            <ns3:hr>147</ns3:hr>
            <ns3:cad>91</ns3:cad>
          </ns3:TrackPointExtension>
        </extensions>
      </trkpt>
      <trkpt lat="30.51210558973252773284912109375" lon="114.230625294148921966552734375">
        <ele>23.3999996185302734375</ele>
        <time>2025-11-07T01:21:32.000Z</time>
        <extensions>
          <ns3:TrackPointExtension>
            <ns3:hr>147</ns3:hr>
            <ns3:cad>90</ns3:cad>
          </ns3:TrackPointExtension>
        </extensions>
      </trkpt>
      <trkpt lat="30.51210793666541576385498046875" lon="114.23068824224174022674560546875">
        <ele>23.3999996185302734375</ele>
        <time>2025-11-07T01:21:33.000Z</time>
        <extensions>
          <ns3:TrackPointExtension>
            <ns3:hr>147</ns3:hr>
            <ns3:cad>91</ns3:cad>
          </ns3:TrackPointExtension>
        </extensions>
      </trkpt>
      <trkpt lat="30.51209829747676849365234375" lon="114.2307183332741260528564453125">
        <ele>23.200000762939453125</ele>
        <time>2025-11-07T01:21:34.000Z</time>
        <extensions>
          <ns3:TrackPointExtension>
            <ns3:hr>147</ns3:hr>
            <ns3:cad>91</ns3:cad>
          </ns3:TrackPointExtension>
        </extensions>
      </trkpt>
      <trkpt lat="30.5120840482413768768310546875" lon="114.230743311345577239990234375">
        <ele>23</ele>
        <time>2025-11-07T01:21:35.000Z</time>
        <extensions>
          <ns3:TrackPointExtension>
            <ns3:hr>147</ns3:hr>
            <ns3:cad>91</ns3:cad>
          </ns3:TrackPointExtension>
        </extensions>
      </trkpt>
      <trkpt lat="30.51206317730247974395751953125" lon="114.23077122308313846588134765625">
        <ele>23</ele>
        <time>2025-11-07T01:21:36.000Z</time>
        <extensions>
          <ns3:TrackPointExtension>
            <ns3:hr>147</ns3:hr>
            <ns3:cad>92</ns3:cad>
          </ns3:TrackPointExtension>
        </extensions>
      </trkpt>
      <trkpt lat="30.5120411328971385955810546875" lon="114.23079402185976505279541015625">
        <ele>23</ele>
        <time>2025-11-07T01:21:37.000Z</time>
        <extensions>
          <ns3:TrackPointExtension>
            <ns3:hr>147</ns3:hr>
            <ns3:cad>92</ns3:cad>
          </ns3:TrackPointExtension>
        </extensions>
      </trkpt>
      <trkpt lat="30.512005425989627838134765625" lon="114.23081799410283565521240234375">
        <ele>23</ele>
        <time>2025-11-07T01:21:38.000Z</time>
        <extensions>
          <ns3:TrackPointExtension>
            <ns3:hr>147</ns3:hr>
            <ns3:cad>92</ns3:cad>
          </ns3:TrackPointExtension>
        </extensions>
      </trkpt>
      <trkpt lat="30.51197893917560577392578125" lon="114.230838529765605926513671875">
        <ele>23.200000762939453125</ele>
        <time>2025-11-07T01:21:39.000Z</time>
        <extensions>
          <ns3:TrackPointExtension>
            <ns3:hr>147</ns3:hr>
            <ns3:cad>92</ns3:cad>
          </ns3:TrackPointExtension>
        </extensions>
      </trkpt>
      <trkpt lat="30.511950440704822540283203125" lon="114.2308611609041690826416015625">
        <ele>23.200000762939453125</ele>
        <time>2025-11-07T01:21:40.000Z</time>
        <extensions>
          <ns3:TrackPointExtension>
            <ns3:hr>147</ns3:hr>
            <ns3:cad>93</ns3:cad>
          </ns3:TrackPointExtension>
        </extensions>
      </trkpt>
      <trkpt lat="30.5119211040437221527099609375" lon="114.23088404349982738494873046875">
        <ele>23.200000762939453125</ele>
        <time>2025-11-07T01:21:41.000Z</time>
        <extensions>
          <ns3:TrackPointExtension>
            <ns3:hr>146</ns3:hr>
            <ns3:cad>93</ns3:cad>
          </ns3:TrackPointExtension>
        </extensions>
      </trkpt>
      <trkpt lat="30.5118926055729389190673828125" lon="114.23090097494423389434814453125">
        <ele>23.200000762939453125</ele>
        <time>2025-11-07T01:21:42.000Z</time>
        <extensions>
          <ns3:TrackPointExtension>
            <ns3:hr>146</ns3:hr>
            <ns3:cad>93</ns3:cad>
          </ns3:TrackPointExtension>
        </extensions>
      </trkpt>
      <trkpt lat="30.5118926055729389190673828125" lon="114.23090097494423389434814453125">
        <ele>23.3999996185302734375</ele>
        <time>2025-11-07T01:21:43.000Z</time>
        <extensions>
          <ns3:TrackPointExtension>
            <ns3:hr>145</ns3:hr>
            <ns3:cad>93</ns3:cad>
          </ns3:TrackPointExtension>
        </extensions>
      </trkpt>
      <trkpt lat="30.51183233968913555145263671875" lon="114.23094204626977443695068359375">
        <ele>23.3999996185302734375</ele>
        <time>2025-11-07T01:21:44.000Z</time>
        <extensions>
          <ns3:TrackPointExtension>
            <ns3:hr>146</ns3:hr>
            <ns3:cad>93</ns3:cad>
          </ns3:TrackPointExtension>
        </extensions>
      </trkpt>
      <trkpt lat="30.51180367358028888702392578125" lon="114.23096652142703533172607421875">
        <ele>23.3999996185302734375</ele>
        <time>2025-11-07T01:21:45.000Z</time>
        <extensions>
          <ns3:TrackPointExtension>
            <ns3:hr>146</ns3:hr>
            <ns3:cad>93</ns3:cad>
          </ns3:TrackPointExtension>
        </extensions>
      </trkpt>
      <trkpt lat="30.51180367358028888702392578125" lon="114.23096652142703533172607421875">
        <ele>23.3999996185302734375</ele>
        <time>2025-11-07T01:21:46.000Z</time>
        <extensions>
          <ns3:TrackPointExtension>
            <ns3:hr>146</ns3:hr>
            <ns3:cad>92</ns3:cad>
          </ns3:TrackPointExtension>
        </extensions>
      </trkpt>
      <trkpt lat="30.5117809586226940155029296875" lon="114.23098881728947162628173828125">
        <ele>23.200000762939453125</ele>
        <time>2025-11-07T01:21:47.000Z</time>
        <extensions>
          <ns3:TrackPointExtension>
            <ns3:hr>146</ns3:hr>
            <ns3:cad>92</ns3:cad>
          </ns3:TrackPointExtension>
        </extensions>
      </trkpt>
      <trkpt lat="30.5117543041706085205078125" lon="114.23101748339831829071044921875">
        <ele>23.200000762939453125</ele>
        <time>2025-11-07T01:21:48.000Z</time>
        <extensions>
          <ns3:TrackPointExtension>
            <ns3:hr>146</ns3:hr>
            <ns3:cad>94</ns3:cad>
          </ns3:TrackPointExtension>
        </extensions>
      </trkpt>
      <trkpt lat="30.51171096973121166229248046875" lon="114.23106626607477664947509765625">
        <ele>23.200000762939453125</ele>
        <time>2025-11-07T01:21:49.000Z</time>
        <extensions>
          <ns3:TrackPointExtension>
            <ns3:hr>146</ns3:hr>
            <ns3:cad>94</ns3:cad>
          </ns3:TrackPointExtension>
        </extensions>
      </trkpt>
      <trkpt lat="30.51168582402169704437255859375" lon="114.2310921661555767059326171875">
        <ele>23.200000762939453125</ele>
        <time>2025-11-07T01:21:50.000Z</time>
        <extensions>
          <ns3:TrackPointExtension>
            <ns3:hr>147</ns3:hr>
            <ns3:cad>94</ns3:cad>
          </ns3:TrackPointExtension>
        </extensions>
      </trkpt>
      <trkpt lat="30.51166336052119731903076171875" lon="114.2311156354844570159912109375">
        <ele>23.200000762939453125</ele>
        <time>2025-11-07T01:21:51.000Z</time>
        <extensions>
          <ns3:TrackPointExtension>
            <ns3:hr>147</ns3:hr>
            <ns3:cad>94</ns3:cad>
          </ns3:TrackPointExtension>
        </extensions>
      </trkpt>
      <trkpt lat="30.511637963354587554931640625" lon="114.23114052973687648773193359375">
        <ele>23.3999996185302734375</ele>
        <time>2025-11-07T01:21:52.000Z</time>
        <extensions>
          <ns3:TrackPointExtension>
            <ns3:hr>147</ns3:hr>
            <ns3:cad>94</ns3:cad>
          </ns3:TrackPointExtension>
        </extensions>
      </trkpt>
      <trkpt lat="30.51161508075892925262451171875" lon="114.23116232268512248992919921875">
        <ele>23.3999996185302734375</ele>
        <time>2025-11-07T01:21:53.000Z</time>
        <extensions>
          <ns3:TrackPointExtension>
            <ns3:hr>147</ns3:hr>
            <ns3:cad>94</ns3:cad>
          </ns3:TrackPointExtension>
        </extensions>
      </trkpt>
      <trkpt lat="30.51161508075892925262451171875" lon="114.23116232268512248992919921875">
        <ele>23.3999996185302734375</ele>
        <time>2025-11-07T01:21:54.000Z</time>
        <extensions>
          <ns3:TrackPointExtension>
            <ns3:hr>146</ns3:hr>
            <ns3:cad>94</ns3:cad>
          </ns3:TrackPointExtension>
        </extensions>
      </trkpt>
      <trkpt lat="30.511564873158931732177734375" lon="114.231203980743885040283203125">
        <ele>23.3999996185302734375</ele>
        <time>2025-11-07T01:21:55.000Z</time>
        <extensions>
          <ns3:TrackPointExtension>
            <ns3:hr>147</ns3:hr>
            <ns3:cad>93</ns3:cad>
          </ns3:TrackPointExtension>
        </extensions>
      </trkpt>
      <trkpt lat="30.511564873158931732177734375" lon="114.231203980743885040283203125">
        <ele>23.6000003814697265625</ele>
        <time>2025-11-07T01:21:56.000Z</time>
        <extensions>
          <ns3:TrackPointExtension>
            <ns3:hr>147</ns3:hr>
            <ns3:cad>93</ns3:cad>
          </ns3:TrackPointExtension>
        </extensions>
      </trkpt>
      <trkpt lat="30.51150561310350894927978515625" lon="114.23124111257493495941162109375">
        <ele>23.6000003814697265625</ele>
        <time>2025-11-07T01:21:57.000Z</time>
        <extensions>
          <ns3:TrackPointExtension>
            <ns3:hr>147</ns3:hr>
            <ns3:cad>94</ns3:cad>
          </ns3:TrackPointExtension>
        </extensions>
      </trkpt>
      <trkpt lat="30.511475689709186553955078125" lon="114.23125603236258029937744140625">
        <ele>23.6000003814697265625</ele>
        <time>2025-11-07T01:21:58.000Z</time>
        <extensions>
          <ns3:TrackPointExtension>
            <ns3:hr>148</ns3:hr>
            <ns3:cad>94</ns3:cad>
          </ns3:TrackPointExtension>
        </extensions>
      </trkpt>
      <trkpt lat="30.51143788732588291168212890625" lon="114.23126944340765476226806640625">
        <ele>23.3999996185302734375</ele>
        <time>2025-11-07T01:21:59.000Z</time>
        <extensions>
          <ns3:TrackPointExtension>
            <ns3:hr>148</ns3:hr>
            <ns3:cad>94</ns3:cad>
          </ns3:TrackPointExtension>
        </extensions>
      </trkpt>
      <trkpt lat="30.511405281722545623779296875" lon="114.23128386028110980987548828125">
        <ele>23.6000003814697265625</ele>
        <time>2025-11-07T01:22:00.000Z</time>
        <extensions>
          <ns3:TrackPointExtension>
            <ns3:hr>148</ns3:hr>
            <ns3:cad>94</ns3:cad>
          </ns3:TrackPointExtension>
        </extensions>
      </trkpt>
      <trkpt lat="30.511369742453098297119140625" lon="114.23130380921065807342529296875">
        <ele>23.6000003814697265625</ele>
        <time>2025-11-07T01:22:01.000Z</time>
        <extensions>
          <ns3:TrackPointExtension>
            <ns3:hr>148</ns3:hr>
            <ns3:cad>94</ns3:cad>
          </ns3:TrackPointExtension>
        </extensions>
      </trkpt>
      <trkpt lat="30.5113427527248859405517578125" lon="114.23132291994988918304443359375">
        <ele>23.6000003814697265625</ele>
        <time>2025-11-07T01:22:02.000Z</time>
        <extensions>
          <ns3:TrackPointExtension>
            <ns3:hr>148</ns3:hr>
            <ns3:cad>94</ns3:cad>
          </ns3:TrackPointExtension>
        </extensions>
      </trkpt>
      <trkpt lat="30.5113427527248859405517578125" lon="114.23132291994988918304443359375">
        <ele>23.799999237060546875</ele>
        <time>2025-11-07T01:22:03.000Z</time>
        <extensions>
          <ns3:TrackPointExtension>
            <ns3:hr>148</ns3:hr>
            <ns3:cad>94</ns3:cad>
          </ns3:TrackPointExtension>
        </extensions>
      </trkpt>
      <trkpt lat="30.51131383515894412994384765625" lon="114.23134387470781803131103515625">
        <ele>23.799999237060546875</ele>
        <time>2025-11-07T01:22:04.000Z</time>
        <extensions>
          <ns3:TrackPointExtension>
            <ns3:hr>148</ns3:hr>
            <ns3:cad>94</ns3:cad>
          </ns3:TrackPointExtension>
        </extensions>
      </trkpt>
      <trkpt lat="30.51126739941537380218505859375" lon="114.23140221275389194488525390625">
        <ele>23.799999237060546875</ele>
        <time>2025-11-07T01:22:05.000Z</time>
        <extensions>
          <ns3:TrackPointExtension>
            <ns3:hr>149</ns3:hr>
            <ns3:cad>94</ns3:cad>
          </ns3:TrackPointExtension>
        </extensions>
      </trkpt>
      <trkpt lat="30.51126739941537380218505859375" lon="114.23140221275389194488525390625">
        <ele>23.799999237060546875</ele>
        <time>2025-11-07T01:22:06.000Z</time>
        <extensions>
          <ns3:TrackPointExtension>
            <ns3:hr>149</ns3:hr>
            <ns3:cad>94</ns3:cad>
          </ns3:TrackPointExtension>
        </extensions>
      </trkpt>
      <trkpt lat="30.51126019097864627838134765625" lon="114.23143909312784671783447265625">
        <ele>23.799999237060546875</ele>
        <time>2025-11-07T01:22:07.000Z</time>
        <extensions>
          <ns3:TrackPointExtension>
            <ns3:hr>149</ns3:hr>
            <ns3:cad>94</ns3:cad>
          </ns3:TrackPointExtension>
        </extensions>
      </trkpt>
      <trkpt lat="30.5112800560891628265380859375" lon="114.23149642534554004669189453125">
        <ele>23.6000003814697265625</ele>
        <time>2025-11-07T01:22:08.000Z</time>
        <extensions>
          <ns3:TrackPointExtension>
            <ns3:hr>149</ns3:hr>
            <ns3:cad>94</ns3:cad>
          </ns3:TrackPointExtension>
        </extensions>
      </trkpt>
      <trkpt lat="30.51130235195159912109375" lon="114.231517128646373748779296875">
        <ele>23.6000003814697265625</ele>
        <time>2025-11-07T01:22:09.000Z</time>
        <extensions>
          <ns3:TrackPointExtension>
            <ns3:hr>149</ns3:hr>
            <ns3:cad>93</ns3:cad>
          </ns3:TrackPointExtension>
        </extensions>
      </trkpt>
      <trkpt lat="30.51132992841303348541259765625" lon="114.23154001124203205108642578125">
        <ele>23.6000003814697265625</ele>
        <time>2025-11-07T01:22:10.000Z</time>
        <extensions>
          <ns3:TrackPointExtension>
            <ns3:hr>149</ns3:hr>
            <ns3:cad>93</ns3:cad>
          </ns3:TrackPointExtension>
        </extensions>
      </trkpt>
      <trkpt lat="30.5113558284938335418701171875" lon="114.23156448639929294586181640625">
        <ele>23.6000003814697265625</ele>
        <time>2025-11-07T01:22:11.000Z</time>
        <extensions>
          <ns3:TrackPointExtension>
            <ns3:hr>149</ns3:hr>
            <ns3:cad>93</ns3:cad>
          </ns3:TrackPointExtension>
        </extensions>
      </trkpt>
      <trkpt lat="30.51138642244040966033935546875" lon="114.23159633763134479522705078125">
        <ele>23.6000003814697265625</ele>
        <time>2025-11-07T01:22:12.000Z</time>
        <extensions>
          <ns3:TrackPointExtension>
            <ns3:hr>149</ns3:hr>
            <ns3:cad>93</ns3:cad>
          </ns3:TrackPointExtension>
        </extensions>
      </trkpt>
      <trkpt lat="30.51141701638698577880859375" lon="114.23162416554987430572509765625">
        <ele>23.6000003814697265625</ele>
        <time>2025-11-07T01:22:13.000Z</time>
        <extensions>
          <ns3:TrackPointExtension>
            <ns3:hr>149</ns3:hr>
            <ns3:cad>93</ns3:cad>
          </ns3:TrackPointExtension>
        </extensions>
      </trkpt>
      <trkpt lat="30.51144643686711788177490234375" lon="114.2316557653248310089111328125">
        <ele>23.799999237060546875</ele>
        <time>2025-11-07T01:22:14.000Z</time>
        <extensions>
          <ns3:TrackPointExtension>
            <ns3:hr>149</ns3:hr>
            <ns3:cad>94</ns3:cad>
          </ns3:TrackPointExtension>
        </extensions>
      </trkpt>
      <trkpt lat="30.51146990619599819183349609375" lon="114.23169113695621490478515625">
        <ele>23.799999237060546875</ele>
        <time>2025-11-07T01:22:15.000Z</time>
        <extensions>
          <ns3:TrackPointExtension>
            <ns3:hr>150</ns3:hr>
            <ns3:cad>95</ns3:cad>
          </ns3:TrackPointExtension>
        </extensions>
      </trkpt>
      <trkpt lat="30.51147912628948688507080078125" lon="114.2317241616547107696533203125">
        <ele>23.799999237060546875</ele>
        <time>2025-11-07T01:22:16.000Z</time>
        <extensions>
          <ns3:TrackPointExtension>
            <ns3:hr>150</ns3:hr>
            <ns3:cad>96</ns3:cad>
          </ns3:TrackPointExtension>
        </extensions>
      </trkpt>
      <trkpt lat="30.51147879101336002349853515625" lon="114.2317613773047924041748046875">
        <ele>23.6000003814697265625</ele>
        <time>2025-11-07T01:22:17.000Z</time>
        <extensions>
          <ns3:TrackPointExtension>
            <ns3:hr>150</ns3:hr>
            <ns3:cad>96</ns3:cad>
          </ns3:TrackPointExtension>
        </extensions>
      </trkpt>
      <trkpt lat="30.51147862337529659271240234375" lon="114.23179683275520801544189453125">
        <ele>23.6000003814697265625</ele>
        <time>2025-11-07T01:22:18.000Z</time>
        <extensions>
          <ns3:TrackPointExtension>
            <ns3:hr>150</ns3:hr>
            <ns3:cad>96</ns3:cad>
          </ns3:TrackPointExtension>
        </extensions>
      </trkpt>
      <trkpt lat="30.51147862337529659271240234375" lon="114.23179683275520801544189453125">
        <ele>23.3999996185302734375</ele>
        <time>2025-11-07T01:22:19.000Z</time>
        <extensions>
          <ns3:TrackPointExtension>
            <ns3:hr>150</ns3:hr>
            <ns3:cad>96</ns3:cad>
          </ns3:TrackPointExtension>
        </extensions>
      </trkpt>
      <trkpt lat="30.51147979684174060821533203125" lon="114.231835640966892242431640625">
        <ele>23.3999996185302734375</ele>
        <time>2025-11-07T01:22:20.000Z</time>
        <extensions>
          <ns3:TrackPointExtension>
            <ns3:hr>150</ns3:hr>
            <ns3:cad>95</ns3:cad>
          </ns3:TrackPointExtension>
        </extensions>
      </trkpt>
      <trkpt lat="30.51148398779332637786865234375" lon="114.23187193460762500762939453125">
        <ele>23.6000003814697265625</ele>
        <time>2025-11-07T01:22:21.000Z</time>
        <extensions>
          <ns3:TrackPointExtension>
            <ns3:hr>150</ns3:hr>
            <ns3:cad>91</ns3:cad>
          </ns3:TrackPointExtension>
        </extensions>
      </trkpt>
      <trkpt lat="30.51149019040167331695556640625" lon="114.2319031991064548492431640625">
        <ele>23.6000003814697265625</ele>
        <time>2025-11-07T01:22:22.000Z</time>
        <extensions>
          <ns3:TrackPointExtension>
            <ns3:hr>151</ns3:hr>
            <ns3:cad>89</ns3:cad>
          </ns3:TrackPointExtension>
        </extensions>
      </trkpt>
      <trkpt lat="30.51149706356227397918701171875" lon="114.23192809335887432098388671875">
        <ele>23.6000003814697265625</ele>
        <time>2025-11-07T01:22:23.000Z</time>
        <extensions>
          <ns3:TrackPointExtension>
            <ns3:hr>150</ns3:hr>
            <ns3:cad>88</ns3:cad>
          </ns3:TrackPointExtension>
        </extensions>
      </trkpt>
      <trkpt lat="30.51151231862604618072509765625" lon="114.23196614719927310943603515625">
        <ele>23.6000003814697265625</ele>
        <time>2025-11-07T01:22:24.000Z</time>
        <extensions>
          <ns3:TrackPointExtension>
            <ns3:hr>150</ns3:hr>
            <ns3:cad>87</ns3:cad>
          </ns3:TrackPointExtension>
        </extensions>
      </trkpt>
      <trkpt lat="30.51152162253856658935546875" lon="114.23197939060628414154052734375">
        <ele>23.6000003814697265625</ele>
        <time>2025-11-07T01:22:25.000Z</time>
        <extensions>
          <ns3:TrackPointExtension>
            <ns3:hr>151</ns3:hr>
            <ns3:cad>87</ns3:cad>
          </ns3:TrackPointExtension>
        </extensions>
      </trkpt>
      <trkpt lat="30.5115315131843090057373046875" lon="114.2319917120039463043212890625">
        <ele>23.6000003814697265625</ele>
        <time>2025-11-07T01:22:26.000Z</time>
        <extensions>
          <ns3:TrackPointExtension>
            <ns3:hr>151</ns3:hr>
            <ns3:cad>86</ns3:cad>
          </ns3:TrackPointExtension>
        </extensions>
      </trkpt>
      <trkpt lat="30.511541068553924560546875" lon="114.23199581913650035858154296875">
        <ele>23.6000003814697265625</ele>
        <time>2025-11-07T01:22:27.000Z</time>
        <extensions>
          <ns3:TrackPointExtension>
            <ns3:hr>150</ns3:hr>
            <ns3:cad>86</ns3:cad>
          </ns3:TrackPointExtension>
        </extensions>
      </trkpt>
      <trkpt lat="30.51155523397028446197509765625" lon="114.23199833370745182037353515625">
        <ele>23.6000003814697265625</ele>
        <time>2025-11-07T01:22:28.000Z</time>
        <extensions>
          <ns3:TrackPointExtension>
            <ns3:hr>150</ns3:hr>
            <ns3:cad>88</ns3:cad>
          </ns3:TrackPointExtension>
        </extensions>
      </trkpt>
      <trkpt lat="30.511570237576961517333984375" lon="114.23199799843132495880126953125">
        <ele>23.6000003814697265625</ele>
        <time>2025-11-07T01:22:29.000Z</time>
        <extensions>
          <ns3:TrackPointExtension>
            <ns3:hr>150</ns3:hr>
            <ns3:cad>83</ns3:cad>
          </ns3:TrackPointExtension>
        </extensions>
      </trkpt>
      <trkpt lat="30.51157551817595958709716796875" lon="114.232009314000606536865234375">
        <ele>23.6000003814697265625</ele>
        <time>2025-11-07T01:22:30.000Z</time>
        <extensions>
          <ns3:TrackPointExtension>
            <ns3:hr>150</ns3:hr>
            <ns3:cad>54</ns3:cad>
          </ns3:TrackPointExtension>
        </extensions>
      </trkpt>
      <trkpt lat="30.5115657113492488861083984375" lon="114.232014007866382598876953125">
        <ele>23.6000003814697265625</ele>
        <time>2025-11-07T01:22:31.000Z</time>
        <extensions>
          <ns3:TrackPointExtension>
            <ns3:hr>149</ns3:hr>
            <ns3:cad>42</ns3:cad>
          </ns3:TrackPointExtension>
        </extensions>
      </trkpt>
      <trkpt lat="30.511561520397663116455078125" lon="114.232027418911457061767578125">
        <ele>23.6000003814697265625</ele>
        <time>2025-11-07T01:22:32.000Z</time>
        <extensions>
          <ns3:TrackPointExtension>
            <ns3:hr>149</ns3:hr>
            <ns3:cad>46</ns3:cad>
          </ns3:TrackPointExtension>
        </extensions>
      </trkpt>
      <trkpt lat="30.511561520397663116455078125" lon="114.232027418911457061767578125">
        <ele>23.3999996185302734375</ele>
        <time>2025-11-07T01:22:33.000Z</time>
        <extensions>
          <ns3:TrackPointExtension>
            <ns3:hr>149</ns3:hr>
            <ns3:cad>41</ns3:cad>
          </ns3:TrackPointExtension>
        </extensions>
      </trkpt>
      <trkpt lat="30.51156830973923206329345703125" lon="114.23204611055552959442138671875">
        <ele>23.6000003814697265625</ele>
        <time>2025-11-07T01:22:34.000Z</time>
        <extensions>
          <ns3:TrackPointExtension>
            <ns3:hr>149</ns3:hr>
            <ns3:cad>94</ns3:cad>
          </ns3:TrackPointExtension>
        </extensions>
      </trkpt>
      <trkpt lat="30.5115821398794651031494140625" lon="114.23205868341028690338134765625">
        <ele>23.6000003814697265625</ele>
        <time>2025-11-07T01:22:35.000Z</time>
        <extensions>
          <ns3:TrackPointExtension>
            <ns3:hr>148</ns3:hr>
            <ns3:cad>93</ns3:cad>
          </ns3:TrackPointExtension>
        </extensions>
      </trkpt>
      <trkpt lat="30.5115821398794651031494140625" lon="114.23205868341028690338134765625">
        <ele>23.6000003814697265625</ele>
        <time>2025-11-07T01:22:36.000Z</time>
        <extensions>
          <ns3:TrackPointExtension>
            <ns3:hr>147</ns3:hr>
            <ns3:cad>95</ns3:cad>
          </ns3:TrackPointExtension>
        </extensions>
      </trkpt>
      <trkpt lat="30.51159379072487354278564453125" lon="114.2320688255131244659423828125">
        <ele>23.799999237060546875</ele>
        <time>2025-11-07T01:22:37.000Z</time>
        <extensions>
          <ns3:TrackPointExtension>
            <ns3:hr>147</ns3:hr>
            <ns3:cad>95</ns3:cad>
          </ns3:TrackPointExtension>
        </extensions>
      </trkpt>
      <trkpt lat="30.51160586066544055938720703125" lon="114.23207963816821575164794921875">
        <ele>23.799999237060546875</ele>
        <time>2025-11-07T01:22:38.000Z</time>
        <extensions>
          <ns3:TrackPointExtension>
            <ns3:hr>146</ns3:hr>
            <ns3:cad>85</ns3:cad>
          </ns3:TrackPointExtension>
        </extensions>
      </trkpt>
      <trkpt lat="30.51163620315492153167724609375" lon="114.23209724016487598419189453125">
        <ele>23.799999237060546875</ele>
        <time>2025-11-07T01:22:39.000Z</time>
        <extensions>
          <ns3:TrackPointExtension>
            <ns3:hr>145</ns3:hr>
            <ns3:cad>86</ns3:cad>
          </ns3:TrackPointExtension>
        </extensions>
      </trkpt>
      <trkpt lat="30.5116562359035015106201171875" lon="114.23210679553449153900146484375">
        <ele>23.6000003814697265625</ele>
        <time>2025-11-07T01:22:40.000Z</time>
        <extensions>
          <ns3:TrackPointExtension>
            <ns3:hr>145</ns3:hr>
            <ns3:cad>86</ns3:cad>
          </ns3:TrackPointExtension>
        </extensions>
      </trkpt>
      <trkpt lat="30.51167584955692291259765625" lon="114.23211224377155303955078125">
        <ele>23.6000003814697265625</ele>
        <time>2025-11-07T01:22:41.000Z</time>
        <extensions>
          <ns3:TrackPointExtension>
            <ns3:hr>144</ns3:hr>
            <ns3:cad>86</ns3:cad>
          </ns3:TrackPointExtension>
        </extensions>
      </trkpt>
      <trkpt lat="30.511694960296154022216796875" lon="114.23211953602731227874755859375">
        <ele>23.6000003814697265625</ele>
        <time>2025-11-07T01:22:42.000Z</time>
        <extensions>
          <ns3:TrackPointExtension>
            <ns3:hr>143</ns3:hr>
            <ns3:cad>87</ns3:cad>
          </ns3:TrackPointExtension>
        </extensions>
      </trkpt>
      <trkpt lat="30.5117085389792919158935546875" lon="114.23212037421762943267822265625">
        <ele>23.6000003814697265625</ele>
        <time>2025-11-07T01:22:43.000Z</time>
        <extensions>
          <ns3:TrackPointExtension>
            <ns3:hr>143</ns3:hr>
            <ns3:cad>85</ns3:cad>
          </ns3:TrackPointExtension>
        </extensions>
      </trkpt>
      <trkpt lat="30.5117085389792919158935546875" lon="114.23212037421762943267822265625">
        <ele>23.6000003814697265625</ele>
        <time>2025-11-07T01:22:44.000Z</time>
        <extensions>
          <ns3:TrackPointExtension>
            <ns3:hr>142</ns3:hr>
            <ns3:cad>83</ns3:cad>
          </ns3:TrackPointExtension>
        </extensions>
      </trkpt>
      <trkpt lat="30.51172287203371524810791015625" lon="114.23211802728474140167236328125">
        <ele>23.6000003814697265625</ele>
        <time>2025-11-07T01:22:45.000Z</time>
        <extensions>
          <ns3:TrackPointExtension>
            <ns3:hr>141</ns3:hr>
            <ns3:cad>82</ns3:cad>
          </ns3:TrackPointExtension>
        </extensions>
      </trkpt>
      <trkpt lat="30.51174298860132694244384765625" lon="114.232123307883739471435546875">
        <ele>23.799999237060546875</ele>
        <time>2025-11-07T01:22:46.000Z</time>
        <extensions>
          <ns3:TrackPointExtension>
            <ns3:hr>141</ns3:hr>
            <ns3:cad>71</ns3:cad>
          </ns3:TrackPointExtension>
        </extensions>
      </trkpt>
      <trkpt lat="30.5117383785545825958251953125" lon="114.23212029039859771728515625">
        <ele>24</ele>
        <time>2025-11-07T01:22:47.000Z</time>
        <extensions>
          <ns3:TrackPointExtension>
            <ns3:hr>140</ns3:hr>
            <ns3:cad>71</ns3:cad>
          </ns3:TrackPointExtension>
        </extensions>
      </trkpt>
      <trkpt lat="30.5117353610694408416748046875" lon="114.23211601562798023223876953125">
        <ele>24</ele>
        <time>2025-11-07T01:22:48.000Z</time>
        <extensions>
          <ns3:TrackPointExtension>
            <ns3:hr>140</ns3:hr>
            <ns3:cad>40</ns3:cad>
          </ns3:TrackPointExtension>
        </extensions>
      </trkpt>
      <trkpt lat="30.511738546192646026611328125" lon="114.23211500979959964752197265625">
        <ele>24</ele>
        <time>2025-11-07T01:22:49.000Z</time>
        <extensions>
          <ns3:TrackPointExtension>
            <ns3:hr>139</ns3:hr>
            <ns3:cad>33</ns3:cad>
          </ns3:TrackPointExtension>
        </extensions>
      </trkpt>
      <trkpt lat="30.51174114458262920379638671875" lon="114.2321177758276462554931640625">
        <ele>24</ele>
        <time>2025-11-07T01:22:50.000Z</time>
        <extensions>
          <ns3:TrackPointExtension>
            <ns3:hr>138</ns3:hr>
            <ns3:cad>43</ns3:cad>
          </ns3:TrackPointExtension>
        </extensions>
      </trkpt>
      <trkpt lat="30.5117434076964855194091796875" lon="114.23211936838924884796142578125">
        <ele>24</ele>
        <time>2025-11-07T01:22:51.000Z</time>
        <extensions>
          <ns3:TrackPointExtension>
            <ns3:hr>137</ns3:hr>
            <ns3:cad>85</ns3:cad>
          </ns3:TrackPointExtension>
        </extensions>
      </trkpt>
      <trkpt lat="30.5117434076964855194091796875" lon="114.23211869783699512481689453125">
        <ele>23.799999237060546875</ele>
        <time>2025-11-07T01:22:52.000Z</time>
        <extensions>
          <ns3:TrackPointExtension>
            <ns3:hr>137</ns3:hr>
            <ns3:cad>85</ns3:cad>
          </ns3:TrackPointExtension>
        </extensions>
      </trkpt>
      <trkpt lat="30.5117434076964855194091796875" lon="114.23211869783699512481689453125">
        <ele>23.799999237060546875</ele>
        <time>2025-11-07T01:22:53.000Z</time>
        <extensions>
          <ns3:TrackPointExtension>
            <ns3:hr>136</ns3:hr>
            <ns3:cad>43</ns3:cad>
          </ns3:TrackPointExtension>
        </extensions>
      </trkpt>
      <trkpt lat="30.5117434076964855194091796875" lon="114.23211869783699512481689453125">
        <ele>23.799999237060546875</ele>
        <time>2025-11-07T01:22:54.000Z</time>
        <extensions>
          <ns3:TrackPointExtension>
            <ns3:hr>136</ns3:hr>
            <ns3:cad>34</ns3:cad>
          </ns3:TrackPointExtension>
        </extensions>
      </trkpt>
      <trkpt lat="30.5117434076964855194091796875" lon="114.23211869783699512481689453125">
        <ele>23.799999237060546875</ele>
        <time>2025-11-07T01:22:55.000Z</time>
        <extensions>
          <ns3:TrackPointExtension>
            <ns3:hr>135</ns3:hr>
            <ns3:cad>96</ns3:cad>
          </ns3:TrackPointExtension>
        </extensions>
      </trkpt>
      <trkpt lat="30.5117434076964855194091796875" lon="114.23211869783699512481689453125">
        <ele>23.799999237060546875</ele>
        <time>2025-11-07T01:22:56.000Z</time>
        <extensions>
          <ns3:TrackPointExtension>
            <ns3:hr>135</ns3:hr>
            <ns3:cad>124</ns3:cad>
          </ns3:TrackPointExtension>
        </extensions>
      </trkpt>
      <trkpt lat="30.5117435753345489501953125" lon="114.23211894929409027099609375">
        <ele>23.799999237060546875</ele>
        <time>2025-11-07T01:22:57.000Z</time>
        <extensions>
          <ns3:TrackPointExtension>
            <ns3:hr>134</ns3:hr>
            <ns3:cad>116</ns3:cad>
          </ns3:TrackPointExtension>
        </extensions>
      </trkpt>
      <trkpt lat="30.51175371743738651275634765625" lon="114.23211584798991680145263671875">
        <ele>23.799999237060546875</ele>
        <time>2025-11-07T01:22:58.000Z</time>
        <extensions>
          <ns3:TrackPointExtension>
            <ns3:hr>133</ns3:hr>
            <ns3:cad>112</ns3:cad>
          </ns3:TrackPointExtension>
        </extensions>
      </trkpt>
      <trkpt lat="30.51176830194890499114990234375" lon="114.2321114055812358856201171875">
        <ele>24</ele>
        <time>2025-11-07T01:22:59.000Z</time>
        <extensions>
          <ns3:TrackPointExtension>
            <ns3:hr>132</ns3:hr>
            <ns3:cad>95</ns3:cad>
          </ns3:TrackPointExtension>
        </extensions>
      </trkpt>
      <trkpt lat="30.51178372465074062347412109375" lon="114.23210595734417438507080078125">
        <ele>24</ele>
        <time>2025-11-07T01:23:00.000Z</time>
        <extensions>
          <ns3:TrackPointExtension>
            <ns3:hr>131</ns3:hr>
            <ns3:cad>85</ns3:cad>
          </ns3:TrackPointExtension>
        </extensions>
      </trkpt>
      <trkpt lat="30.5117999017238616943359375" lon="114.23210151493549346923828125">
        <ele>24</ele>
        <time>2025-11-07T01:23:01.000Z</time>
        <extensions>
          <ns3:TrackPointExtension>
            <ns3:hr>130</ns3:hr>
            <ns3:cad>87</ns3:cad>
          </ns3:TrackPointExtension>
        </extensions>
      </trkpt>
      <trkpt lat="30.5117999017238616943359375" lon="114.23210151493549346923828125">
        <ele>24</ele>
        <time>2025-11-07T01:23:02.000Z</time>
        <extensions>
          <ns3:TrackPointExtension>
            <ns3:hr>129</ns3:hr>
            <ns3:cad>86</ns3:cad>
          </ns3:TrackPointExtension>
        </extensions>
      </trkpt>
      <trkpt lat="30.511829741299152374267578125" lon="114.23208919353783130645751953125">
        <ele>24</ele>
        <time>2025-11-07T01:23:03.000Z</time>
        <extensions>
          <ns3:TrackPointExtension>
            <ns3:hr>129</ns3:hr>
            <ns3:cad>86</ns3:cad>
          </ns3:TrackPointExtension>
        </extensions>
      </trkpt>
      <trkpt lat="30.51184558309614658355712890625" lon="114.23208064399659633636474609375">
        <ele>24</ele>
        <time>2025-11-07T01:23:04.000Z</time>
        <extensions>
          <ns3:TrackPointExtension>
            <ns3:hr>128</ns3:hr>
            <ns3:cad>85</ns3:cad>
          </ns3:TrackPointExtension>
        </extensions>
      </trkpt>
      <trkpt lat="30.51185798831284046173095703125" lon="114.232072345912456512451171875">
        <ele>24</ele>
        <time>2025-11-07T01:23:05.000Z</time>
        <extensions>
          <ns3:TrackPointExtension>
            <ns3:hr>128</ns3:hr>
            <ns3:cad>81</ns3:cad>
          </ns3:TrackPointExtension>
        </extensions>
      </trkpt>
      <trkpt lat="30.5118704773485660552978515625" lon="114.2320661433041095733642578125">
        <ele>24</ele>
        <time>2025-11-07T01:23:06.000Z</time>
        <extensions>
          <ns3:TrackPointExtension>
            <ns3:hr>128</ns3:hr>
            <ns3:cad>84</ns3:cad>
          </ns3:TrackPointExtension>
        </extensions>
      </trkpt>
      <trkpt lat="30.5118704773485660552978515625" lon="114.2320661433041095733642578125">
        <ele>24</ele>
        <time>2025-11-07T01:23:07.000Z</time>
        <extensions>
          <ns3:TrackPointExtension>
            <ns3:hr>128</ns3:hr>
            <ns3:cad>80</ns3:cad>
          </ns3:TrackPointExtension>
        </extensions>
      </trkpt>
      <trkpt lat="30.51189453341066837310791015625" lon="114.2320487089455127716064453125">
        <ele>24</ele>
        <time>2025-11-07T01:23:08.000Z</time>
        <extensions>
          <ns3:TrackPointExtension>
            <ns3:hr>128</ns3:hr>
            <ns3:cad>82</ns3:cad>
          </ns3:TrackPointExtension>
        </extensions>
      </trkpt>
      <trkpt lat="30.51190727390348911285400390625" lon="114.23204007558524608612060546875">
        <ele>24</ele>
        <time>2025-11-07T01:23:09.000Z</time>
        <extensions>
          <ns3:TrackPointExtension>
            <ns3:hr>127</ns3:hr>
            <ns3:cad>83</ns3:cad>
          </ns3:TrackPointExtension>
        </extensions>
      </trkpt>
      <trkpt lat="30.51190727390348911285400390625" lon="114.23204007558524608612060546875">
        <ele>23.799999237060546875</ele>
        <time>2025-11-07T01:23:10.000Z</time>
        <extensions>
          <ns3:TrackPointExtension>
            <ns3:hr>127</ns3:hr>
            <ns3:cad>83</ns3:cad>
          </ns3:TrackPointExtension>
        </extensions>
      </trkpt>
      <trkpt lat="30.5119224451482295989990234375" lon="114.2320359684526920318603515625">
        <ele>23.799999237060546875</ele>
        <time>2025-11-07T01:23:11.000Z</time>
        <extensions>
          <ns3:TrackPointExtension>
            <ns3:hr>126</ns3:hr>
            <ns3:cad>79</ns3:cad>
          </ns3:TrackPointExtension>
        </extensions>
      </trkpt>
      <trkpt lat="30.5119553022086620330810546875" lon="114.23202213831245899200439453125">
        <ele>23.6000003814697265625</ele>
        <time>2025-11-07T01:23:12.000Z</time>
        <extensions>
          <ns3:TrackPointExtension>
            <ns3:hr>126</ns3:hr>
            <ns3:cad>79</ns3:cad>
          </ns3:TrackPointExtension>
        </extensions>
      </trkpt>
      <trkpt lat="30.5119553022086620330810546875" lon="114.23202213831245899200439453125">
        <ele>23.6000003814697265625</ele>
        <time>2025-11-07T01:23:13.000Z</time>
        <extensions>
          <ns3:TrackPointExtension>
            <ns3:hr>125</ns3:hr>
            <ns3:cad>80</ns3:cad>
          </ns3:TrackPointExtension>
        </extensions>
      </trkpt>
      <trkpt lat="30.5119972117245197296142578125" lon="114.23201476223766803741455078125">
        <ele>23.6000003814697265625</ele>
        <time>2025-11-07T01:23:14.000Z</time>
        <extensions>
          <ns3:TrackPointExtension>
            <ns3:hr>125</ns3:hr>
            <ns3:cad>87</ns3:cad>
          </ns3:TrackPointExtension>
        </extensions>
      </trkpt>
      <trkpt lat="30.51202042959630489349365234375" lon="114.23202037811279296875">
        <ele>23.6000003814697265625</ele>
        <time>2025-11-07T01:23:15.000Z</time>
        <extensions>
          <ns3:TrackPointExtension>
            <ns3:hr>125</ns3:hr>
            <ns3:cad>90</ns3:cad>
          </ns3:TrackPointExtension>
        </extensions>
      </trkpt>
      <trkpt lat="30.51204306073486804962158203125" lon="114.23202632926404476165771484375">
        <ele>23.6000003814697265625</ele>
        <time>2025-11-07T01:23:16.000Z</time>
        <extensions>
          <ns3:TrackPointExtension>
            <ns3:hr>124</ns3:hr>
            <ns3:cad>91</ns3:cad>
          </ns3:TrackPointExtension>
        </extensions>
      </trkpt>
      <trkpt lat="30.51206585951149463653564453125" lon="114.23203068785369396209716796875">
        <ele>23.6000003814697265625</ele>
        <time>2025-11-07T01:23:17.000Z</time>
        <extensions>
          <ns3:TrackPointExtension>
            <ns3:hr>124</ns3:hr>
            <ns3:cad>91</ns3:cad>
          </ns3:TrackPointExtension>
        </extensions>
      </trkpt>
      <trkpt lat="30.5120810307562351226806640625" lon="114.23203756101429462432861328125">
        <ele>23.6000003814697265625</ele>
        <time>2025-11-07T01:23:18.000Z</time>
        <extensions>
          <ns3:TrackPointExtension>
            <ns3:hr>123</ns3:hr>
            <ns3:cad>92</ns3:cad>
          </ns3:TrackPointExtension>
        </extensions>
      </trkpt>
      <trkpt lat="30.51210768520832061767578125" lon="114.23204527236521244049072265625">
        <ele>23.6000003814697265625</ele>
        <time>2025-11-07T01:23:19.000Z</time>
        <extensions>
          <ns3:TrackPointExtension>
            <ns3:hr>122</ns3:hr>
            <ns3:cad>93</ns3:cad>
          </ns3:TrackPointExtension>
        </extensions>
      </trkpt>
      <trkpt lat="30.51210768520832061767578125" lon="114.23204527236521244049072265625">
        <ele>23.6000003814697265625</ele>
        <time>2025-11-07T01:23:20.000Z</time>
        <extensions>
          <ns3:TrackPointExtension>
            <ns3:hr>122</ns3:hr>
            <ns3:cad>93</ns3:cad>
          </ns3:TrackPointExtension>
        </extensions>
      </trkpt>
      <trkpt lat="30.51213794387876987457275390625" lon="114.23205725848674774169921875">
        <ele>24</ele>
        <time>2025-11-07T01:23:21.000Z</time>
        <extensions>
          <ns3:TrackPointExtension>
            <ns3:hr>121</ns3:hr>
            <ns3:cad>93</ns3:cad>
          </ns3:TrackPointExtension>
        </extensions>
      </trkpt>
      <trkpt lat="30.5121591500937938690185546875" lon="114.23207469284534454345703125">
        <ele>24</ele>
        <time>2025-11-07T01:23:22.000Z</time>
        <extensions>
          <ns3:TrackPointExtension>
            <ns3:hr>120</ns3:hr>
            <ns3:cad>93</ns3:cad>
          </ns3:TrackPointExtension>
        </extensions>
      </trkpt>
      <trkpt lat="30.51220717839896678924560546875" lon="114.2321047000586986541748046875">
        <ele>24.200000762939453125</ele>
        <time>2025-11-07T01:23:23.000Z</time>
        <extensions>
          <ns3:TrackPointExtension>
            <ns3:hr>120</ns3:hr>
            <ns3:cad>92</ns3:cad>
          </ns3:TrackPointExtension>
        </extensions>
      </trkpt>
      <trkpt lat="30.5122290551662445068359375" lon="114.23211769200861454010009765625">
        <ele>24</ele>
        <time>2025-11-07T01:23:24.000Z</time>
        <extensions>
          <ns3:TrackPointExtension>
            <ns3:hr>120</ns3:hr>
            <ns3:cad>91</ns3:cad>
          </ns3:TrackPointExtension>
        </extensions>
      </trkpt>
      <trkpt lat="30.51225311122834682464599609375" lon="114.23211920075118541717529296875">
        <ele>24</ele>
        <time>2025-11-07T01:23:25.000Z</time>
        <extensions>
          <ns3:TrackPointExtension>
            <ns3:hr>119</ns3:hr>
            <ns3:cad>91</ns3:cad>
          </ns3:TrackPointExtension>
        </extensions>
      </trkpt>
      <trkpt lat="30.5122654326260089874267578125" lon="114.2321000061929225921630859375">
        <ele>23.799999237060546875</ele>
        <time>2025-11-07T01:23:26.000Z</time>
        <extensions>
          <ns3:TrackPointExtension>
            <ns3:hr>119</ns3:hr>
            <ns3:cad>91</ns3:cad>
          </ns3:TrackPointExtension>
        </extensions>
      </trkpt>
      <trkpt lat="30.5122654326260089874267578125" lon="114.2321000061929225921630859375">
        <ele>23.799999237060546875</ele>
        <time>2025-11-07T01:23:27.000Z</time>
        <extensions>
          <ns3:TrackPointExtension>
            <ns3:hr>119</ns3:hr>
            <ns3:cad>92</ns3:cad>
          </ns3:TrackPointExtension>
        </extensions>
      </trkpt>
      <trkpt lat="30.512270294129848480224609375" lon="114.232072345912456512451171875">
        <ele>23.799999237060546875</ele>
        <time>2025-11-07T01:23:28.000Z</time>
        <extensions>
          <ns3:TrackPointExtension>
            <ns3:hr>119</ns3:hr>
            <ns3:cad>92</ns3:cad>
          </ns3:TrackPointExtension>
        </extensions>
      </trkpt>
      <trkpt lat="30.51227339543402194976806640625" lon="114.2320118285715579986572265625">
        <ele>23.799999237060546875</ele>
        <time>2025-11-07T01:23:29.000Z</time>
        <extensions>
          <ns3:TrackPointExtension>
            <ns3:hr>119</ns3:hr>
            <ns3:cad>92</ns3:cad>
          </ns3:TrackPointExtension>
        </extensions>
      </trkpt>
      <trkpt lat="30.51227389834821224212646484375" lon="114.2319789715111255645751953125">
        <ele>23.799999237060546875</ele>
        <time>2025-11-07T01:23:30.000Z</time>
        <extensions>
          <ns3:TrackPointExtension>
            <ns3:hr>118</ns3:hr>
            <ns3:cad>93</ns3:cad>
          </ns3:TrackPointExtension>
        </extensions>
      </trkpt>
      <trkpt lat="30.512276329100131988525390625" lon="114.231944940984249114990234375">
        <ele>23.799999237060546875</ele>
        <time>2025-11-07T01:23:31.000Z</time>
        <extensions>
          <ns3:TrackPointExtension>
            <ns3:hr>118</ns3:hr>
            <ns3:cad>93</ns3:cad>
          </ns3:TrackPointExtension>
        </extensions>
      </trkpt>
      <trkpt lat="30.51228144206106662750244140625" lon="114.23190915025770664215087890625">
        <ele>23.799999237060546875</ele>
        <time>2025-11-07T01:23:32.000Z</time>
        <extensions>
          <ns3:TrackPointExtension>
            <ns3:hr>118</ns3:hr>
            <ns3:cad>93</ns3:cad>
          </ns3:TrackPointExtension>
        </extensions>
      </trkpt>
      <trkpt lat="30.51228144206106662750244140625" lon="114.23190915025770664215087890625">
        <ele>23.799999237060546875</ele>
        <time>2025-11-07T01:23:33.000Z</time>
        <extensions>
          <ns3:TrackPointExtension>
            <ns3:hr>118</ns3:hr>
            <ns3:cad>93</ns3:cad>
          </ns3:TrackPointExtension>
        </extensions>
      </trkpt>
      <trkpt lat="30.51229736767709255218505859375" lon="114.23184142448008060455322265625">
        <ele>23.799999237060546875</ele>
        <time>2025-11-07T01:23:34.000Z</time>
        <extensions>
          <ns3:TrackPointExtension>
            <ns3:hr>118</ns3:hr>
            <ns3:cad>93</ns3:cad>
          </ns3:TrackPointExtension>
        </extensions>
      </trkpt>
      <trkpt lat="30.5123137123882770538330078125" lon="114.23181183636188507080078125">
        <ele>23.799999237060546875</ele>
        <time>2025-11-07T01:23:35.000Z</time>
        <extensions>
          <ns3:TrackPointExtension>
            <ns3:hr>117</ns3:hr>
            <ns3:cad>93</ns3:cad>
          </ns3:TrackPointExtension>
        </extensions>
      </trkpt>
      <trkpt lat="30.5123281292617321014404296875" lon="114.23179247416555881500244140625">
        <ele>23.799999237060546875</ele>
        <time>2025-11-07T01:23:36.000Z</time>
        <extensions>
          <ns3:TrackPointExtension>
            <ns3:hr>117</ns3:hr>
            <ns3:cad>94</ns3:cad>
          </ns3:TrackPointExtension>
        </extensions>
      </trkpt>
      <trkpt lat="30.5123281292617321014404296875" lon="114.23179247416555881500244140625">
        <ele>23.799999237060546875</ele>
        <time>2025-11-07T01:23:37.000Z</time>
        <extensions>
          <ns3:TrackPointExtension>
            <ns3:hr>117</ns3:hr>
            <ns3:cad>93</ns3:cad>
          </ns3:TrackPointExtension>
        </extensions>
      </trkpt>
      <trkpt lat="30.51236274652183055877685546875" lon="114.231749475002288818359375">
        <ele>23.799999237060546875</ele>
        <time>2025-11-07T01:23:38.000Z</time>
        <extensions>
          <ns3:TrackPointExtension>
            <ns3:hr>117</ns3:hr>
            <ns3:cad>93</ns3:cad>
          </ns3:TrackPointExtension>
        </extensions>
      </trkpt>
      <trkpt lat="30.51237783394753932952880859375" lon="114.23172692768275737762451171875">
        <ele>23.799999237060546875</ele>
        <time>2025-11-07T01:23:39.000Z</time>
        <extensions>
          <ns3:TrackPointExtension>
            <ns3:hr>118</ns3:hr>
            <ns3:cad>93</ns3:cad>
          </ns3:TrackPointExtension>
        </extensions>
      </trkpt>
      <trkpt lat="30.51239325664937496185302734375" lon="114.2317070625722408294677734375">
        <ele>23.799999237060546875</ele>
        <time>2025-11-07T01:23:40.000Z</time>
        <extensions>
          <ns3:TrackPointExtension>
            <ns3:hr>117</ns3:hr>
            <ns3:cad>94</ns3:cad>
          </ns3:TrackPointExtension>
        </extensions>
      </trkpt>
      <trkpt lat="30.51241069100797176361083984375" lon="114.23168920911848545074462890625">
        <ele>24</ele>
        <time>2025-11-07T01:23:41.000Z</time>
        <extensions>
          <ns3:TrackPointExtension>
            <ns3:hr>117</ns3:hr>
            <ns3:cad>94</ns3:cad>
          </ns3:TrackPointExtension>
        </extensions>
      </trkpt>
      <trkpt lat="30.51242820918560028076171875" lon="114.2316728644073009490966796875">
        <ele>24</ele>
        <time>2025-11-07T01:23:42.000Z</time>
        <extensions>
          <ns3:TrackPointExtension>
            <ns3:hr>117</ns3:hr>
            <ns3:cad>95</ns3:cad>
          </ns3:TrackPointExtension>
        </extensions>
      </trkpt>
      <trkpt lat="30.51244455389678478240966796875" lon="114.23165383748710155487060546875">
        <ele>24</ele>
        <time>2025-11-07T01:23:43.000Z</time>
        <extensions>
          <ns3:TrackPointExtension>
            <ns3:hr>117</ns3:hr>
            <ns3:cad>94</ns3:cad>
          </ns3:TrackPointExtension>
        </extensions>
      </trkpt>
      <trkpt lat="30.51244455389678478240966796875" lon="114.23165383748710155487060546875">
        <ele>24.200000762939453125</ele>
        <time>2025-11-07T01:23:44.000Z</time>
        <extensions>
          <ns3:TrackPointExtension>
            <ns3:hr>118</ns3:hr>
            <ns3:cad>94</ns3:cad>
          </ns3:TrackPointExtension>
        </extensions>
      </trkpt>
      <trkpt lat="30.51246215589344501495361328125" lon="114.23163422383368015289306640625">
        <ele>24.200000762939453125</ele>
        <time>2025-11-07T01:23:45.000Z</time>
        <extensions>
          <ns3:TrackPointExtension>
            <ns3:hr>118</ns3:hr>
            <ns3:cad>93</ns3:cad>
          </ns3:TrackPointExtension>
        </extensions>
      </trkpt>
      <trkpt lat="30.5124917440116405487060546875" lon="114.231590889394283294677734375">
        <ele>24.3999996185302734375</ele>
        <time>2025-11-07T01:23:46.000Z</time>
        <extensions>
          <ns3:TrackPointExtension>
            <ns3:hr>118</ns3:hr>
            <ns3:cad>93</ns3:cad>
          </ns3:TrackPointExtension>
        </extensions>
      </trkpt>
      <trkpt lat="30.5125041492283344268798828125" lon="114.23156364820897579193115234375">
        <ele>24.6000003814697265625</ele>
        <time>2025-11-07T01:23:47.000Z</time>
        <extensions>
          <ns3:TrackPointExtension>
            <ns3:hr>119</ns3:hr>
            <ns3:cad>93</ns3:cad>
          </ns3:TrackPointExtension>
        </extensions>
      </trkpt>
      <trkpt lat="30.5125041492283344268798828125" lon="114.23156364820897579193115234375">
        <ele>24.6000003814697265625</ele>
        <time>2025-11-07T01:23:48.000Z</time>
        <extensions>
          <ns3:TrackPointExtension>
            <ns3:hr>119</ns3:hr>
            <ns3:cad>92</ns3:cad>
          </ns3:TrackPointExtension>
        </extensions>
      </trkpt>
      <trkpt lat="30.51252552308142185211181640625" lon="114.23150606453418731689453125">
        <ele>24.799999237060546875</ele>
        <time>2025-11-07T01:23:49.000Z</time>
        <extensions>
          <ns3:TrackPointExtension>
            <ns3:hr>119</ns3:hr>
            <ns3:cad>92</ns3:cad>
          </ns3:TrackPointExtension>
        </extensions>
      </trkpt>
      <trkpt lat="30.51253390498459339141845703125" lon="114.2314773984253406524658203125">
        <ele>24.799999237060546875</ele>
        <time>2025-11-07T01:23:50.000Z</time>
        <extensions>
          <ns3:TrackPointExtension>
            <ns3:hr>119</ns3:hr>
            <ns3:cad>92</ns3:cad>
          </ns3:TrackPointExtension>
        </extensions>
      </trkpt>
      <trkpt lat="30.51254312507808208465576171875" lon="114.231448061764240264892578125">
        <ele>24.799999237060546875</ele>
        <time>2025-11-07T01:23:51.000Z</time>
        <extensions>
          <ns3:TrackPointExtension>
            <ns3:hr>120</ns3:hr>
            <ns3:cad>92</ns3:cad>
          </ns3:TrackPointExtension>
        </extensions>
      </trkpt>
      <trkpt lat="30.5125457234680652618408203125" lon="114.231419228017330169677734375">
        <ele>24.799999237060546875</ele>
        <time>2025-11-07T01:23:52.000Z</time>
        <extensions>
          <ns3:TrackPointExtension>
            <ns3:hr>120</ns3:hr>
            <ns3:cad>93</ns3:cad>
          </ns3:TrackPointExtension>
        </extensions>
      </trkpt>
      <trkpt lat="30.512543208897113800048828125" lon="114.2313887178897857666015625">
        <ele>24.799999237060546875</ele>
        <time>2025-11-07T01:23:53.000Z</time>
        <extensions>
          <ns3:TrackPointExtension>
            <ns3:hr>120</ns3:hr>
            <ns3:cad>93</ns3:cad>
          </ns3:TrackPointExtension>
        </extensions>
      </trkpt>
      <trkpt lat="30.51254396326839923858642578125" lon="114.2313580401241779327392578125">
        <ele>25</ele>
        <time>2025-11-07T01:23:54.000Z</time>
        <extensions>
          <ns3:TrackPointExtension>
            <ns3:hr>121</ns3:hr>
            <ns3:cad>92</ns3:cad>
          </ns3:TrackPointExtension>
        </extensions>
      </trkpt>
      <trkpt lat="30.5125460587441921234130859375" lon="114.23132711090147495269775390625">
        <ele>25</ele>
        <time>2025-11-07T01:23:55.000Z</time>
        <extensions>
          <ns3:TrackPointExtension>
            <ns3:hr>121</ns3:hr>
            <ns3:cad>92</ns3:cad>
          </ns3:TrackPointExtension>
        </extensions>
      </trkpt>
      <trkpt lat="30.51254781894385814666748046875" lon="114.23129542730748653411865234375">
        <ele>25</ele>
        <time>2025-11-07T01:23:56.000Z</time>
        <extensions>
          <ns3:TrackPointExtension>
            <ns3:hr>121</ns3:hr>
            <ns3:cad>91</ns3:cad>
          </ns3:TrackPointExtension>
        </extensions>
      </trkpt>
      <trkpt lat="30.5125520937144756317138671875" lon="114.231261648237705230712890625">
        <ele>25</ele>
        <time>2025-11-07T01:23:57.000Z</time>
        <extensions>
          <ns3:TrackPointExtension>
            <ns3:hr>121</ns3:hr>
            <ns3:cad>91</ns3:cad>
          </ns3:TrackPointExtension>
        </extensions>
      </trkpt>
      <trkpt lat="30.5125520937144756317138671875" lon="114.231261648237705230712890625">
        <ele>24.799999237060546875</ele>
        <time>2025-11-07T01:23:58.000Z</time>
        <extensions>
          <ns3:TrackPointExtension>
            <ns3:hr>122</ns3:hr>
            <ns3:cad>91</ns3:cad>
          </ns3:TrackPointExtension>
        </extensions>
      </trkpt>
      <trkpt lat="30.51256290636956691741943359375" lon="114.23119618557393550872802734375">
        <ele>24.799999237060546875</ele>
        <time>2025-11-07T01:23:59.000Z</time>
        <extensions>
          <ns3:TrackPointExtension>
            <ns3:hr>122</ns3:hr>
            <ns3:cad>90</ns3:cad>
          </ns3:TrackPointExtension>
        </extensions>
      </trkpt>
      <trkpt lat="30.51257179118692874908447265625" lon="114.23116785474121570587158203125">
        <ele>24.6000003814697265625</ele>
        <time>2025-11-07T01:24:00.000Z</time>
        <extensions>
          <ns3:TrackPointExtension>
            <ns3:hr>122</ns3:hr>
            <ns3:cad>90</ns3:cad>
          </ns3:TrackPointExtension>
        </extensions>
      </trkpt>
      <trkpt lat="30.51257179118692874908447265625" lon="114.23116785474121570587158203125">
        <ele>24.6000003814697265625</ele>
        <time>2025-11-07T01:24:01.000Z</time>
        <extensions>
          <ns3:TrackPointExtension>
            <ns3:hr>122</ns3:hr>
            <ns3:cad>91</ns3:cad>
          </ns3:TrackPointExtension>
        </extensions>
      </trkpt>
      <trkpt lat="30.51258520223200321197509765625" lon="114.23113860189914703369140625">
        <ele>24.6000003814697265625</ele>
        <time>2025-11-07T01:24:02.000Z</time>
        <extensions>
          <ns3:TrackPointExtension>
            <ns3:hr>123</ns3:hr>
            <ns3:cad>91</ns3:cad>
          </ns3:TrackPointExtension>
        </extensions>
      </trkpt>
      <trkpt lat="30.51261705346405506134033203125" lon="114.2310911603271961212158203125">
        <ele>24.6000003814697265625</ele>
        <time>2025-11-07T01:24:03.000Z</time>
        <extensions>
          <ns3:TrackPointExtension>
            <ns3:hr>123</ns3:hr>
            <ns3:cad>91</ns3:cad>
          </ns3:TrackPointExtension>
        </extensions>
      </trkpt>
      <trkpt lat="30.51263448782265186309814453125" lon="114.23106559552252292633056640625">
        <ele>24.6000003814697265625</ele>
        <time>2025-11-07T01:24:04.000Z</time>
        <extensions>
          <ns3:TrackPointExtension>
            <ns3:hr>123</ns3:hr>
            <ns3:cad>91</ns3:cad>
          </ns3:TrackPointExtension>
        </extensions>
      </trkpt>
      <trkpt lat="30.51265309564769268035888671875" lon="114.23103810288012027740478515625">
        <ele>24.3999996185302734375</ele>
        <time>2025-11-07T01:24:05.000Z</time>
        <extensions>
          <ns3:TrackPointExtension>
            <ns3:hr>123</ns3:hr>
            <ns3:cad>91</ns3:cad>
          </ns3:TrackPointExtension>
        </extensions>
      </trkpt>
      <trkpt lat="30.5126711167395114898681640625" lon="114.2310170643031597137451171875">
        <ele>24.3999996185302734375</ele>
        <time>2025-11-07T01:24:06.000Z</time>
        <extensions>
          <ns3:TrackPointExtension>
            <ns3:hr>123</ns3:hr>
            <ns3:cad>92</ns3:cad>
          </ns3:TrackPointExtension>
        </extensions>
      </trkpt>
      <trkpt lat="30.512690730392932891845703125" lon="114.2309944331645965576171875">
        <ele>24.3999996185302734375</ele>
        <time>2025-11-07T01:24:07.000Z</time>
        <extensions>
          <ns3:TrackPointExtension>
            <ns3:hr>123</ns3:hr>
            <ns3:cad>92</ns3:cad>
          </ns3:TrackPointExtension>
        </extensions>
      </trkpt>
      <trkpt lat="30.512690730392932891845703125" lon="114.2309944331645965576171875">
        <ele>24.3999996185302734375</ele>
        <time>2025-11-07T01:24:08.000Z</time>
        <extensions>
          <ns3:TrackPointExtension>
            <ns3:hr>123</ns3:hr>
            <ns3:cad>92</ns3:cad>
          </ns3:TrackPointExtension>
        </extensions>
      </trkpt>
      <trkpt lat="30.512735657393932342529296875" lon="114.23094992525875568389892578125">
        <ele>24.200000762939453125</ele>
        <time>2025-11-07T01:24:09.000Z</time>
        <extensions>
          <ns3:TrackPointExtension>
            <ns3:hr>123</ns3:hr>
            <ns3:cad>92</ns3:cad>
          </ns3:TrackPointExtension>
        </extensions>
      </trkpt>
      <trkpt lat="30.512757785618305206298828125" lon="114.2309278808534145355224609375">
        <ele>24.200000762939453125</ele>
        <time>2025-11-07T01:24:10.000Z</time>
        <extensions>
          <ns3:TrackPointExtension>
            <ns3:hr>123</ns3:hr>
            <ns3:cad>92</ns3:cad>
          </ns3:TrackPointExtension>
        </extensions>
      </trkpt>
      <trkpt lat="30.51277848891913890838623046875" lon="114.23090449534356594085693359375">
        <ele>24.200000762939453125</ele>
        <time>2025-11-07T01:24:11.000Z</time>
        <extensions>
          <ns3:TrackPointExtension>
            <ns3:hr>123</ns3:hr>
            <ns3:cad>92</ns3:cad>
          </ns3:TrackPointExtension>
        </extensions>
      </trkpt>
      <trkpt lat="30.5127981863915920257568359375" lon="114.2308789305388927459716796875">
        <ele>24.200000762939453125</ele>
        <time>2025-11-07T01:24:12.000Z</time>
        <extensions>
          <ns3:TrackPointExtension>
            <ns3:hr>124</ns3:hr>
            <ns3:cad>92</ns3:cad>
          </ns3:TrackPointExtension>
        </extensions>
      </trkpt>
      <trkpt lat="30.512814782559871673583984375" lon="114.23085437156260013580322265625">
        <ele>24.200000762939453125</ele>
        <time>2025-11-07T01:24:13.000Z</time>
        <extensions>
          <ns3:TrackPointExtension>
            <ns3:hr>124</ns3:hr>
            <ns3:cad>92</ns3:cad>
          </ns3:TrackPointExtension>
        </extensions>
      </trkpt>
      <trkpt lat="30.512833558022975921630859375" lon="114.23082788474857807159423828125">
        <ele>24.200000762939453125</ele>
        <time>2025-11-07T01:24:14.000Z</time>
        <extensions>
          <ns3:TrackPointExtension>
            <ns3:hr>124</ns3:hr>
            <ns3:cad>92</ns3:cad>
          </ns3:TrackPointExtension>
        </extensions>
      </trkpt>
      <trkpt lat="30.5128504894673824310302734375" lon="114.23079754225909709930419921875">
        <ele>24.200000762939453125</ele>
        <time>2025-11-07T01:24:15.000Z</time>
        <extensions>
          <ns3:TrackPointExtension>
            <ns3:hr>125</ns3:hr>
            <ns3:cad>91</ns3:cad>
          </ns3:TrackPointExtension>
        </extensions>
      </trkpt>
      <trkpt lat="30.51286180503666400909423828125" lon="114.2307612486183643341064453125">
        <ele>24</ele>
        <time>2025-11-07T01:24:16.000Z</time>
        <extensions>
          <ns3:TrackPointExtension>
            <ns3:hr>125</ns3:hr>
            <ns3:cad>91</ns3:cad>
          </ns3:TrackPointExtension>
        </extensions>
      </trkpt>
      <trkpt lat="30.512871779501438140869140625" lon="114.23072596080601215362548828125">
        <ele>24</ele>
        <time>2025-11-07T01:24:17.000Z</time>
        <extensions>
          <ns3:TrackPointExtension>
            <ns3:hr>125</ns3:hr>
            <ns3:cad>91</ns3:cad>
          </ns3:TrackPointExtension>
        </extensions>
      </trkpt>
      <trkpt lat="30.512871779501438140869140625" lon="114.23072596080601215362548828125">
        <ele>23.799999237060546875</ele>
        <time>2025-11-07T01:24:18.000Z</time>
        <extensions>
          <ns3:TrackPointExtension>
            <ns3:hr>125</ns3:hr>
            <ns3:cad>91</ns3:cad>
          </ns3:TrackPointExtension>
        </extensions>
      </trkpt>
      <trkpt lat="30.51288016140460968017578125" lon="114.230692349374294281005859375">
        <ele>23.799999237060546875</ele>
        <time>2025-11-07T01:24:19.000Z</time>
        <extensions>
          <ns3:TrackPointExtension>
            <ns3:hr>125</ns3:hr>
            <ns3:cad>91</ns3:cad>
          </ns3:TrackPointExtension>
        </extensions>
      </trkpt>
      <trkpt lat="30.51288946531713008880615234375" lon="114.23066142015159130096435546875">
        <ele>23.799999237060546875</ele>
        <time>2025-11-07T01:24:20.000Z</time>
        <extensions>
          <ns3:TrackPointExtension>
            <ns3:hr>126</ns3:hr>
            <ns3:cad>91</ns3:cad>
          </ns3:TrackPointExtension>
        </extensions>
      </trkpt>
      <trkpt lat="30.51292282529175281524658203125" lon="114.23060459084808826446533203125">
        <ele>23.6000003814697265625</ele>
        <time>2025-11-07T01:24:21.000Z</time>
        <extensions>
          <ns3:TrackPointExtension>
            <ns3:hr>126</ns3:hr>
            <ns3:cad>91</ns3:cad>
          </ns3:TrackPointExtension>
        </extensions>
      </trkpt>
      <trkpt lat="30.51294595934450626373291015625" lon="114.2305828817188739776611328125">
        <ele>23.6000003814697265625</ele>
        <time>2025-11-07T01:24:22.000Z</time>
        <extensions>
          <ns3:TrackPointExtension>
            <ns3:hr>126</ns3:hr>
            <ns3:cad>92</ns3:cad>
          </ns3:TrackPointExtension>
        </extensions>
      </trkpt>
      <trkpt lat="30.5129685066640377044677734375" lon="114.23056301660835742950439453125">
        <ele>23.6000003814697265625</ele>
        <time>2025-11-07T01:24:23.000Z</time>
        <extensions>
          <ns3:TrackPointExtension>
            <ns3:hr>126</ns3:hr>
            <ns3:cad>92</ns3:cad>
          </ns3:TrackPointExtension>
        </extensions>
      </trkpt>
      <trkpt lat="30.51299122162163257598876953125" lon="114.2305411398410797119140625">
        <ele>23.3999996185302734375</ele>
        <time>2025-11-07T01:24:24.000Z</time>
        <extensions>
          <ns3:TrackPointExtension>
            <ns3:hr>126</ns3:hr>
            <ns3:cad>92</ns3:cad>
          </ns3:TrackPointExtension>
        </extensions>
      </trkpt>
      <trkpt lat="30.51301334984600543975830078125" lon="114.2305208556354045867919921875">
        <ele>23.3999996185302734375</ele>
        <time>2025-11-07T01:24:25.000Z</time>
        <extensions>
          <ns3:TrackPointExtension>
            <ns3:hr>127</ns3:hr>
            <ns3:cad>92</ns3:cad>
          </ns3:TrackPointExtension>
        </extensions>
      </trkpt>
      <trkpt lat="30.51303564570844173431396484375" lon="114.23050031997263431549072265625">
        <ele>23.3999996185302734375</ele>
        <time>2025-11-07T01:24:26.000Z</time>
        <extensions>
          <ns3:TrackPointExtension>
            <ns3:hr>127</ns3:hr>
            <ns3:cad>93</ns3:cad>
          </ns3:TrackPointExtension>
        </extensions>
      </trkpt>
      <trkpt lat="30.51306012086570262908935546875" lon="114.2304782755672931671142578125">
        <ele>23.3999996185302734375</ele>
        <time>2025-11-07T01:24:27.000Z</time>
        <extensions>
          <ns3:TrackPointExtension>
            <ns3:hr>127</ns3:hr>
            <ns3:cad>93</ns3:cad>
          </ns3:TrackPointExtension>
        </extensions>
      </trkpt>
      <trkpt lat="30.51306012086570262908935546875" lon="114.2304782755672931671142578125">
        <ele>23.3999996185302734375</ele>
        <time>2025-11-07T01:24:28.000Z</time>
        <extensions>
          <ns3:TrackPointExtension>
            <ns3:hr>127</ns3:hr>
            <ns3:cad>93</ns3:cad>
          </ns3:TrackPointExtension>
        </extensions>
      </trkpt>
      <trkpt lat="30.5130808241665363311767578125" lon="114.23045656643807888031005859375">
        <ele>23.3999996185302734375</ele>
        <time>2025-11-07T01:24:29.000Z</time>
        <extensions>
          <ns3:TrackPointExtension>
            <ns3:hr>127</ns3:hr>
            <ns3:cad>93</ns3:cad>
          </ns3:TrackPointExtension>
        </extensions>
      </trkpt>
      <trkpt lat="30.5131046287715435028076171875" lon="114.23043209128081798553466796875">
        <ele>23.3999996185302734375</ele>
        <time>2025-11-07T01:24:30.000Z</time>
        <extensions>
          <ns3:TrackPointExtension>
            <ns3:hr>127</ns3:hr>
            <ns3:cad>93</ns3:cad>
          </ns3:TrackPointExtension>
        </extensions>
      </trkpt>
      <trkpt lat="30.513125248253345489501953125" lon="114.23040904104709625244140625">
        <ele>23.3999996185302734375</ele>
        <time>2025-11-07T01:24:31.000Z</time>
        <extensions>
          <ns3:TrackPointExtension>
            <ns3:hr>128</ns3:hr>
            <ns3:cad>93</ns3:cad>
          </ns3:TrackPointExtension>
        </extensions>
      </trkpt>
      <trkpt lat="30.513161122798919677734375" lon="114.23035162501037120819091796875">
        <ele>23.3999996185302734375</ele>
        <time>2025-11-07T01:24:32.000Z</time>
        <extensions>
          <ns3:TrackPointExtension>
            <ns3:hr>128</ns3:hr>
            <ns3:cad>93</ns3:cad>
          </ns3:TrackPointExtension>
        </extensions>
      </trkpt>
      <trkpt lat="30.513174533843994140625" lon="114.23032052814960479736328125">
        <ele>23.3999996185302734375</ele>
        <time>2025-11-07T01:24:33.000Z</time>
        <extensions>
          <ns3:TrackPointExtension>
            <ns3:hr>128</ns3:hr>
            <ns3:cad>92</ns3:cad>
          </ns3:TrackPointExtension>
        </extensions>
      </trkpt>
      <trkpt lat="30.51319004036486148834228515625" lon="114.23028993420302867889404296875">
        <ele>23.200000762939453125</ele>
        <time>2025-11-07T01:24:34.000Z</time>
        <extensions>
          <ns3:TrackPointExtension>
            <ns3:hr>129</ns3:hr>
            <ns3:cad>93</ns3:cad>
          </ns3:TrackPointExtension>
        </extensions>
      </trkpt>
      <trkpt lat="30.51319004036486148834228515625" lon="114.23028993420302867889404296875">
        <ele>23.200000762939453125</ele>
        <time>2025-11-07T01:24:35.000Z</time>
        <extensions>
          <ns3:TrackPointExtension>
            <ns3:hr>129</ns3:hr>
            <ns3:cad>93</ns3:cad>
          </ns3:TrackPointExtension>
        </extensions>
      </trkpt>
      <trkpt lat="30.51320143975317478179931640625" lon="114.23025615513324737548828125">
        <ele>23.200000762939453125</ele>
        <time>2025-11-07T01:24:36.000Z</time>
        <extensions>
          <ns3:TrackPointExtension>
            <ns3:hr>129</ns3:hr>
            <ns3:cad>93</ns3:cad>
          </ns3:TrackPointExtension>
        </extensions>
      </trkpt>
      <trkpt lat="30.5132241547107696533203125" lon="114.230192117393016815185546875">
        <ele>23</ele>
        <time>2025-11-07T01:24:37.000Z</time>
        <extensions>
          <ns3:TrackPointExtension>
            <ns3:hr>129</ns3:hr>
            <ns3:cad>93</ns3:cad>
          </ns3:TrackPointExtension>
        </extensions>
      </trkpt>
      <trkpt lat="30.51323312334716320037841796875" lon="114.23015833832323551177978515625">
        <ele>23</ele>
        <time>2025-11-07T01:24:38.000Z</time>
        <extensions>
          <ns3:TrackPointExtension>
            <ns3:hr>129</ns3:hr>
            <ns3:cad>92</ns3:cad>
          </ns3:TrackPointExtension>
        </extensions>
      </trkpt>
      <trkpt lat="30.51324150525033473968505859375" lon="114.2301238887012004852294921875">
        <ele>23</ele>
        <time>2025-11-07T01:24:39.000Z</time>
        <extensions>
          <ns3:TrackPointExtension>
            <ns3:hr>130</ns3:hr>
            <ns3:cad>93</ns3:cad>
          </ns3:TrackPointExtension>
        </extensions>
      </trkpt>
      <trkpt lat="30.51324686966836452484130859375" lon="114.23008642159402370452880859375">
        <ele>23</ele>
        <time>2025-11-07T01:24:40.000Z</time>
        <extensions>
          <ns3:TrackPointExtension>
            <ns3:hr>130</ns3:hr>
            <ns3:cad>93</ns3:cad>
          </ns3:TrackPointExtension>
        </extensions>
      </trkpt>
      <trkpt lat="30.5132504738867282867431640625" lon="114.23005591146647930145263671875">
        <ele>23</ele>
        <time>2025-11-07T01:24:41.000Z</time>
        <extensions>
          <ns3:TrackPointExtension>
            <ns3:hr>130</ns3:hr>
            <ns3:cad>92</ns3:cad>
          </ns3:TrackPointExtension>
        </extensions>
      </trkpt>
      <trkpt lat="30.5132504738867282867431640625" lon="114.23005591146647930145263671875">
        <ele>23</ele>
        <time>2025-11-07T01:24:42.000Z</time>
        <extensions>
          <ns3:TrackPointExtension>
            <ns3:hr>130</ns3:hr>
            <ns3:cad>93</ns3:cad>
          </ns3:TrackPointExtension>
        </extensions>
      </trkpt>
      <trkpt lat="30.51324988715350627899169921875" lon="114.22998164780437946319580078125">
        <ele>23</ele>
        <time>2025-11-07T01:24:43.000Z</time>
        <extensions>
          <ns3:TrackPointExtension>
            <ns3:hr>131</ns3:hr>
            <ns3:cad>93</ns3:cad>
          </ns3:TrackPointExtension>
        </extensions>
      </trkpt>
      <trkpt lat="30.51325541920959949493408203125" lon="114.22994845546782016754150390625">
        <ele>23</ele>
        <time>2025-11-07T01:24:44.000Z</time>
        <extensions>
          <ns3:TrackPointExtension>
            <ns3:hr>131</ns3:hr>
            <ns3:cad>93</ns3:cad>
          </ns3:TrackPointExtension>
        </extensions>
      </trkpt>
      <trkpt lat="30.51325541920959949493408203125" lon="114.22994845546782016754150390625">
        <ele>23</ele>
        <time>2025-11-07T01:24:45.000Z</time>
        <extensions>
          <ns3:TrackPointExtension>
            <ns3:hr>131</ns3:hr>
            <ns3:cad>93</ns3:cad>
          </ns3:TrackPointExtension>
        </extensions>
      </trkpt>
      <trkpt lat="30.513272769749164581298828125" lon="114.22988709993660449981689453125">
        <ele>23</ele>
        <time>2025-11-07T01:24:46.000Z</time>
        <extensions>
          <ns3:TrackPointExtension>
            <ns3:hr>131</ns3:hr>
            <ns3:cad>93</ns3:cad>
          </ns3:TrackPointExtension>
        </extensions>
      </trkpt>
      <trkpt lat="30.5132786370813846588134765625" lon="114.22985290177166461944580078125">
        <ele>23</ele>
        <time>2025-11-07T01:24:47.000Z</time>
        <extensions>
          <ns3:TrackPointExtension>
            <ns3:hr>131</ns3:hr>
            <ns3:cad>93</ns3:cad>
          </ns3:TrackPointExtension>
        </extensions>
      </trkpt>
      <trkpt lat="30.5132766254246234893798828125" lon="114.22981937415897846221923828125">
        <ele>22.799999237060546875</ele>
        <time>2025-11-07T01:24:48.000Z</time>
        <extensions>
          <ns3:TrackPointExtension>
            <ns3:hr>132</ns3:hr>
            <ns3:cad>93</ns3:cad>
          </ns3:TrackPointExtension>
        </extensions>
      </trkpt>
      <trkpt lat="30.5132816545665264129638671875" lon="114.22977997921407222747802734375">
        <ele>22.799999237060546875</ele>
        <time>2025-11-07T01:24:49.000Z</time>
        <extensions>
          <ns3:TrackPointExtension>
            <ns3:hr>132</ns3:hr>
            <ns3:cad>93</ns3:cad>
          </ns3:TrackPointExtension>
        </extensions>
      </trkpt>
      <trkpt lat="30.513289868831634521484375" lon="114.2297480441629886627197265625">
        <ele>22.799999237060546875</ele>
        <time>2025-11-07T01:24:50.000Z</time>
        <extensions>
          <ns3:TrackPointExtension>
            <ns3:hr>132</ns3:hr>
            <ns3:cad>93</ns3:cad>
          </ns3:TrackPointExtension>
        </extensions>
      </trkpt>
      <trkpt lat="30.51330135203897953033447265625" lon="114.22971258871257305145263671875">
        <ele>22.799999237060546875</ele>
        <time>2025-11-07T01:24:51.000Z</time>
        <extensions>
          <ns3:TrackPointExtension>
            <ns3:hr>132</ns3:hr>
            <ns3:cad>93</ns3:cad>
          </ns3:TrackPointExtension>
        </extensions>
      </trkpt>
      <trkpt lat="30.513312332332134246826171875" lon="114.2296836711466312408447265625">
        <ele>22.799999237060546875</ele>
        <time>2025-11-07T01:24:52.000Z</time>
        <extensions>
          <ns3:TrackPointExtension>
            <ns3:hr>132</ns3:hr>
            <ns3:cad>93</ns3:cad>
          </ns3:TrackPointExtension>
        </extensions>
      </trkpt>
      <trkpt lat="30.513312332332134246826171875" lon="114.2296836711466312408447265625">
        <ele>23</ele>
        <time>2025-11-07T01:24:53.000Z</time>
        <extensions>
          <ns3:TrackPointExtension>
            <ns3:hr>132</ns3:hr>
            <ns3:cad>93</ns3:cad>
          </ns3:TrackPointExtension>
        </extensions>
      </trkpt>
      <trkpt lat="30.5133413337171077728271484375" lon="114.229624159634113311767578125">
        <ele>23</ele>
        <time>2025-11-07T01:24:54.000Z</time>
        <extensions>
          <ns3:TrackPointExtension>
            <ns3:hr>133</ns3:hr>
            <ns3:cad>92</ns3:cad>
          </ns3:TrackPointExtension>
        </extensions>
      </trkpt>
      <trkpt lat="30.513357929885387420654296875" lon="114.22959306277334690093994140625">
        <ele>23</ele>
        <time>2025-11-07T01:24:55.000Z</time>
        <extensions>
          <ns3:TrackPointExtension>
            <ns3:hr>133</ns3:hr>
            <ns3:cad>93</ns3:cad>
          </ns3:TrackPointExtension>
        </extensions>
      </trkpt>
      <trkpt lat="30.5133728496730327606201171875" lon="114.22956573776900768280029296875">
        <ele>23</ele>
        <time>2025-11-07T01:24:56.000Z</time>
        <extensions>
          <ns3:TrackPointExtension>
            <ns3:hr>133</ns3:hr>
            <ns3:cad>93</ns3:cad>
          </ns3:TrackPointExtension>
        </extensions>
      </trkpt>
      <trkpt lat="30.5133879370987415313720703125" lon="114.22953958623111248016357421875">
        <ele>23</ele>
        <time>2025-11-07T01:24:57.000Z</time>
        <extensions>
          <ns3:TrackPointExtension>
            <ns3:hr>133</ns3:hr>
            <ns3:cad>93</ns3:cad>
          </ns3:TrackPointExtension>
        </extensions>
      </trkpt>
      <trkpt lat="30.51340495236217975616455078125" lon="114.229510165750980377197265625">
        <ele>23</ele>
        <time>2025-11-07T01:24:58.000Z</time>
        <extensions>
          <ns3:TrackPointExtension>
            <ns3:hr>133</ns3:hr>
            <ns3:cad>93</ns3:cad>
          </ns3:TrackPointExtension>
        </extensions>
      </trkpt>
      <trkpt lat="30.5134204588830471038818359375" lon="114.22948292456567287445068359375">
        <ele>23</ele>
        <time>2025-11-07T01:24:59.000Z</time>
        <extensions>
          <ns3:TrackPointExtension>
            <ns3:hr>134</ns3:hr>
            <ns3:cad>93</ns3:cad>
          </ns3:TrackPointExtension>
        </extensions>
      </trkpt>
      <trkpt lat="30.5134372226893901824951171875" lon="114.22945425845682621002197265625">
        <ele>22.799999237060546875</ele>
        <time>2025-11-07T01:25:00.000Z</time>
        <extensions>
          <ns3:TrackPointExtension>
            <ns3:hr>134</ns3:hr>
            <ns3:cad>93</ns3:cad>
          </ns3:TrackPointExtension>
        </extensions>
      </trkpt>
      <trkpt lat="30.513451807200908660888671875" lon="114.229431040585041046142578125">
        <ele>23</ele>
        <time>2025-11-07T01:25:01.000Z</time>
        <extensions>
          <ns3:TrackPointExtension>
            <ns3:hr>134</ns3:hr>
            <ns3:cad>94</ns3:cad>
          </ns3:TrackPointExtension>
        </extensions>
      </trkpt>
      <trkpt lat="30.51347133703529834747314453125" lon="114.22940145246684551239013671875">
        <ele>23</ele>
        <time>2025-11-07T01:25:02.000Z</time>
        <extensions>
          <ns3:TrackPointExtension>
            <ns3:hr>134</ns3:hr>
            <ns3:cad>94</ns3:cad>
          </ns3:TrackPointExtension>
        </extensions>
      </trkpt>
      <trkpt lat="30.51348877139389514923095703125" lon="114.229376725852489471435546875">
        <ele>23</ele>
        <time>2025-11-07T01:25:03.000Z</time>
        <extensions>
          <ns3:TrackPointExtension>
            <ns3:hr>133</ns3:hr>
            <ns3:cad>93</ns3:cad>
          </ns3:TrackPointExtension>
        </extensions>
      </trkpt>
      <trkpt lat="30.51348877139389514923095703125" lon="114.229376725852489471435546875">
        <ele>22.799999237060546875</ele>
        <time>2025-11-07T01:25:04.000Z</time>
        <extensions>
          <ns3:TrackPointExtension>
            <ns3:hr>134</ns3:hr>
            <ns3:cad>92</ns3:cad>
          </ns3:TrackPointExtension>
        </extensions>
      </trkpt>
      <trkpt lat="30.51351710222661495208740234375" lon="114.229322411119937896728515625">
        <ele>22.799999237060546875</ele>
        <time>2025-11-07T01:25:05.000Z</time>
        <extensions>
          <ns3:TrackPointExtension>
            <ns3:hr>134</ns3:hr>
            <ns3:cad>92</ns3:cad>
          </ns3:TrackPointExtension>
        </extensions>
      </trkpt>
      <trkpt lat="30.5135314352810382843017578125" lon="114.22929215244948863983154296875">
        <ele>22.799999237060546875</ele>
        <time>2025-11-07T01:25:06.000Z</time>
        <extensions>
          <ns3:TrackPointExtension>
            <ns3:hr>133</ns3:hr>
            <ns3:cad>92</ns3:cad>
          </ns3:TrackPointExtension>
        </extensions>
      </trkpt>
      <trkpt lat="30.513538308441638946533203125" lon="114.2292696051299571990966796875">
        <ele>22.799999237060546875</ele>
        <time>2025-11-07T01:25:07.000Z</time>
        <extensions>
          <ns3:TrackPointExtension>
            <ns3:hr>134</ns3:hr>
            <ns3:cad>93</ns3:cad>
          </ns3:TrackPointExtension>
        </extensions>
      </trkpt>
      <trkpt lat="30.51354861818253993988037109375" lon="114.22923750244081020355224609375">
        <ele>22.799999237060546875</ele>
        <time>2025-11-07T01:25:08.000Z</time>
        <extensions>
          <ns3:TrackPointExtension>
            <ns3:hr>134</ns3:hr>
            <ns3:cad>93</ns3:cad>
          </ns3:TrackPointExtension>
        </extensions>
      </trkpt>
      <trkpt lat="30.51354861818253993988037109375" lon="114.22923750244081020355224609375">
        <ele>22.799999237060546875</ele>
        <time>2025-11-07T01:25:09.000Z</time>
        <extensions>
          <ns3:TrackPointExtension>
            <ns3:hr>134</ns3:hr>
            <ns3:cad>92</ns3:cad>
          </ns3:TrackPointExtension>
        </extensions>
      </trkpt>
      <trkpt lat="30.51355607807636260986328125" lon="114.22920699231326580047607421875">
        <ele>22.799999237060546875</ele>
        <time>2025-11-07T01:25:10.000Z</time>
        <extensions>
          <ns3:TrackPointExtension>
            <ns3:hr>133</ns3:hr>
            <ns3:cad>91</ns3:cad>
          </ns3:TrackPointExtension>
        </extensions>
      </trkpt>
      <trkpt lat="30.51357359625399112701416015625" lon="114.2291463911533355712890625">
        <ele>22.799999237060546875</ele>
        <time>2025-11-07T01:25:11.000Z</time>
        <extensions>
          <ns3:TrackPointExtension>
            <ns3:hr>134</ns3:hr>
            <ns3:cad>92</ns3:cad>
          </ns3:TrackPointExtension>
        </extensions>
      </trkpt>
      <trkpt lat="30.513578541576862335205078125" lon="114.22912023961544036865234375">
        <ele>22.6000003814697265625</ele>
        <time>2025-11-07T01:25:12.000Z</time>
        <extensions>
          <ns3:TrackPointExtension>
            <ns3:hr>134</ns3:hr>
            <ns3:cad>92</ns3:cad>
          </ns3:TrackPointExtension>
        </extensions>
      </trkpt>
      <trkpt lat="30.51358683966100215911865234375" lon="114.229092411696910858154296875">
        <ele>22.6000003814697265625</ele>
        <time>2025-11-07T01:25:13.000Z</time>
        <extensions>
          <ns3:TrackPointExtension>
            <ns3:hr>134</ns3:hr>
            <ns3:cad>92</ns3:cad>
          </ns3:TrackPointExtension>
        </extensions>
      </trkpt>
      <trkpt lat="30.5135998316109180450439453125" lon="114.2290697805583477020263671875">
        <ele>22.6000003814697265625</ele>
        <time>2025-11-07T01:25:14.000Z</time>
        <extensions>
          <ns3:TrackPointExtension>
            <ns3:hr>134</ns3:hr>
            <ns3:cad>91</ns3:cad>
          </ns3:TrackPointExtension>
        </extensions>
      </trkpt>
      <trkpt lat="30.5136048607528209686279296875" lon="114.229049496352672576904296875">
        <ele>22.6000003814697265625</ele>
        <time>2025-11-07T01:25:15.000Z</time>
        <extensions>
          <ns3:TrackPointExtension>
            <ns3:hr>134</ns3:hr>
            <ns3:cad>90</ns3:cad>
          </ns3:TrackPointExtension>
        </extensions>
      </trkpt>
      <trkpt lat="30.51361584104597568511962890625" lon="114.229026027023792266845703125">
        <ele>22.6000003814697265625</ele>
        <time>2025-11-07T01:25:16.000Z</time>
        <extensions>
          <ns3:TrackPointExtension>
            <ns3:hr>134</ns3:hr>
            <ns3:cad>89</ns3:cad>
          </ns3:TrackPointExtension>
        </extensions>
      </trkpt>
      <trkpt lat="30.5136243067681789398193359375" lon="114.2290070839226245880126953125">
        <ele>22.6000003814697265625</ele>
        <time>2025-11-07T01:25:17.000Z</time>
        <extensions>
          <ns3:TrackPointExtension>
            <ns3:hr>135</ns3:hr>
            <ns3:cad>89</ns3:cad>
          </ns3:TrackPointExtension>
        </extensions>
      </trkpt>
      <trkpt lat="30.5136243067681789398193359375" lon="114.2290070839226245880126953125">
        <ele>22.6000003814697265625</ele>
        <time>2025-11-07T01:25:18.000Z</time>
        <extensions>
          <ns3:TrackPointExtension>
            <ns3:hr>135</ns3:hr>
            <ns3:cad>90</ns3:cad>
          </ns3:TrackPointExtension>
        </extensions>
      </trkpt>
      <trkpt lat="30.513634197413921356201171875" lon="114.2289849556982517242431640625">
        <ele>22.6000003814697265625</ele>
        <time>2025-11-07T01:25:19.000Z</time>
        <extensions>
          <ns3:TrackPointExtension>
            <ns3:hr>135</ns3:hr>
            <ns3:cad>90</ns3:cad>
          </ns3:TrackPointExtension>
        </extensions>
      </trkpt>
      <trkpt lat="30.51365255378186702728271484375" lon="114.22893608920276165008544921875">
        <ele>22.6000003814697265625</ele>
        <time>2025-11-07T01:25:20.000Z</time>
        <extensions>
          <ns3:TrackPointExtension>
            <ns3:hr>134</ns3:hr>
            <ns3:cad>91</ns3:cad>
          </ns3:TrackPointExtension>
        </extensions>
      </trkpt>
      <trkpt lat="30.51365255378186702728271484375" lon="114.22893608920276165008544921875">
        <ele>22.6000003814697265625</ele>
        <time>2025-11-07T01:25:21.000Z</time>
        <extensions>
          <ns3:TrackPointExtension>
            <ns3:hr>134</ns3:hr>
            <ns3:cad>91</ns3:cad>
          </ns3:TrackPointExtension>
        </extensions>
      </trkpt>
      <trkpt lat="30.51367434673011302947998046875" lon="114.228890240192413330078125">
        <ele>22.6000003814697265625</ele>
        <time>2025-11-07T01:25:22.000Z</time>
        <extensions>
          <ns3:TrackPointExtension>
            <ns3:hr>134</ns3:hr>
            <ns3:cad>91</ns3:cad>
          </ns3:TrackPointExtension>
        </extensions>
      </trkpt>
      <trkpt lat="30.5136890150606632232666015625" lon="114.228867106139659881591796875">
        <ele>22.6000003814697265625</ele>
        <time>2025-11-07T01:25:23.000Z</time>
        <extensions>
          <ns3:TrackPointExtension>
            <ns3:hr>134</ns3:hr>
            <ns3:cad>92</ns3:cad>
          </ns3:TrackPointExtension>
        </extensions>
      </trkpt>
      <trkpt lat="30.51370183937251567840576171875" lon="114.228844307363033294677734375">
        <ele>22.6000003814697265625</ele>
        <time>2025-11-07T01:25:24.000Z</time>
        <extensions>
          <ns3:TrackPointExtension>
            <ns3:hr>134</ns3:hr>
            <ns3:cad>92</ns3:cad>
          </ns3:TrackPointExtension>
        </extensions>
      </trkpt>
      <trkpt lat="30.51371776498854160308837890625" lon="114.228818826377391815185546875">
        <ele>22.6000003814697265625</ele>
        <time>2025-11-07T01:25:25.000Z</time>
        <extensions>
          <ns3:TrackPointExtension>
            <ns3:hr>133</ns3:hr>
            <ns3:cad>92</ns3:cad>
          </ns3:TrackPointExtension>
        </extensions>
      </trkpt>
      <trkpt lat="30.51371776498854160308837890625" lon="114.228818826377391815185546875">
        <ele>22.3999996185302734375</ele>
        <time>2025-11-07T01:25:26.000Z</time>
        <extensions>
          <ns3:TrackPointExtension>
            <ns3:hr>133</ns3:hr>
            <ns3:cad>92</ns3:cad>
          </ns3:TrackPointExtension>
        </extensions>
      </trkpt>
      <trkpt lat="30.51373419351875782012939453125" lon="114.22879711724817752838134765625">
        <ele>22.3999996185302734375</ele>
        <time>2025-11-07T01:25:27.000Z</time>
        <extensions>
          <ns3:TrackPointExtension>
            <ns3:hr>133</ns3:hr>
            <ns3:cad>91</ns3:cad>
          </ns3:TrackPointExtension>
        </extensions>
      </trkpt>
      <trkpt lat="30.51377157680690288543701171875" lon="114.22875839285552501678466796875">
        <ele>22.3999996185302734375</ele>
        <time>2025-11-07T01:25:28.000Z</time>
        <extensions>
          <ns3:TrackPointExtension>
            <ns3:hr>133</ns3:hr>
            <ns3:cad>91</ns3:cad>
          </ns3:TrackPointExtension>
        </extensions>
      </trkpt>
      <trkpt lat="30.51379018463194370269775390625" lon="114.2287415452301502227783203125">
        <ele>22.3999996185302734375</ele>
        <time>2025-11-07T01:25:29.000Z</time>
        <extensions>
          <ns3:TrackPointExtension>
            <ns3:hr>133</ns3:hr>
            <ns3:cad>91</ns3:cad>
          </ns3:TrackPointExtension>
        </extensions>
      </trkpt>
      <trkpt lat="30.51379018463194370269775390625" lon="114.2287415452301502227783203125">
        <ele>22.3999996185302734375</ele>
        <time>2025-11-07T01:25:30.000Z</time>
        <extensions>
          <ns3:TrackPointExtension>
            <ns3:hr>133</ns3:hr>
            <ns3:cad>91</ns3:cad>
          </ns3:TrackPointExtension>
        </extensions>
      </trkpt>
      <trkpt lat="30.51380711607635021209716796875" lon="114.2287241108715534210205078125">
        <ele>22.3999996185302734375</ele>
        <time>2025-11-07T01:25:31.000Z</time>
        <extensions>
          <ns3:TrackPointExtension>
            <ns3:hr>133</ns3:hr>
            <ns3:cad>91</ns3:cad>
          </ns3:TrackPointExtension>
        </extensions>
      </trkpt>
      <trkpt lat="30.51384399645030498504638671875" lon="114.2286929301917552947998046875">
        <ele>22.3999996185302734375</ele>
        <time>2025-11-07T01:25:32.000Z</time>
        <extensions>
          <ns3:TrackPointExtension>
            <ns3:hr>133</ns3:hr>
            <ns3:cad>91</ns3:cad>
          </ns3:TrackPointExtension>
        </extensions>
      </trkpt>
      <trkpt lat="30.51386562176048755645751953125" lon="114.228675328195095062255859375">
        <ele>22.3999996185302734375</ele>
        <time>2025-11-07T01:25:33.000Z</time>
        <extensions>
          <ns3:TrackPointExtension>
            <ns3:hr>133</ns3:hr>
            <ns3:cad>91</ns3:cad>
          </ns3:TrackPointExtension>
        </extensions>
      </trkpt>
      <trkpt lat="30.5138839781284332275390625" lon="114.22865579836070537567138671875">
        <ele>22.3999996185302734375</ele>
        <time>2025-11-07T01:25:34.000Z</time>
        <extensions>
          <ns3:TrackPointExtension>
            <ns3:hr>132</ns3:hr>
            <ns3:cad>91</ns3:cad>
          </ns3:TrackPointExtension>
        </extensions>
      </trkpt>
      <trkpt lat="30.51389730535447597503662109375" lon="114.2286285571753978729248046875">
        <ele>22.3999996185302734375</ele>
        <time>2025-11-07T01:25:35.000Z</time>
        <extensions>
          <ns3:TrackPointExtension>
            <ns3:hr>133</ns3:hr>
            <ns3:cad>91</ns3:cad>
          </ns3:TrackPointExtension>
        </extensions>
      </trkpt>
      <trkpt lat="30.5139086209237575531005859375" lon="114.22860316000878810882568359375">
        <ele>22.3999996185302734375</ele>
        <time>2025-11-07T01:25:36.000Z</time>
        <extensions>
          <ns3:TrackPointExtension>
            <ns3:hr>133</ns3:hr>
            <ns3:cad>91</ns3:cad>
          </ns3:TrackPointExtension>
        </extensions>
      </trkpt>
      <trkpt lat="30.51392219960689544677734375" lon="114.22857449389994144439697265625">
        <ele>22.3999996185302734375</ele>
        <time>2025-11-07T01:25:37.000Z</time>
        <extensions>
          <ns3:TrackPointExtension>
            <ns3:hr>136</ns3:hr>
            <ns3:cad>90</ns3:cad>
          </ns3:TrackPointExtension>
        </extensions>
      </trkpt>
      <trkpt lat="30.51393435336649417877197265625" lon="114.228545241057872772216796875">
        <ele>22.200000762939453125</ele>
        <time>2025-11-07T01:25:38.000Z</time>
        <extensions>
          <ns3:TrackPointExtension>
            <ns3:hr>139</ns3:hr>
            <ns3:cad>90</ns3:cad>
          </ns3:TrackPointExtension>
        </extensions>
      </trkpt>
      <trkpt lat="30.51394843496382236480712890625" lon="114.22851196490228176116943359375">
        <ele>22</ele>
        <time>2025-11-07T01:25:39.000Z</time>
        <extensions>
          <ns3:TrackPointExtension>
            <ns3:hr>141</ns3:hr>
            <ns3:cad>90</ns3:cad>
          </ns3:TrackPointExtension>
        </extensions>
      </trkpt>
      <trkpt lat="30.51394843496382236480712890625" lon="114.22851196490228176116943359375">
        <ele>22</ele>
        <time>2025-11-07T01:25:40.000Z</time>
        <extensions>
          <ns3:TrackPointExtension>
            <ns3:hr>141</ns3:hr>
            <ns3:cad>90</ns3:cad>
          </ns3:TrackPointExtension>
        </extensions>
      </trkpt>
      <trkpt lat="30.51395840942859649658203125" lon="114.228476844727993011474609375">
        <ele>21.6000003814697265625</ele>
        <time>2025-11-07T01:25:41.000Z</time>
        <extensions>
          <ns3:TrackPointExtension>
            <ns3:hr>140</ns3:hr>
            <ns3:cad>89</ns3:cad>
          </ns3:TrackPointExtension>
        </extensions>
      </trkpt>
      <trkpt lat="30.51397475413978099822998046875" lon="114.22839612700045108795166015625">
        <ele>21.200000762939453125</ele>
        <time>2025-11-07T01:25:42.000Z</time>
        <extensions>
          <ns3:TrackPointExtension>
            <ns3:hr>140</ns3:hr>
            <ns3:cad>90</ns3:cad>
          </ns3:TrackPointExtension>
        </extensions>
      </trkpt>
      <trkpt lat="30.51397475413978099822998046875" lon="114.22839612700045108795166015625">
        <ele>21</ele>
        <time>2025-11-07T01:25:43.000Z</time>
        <extensions>
          <ns3:TrackPointExtension>
            <ns3:hr>140</ns3:hr>
            <ns3:cad>90</ns3:cad>
          </ns3:TrackPointExtension>
        </extensions>
      </trkpt>
      <trkpt lat="30.51399118266999721527099609375" lon="114.228371568024158477783203125">
        <ele>20.6000003814697265625</ele>
        <time>2025-11-07T01:25:44.000Z</time>
        <extensions>
          <ns3:TrackPointExtension>
            <ns3:hr>141</ns3:hr>
            <ns3:cad>91</ns3:cad>
          </ns3:TrackPointExtension>
        </extensions>
      </trkpt>
      <trkpt lat="30.51400677300989627838134765625" lon="114.22834097407758235931396484375">
        <ele>20.3999996185302734375</ele>
        <time>2025-11-07T01:25:45.000Z</time>
        <extensions>
          <ns3:TrackPointExtension>
            <ns3:hr>140</ns3:hr>
            <ns3:cad>91</ns3:cad>
          </ns3:TrackPointExtension>
        </extensions>
      </trkpt>
      <trkpt lat="30.514022447168827056884765625" lon="114.22831448726356029510498046875">
        <ele>20.200000762939453125</ele>
        <time>2025-11-07T01:25:46.000Z</time>
        <extensions>
          <ns3:TrackPointExtension>
            <ns3:hr>140</ns3:hr>
            <ns3:cad>92</ns3:cad>
          </ns3:TrackPointExtension>
        </extensions>
      </trkpt>
      <trkpt lat="30.51403342746198177337646484375" lon="114.22828800044953823089599609375">
        <ele>20.3999996185302734375</ele>
        <time>2025-11-07T01:25:47.000Z</time>
        <extensions>
          <ns3:TrackPointExtension>
            <ns3:hr>141</ns3:hr>
            <ns3:cad>92</ns3:cad>
          </ns3:TrackPointExtension>
        </extensions>
      </trkpt>
      <trkpt lat="30.5140487663447856903076171875" lon="114.2282644473016262054443359375">
        <ele>20.3999996185302734375</ele>
        <time>2025-11-07T01:25:48.000Z</time>
        <extensions>
          <ns3:TrackPointExtension>
            <ns3:hr>141</ns3:hr>
            <ns3:cad>92</ns3:cad>
          </ns3:TrackPointExtension>
        </extensions>
      </trkpt>
      <trkpt lat="30.51406569778919219970703125" lon="114.22823284752666950225830078125">
        <ele>20.3999996185302734375</ele>
        <time>2025-11-07T01:25:49.000Z</time>
        <extensions>
          <ns3:TrackPointExtension>
            <ns3:hr>141</ns3:hr>
            <ns3:cad>92</ns3:cad>
          </ns3:TrackPointExtension>
        </extensions>
      </trkpt>
      <trkpt lat="30.5140725709497928619384765625" lon="114.22820082865655422210693359375">
        <ele>20.6000003814697265625</ele>
        <time>2025-11-07T01:25:50.000Z</time>
        <extensions>
          <ns3:TrackPointExtension>
            <ns3:hr>140</ns3:hr>
            <ns3:cad>92</ns3:cad>
          </ns3:TrackPointExtension>
        </extensions>
      </trkpt>
      <trkpt lat="30.5140792764723300933837890625" lon="114.228171743452548980712890625">
        <ele>20.6000003814697265625</ele>
        <time>2025-11-07T01:25:51.000Z</time>
        <extensions>
          <ns3:TrackPointExtension>
            <ns3:hr>141</ns3:hr>
            <ns3:cad>92</ns3:cad>
          </ns3:TrackPointExtension>
        </extensions>
      </trkpt>
      <trkpt lat="30.51409863866865634918212890625" lon="114.2281298339366912841796875">
        <ele>20.6000003814697265625</ele>
        <time>2025-11-07T01:25:52.000Z</time>
        <extensions>
          <ns3:TrackPointExtension>
            <ns3:hr>141</ns3:hr>
            <ns3:cad>92</ns3:cad>
          </ns3:TrackPointExtension>
        </extensions>
      </trkpt>
      <trkpt lat="30.51409863866865634918212890625" lon="114.2281298339366912841796875">
        <ele>20.6000003814697265625</ele>
        <time>2025-11-07T01:25:53.000Z</time>
        <extensions>
          <ns3:TrackPointExtension>
            <ns3:hr>140</ns3:hr>
            <ns3:cad>92</ns3:cad>
          </ns3:TrackPointExtension>
        </extensions>
      </trkpt>
      <trkpt lat="30.51411087624728679656982421875" lon="114.22810896299779415130615234375">
        <ele>20.6000003814697265625</ele>
        <time>2025-11-07T01:25:54.000Z</time>
        <extensions>
          <ns3:TrackPointExtension>
            <ns3:hr>141</ns3:hr>
            <ns3:cad>92</ns3:cad>
          </ns3:TrackPointExtension>
        </extensions>
      </trkpt>
      <trkpt lat="30.51412009634077548980712890625" lon="114.22808700241148471832275390625">
        <ele>20.6000003814697265625</ele>
        <time>2025-11-07T01:25:55.000Z</time>
        <extensions>
          <ns3:TrackPointExtension>
            <ns3:hr>141</ns3:hr>
            <ns3:cad>93</ns3:cad>
          </ns3:TrackPointExtension>
        </extensions>
      </trkpt>
      <trkpt lat="30.51412780769169330596923828125" lon="114.2280686460435390472412109375">
        <ele>20.3999996185302734375</ele>
        <time>2025-11-07T01:25:56.000Z</time>
        <extensions>
          <ns3:TrackPointExtension>
            <ns3:hr>141</ns3:hr>
            <ns3:cad>93</ns3:cad>
          </ns3:TrackPointExtension>
        </extensions>
      </trkpt>
      <trkpt lat="30.51412965171039104461669921875" lon="114.22805800102651119232177734375">
        <ele>20.3999996185302734375</ele>
        <time>2025-11-07T01:25:57.000Z</time>
        <extensions>
          <ns3:TrackPointExtension>
            <ns3:hr>141</ns3:hr>
            <ns3:cad>92</ns3:cad>
          </ns3:TrackPointExtension>
        </extensions>
      </trkpt>
      <trkpt lat="30.51413451321423053741455078125" lon="114.22803939320147037506103515625">
        <ele>20.3999996185302734375</ele>
        <time>2025-11-07T01:25:58.000Z</time>
        <extensions>
          <ns3:TrackPointExtension>
            <ns3:hr>141</ns3:hr>
            <ns3:cad>92</ns3:cad>
          </ns3:TrackPointExtension>
        </extensions>
      </trkpt>
      <trkpt lat="30.5141131393611431121826171875" lon="114.2280220426619052886962890625">
        <ele>20.3999996185302734375</ele>
        <time>2025-11-07T01:25:59.000Z</time>
        <extensions>
          <ns3:TrackPointExtension>
            <ns3:hr>142</ns3:hr>
            <ns3:cad>93</ns3:cad>
          </ns3:TrackPointExtension>
        </extensions>
      </trkpt>
      <trkpt lat="30.51409562118351459503173828125" lon="114.2279984056949615478515625">
        <ele>20.3999996185302734375</ele>
        <time>2025-11-07T01:26:00.000Z</time>
        <extensions>
          <ns3:TrackPointExtension>
            <ns3:hr>142</ns3:hr>
            <ns3:cad>92</ns3:cad>
          </ns3:TrackPointExtension>
        </extensions>
      </trkpt>
      <trkpt lat="30.51410936750471591949462890625" lon="114.22793470323085784912109375">
        <ele>20.3999996185302734375</ele>
        <time>2025-11-07T01:26:01.000Z</time>
        <extensions>
          <ns3:TrackPointExtension>
            <ns3:hr>142</ns3:hr>
            <ns3:cad>91</ns3:cad>
          </ns3:TrackPointExtension>
        </extensions>
      </trkpt>
      <trkpt lat="30.51411640830338001251220703125" lon="114.22790746204555034637451171875">
        <ele>20.3999996185302734375</ele>
        <time>2025-11-07T01:26:02.000Z</time>
        <extensions>
          <ns3:TrackPointExtension>
            <ns3:hr>142</ns3:hr>
            <ns3:cad>90</ns3:cad>
          </ns3:TrackPointExtension>
        </extensions>
      </trkpt>
      <trkpt lat="30.5141292326152324676513671875" lon="114.2278825677931308746337890625">
        <ele>20.3999996185302734375</ele>
        <time>2025-11-07T01:26:03.000Z</time>
        <extensions>
          <ns3:TrackPointExtension>
            <ns3:hr>142</ns3:hr>
            <ns3:cad>90</ns3:cad>
          </ns3:TrackPointExtension>
        </extensions>
      </trkpt>
      <trkpt lat="30.5141433142125606536865234375" lon="114.2278560809791088104248046875">
        <ele>20.3999996185302734375</ele>
        <time>2025-11-07T01:26:04.000Z</time>
        <extensions>
          <ns3:TrackPointExtension>
            <ns3:hr>142</ns3:hr>
            <ns3:cad>91</ns3:cad>
          </ns3:TrackPointExtension>
        </extensions>
      </trkpt>
      <trkpt lat="30.5141597427427768707275390625" lon="114.22782615758478641510009765625">
        <ele>20.6000003814697265625</ele>
        <time>2025-11-07T01:26:05.000Z</time>
        <extensions>
          <ns3:TrackPointExtension>
            <ns3:hr>142</ns3:hr>
            <ns3:cad>91</ns3:cad>
          </ns3:TrackPointExtension>
        </extensions>
      </trkpt>
      <trkpt lat="30.5141597427427768707275390625" lon="114.22782615758478641510009765625">
        <ele>20.6000003814697265625</ele>
        <time>2025-11-07T01:26:06.000Z</time>
        <extensions>
          <ns3:TrackPointExtension>
            <ns3:hr>142</ns3:hr>
            <ns3:cad>91</ns3:cad>
          </ns3:TrackPointExtension>
        </extensions>
      </trkpt>
      <trkpt lat="30.51418312825262546539306640625" lon="114.22776748426258563995361328125">
        <ele>20.6000003814697265625</ele>
        <time>2025-11-07T01:26:07.000Z</time>
        <extensions>
          <ns3:TrackPointExtension>
            <ns3:hr>143</ns3:hr>
            <ns3:cad>91</ns3:cad>
          </ns3:TrackPointExtension>
        </extensions>
      </trkpt>
      <trkpt lat="30.51418798975646495819091796875" lon="114.22773429192602634429931640625">
        <ele>20.6000003814697265625</ele>
        <time>2025-11-07T01:26:08.000Z</time>
        <extensions>
          <ns3:TrackPointExtension>
            <ns3:hr>142</ns3:hr>
            <ns3:cad>93</ns3:cad>
          </ns3:TrackPointExtension>
        </extensions>
      </trkpt>
      <trkpt lat="30.51419318653643131256103515625" lon="114.227699004113674163818359375">
        <ele>20.3999996185302734375</ele>
        <time>2025-11-07T01:26:09.000Z</time>
        <extensions>
          <ns3:TrackPointExtension>
            <ns3:hr>142</ns3:hr>
            <ns3:cad>94</ns3:cad>
          </ns3:TrackPointExtension>
        </extensions>
      </trkpt>
      <trkpt lat="30.51420106552541255950927734375" lon="114.22766757197678089141845703125">
        <ele>20.6000003814697265625</ele>
        <time>2025-11-07T01:26:10.000Z</time>
        <extensions>
          <ns3:TrackPointExtension>
            <ns3:hr>142</ns3:hr>
            <ns3:cad>94</ns3:cad>
          </ns3:TrackPointExtension>
        </extensions>
      </trkpt>
      <trkpt lat="30.5142123810946941375732421875" lon="114.22763429582118988037109375">
        <ele>20.6000003814697265625</ele>
        <time>2025-11-07T01:26:11.000Z</time>
        <extensions>
          <ns3:TrackPointExtension>
            <ns3:hr>143</ns3:hr>
            <ns3:cad>94</ns3:cad>
          </ns3:TrackPointExtension>
        </extensions>
      </trkpt>
      <trkpt lat="30.5142217688262462615966796875" lon="114.227603115141391754150390625">
        <ele>20.6000003814697265625</ele>
        <time>2025-11-07T01:26:12.000Z</time>
        <extensions>
          <ns3:TrackPointExtension>
            <ns3:hr>142</ns3:hr>
            <ns3:cad>95</ns3:cad>
          </ns3:TrackPointExtension>
        </extensions>
      </trkpt>
      <trkpt lat="30.514230988919734954833984375" lon="114.22756967134773731231689453125">
        <ele>20.6000003814697265625</ele>
        <time>2025-11-07T01:26:13.000Z</time>
        <extensions>
          <ns3:TrackPointExtension>
            <ns3:hr>142</ns3:hr>
            <ns3:cad>94</ns3:cad>
          </ns3:TrackPointExtension>
        </extensions>
      </trkpt>
      <trkpt lat="30.51424414850771427154541015625" lon="114.2275348864495754241943359375">
        <ele>20.6000003814697265625</ele>
        <time>2025-11-07T01:26:14.000Z</time>
        <extensions>
          <ns3:TrackPointExtension>
            <ns3:hr>143</ns3:hr>
            <ns3:cad>94</ns3:cad>
          </ns3:TrackPointExtension>
        </extensions>
      </trkpt>
      <trkpt lat="30.51425722427666187286376953125" lon="114.22750479541718959808349609375">
        <ele>20.6000003814697265625</ele>
        <time>2025-11-07T01:26:15.000Z</time>
        <extensions>
          <ns3:TrackPointExtension>
            <ns3:hr>142</ns3:hr>
            <ns3:cad>93</ns3:cad>
          </ns3:TrackPointExtension>
        </extensions>
      </trkpt>
      <trkpt lat="30.51425722427666187286376953125" lon="114.22750479541718959808349609375">
        <ele>20.6000003814697265625</ele>
        <time>2025-11-07T01:26:16.000Z</time>
        <extensions>
          <ns3:TrackPointExtension>
            <ns3:hr>142</ns3:hr>
            <ns3:cad>93</ns3:cad>
          </ns3:TrackPointExtension>
        </extensions>
      </trkpt>
      <trkpt lat="30.5142666958272457122802734375" lon="114.22747210599482059478759765625">
        <ele>20.6000003814697265625</ele>
        <time>2025-11-07T01:26:17.000Z</time>
        <extensions>
          <ns3:TrackPointExtension>
            <ns3:hr>143</ns3:hr>
            <ns3:cad>93</ns3:cad>
          </ns3:TrackPointExtension>
        </extensions>
      </trkpt>
      <trkpt lat="30.514292679727077484130859375" lon="114.22741192393004894256591796875">
        <ele>20.6000003814697265625</ele>
        <time>2025-11-07T01:26:18.000Z</time>
        <extensions>
          <ns3:TrackPointExtension>
            <ns3:hr>143</ns3:hr>
            <ns3:cad>94</ns3:cad>
          </ns3:TrackPointExtension>
        </extensions>
      </trkpt>
      <trkpt lat="30.514292679727077484130859375" lon="114.22741192393004894256591796875">
        <ele>20.6000003814697265625</ele>
        <time>2025-11-07T01:26:19.000Z</time>
        <extensions>
          <ns3:TrackPointExtension>
            <ns3:hr>143</ns3:hr>
            <ns3:cad>94</ns3:cad>
          </ns3:TrackPointExtension>
        </extensions>
      </trkpt>
      <trkpt lat="30.5143077671527862548828125" lon="114.227385185658931732177734375">
        <ele>20.6000003814697265625</ele>
        <time>2025-11-07T01:26:20.000Z</time>
        <extensions>
          <ns3:TrackPointExtension>
            <ns3:hr>144</ns3:hr>
            <ns3:cad>93</ns3:cad>
          </ns3:TrackPointExtension>
        </extensions>
      </trkpt>
      <trkpt lat="30.51433701999485492706298828125" lon="114.2273320443928241729736328125">
        <ele>20.6000003814697265625</ele>
        <time>2025-11-07T01:26:21.000Z</time>
        <extensions>
          <ns3:TrackPointExtension>
            <ns3:hr>145</ns3:hr>
            <ns3:cad>94</ns3:cad>
          </ns3:TrackPointExtension>
        </extensions>
      </trkpt>
      <trkpt lat="30.5143542028963565826416015625" lon="114.22730748541653156280517578125">
        <ele>20.6000003814697265625</ele>
        <time>2025-11-07T01:26:22.000Z</time>
        <extensions>
          <ns3:TrackPointExtension>
            <ns3:hr>145</ns3:hr>
            <ns3:cad>95</ns3:cad>
          </ns3:TrackPointExtension>
        </extensions>
      </trkpt>
      <trkpt lat="30.5143763311207294464111328125" lon="114.2272824235260486602783203125">
        <ele>20.6000003814697265625</ele>
        <time>2025-11-07T01:26:23.000Z</time>
        <extensions>
          <ns3:TrackPointExtension>
            <ns3:hr>146</ns3:hr>
            <ns3:cad>95</ns3:cad>
          </ns3:TrackPointExtension>
        </extensions>
      </trkpt>
      <trkpt lat="30.514397285878658294677734375" lon="114.22725518234074115753173828125">
        <ele>20.6000003814697265625</ele>
        <time>2025-11-07T01:26:24.000Z</time>
        <extensions>
          <ns3:TrackPointExtension>
            <ns3:hr>146</ns3:hr>
            <ns3:cad>95</ns3:cad>
          </ns3:TrackPointExtension>
        </extensions>
      </trkpt>
      <trkpt lat="30.5144179053604602813720703125" lon="114.22722525894641876220703125">
        <ele>20.6000003814697265625</ele>
        <time>2025-11-07T01:26:25.000Z</time>
        <extensions>
          <ns3:TrackPointExtension>
            <ns3:hr>146</ns3:hr>
            <ns3:cad>95</ns3:cad>
          </ns3:TrackPointExtension>
        </extensions>
      </trkpt>
      <trkpt lat="30.5144366808235645294189453125" lon="114.22719835303723812103271484375">
        <ele>20.799999237060546875</ele>
        <time>2025-11-07T01:26:26.000Z</time>
        <extensions>
          <ns3:TrackPointExtension>
            <ns3:hr>146</ns3:hr>
            <ns3:cad>95</ns3:cad>
          </ns3:TrackPointExtension>
        </extensions>
      </trkpt>
      <trkpt lat="30.5144557915627956390380859375" lon="114.2271744646131992340087890625">
        <ele>20.799999237060546875</ele>
        <time>2025-11-07T01:26:27.000Z</time>
        <extensions>
          <ns3:TrackPointExtension>
            <ns3:hr>147</ns3:hr>
            <ns3:cad>95</ns3:cad>
          </ns3:TrackPointExtension>
        </extensions>
      </trkpt>
      <trkpt lat="30.5144738964736461639404296875" lon="114.22714889980852603912353515625">
        <ele>21</ele>
        <time>2025-11-07T01:26:28.000Z</time>
        <extensions>
          <ns3:TrackPointExtension>
            <ns3:hr>148</ns3:hr>
            <ns3:cad>96</ns3:cad>
          </ns3:TrackPointExtension>
        </extensions>
      </trkpt>
      <trkpt lat="30.51448906771838665008544921875" lon="114.227125011384487152099609375">
        <ele>21</ele>
        <time>2025-11-07T01:26:29.000Z</time>
        <extensions>
          <ns3:TrackPointExtension>
            <ns3:hr>148</ns3:hr>
            <ns3:cad>95</ns3:cad>
          </ns3:TrackPointExtension>
        </extensions>
      </trkpt>
      <trkpt lat="30.514506585896015167236328125" lon="114.2270976863801479339599609375">
        <ele>21.200000762939453125</ele>
        <time>2025-11-07T01:26:30.000Z</time>
        <extensions>
          <ns3:TrackPointExtension>
            <ns3:hr>149</ns3:hr>
            <ns3:cad>94</ns3:cad>
          </ns3:TrackPointExtension>
        </extensions>
      </trkpt>
      <trkpt lat="30.514524690806865692138671875" lon="114.227071702480316162109375">
        <ele>21.3999996185302734375</ele>
        <time>2025-11-07T01:26:31.000Z</time>
        <extensions>
          <ns3:TrackPointExtension>
            <ns3:hr>149</ns3:hr>
            <ns3:cad>93</ns3:cad>
          </ns3:TrackPointExtension>
        </extensions>
      </trkpt>
      <trkpt lat="30.514524690806865692138671875" lon="114.227071702480316162109375">
        <ele>21.3999996185302734375</ele>
        <time>2025-11-07T01:26:32.000Z</time>
        <extensions>
          <ns3:TrackPointExtension>
            <ns3:hr>148</ns3:hr>
            <ns3:cad>93</ns3:cad>
          </ns3:TrackPointExtension>
        </extensions>
      </trkpt>
      <trkpt lat="30.5145436339080333709716796875" lon="114.2270440421998500823974609375">
        <ele>21.200000762939453125</ele>
        <time>2025-11-07T01:26:33.000Z</time>
        <extensions>
          <ns3:TrackPointExtension>
            <ns3:hr>148</ns3:hr>
            <ns3:cad>93</ns3:cad>
          </ns3:TrackPointExtension>
        </extensions>
      </trkpt>
      <trkpt lat="30.514560900628566741943359375" lon="114.227010346949100494384765625">
        <ele>21.200000762939453125</ele>
        <time>2025-11-07T01:26:34.000Z</time>
        <extensions>
          <ns3:TrackPointExtension>
            <ns3:hr>148</ns3:hr>
            <ns3:cad>92</ns3:cad>
          </ns3:TrackPointExtension>
        </extensions>
      </trkpt>
      <trkpt lat="30.51459551788866519927978515625" lon="114.22694739885628223419189453125">
        <ele>21.200000762939453125</ele>
        <time>2025-11-07T01:26:35.000Z</time>
        <extensions>
          <ns3:TrackPointExtension>
            <ns3:hr>148</ns3:hr>
            <ns3:cad>93</ns3:cad>
          </ns3:TrackPointExtension>
        </extensions>
      </trkpt>
      <trkpt lat="30.51461194641888141632080078125" lon="114.22692225314676761627197265625">
        <ele>21</ele>
        <time>2025-11-07T01:26:36.000Z</time>
        <extensions>
          <ns3:TrackPointExtension>
            <ns3:hr>148</ns3:hr>
            <ns3:cad>93</ns3:cad>
          </ns3:TrackPointExtension>
        </extensions>
      </trkpt>
      <trkpt lat="30.51462653093039989471435546875" lon="114.22689056955277919769287109375">
        <ele>21</ele>
        <time>2025-11-07T01:26:37.000Z</time>
        <extensions>
          <ns3:TrackPointExtension>
            <ns3:hr>148</ns3:hr>
            <ns3:cad>93</ns3:cad>
          </ns3:TrackPointExtension>
        </extensions>
      </trkpt>
      <trkpt lat="30.514641366899013519287109375" lon="114.22686123289167881011962890625">
        <ele>21.200000762939453125</ele>
        <time>2025-11-07T01:26:38.000Z</time>
        <extensions>
          <ns3:TrackPointExtension>
            <ns3:hr>148</ns3:hr>
            <ns3:cad>93</ns3:cad>
          </ns3:TrackPointExtension>
        </extensions>
      </trkpt>
      <trkpt lat="30.514661483466625213623046875" lon="114.226834662258625030517578125">
        <ele>21.200000762939453125</ele>
        <time>2025-11-07T01:26:39.000Z</time>
        <extensions>
          <ns3:TrackPointExtension>
            <ns3:hr>148</ns3:hr>
            <ns3:cad>93</ns3:cad>
          </ns3:TrackPointExtension>
        </extensions>
      </trkpt>
      <trkpt lat="30.514676235616207122802734375" lon="114.2268100194633007049560546875">
        <ele>21</ele>
        <time>2025-11-07T01:26:40.000Z</time>
        <extensions>
          <ns3:TrackPointExtension>
            <ns3:hr>148</ns3:hr>
            <ns3:cad>93</ns3:cad>
          </ns3:TrackPointExtension>
        </extensions>
      </trkpt>
      <trkpt lat="30.5146938376128673553466796875" lon="114.22678093425929546356201171875">
        <ele>21.200000762939453125</ele>
        <time>2025-11-07T01:26:41.000Z</time>
        <extensions>
          <ns3:TrackPointExtension>
            <ns3:hr>149</ns3:hr>
            <ns3:cad>93</ns3:cad>
          </ns3:TrackPointExtension>
        </extensions>
      </trkpt>
      <trkpt lat="30.5147126130759716033935546875" lon="114.22676123678684234619140625">
        <ele>21.200000762939453125</ele>
        <time>2025-11-07T01:26:42.000Z</time>
        <extensions>
          <ns3:TrackPointExtension>
            <ns3:hr>150</ns3:hr>
            <ns3:cad>93</ns3:cad>
          </ns3:TrackPointExtension>
        </extensions>
      </trkpt>
      <trkpt lat="30.514733903110027313232421875" lon="114.226738773286342620849609375">
        <ele>21.200000762939453125</ele>
        <time>2025-11-07T01:26:43.000Z</time>
        <extensions>
          <ns3:TrackPointExtension>
            <ns3:hr>151</ns3:hr>
            <ns3:cad>93</ns3:cad>
          </ns3:TrackPointExtension>
        </extensions>
      </trkpt>
      <trkpt lat="30.51474966108798980712890625" lon="114.22671295702457427978515625">
        <ele>21.3999996185302734375</ele>
        <time>2025-11-07T01:26:44.000Z</time>
        <extensions>
          <ns3:TrackPointExtension>
            <ns3:hr>151</ns3:hr>
            <ns3:cad>92</ns3:cad>
          </ns3:TrackPointExtension>
        </extensions>
      </trkpt>
      <trkpt lat="30.51474966108798980712890625" lon="114.22671295702457427978515625">
        <ele>21.3999996185302734375</ele>
        <time>2025-11-07T01:26:45.000Z</time>
        <extensions>
          <ns3:TrackPointExtension>
            <ns3:hr>151</ns3:hr>
            <ns3:cad>91</ns3:cad>
          </ns3:TrackPointExtension>
        </extensions>
      </trkpt>
      <trkpt lat="30.51476885564625263214111328125" lon="114.2266725562512874603271484375">
        <ele>21.3999996185302734375</ele>
        <time>2025-11-07T01:26:46.000Z</time>
        <extensions>
          <ns3:TrackPointExtension>
            <ns3:hr>151</ns3:hr>
            <ns3:cad>89</ns3:cad>
          </ns3:TrackPointExtension>
        </extensions>
      </trkpt>
      <trkpt lat="30.51477103494107723236083984375" lon="114.22665528953075408935546875">
        <ele>21.3999996185302734375</ele>
        <time>2025-11-07T01:26:47.000Z</time>
        <extensions>
          <ns3:TrackPointExtension>
            <ns3:hr>151</ns3:hr>
            <ns3:cad>86</ns3:cad>
          </ns3:TrackPointExtension>
        </extensions>
      </trkpt>
      <trkpt lat="30.51477380096912384033203125" lon="114.226637519896030426025390625">
        <ele>21.3999996185302734375</ele>
        <time>2025-11-07T01:26:48.000Z</time>
        <extensions>
          <ns3:TrackPointExtension>
            <ns3:hr>151</ns3:hr>
            <ns3:cad>87</ns3:cad>
          </ns3:TrackPointExtension>
        </extensions>
      </trkpt>
      <trkpt lat="30.5147810094058513641357421875" lon="114.22661413438618183135986328125">
        <ele>21.3999996185302734375</ele>
        <time>2025-11-07T01:26:49.000Z</time>
        <extensions>
          <ns3:TrackPointExtension>
            <ns3:hr>151</ns3:hr>
            <ns3:cad>81</ns3:cad>
          </ns3:TrackPointExtension>
        </extensions>
      </trkpt>
      <trkpt lat="30.5147810094058513641357421875" lon="114.22661413438618183135986328125">
        <ele>21.3999996185302734375</ele>
        <time>2025-11-07T01:26:50.000Z</time>
        <extensions>
          <ns3:TrackPointExtension>
            <ns3:hr>150</ns3:hr>
            <ns3:cad>91</ns3:cad>
          </ns3:TrackPointExtension>
        </extensions>
      </trkpt>
      <trkpt lat="30.5147825181484222412109375" lon="114.2265954427421092987060546875">
        <ele>21.3999996185302734375</ele>
        <time>2025-11-07T01:26:51.000Z</time>
        <extensions>
          <ns3:TrackPointExtension>
            <ns3:hr>150</ns3:hr>
            <ns3:cad>113</ns3:cad>
          </ns3:TrackPointExtension>
        </extensions>
      </trkpt>
      <trkpt lat="30.51479031331837177276611328125" lon="114.2265582270920276641845703125">
        <ele>21.3999996185302734375</ele>
        <time>2025-11-07T01:26:52.000Z</time>
        <extensions>
          <ns3:TrackPointExtension>
            <ns3:hr>150</ns3:hr>
            <ns3:cad>93</ns3:cad>
          </ns3:TrackPointExtension>
        </extensions>
      </trkpt>
      <trkpt lat="30.514796264469623565673828125" lon="114.2265394516289234161376953125">
        <ele>21.3999996185302734375</ele>
        <time>2025-11-07T01:26:53.000Z</time>
        <extensions>
          <ns3:TrackPointExtension>
            <ns3:hr>149</ns3:hr>
            <ns3:cad>90</ns3:cad>
          </ns3:TrackPointExtension>
        </extensions>
      </trkpt>
      <trkpt lat="30.51480456255376338958740234375" lon="114.22652059234678745269775390625">
        <ele>21.3999996185302734375</ele>
        <time>2025-11-07T01:26:54.000Z</time>
        <extensions>
          <ns3:TrackPointExtension>
            <ns3:hr>149</ns3:hr>
            <ns3:cad>102</ns3:cad>
          </ns3:TrackPointExtension>
        </extensions>
      </trkpt>
      <trkpt lat="30.5148108489811420440673828125" lon="114.22649896703660488128662109375">
        <ele>21.200000762939453125</ele>
        <time>2025-11-07T01:26:55.000Z</time>
        <extensions>
          <ns3:TrackPointExtension>
            <ns3:hr>148</ns3:hr>
            <ns3:cad>104</ns3:cad>
          </ns3:TrackPointExtension>
        </extensions>
      </trkpt>
      <trkpt lat="30.5148172192275524139404296875" lon="114.22646845690906047821044921875">
        <ele>21.200000762939453125</ele>
        <time>2025-11-07T01:26:56.000Z</time>
        <extensions>
          <ns3:TrackPointExtension>
            <ns3:hr>148</ns3:hr>
            <ns3:cad>98</ns3:cad>
          </ns3:TrackPointExtension>
        </extensions>
      </trkpt>
      <trkpt lat="30.5148172192275524139404296875" lon="114.22646845690906047821044921875">
        <ele>21</ele>
        <time>2025-11-07T01:26:57.000Z</time>
        <extensions>
          <ns3:TrackPointExtension>
            <ns3:hr>148</ns3:hr>
            <ns3:cad>95</ns3:cad>
          </ns3:TrackPointExtension>
        </extensions>
      </trkpt>
      <trkpt lat="30.51482065580785274505615234375" lon="114.22643895260989665985107421875">
        <ele>21</ele>
        <time>2025-11-07T01:26:58.000Z</time>
        <extensions>
          <ns3:TrackPointExtension>
            <ns3:hr>147</ns3:hr>
            <ns3:cad>93</ns3:cad>
          </ns3:TrackPointExtension>
        </extensions>
      </trkpt>
      <trkpt lat="30.51482384093105792999267578125" lon="114.2264117114245891571044921875">
        <ele>20.799999237060546875</ele>
        <time>2025-11-07T01:26:59.000Z</time>
        <extensions>
          <ns3:TrackPointExtension>
            <ns3:hr>147</ns3:hr>
            <ns3:cad>92</ns3:cad>
          </ns3:TrackPointExtension>
        </extensions>
      </trkpt>
      <trkpt lat="30.51483280956745147705078125" lon="114.22636586241424083709716796875">
        <ele>20.799999237060546875</ele>
        <time>2025-11-07T01:27:00.000Z</time>
        <extensions>
          <ns3:TrackPointExtension>
            <ns3:hr>147</ns3:hr>
            <ns3:cad>91</ns3:cad>
          </ns3:TrackPointExtension>
        </extensions>
      </trkpt>
      <trkpt lat="30.51483842544257640838623046875" lon="114.22634490765631198883056640625">
        <ele>20.799999237060546875</ele>
        <time>2025-11-07T01:27:01.000Z</time>
        <extensions>
          <ns3:TrackPointExtension>
            <ns3:hr>147</ns3:hr>
            <ns3:cad>87</ns3:cad>
          </ns3:TrackPointExtension>
        </extensions>
      </trkpt>
      <trkpt lat="30.51484580151736736297607421875" lon="114.22632294707000255584716796875">
        <ele>20.799999237060546875</ele>
        <time>2025-11-07T01:27:02.000Z</time>
        <extensions>
          <ns3:TrackPointExtension>
            <ns3:hr>147</ns3:hr>
            <ns3:cad>81</ns3:cad>
          </ns3:TrackPointExtension>
        </extensions>
      </trkpt>
      <trkpt lat="30.51484496332705020904541015625" lon="114.22630853019654750823974609375">
        <ele>20.799999237060546875</ele>
        <time>2025-11-07T01:27:03.000Z</time>
        <extensions>
          <ns3:TrackPointExtension>
            <ns3:hr>146</ns3:hr>
            <ns3:cad>80</ns3:cad>
          </ns3:TrackPointExtension>
        </extensions>
      </trkpt>
      <trkpt lat="30.51484362222254276275634765625" lon="114.22628690488636493682861328125">
        <ele>20.799999237060546875</ele>
        <time>2025-11-07T01:27:04.000Z</time>
        <extensions>
          <ns3:TrackPointExtension>
            <ns3:hr>146</ns3:hr>
            <ns3:cad>82</ns3:cad>
          </ns3:TrackPointExtension>
        </extensions>
      </trkpt>
      <trkpt lat="30.514843873679637908935546875" lon="114.2262591607868671417236328125">
        <ele>20.799999237060546875</ele>
        <time>2025-11-07T01:27:05.000Z</time>
        <extensions>
          <ns3:TrackPointExtension>
            <ns3:hr>146</ns3:hr>
            <ns3:cad>85</ns3:cad>
          </ns3:TrackPointExtension>
        </extensions>
      </trkpt>
      <trkpt lat="30.51484697498381137847900390625" lon="114.22622990794479846954345703125">
        <ele>20.799999237060546875</ele>
        <time>2025-11-07T01:27:06.000Z</time>
        <extensions>
          <ns3:TrackPointExtension>
            <ns3:hr>145</ns3:hr>
            <ns3:cad>87</ns3:cad>
          </ns3:TrackPointExtension>
        </extensions>
      </trkpt>
      <trkpt lat="30.51484697498381137847900390625" lon="114.22622990794479846954345703125">
        <ele>20.799999237060546875</ele>
        <time>2025-11-07T01:27:07.000Z</time>
        <extensions>
          <ns3:TrackPointExtension>
            <ns3:hr>145</ns3:hr>
            <ns3:cad>88</ns3:cad>
          </ns3:TrackPointExtension>
        </extensions>
      </trkpt>
      <trkpt lat="30.5148473940789699554443359375" lon="114.22619956545531749725341796875">
        <ele>20.799999237060546875</ele>
        <time>2025-11-07T01:27:08.000Z</time>
        <extensions>
          <ns3:TrackPointExtension>
            <ns3:hr>144</ns3:hr>
            <ns3:cad>89</ns3:cad>
          </ns3:TrackPointExtension>
        </extensions>
      </trkpt>
      <trkpt lat="30.514861643314361572265625" lon="114.22613267786800861358642578125">
        <ele>21</ele>
        <time>2025-11-07T01:27:09.000Z</time>
        <extensions>
          <ns3:TrackPointExtension>
            <ns3:hr>143</ns3:hr>
            <ns3:cad>91</ns3:cad>
          </ns3:TrackPointExtension>
        </extensions>
      </trkpt>
      <trkpt lat="30.514861643314361572265625" lon="114.22613267786800861358642578125">
        <ele>20.799999237060546875</ele>
        <time>2025-11-07T01:27:10.000Z</time>
        <extensions>
          <ns3:TrackPointExtension>
            <ns3:hr>143</ns3:hr>
            <ns3:cad>91</ns3:cad>
          </ns3:TrackPointExtension>
        </extensions>
      </trkpt>
      <trkpt lat="30.514862649142742156982421875" lon="114.2261042632162570953369140625">
        <ele>20.799999237060546875</ele>
        <time>2025-11-07T01:27:11.000Z</time>
        <extensions>
          <ns3:TrackPointExtension>
            <ns3:hr>143</ns3:hr>
            <ns3:cad>92</ns3:cad>
          </ns3:TrackPointExtension>
        </extensions>
      </trkpt>
      <trkpt lat="30.51487564109265804290771484375" lon="114.2260459251701831817626953125">
        <ele>20.799999237060546875</ele>
        <time>2025-11-07T01:27:12.000Z</time>
        <extensions>
          <ns3:TrackPointExtension>
            <ns3:hr>142</ns3:hr>
            <ns3:cad>92</ns3:cad>
          </ns3:TrackPointExtension>
        </extensions>
      </trkpt>
      <trkpt lat="30.5148856155574321746826171875" lon="114.2260167561471462249755859375">
        <ele>20.6000003814697265625</ele>
        <time>2025-11-07T01:27:13.000Z</time>
        <extensions>
          <ns3:TrackPointExtension>
            <ns3:hr>142</ns3:hr>
            <ns3:cad>93</ns3:cad>
          </ns3:TrackPointExtension>
        </extensions>
      </trkpt>
      <trkpt lat="30.514891482889652252197265625" lon="114.22598834149539470672607421875">
        <ele>20.3999996185302734375</ele>
        <time>2025-11-07T01:27:14.000Z</time>
        <extensions>
          <ns3:TrackPointExtension>
            <ns3:hr>142</ns3:hr>
            <ns3:cad>93</ns3:cad>
          </ns3:TrackPointExtension>
        </extensions>
      </trkpt>
      <trkpt lat="30.514891482889652252197265625" lon="114.22598834149539470672607421875">
        <ele>20.3999996185302734375</ele>
        <time>2025-11-07T01:27:15.000Z</time>
        <extensions>
          <ns3:TrackPointExtension>
            <ns3:hr>142</ns3:hr>
            <ns3:cad>93</ns3:cad>
          </ns3:TrackPointExtension>
        </extensions>
      </trkpt>
      <trkpt lat="30.51491972990334033966064453125" lon="114.22593167982995510101318359375">
        <ele>20.3999996185302734375</ele>
        <time>2025-11-07T01:27:16.000Z</time>
        <extensions>
          <ns3:TrackPointExtension>
            <ns3:hr>142</ns3:hr>
            <ns3:cad>93</ns3:cad>
          </ns3:TrackPointExtension>
        </extensions>
      </trkpt>
      <trkpt lat="30.51493347622454166412353515625" lon="114.22591055743396282196044921875">
        <ele>20.3999996185302734375</ele>
        <time>2025-11-07T01:27:17.000Z</time>
        <extensions>
          <ns3:TrackPointExtension>
            <ns3:hr>141</ns3:hr>
            <ns3:cad>93</ns3:cad>
          </ns3:TrackPointExtension>
        </extensions>
      </trkpt>
      <trkpt lat="30.51495208404958248138427734375" lon="114.22588759101927280426025390625">
        <ele>20.3999996185302734375</ele>
        <time>2025-11-07T01:27:18.000Z</time>
        <extensions>
          <ns3:TrackPointExtension>
            <ns3:hr>141</ns3:hr>
            <ns3:cad>93</ns3:cad>
          </ns3:TrackPointExtension>
        </extensions>
      </trkpt>
      <trkpt lat="30.51497270353138446807861328125" lon="114.22586881555616855621337890625">
        <ele>20.6000003814697265625</ele>
        <time>2025-11-07T01:27:19.000Z</time>
        <extensions>
          <ns3:TrackPointExtension>
            <ns3:hr>141</ns3:hr>
            <ns3:cad>93</ns3:cad>
          </ns3:TrackPointExtension>
        </extensions>
      </trkpt>
      <trkpt lat="30.51499516703188419342041015625" lon="114.225849620997905731201171875">
        <ele>20.6000003814697265625</ele>
        <time>2025-11-07T01:27:20.000Z</time>
        <extensions>
          <ns3:TrackPointExtension>
            <ns3:hr>141</ns3:hr>
            <ns3:cad>94</ns3:cad>
          </ns3:TrackPointExtension>
        </extensions>
      </trkpt>
      <trkpt lat="30.51501779817044734954833984375" lon="114.2258347012102603912353515625">
        <ele>20.799999237060546875</ele>
        <time>2025-11-07T01:27:21.000Z</time>
        <extensions>
          <ns3:TrackPointExtension>
            <ns3:hr>142</ns3:hr>
            <ns3:cad>94</ns3:cad>
          </ns3:TrackPointExtension>
        </extensions>
      </trkpt>
      <trkpt lat="30.51501779817044734954833984375" lon="114.2258347012102603912353515625">
        <ele>20.799999237060546875</ele>
        <time>2025-11-07T01:27:22.000Z</time>
        <extensions>
          <ns3:TrackPointExtension>
            <ns3:hr>141</ns3:hr>
            <ns3:cad>94</ns3:cad>
          </ns3:TrackPointExtension>
        </extensions>
      </trkpt>
      <trkpt lat="30.51504428498446941375732421875" lon="114.22581785358488559722900390625">
        <ele>21</ele>
        <time>2025-11-07T01:27:23.000Z</time>
        <extensions>
          <ns3:TrackPointExtension>
            <ns3:hr>141</ns3:hr>
            <ns3:cad>93</ns3:cad>
          </ns3:TrackPointExtension>
        </extensions>
      </trkpt>
      <trkpt lat="30.5150680057704448699951171875" lon="114.22580243088304996490478515625">
        <ele>21</ele>
        <time>2025-11-07T01:27:24.000Z</time>
        <extensions>
          <ns3:TrackPointExtension>
            <ns3:hr>141</ns3:hr>
            <ns3:cad>93</ns3:cad>
          </ns3:TrackPointExtension>
        </extensions>
      </trkpt>
      <trkpt lat="30.51509055308997631072998046875" lon="114.22578759491443634033203125">
        <ele>21</ele>
        <time>2025-11-07T01:27:25.000Z</time>
        <extensions>
          <ns3:TrackPointExtension>
            <ns3:hr>141</ns3:hr>
            <ns3:cad>93</ns3:cad>
          </ns3:TrackPointExtension>
        </extensions>
      </trkpt>
      <trkpt lat="30.51513900049030780792236328125" lon="114.2257646284997463226318359375">
        <ele>21</ele>
        <time>2025-11-07T01:27:26.000Z</time>
        <extensions>
          <ns3:TrackPointExtension>
            <ns3:hr>142</ns3:hr>
            <ns3:cad>93</ns3:cad>
          </ns3:TrackPointExtension>
        </extensions>
      </trkpt>
      <trkpt lat="30.51516674458980560302734375" lon="114.22575012780725955963134765625">
        <ele>21</ele>
        <time>2025-11-07T01:27:27.000Z</time>
        <extensions>
          <ns3:TrackPointExtension>
            <ns3:hr>141</ns3:hr>
            <ns3:cad>93</ns3:cad>
          </ns3:TrackPointExtension>
        </extensions>
      </trkpt>
      <trkpt lat="30.51519096828997135162353515625" lon="114.22573839314281940460205078125">
        <ele>21</ele>
        <time>2025-11-07T01:27:28.000Z</time>
        <extensions>
          <ns3:TrackPointExtension>
            <ns3:hr>141</ns3:hr>
            <ns3:cad>92</ns3:cad>
          </ns3:TrackPointExtension>
        </extensions>
      </trkpt>
      <trkpt lat="30.515218712389469146728515625" lon="114.2257277481257915496826171875">
        <ele>20.799999237060546875</ele>
        <time>2025-11-07T01:27:29.000Z</time>
        <extensions>
          <ns3:TrackPointExtension>
            <ns3:hr>141</ns3:hr>
            <ns3:cad>92</ns3:cad>
          </ns3:TrackPointExtension>
        </extensions>
      </trkpt>
      <trkpt lat="30.51524293608963489532470703125" lon="114.22571492381393909454345703125">
        <ele>20.799999237060546875</ele>
        <time>2025-11-07T01:27:30.000Z</time>
        <extensions>
          <ns3:TrackPointExtension>
            <ns3:hr>142</ns3:hr>
            <ns3:cad>92</ns3:cad>
          </ns3:TrackPointExtension>
        </extensions>
      </trkpt>
      <trkpt lat="30.51526908762753009796142578125" lon="114.22569774091243743896484375">
        <ele>20.799999237060546875</ele>
        <time>2025-11-07T01:27:31.000Z</time>
        <extensions>
          <ns3:TrackPointExtension>
            <ns3:hr>141</ns3:hr>
            <ns3:cad>92</ns3:cad>
          </ns3:TrackPointExtension>
        </extensions>
      </trkpt>
      <trkpt lat="30.51529054529964923858642578125" lon="114.225682318210601806640625">
        <ele>20.799999237060546875</ele>
        <time>2025-11-07T01:27:32.000Z</time>
        <extensions>
          <ns3:TrackPointExtension>
            <ns3:hr>141</ns3:hr>
            <ns3:cad>92</ns3:cad>
          </ns3:TrackPointExtension>
        </extensions>
      </trkpt>
      <trkpt lat="30.51529054529964923858642578125" lon="114.225682318210601806640625">
        <ele>20.799999237060546875</ele>
        <time>2025-11-07T01:27:33.000Z</time>
        <extensions>
          <ns3:TrackPointExtension>
            <ns3:hr>141</ns3:hr>
            <ns3:cad>91</ns3:cad>
          </ns3:TrackPointExtension>
        </extensions>
      </trkpt>
      <trkpt lat="30.51533295772969722747802734375" lon="114.22564451582729816436767578125">
        <ele>20.799999237060546875</ele>
        <time>2025-11-07T01:27:34.000Z</time>
        <extensions>
          <ns3:TrackPointExtension>
            <ns3:hr>142</ns3:hr>
            <ns3:cad>92</ns3:cad>
          </ns3:TrackPointExtension>
        </extensions>
      </trkpt>
      <trkpt lat="30.51535575650632381439208984375" lon="114.22562121413648128509521484375">
        <ele>20.799999237060546875</ele>
        <time>2025-11-07T01:27:35.000Z</time>
        <extensions>
          <ns3:TrackPointExtension>
            <ns3:hr>141</ns3:hr>
            <ns3:cad>92</ns3:cad>
          </ns3:TrackPointExtension>
        </extensions>
      </trkpt>
      <trkpt lat="30.51537268795073032379150390625" lon="114.22559891827404499053955078125">
        <ele>20.799999237060546875</ele>
        <time>2025-11-07T01:27:36.000Z</time>
        <extensions>
          <ns3:TrackPointExtension>
            <ns3:hr>141</ns3:hr>
            <ns3:cad>92</ns3:cad>
          </ns3:TrackPointExtension>
        </extensions>
      </trkpt>
      <trkpt lat="30.51539196632802486419677734375" lon="114.2255751974880695343017578125">
        <ele>20.799999237060546875</ele>
        <time>2025-11-07T01:27:37.000Z</time>
        <extensions>
          <ns3:TrackPointExtension>
            <ns3:hr>142</ns3:hr>
            <ns3:cad>92</ns3:cad>
          </ns3:TrackPointExtension>
        </extensions>
      </trkpt>
      <trkpt lat="30.5154093168675899505615234375" lon="114.2255513928830623626708984375">
        <ele>20.799999237060546875</ele>
        <time>2025-11-07T01:27:38.000Z</time>
        <extensions>
          <ns3:TrackPointExtension>
            <ns3:hr>141</ns3:hr>
            <ns3:cad>92</ns3:cad>
          </ns3:TrackPointExtension>
        </extensions>
      </trkpt>
      <trkpt lat="30.51542415283620357513427734375" lon="114.22552918083965778350830078125">
        <ele>20.799999237060546875</ele>
        <time>2025-11-07T01:27:39.000Z</time>
        <extensions>
          <ns3:TrackPointExtension>
            <ns3:hr>141</ns3:hr>
            <ns3:cad>92</ns3:cad>
          </ns3:TrackPointExtension>
        </extensions>
      </trkpt>
      <trkpt lat="30.51544158719480037689208984375" lon="114.225498922169208526611328125">
        <ele>20.799999237060546875</ele>
        <time>2025-11-07T01:27:40.000Z</time>
        <extensions>
          <ns3:TrackPointExtension>
            <ns3:hr>142</ns3:hr>
            <ns3:cad>92</ns3:cad>
          </ns3:TrackPointExtension>
        </extensions>
      </trkpt>
      <trkpt lat="30.51544158719480037689208984375" lon="114.225498922169208526611328125">
        <ele>20.799999237060546875</ele>
        <time>2025-11-07T01:27:41.000Z</time>
        <extensions>
          <ns3:TrackPointExtension>
            <ns3:hr>141</ns3:hr>
            <ns3:cad>93</ns3:cad>
          </ns3:TrackPointExtension>
        </extensions>
      </trkpt>
      <trkpt lat="30.51545642316341400146484375" lon="114.22547402791678905487060546875">
        <ele>20.799999237060546875</ele>
        <time>2025-11-07T01:27:42.000Z</time>
        <extensions>
          <ns3:TrackPointExtension>
            <ns3:hr>141</ns3:hr>
            <ns3:cad>93</ns3:cad>
          </ns3:TrackPointExtension>
        </extensions>
      </trkpt>
      <trkpt lat="30.51546840928494930267333984375" lon="114.22544452361762523651123046875">
        <ele>20.799999237060546875</ele>
        <time>2025-11-07T01:27:43.000Z</time>
        <extensions>
          <ns3:TrackPointExtension>
            <ns3:hr>141</ns3:hr>
            <ns3:cad>93</ns3:cad>
          </ns3:TrackPointExtension>
        </extensions>
      </trkpt>
      <trkpt lat="30.51549640484154224395751953125" lon="114.22538752667605876922607421875">
        <ele>20.799999237060546875</ele>
        <time>2025-11-07T01:27:44.000Z</time>
        <extensions>
          <ns3:TrackPointExtension>
            <ns3:hr>142</ns3:hr>
            <ns3:cad>93</ns3:cad>
          </ns3:TrackPointExtension>
        </extensions>
      </trkpt>
      <trkpt lat="30.515506379306316375732421875" lon="114.22535953111946582794189453125">
        <ele>20.799999237060546875</ele>
        <time>2025-11-07T01:27:45.000Z</time>
        <extensions>
          <ns3:TrackPointExtension>
            <ns3:hr>142</ns3:hr>
            <ns3:cad>93</ns3:cad>
          </ns3:TrackPointExtension>
        </extensions>
      </trkpt>
      <trkpt lat="30.51552037708461284637451171875" lon="114.2253297753632068634033203125">
        <ele>20.799999237060546875</ele>
        <time>2025-11-07T01:27:46.000Z</time>
        <extensions>
          <ns3:TrackPointExtension>
            <ns3:hr>142</ns3:hr>
            <ns3:cad>93</ns3:cad>
          </ns3:TrackPointExtension>
        </extensions>
      </trkpt>
      <trkpt lat="30.5155303515493869781494140625" lon="114.22530136071145534515380859375">
        <ele>20.799999237060546875</ele>
        <time>2025-11-07T01:27:47.000Z</time>
        <extensions>
          <ns3:TrackPointExtension>
            <ns3:hr>142</ns3:hr>
            <ns3:cad>93</ns3:cad>
          </ns3:TrackPointExtension>
        </extensions>
      </trkpt>
      <trkpt lat="30.5155434273183345794677734375" lon="114.225268922746181488037109375">
        <ele>20.799999237060546875</ele>
        <time>2025-11-07T01:27:48.000Z</time>
        <extensions>
          <ns3:TrackPointExtension>
            <ns3:hr>142</ns3:hr>
            <ns3:cad>93</ns3:cad>
          </ns3:TrackPointExtension>
        </extensions>
      </trkpt>
      <trkpt lat="30.51555440761148929595947265625" lon="114.22523774206638336181640625">
        <ele>20.799999237060546875</ele>
        <time>2025-11-07T01:27:49.000Z</time>
        <extensions>
          <ns3:TrackPointExtension>
            <ns3:hr>141</ns3:hr>
            <ns3:cad>93</ns3:cad>
          </ns3:TrackPointExtension>
        </extensions>
      </trkpt>
      <trkpt lat="30.51556346006691455841064453125" lon="114.22520547173917293548583984375">
        <ele>20.799999237060546875</ele>
        <time>2025-11-07T01:27:50.000Z</time>
        <extensions>
          <ns3:TrackPointExtension>
            <ns3:hr>142</ns3:hr>
            <ns3:cad>93</ns3:cad>
          </ns3:TrackPointExtension>
        </extensions>
      </trkpt>
      <trkpt lat="30.51556848920881748199462890625" lon="114.22517211176455020904541015625">
        <ele>20.799999237060546875</ele>
        <time>2025-11-07T01:27:51.000Z</time>
        <extensions>
          <ns3:TrackPointExtension>
            <ns3:hr>142</ns3:hr>
            <ns3:cad>93</ns3:cad>
          </ns3:TrackPointExtension>
        </extensions>
      </trkpt>
      <trkpt lat="30.5155776254832744598388671875" lon="114.225140847265720367431640625">
        <ele>20.799999237060546875</ele>
        <time>2025-11-07T01:27:52.000Z</time>
        <extensions>
          <ns3:TrackPointExtension>
            <ns3:hr>142</ns3:hr>
            <ns3:cad>92</ns3:cad>
          </ns3:TrackPointExtension>
        </extensions>
      </trkpt>
      <trkpt lat="30.51559899933636188507080078125" lon="114.22512919642031192779541015625">
        <ele>20.799999237060546875</ele>
        <time>2025-11-07T01:27:53.000Z</time>
        <extensions>
          <ns3:TrackPointExtension>
            <ns3:hr>142</ns3:hr>
            <ns3:cad>92</ns3:cad>
          </ns3:TrackPointExtension>
        </extensions>
      </trkpt>
      <trkpt lat="30.51559899933636188507080078125" lon="114.22512919642031192779541015625">
        <ele>20.799999237060546875</ele>
        <time>2025-11-07T01:27:54.000Z</time>
        <extensions>
          <ns3:TrackPointExtension>
            <ns3:hr>142</ns3:hr>
            <ns3:cad>91</ns3:cad>
          </ns3:TrackPointExtension>
        </extensions>
      </trkpt>
      <trkpt lat="30.5156222172081470489501953125" lon="114.22513179481029510498046875">
        <ele>20.799999237060546875</ele>
        <time>2025-11-07T01:27:55.000Z</time>
        <extensions>
          <ns3:TrackPointExtension>
            <ns3:hr>142</ns3:hr>
            <ns3:cad>90</ns3:cad>
          </ns3:TrackPointExtension>
        </extensions>
      </trkpt>
      <trkpt lat="30.5156381428241729736328125" lon="114.22512399964034557342529296875">
        <ele>21</ele>
        <time>2025-11-07T01:27:56.000Z</time>
        <extensions>
          <ns3:TrackPointExtension>
            <ns3:hr>143</ns3:hr>
            <ns3:cad>88</ns3:cad>
          </ns3:TrackPointExtension>
        </extensions>
      </trkpt>
      <trkpt lat="30.51566027104854583740234375" lon="114.22509466297924518585205078125">
        <ele>21</ele>
        <time>2025-11-07T01:27:57.000Z</time>
        <extensions>
          <ns3:TrackPointExtension>
            <ns3:hr>143</ns3:hr>
            <ns3:cad>83</ns3:cad>
          </ns3:TrackPointExtension>
        </extensions>
      </trkpt>
      <trkpt lat="30.51566027104854583740234375" lon="114.22509466297924518585205078125">
        <ele>21.200000762939453125</ele>
        <time>2025-11-07T01:27:58.000Z</time>
        <extensions>
          <ns3:TrackPointExtension>
            <ns3:hr>143</ns3:hr>
            <ns3:cad>82</ns3:cad>
          </ns3:TrackPointExtension>
        </extensions>
      </trkpt>
      <trkpt lat="30.5156681500375270843505859375" lon="114.22508074901998043060302734375">
        <ele>21.200000762939453125</ele>
        <time>2025-11-07T01:27:59.000Z</time>
        <extensions>
          <ns3:TrackPointExtension>
            <ns3:hr>144</ns3:hr>
            <ns3:cad>81</ns3:cad>
          </ns3:TrackPointExtension>
        </extensions>
      </trkpt>
      <trkpt lat="30.51567058078944683074951171875" lon="114.22505107708275318145751953125">
        <ele>21.200000762939453125</ele>
        <time>2025-11-07T01:28:00.000Z</time>
        <extensions>
          <ns3:TrackPointExtension>
            <ns3:hr>144</ns3:hr>
            <ns3:cad>77</ns3:cad>
          </ns3:TrackPointExtension>
        </extensions>
      </trkpt>
      <trkpt lat="30.515658594667911529541015625" lon="114.22503548674285411834716796875">
        <ele>21.3999996185302734375</ele>
        <time>2025-11-07T01:28:01.000Z</time>
        <extensions>
          <ns3:TrackPointExtension>
            <ns3:hr>144</ns3:hr>
            <ns3:cad>78</ns3:cad>
          </ns3:TrackPointExtension>
        </extensions>
      </trkpt>
      <trkpt lat="30.51563872955739498138427734375" lon="114.225016124546527862548828125">
        <ele>21.3999996185302734375</ele>
        <time>2025-11-07T01:28:02.000Z</time>
        <extensions>
          <ns3:TrackPointExtension>
            <ns3:hr>144</ns3:hr>
            <ns3:cad>75</ns3:cad>
          </ns3:TrackPointExtension>
        </extensions>
      </trkpt>
      <trkpt lat="30.51562733016908168792724609375" lon="114.22499022446572780609130859375">
        <ele>21.200000762939453125</ele>
        <time>2025-11-07T01:28:03.000Z</time>
        <extensions>
          <ns3:TrackPointExtension>
            <ns3:hr>144</ns3:hr>
            <ns3:cad>79</ns3:cad>
          </ns3:TrackPointExtension>
        </extensions>
      </trkpt>
      <trkpt lat="30.51562582142651081085205078125" lon="114.22495669685304164886474609375">
        <ele>21</ele>
        <time>2025-11-07T01:28:04.000Z</time>
        <extensions>
          <ns3:TrackPointExtension>
            <ns3:hr>144</ns3:hr>
            <ns3:cad>80</ns3:cad>
          </ns3:TrackPointExtension>
        </extensions>
      </trkpt>
      <trkpt lat="30.51562582142651081085205078125" lon="114.22495669685304164886474609375">
        <ele>20.799999237060546875</ele>
        <time>2025-11-07T01:28:05.000Z</time>
        <extensions>
          <ns3:TrackPointExtension>
            <ns3:hr>143</ns3:hr>
            <ns3:cad>81</ns3:cad>
          </ns3:TrackPointExtension>
        </extensions>
      </trkpt>
      <trkpt lat="30.5156272463500499725341796875" lon="114.22492668963968753814697265625">
        <ele>20.6000003814697265625</ele>
        <time>2025-11-07T01:28:06.000Z</time>
        <extensions>
          <ns3:TrackPointExtension>
            <ns3:hr>143</ns3:hr>
            <ns3:cad>86</ns3:cad>
          </ns3:TrackPointExtension>
        </extensions>
      </trkpt>
      <trkpt lat="30.5156279169023036956787109375" lon="114.2248613946139812469482421875">
        <ele>20.6000003814697265625</ele>
        <time>2025-11-07T01:28:07.000Z</time>
        <extensions>
          <ns3:TrackPointExtension>
            <ns3:hr>142</ns3:hr>
            <ns3:cad>91</ns3:cad>
          </ns3:TrackPointExtension>
        </extensions>
      </trkpt>
      <trkpt lat="30.51562699489295482635498046875" lon="114.224829375743865966796875">
        <ele>20.6000003814697265625</ele>
        <time>2025-11-07T01:28:08.000Z</time>
        <extensions>
          <ns3:TrackPointExtension>
            <ns3:hr>142</ns3:hr>
            <ns3:cad>91</ns3:cad>
          </ns3:TrackPointExtension>
        </extensions>
      </trkpt>
      <trkpt lat="30.51562733016908168792724609375" lon="114.22479693777859210968017578125">
        <ele>20.6000003814697265625</ele>
        <time>2025-11-07T01:28:09.000Z</time>
        <extensions>
          <ns3:TrackPointExtension>
            <ns3:hr>142</ns3:hr>
            <ns3:cad>92</ns3:cad>
          </ns3:TrackPointExtension>
        </extensions>
      </trkpt>
      <trkpt lat="30.51562950946390628814697265625" lon="114.2247690260410308837890625">
        <ele>20.799999237060546875</ele>
        <time>2025-11-07T01:28:10.000Z</time>
        <extensions>
          <ns3:TrackPointExtension>
            <ns3:hr>141</ns3:hr>
            <ns3:cad>92</ns3:cad>
          </ns3:TrackPointExtension>
        </extensions>
      </trkpt>
      <trkpt lat="30.515633113682270050048828125" lon="114.224736504256725311279296875">
        <ele>20.799999237060546875</ele>
        <time>2025-11-07T01:28:11.000Z</time>
        <extensions>
          <ns3:TrackPointExtension>
            <ns3:hr>141</ns3:hr>
            <ns3:cad>93</ns3:cad>
          </ns3:TrackPointExtension>
        </extensions>
      </trkpt>
      <trkpt lat="30.51563604734838008880615234375" lon="114.224709011614322662353515625">
        <ele>20.799999237060546875</ele>
        <time>2025-11-07T01:28:12.000Z</time>
        <extensions>
          <ns3:TrackPointExtension>
            <ns3:hr>141</ns3:hr>
            <ns3:cad>93</ns3:cad>
          </ns3:TrackPointExtension>
        </extensions>
      </trkpt>
      <trkpt lat="30.51563973538577556610107421875" lon="114.224679172039031982421875">
        <ele>20.799999237060546875</ele>
        <time>2025-11-07T01:28:13.000Z</time>
        <extensions>
          <ns3:TrackPointExtension>
            <ns3:hr>140</ns3:hr>
            <ns3:cad>93</ns3:cad>
          </ns3:TrackPointExtension>
        </extensions>
      </trkpt>
      <trkpt lat="30.5156436748802661895751953125" lon="114.22465167939662933349609375">
        <ele>20.799999237060546875</ele>
        <time>2025-11-07T01:28:14.000Z</time>
        <extensions>
          <ns3:TrackPointExtension>
            <ns3:hr>140</ns3:hr>
            <ns3:cad>92</ns3:cad>
          </ns3:TrackPointExtension>
        </extensions>
      </trkpt>
      <trkpt lat="30.5156436748802661895751953125" lon="114.22465167939662933349609375">
        <ele>20.6000003814697265625</ele>
        <time>2025-11-07T01:28:15.000Z</time>
        <extensions>
          <ns3:TrackPointExtension>
            <ns3:hr>140</ns3:hr>
            <ns3:cad>92</ns3:cad>
          </ns3:TrackPointExtension>
        </extensions>
      </trkpt>
      <trkpt lat="30.51564820110797882080078125" lon="114.22462309710681438446044921875">
        <ele>20.6000003814697265625</ele>
        <time>2025-11-07T01:28:16.000Z</time>
        <extensions>
          <ns3:TrackPointExtension>
            <ns3:hr>140</ns3:hr>
            <ns3:cad>93</ns3:cad>
          </ns3:TrackPointExtension>
        </extensions>
      </trkpt>
      <trkpt lat="30.51565046422183513641357421875" lon="114.22459694556891918182373046875">
        <ele>20.6000003814697265625</ele>
        <time>2025-11-07T01:28:17.000Z</time>
        <extensions>
          <ns3:TrackPointExtension>
            <ns3:hr>140</ns3:hr>
            <ns3:cad>93</ns3:cad>
          </ns3:TrackPointExtension>
        </extensions>
      </trkpt>
      <trkpt lat="30.5156584270298480987548828125" lon="114.22454028390347957611083984375">
        <ele>20.6000003814697265625</ele>
        <time>2025-11-07T01:28:18.000Z</time>
        <extensions>
          <ns3:TrackPointExtension>
            <ns3:hr>139</ns3:hr>
            <ns3:cad>93</ns3:cad>
          </ns3:TrackPointExtension>
        </extensions>
      </trkpt>
      <trkpt lat="30.5156584270298480987548828125" lon="114.22454028390347957611083984375">
        <ele>20.6000003814697265625</ele>
        <time>2025-11-07T01:28:19.000Z</time>
        <extensions>
          <ns3:TrackPointExtension>
            <ns3:hr>139</ns3:hr>
            <ns3:cad>93</ns3:cad>
          </ns3:TrackPointExtension>
        </extensions>
      </trkpt>
      <trkpt lat="30.51567376591265201568603515625" lon="114.22448747791349887847900390625">
        <ele>20.799999237060546875</ele>
        <time>2025-11-07T01:28:20.000Z</time>
        <extensions>
          <ns3:TrackPointExtension>
            <ns3:hr>139</ns3:hr>
            <ns3:cad>94</ns3:cad>
          </ns3:TrackPointExtension>
        </extensions>
      </trkpt>
      <trkpt lat="30.51568147726356983184814453125" lon="114.22446048818528652191162109375">
        <ele>20.799999237060546875</ele>
        <time>2025-11-07T01:28:21.000Z</time>
        <extensions>
          <ns3:TrackPointExtension>
            <ns3:hr>139</ns3:hr>
            <ns3:cad>94</ns3:cad>
          </ns3:TrackPointExtension>
        </extensions>
      </trkpt>
      <trkpt lat="30.5156922899186611175537109375" lon="114.2244298942387104034423828125">
        <ele>20.799999237060546875</ele>
        <time>2025-11-07T01:28:22.000Z</time>
        <extensions>
          <ns3:TrackPointExtension>
            <ns3:hr>138</ns3:hr>
            <ns3:cad>94</ns3:cad>
          </ns3:TrackPointExtension>
        </extensions>
      </trkpt>
      <trkpt lat="30.51570243202149868011474609375" lon="114.22440567053854465484619140625">
        <ele>20.799999237060546875</ele>
        <time>2025-11-07T01:28:23.000Z</time>
        <extensions>
          <ns3:TrackPointExtension>
            <ns3:hr>137</ns3:hr>
            <ns3:cad>94</ns3:cad>
          </ns3:TrackPointExtension>
        </extensions>
      </trkpt>
      <trkpt lat="30.5157157592475414276123046875" lon="114.224378429353237152099609375">
        <ele>20.799999237060546875</ele>
        <time>2025-11-07T01:28:24.000Z</time>
        <extensions>
          <ns3:TrackPointExtension>
            <ns3:hr>136</ns3:hr>
            <ns3:cad>94</ns3:cad>
          </ns3:TrackPointExtension>
        </extensions>
      </trkpt>
      <trkpt lat="30.51572598516941070556640625" lon="114.224352277815341949462890625">
        <ele>20.799999237060546875</ele>
        <time>2025-11-07T01:28:25.000Z</time>
        <extensions>
          <ns3:TrackPointExtension>
            <ns3:hr>136</ns3:hr>
            <ns3:cad>93</ns3:cad>
          </ns3:TrackPointExtension>
        </extensions>
      </trkpt>
      <trkpt lat="30.51572598516941070556640625" lon="114.224352277815341949462890625">
        <ele>20.799999237060546875</ele>
        <time>2025-11-07T01:28:26.000Z</time>
        <extensions>
          <ns3:TrackPointExtension>
            <ns3:hr>135</ns3:hr>
            <ns3:cad>93</ns3:cad>
          </ns3:TrackPointExtension>
        </extensions>
      </trkpt>
      <trkpt lat="30.51573998294770717620849609375" lon="114.22432553954422473907470703125">
        <ele>20.6000003814697265625</ele>
        <time>2025-11-07T01:28:27.000Z</time>
        <extensions>
          <ns3:TrackPointExtension>
            <ns3:hr>135</ns3:hr>
            <ns3:cad>93</ns3:cad>
          </ns3:TrackPointExtension>
        </extensions>
      </trkpt>
      <trkpt lat="30.51575523801147937774658203125" lon="114.2242996394634246826171875">
        <ele>20.799999237060546875</ele>
        <time>2025-11-07T01:28:28.000Z</time>
        <extensions>
          <ns3:TrackPointExtension>
            <ns3:hr>135</ns3:hr>
            <ns3:cad>93</ns3:cad>
          </ns3:TrackPointExtension>
        </extensions>
      </trkpt>
      <trkpt lat="30.515783987939357757568359375" lon="114.2242513597011566162109375">
        <ele>20.799999237060546875</ele>
        <time>2025-11-07T01:28:29.000Z</time>
        <extensions>
          <ns3:TrackPointExtension>
            <ns3:hr>136</ns3:hr>
            <ns3:cad>93</ns3:cad>
          </ns3:TrackPointExtension>
        </extensions>
      </trkpt>
      <trkpt lat="30.51579748280346393585205078125" lon="114.2242283932864665985107421875">
        <ele>20.799999237060546875</ele>
        <time>2025-11-07T01:28:30.000Z</time>
        <extensions>
          <ns3:TrackPointExtension>
            <ns3:hr>136</ns3:hr>
            <ns3:cad>93</ns3:cad>
          </ns3:TrackPointExtension>
        </extensions>
      </trkpt>
      <trkpt lat="30.5158133246004581451416015625" lon="114.22420375049114227294921875">
        <ele>20.799999237060546875</ele>
        <time>2025-11-07T01:28:31.000Z</time>
        <extensions>
          <ns3:TrackPointExtension>
            <ns3:hr>136</ns3:hr>
            <ns3:cad>93</ns3:cad>
          </ns3:TrackPointExtension>
        </extensions>
      </trkpt>
      <trkpt lat="30.5158133246004581451416015625" lon="114.22420375049114227294921875">
        <ele>21</ele>
        <time>2025-11-07T01:28:32.000Z</time>
        <extensions>
          <ns3:TrackPointExtension>
            <ns3:hr>137</ns3:hr>
            <ns3:cad>94</ns3:cad>
          </ns3:TrackPointExtension>
        </extensions>
      </trkpt>
      <trkpt lat="30.51583050750195980072021484375" lon="114.22418623231351375579833984375">
        <ele>21</ele>
        <time>2025-11-07T01:28:33.000Z</time>
        <extensions>
          <ns3:TrackPointExtension>
            <ns3:hr>137</ns3:hr>
            <ns3:cad>93</ns3:cad>
          </ns3:TrackPointExtension>
        </extensions>
      </trkpt>
      <trkpt lat="30.5158833973109722137451171875" lon="114.22416846267879009246826171875">
        <ele>21</ele>
        <time>2025-11-07T01:28:34.000Z</time>
        <extensions>
          <ns3:TrackPointExtension>
            <ns3:hr>137</ns3:hr>
            <ns3:cad>93</ns3:cad>
          </ns3:TrackPointExtension>
        </extensions>
      </trkpt>
      <trkpt lat="30.51590837538242340087890625" lon="114.224168546497821807861328125">
        <ele>21</ele>
        <time>2025-11-07T01:28:35.000Z</time>
        <extensions>
          <ns3:TrackPointExtension>
            <ns3:hr>137</ns3:hr>
            <ns3:cad>94</ns3:cad>
          </ns3:TrackPointExtension>
        </extensions>
      </trkpt>
      <trkpt lat="30.5159357003867626190185546875" lon="114.22416360117495059967041015625">
        <ele>21</ele>
        <time>2025-11-07T01:28:36.000Z</time>
        <extensions>
          <ns3:TrackPointExtension>
            <ns3:hr>136</ns3:hr>
            <ns3:cad>94</ns3:cad>
          </ns3:TrackPointExtension>
        </extensions>
      </trkpt>
      <trkpt lat="30.5159357003867626190185546875" lon="114.22416360117495059967041015625">
        <ele>21</ele>
        <time>2025-11-07T01:28:37.000Z</time>
        <extensions>
          <ns3:TrackPointExtension>
            <ns3:hr>136</ns3:hr>
            <ns3:cad>93</ns3:cad>
          </ns3:TrackPointExtension>
        </extensions>
      </trkpt>
      <trkpt lat="30.51598054356873035430908203125" lon="114.22413493506610393524169921875">
        <ele>21</ele>
        <time>2025-11-07T01:28:38.000Z</time>
        <extensions>
          <ns3:TrackPointExtension>
            <ns3:hr>136</ns3:hr>
            <ns3:cad>93</ns3:cad>
          </ns3:TrackPointExtension>
        </extensions>
      </trkpt>
      <trkpt lat="30.5160027556121349334716796875" lon="114.2241211049258708953857421875">
        <ele>21</ele>
        <time>2025-11-07T01:28:39.000Z</time>
        <extensions>
          <ns3:TrackPointExtension>
            <ns3:hr>136</ns3:hr>
            <ns3:cad>93</ns3:cad>
          </ns3:TrackPointExtension>
        </extensions>
      </trkpt>
      <trkpt lat="30.516028068959712982177734375" lon="114.22410191036760807037353515625">
        <ele>21.200000762939453125</ele>
        <time>2025-11-07T01:28:40.000Z</time>
        <extensions>
          <ns3:TrackPointExtension>
            <ns3:hr>136</ns3:hr>
            <ns3:cad>92</ns3:cad>
          </ns3:TrackPointExtension>
        </extensions>
      </trkpt>
      <trkpt lat="30.51605044864118099212646484375" lon="114.22408707439899444580078125">
        <ele>21.200000762939453125</ele>
        <time>2025-11-07T01:28:41.000Z</time>
        <extensions>
          <ns3:TrackPointExtension>
            <ns3:hr>136</ns3:hr>
            <ns3:cad>92</ns3:cad>
          </ns3:TrackPointExtension>
        </extensions>
      </trkpt>
      <trkpt lat="30.5160761810839176177978515625" lon="114.22407223843038082122802734375">
        <ele>21.200000762939453125</ele>
        <time>2025-11-07T01:28:42.000Z</time>
        <extensions>
          <ns3:TrackPointExtension>
            <ns3:hr>136</ns3:hr>
            <ns3:cad>92</ns3:cad>
          </ns3:TrackPointExtension>
        </extensions>
      </trkpt>
      <trkpt lat="30.5160941183567047119140625" lon="114.22405413351953029632568359375">
        <ele>21.3999996185302734375</ele>
        <time>2025-11-07T01:28:43.000Z</time>
        <extensions>
          <ns3:TrackPointExtension>
            <ns3:hr>137</ns3:hr>
            <ns3:cad>93</ns3:cad>
          </ns3:TrackPointExtension>
        </extensions>
      </trkpt>
      <trkpt lat="30.516113899648189544677734375" lon="114.22403812408447265625">
        <ele>21.3999996185302734375</ele>
        <time>2025-11-07T01:28:44.000Z</time>
        <extensions>
          <ns3:TrackPointExtension>
            <ns3:hr>137</ns3:hr>
            <ns3:cad>93</ns3:cad>
          </ns3:TrackPointExtension>
        </extensions>
      </trkpt>
      <trkpt lat="30.51613477058708667755126953125" lon="114.22401976771652698516845703125">
        <ele>21.3999996185302734375</ele>
        <time>2025-11-07T01:28:45.000Z</time>
        <extensions>
          <ns3:TrackPointExtension>
            <ns3:hr>137</ns3:hr>
            <ns3:cad>93</ns3:cad>
          </ns3:TrackPointExtension>
        </extensions>
      </trkpt>
      <trkpt lat="30.51613477058708667755126953125" lon="114.22401976771652698516845703125">
        <ele>21.3999996185302734375</ele>
        <time>2025-11-07T01:28:46.000Z</time>
        <extensions>
          <ns3:TrackPointExtension>
            <ns3:hr>137</ns3:hr>
            <ns3:cad>93</ns3:cad>
          </ns3:TrackPointExtension>
        </extensions>
      </trkpt>
      <trkpt lat="30.51615471951663494110107421875" lon="114.22400384210050106048583984375">
        <ele>21.3999996185302734375</ele>
        <time>2025-11-07T01:28:47.000Z</time>
        <extensions>
          <ns3:TrackPointExtension>
            <ns3:hr>137</ns3:hr>
            <ns3:cad>94</ns3:cad>
          </ns3:TrackPointExtension>
        </extensions>
      </trkpt>
      <trkpt lat="30.51619092933833599090576171875" lon="114.223961345851421356201171875">
        <ele>21.6000003814697265625</ele>
        <time>2025-11-07T01:28:48.000Z</time>
        <extensions>
          <ns3:TrackPointExtension>
            <ns3:hr>137</ns3:hr>
            <ns3:cad>94</ns3:cad>
          </ns3:TrackPointExtension>
        </extensions>
      </trkpt>
      <trkpt lat="30.51619092933833599090576171875" lon="114.223961345851421356201171875">
        <ele>21.6000003814697265625</ele>
        <time>2025-11-07T01:28:49.000Z</time>
        <extensions>
          <ns3:TrackPointExtension>
            <ns3:hr>137</ns3:hr>
            <ns3:cad>94</ns3:cad>
          </ns3:TrackPointExtension>
        </extensions>
      </trkpt>
      <trkpt lat="30.516208447515964508056640625" lon="114.22393779270350933074951171875">
        <ele>21.799999237060546875</ele>
        <time>2025-11-07T01:28:50.000Z</time>
        <extensions>
          <ns3:TrackPointExtension>
            <ns3:hr>137</ns3:hr>
            <ns3:cad>94</ns3:cad>
          </ns3:TrackPointExtension>
        </extensions>
      </trkpt>
      <trkpt lat="30.5162391252815723419189453125" lon="114.2238984815776348114013671875">
        <ele>21.799999237060546875</ele>
        <time>2025-11-07T01:28:51.000Z</time>
        <extensions>
          <ns3:TrackPointExtension>
            <ns3:hr>137</ns3:hr>
            <ns3:cad>94</ns3:cad>
          </ns3:TrackPointExtension>
        </extensions>
      </trkpt>
      <trkpt lat="30.5162548832595348358154296875" lon="114.22387828119099140167236328125">
        <ele>21.799999237060546875</ele>
        <time>2025-11-07T01:28:52.000Z</time>
        <extensions>
          <ns3:TrackPointExtension>
            <ns3:hr>137</ns3:hr>
            <ns3:cad>94</ns3:cad>
          </ns3:TrackPointExtension>
        </extensions>
      </trkpt>
      <trkpt lat="30.51627072505652904510498046875" lon="114.2238570749759674072265625">
        <ele>21.799999237060546875</ele>
        <time>2025-11-07T01:28:53.000Z</time>
        <extensions>
          <ns3:TrackPointExtension>
            <ns3:hr>138</ns3:hr>
            <ns3:cad>94</ns3:cad>
          </ns3:TrackPointExtension>
        </extensions>
      </trkpt>
      <trkpt lat="30.51628497429192066192626953125" lon="114.22383352182805538177490234375">
        <ele>21.799999237060546875</ele>
        <time>2025-11-07T01:28:54.000Z</time>
        <extensions>
          <ns3:TrackPointExtension>
            <ns3:hr>138</ns3:hr>
            <ns3:cad>93</ns3:cad>
          </ns3:TrackPointExtension>
        </extensions>
      </trkpt>
      <trkpt lat="30.5163004808127880096435546875" lon="114.2238116450607776641845703125">
        <ele>22</ele>
        <time>2025-11-07T01:28:55.000Z</time>
        <extensions>
          <ns3:TrackPointExtension>
            <ns3:hr>138</ns3:hr>
            <ns3:cad>93</ns3:cad>
          </ns3:TrackPointExtension>
        </extensions>
      </trkpt>
      <trkpt lat="30.5163145624101161956787109375" lon="114.2237948812544345855712890625">
        <ele>22</ele>
        <time>2025-11-07T01:28:56.000Z</time>
        <extensions>
          <ns3:TrackPointExtension>
            <ns3:hr>138</ns3:hr>
            <ns3:cad>91</ns3:cad>
          </ns3:TrackPointExtension>
        </extensions>
      </trkpt>
      <trkpt lat="30.516335181891918182373046875" lon="114.223792366683483123779296875">
        <ele>22</ele>
        <time>2025-11-07T01:28:57.000Z</time>
        <extensions>
          <ns3:TrackPointExtension>
            <ns3:hr>138</ns3:hr>
            <ns3:cad>88</ns3:cad>
          </ns3:TrackPointExtension>
        </extensions>
      </trkpt>
      <trkpt lat="30.51635152660310268402099609375" lon="114.22380351461470127105712890625">
        <ele>22</ele>
        <time>2025-11-07T01:28:58.000Z</time>
        <extensions>
          <ns3:TrackPointExtension>
            <ns3:hr>138</ns3:hr>
            <ns3:cad>89</ns3:cad>
          </ns3:TrackPointExtension>
        </extensions>
      </trkpt>
      <trkpt lat="30.5163665302097797393798828125" lon="114.22381080687046051025390625">
        <ele>22.200000762939453125</ele>
        <time>2025-11-07T01:28:59.000Z</time>
        <extensions>
          <ns3:TrackPointExtension>
            <ns3:hr>139</ns3:hr>
            <ns3:cad>89</ns3:cad>
          </ns3:TrackPointExtension>
        </extensions>
      </trkpt>
      <trkpt lat="30.51638153381645679473876953125" lon="114.223815836012363433837890625">
        <ele>22.200000762939453125</ele>
        <time>2025-11-07T01:29:00.000Z</time>
        <extensions>
          <ns3:TrackPointExtension>
            <ns3:hr>139</ns3:hr>
            <ns3:cad>96</ns3:cad>
          </ns3:TrackPointExtension>
        </extensions>
      </trkpt>
      <trkpt lat="30.51639528013765811920166015625" lon="114.22382027842104434967041015625">
        <ele>22.3999996185302734375</ele>
        <time>2025-11-07T01:29:01.000Z</time>
        <extensions>
          <ns3:TrackPointExtension>
            <ns3:hr>139</ns3:hr>
            <ns3:cad>101</ns3:cad>
          </ns3:TrackPointExtension>
        </extensions>
      </trkpt>
      <trkpt lat="30.51640735007822513580322265625" lon="114.223826564848423004150390625">
        <ele>22.6000003814697265625</ele>
        <time>2025-11-07T01:29:02.000Z</time>
        <extensions>
          <ns3:TrackPointExtension>
            <ns3:hr>139</ns3:hr>
            <ns3:cad>91</ns3:cad>
          </ns3:TrackPointExtension>
        </extensions>
      </trkpt>
      <trkpt lat="30.5164178274571895599365234375" lon="114.223823212087154388427734375">
        <ele>23</ele>
        <time>2025-11-07T01:29:03.000Z</time>
        <extensions>
          <ns3:TrackPointExtension>
            <ns3:hr>139</ns3:hr>
            <ns3:cad>45</ns3:cad>
          </ns3:TrackPointExtension>
        </extensions>
      </trkpt>
      <trkpt lat="30.51642646081745624542236328125" lon="114.22382145188748836517333984375">
        <ele>23.200000762939453125</ele>
        <time>2025-11-07T01:29:04.000Z</time>
        <extensions>
          <ns3:TrackPointExtension>
            <ns3:hr>139</ns3:hr>
            <ns3:cad>61</ns3:cad>
          </ns3:TrackPointExtension>
        </extensions>
      </trkpt>
      <trkpt lat="30.516444146633148193359375" lon="114.223822541534900665283203125">
        <ele>23.3999996185302734375</ele>
        <time>2025-11-07T01:29:05.000Z</time>
        <extensions>
          <ns3:TrackPointExtension>
            <ns3:hr>138</ns3:hr>
            <ns3:cad>86</ns3:cad>
          </ns3:TrackPointExtension>
        </extensions>
      </trkpt>
      <trkpt lat="30.516444146633148193359375" lon="114.223822541534900665283203125">
        <ele>23.3999996185302734375</ele>
        <time>2025-11-07T01:29:06.000Z</time>
        <extensions>
          <ns3:TrackPointExtension>
            <ns3:hr>139</ns3:hr>
            <ns3:cad>94</ns3:cad>
          </ns3:TrackPointExtension>
        </extensions>
      </trkpt>
      <trkpt lat="30.5164615809917449951171875" lon="114.22381022013723850250244140625">
        <ele>23.6000003814697265625</ele>
        <time>2025-11-07T01:29:07.000Z</time>
        <extensions>
          <ns3:TrackPointExtension>
            <ns3:hr>139</ns3:hr>
            <ns3:cad>90</ns3:cad>
          </ns3:TrackPointExtension>
        </extensions>
      </trkpt>
      <trkpt lat="30.5164664424955844879150390625" lon="114.22379127703607082366943359375">
        <ele>23.3999996185302734375</ele>
        <time>2025-11-07T01:29:08.000Z</time>
        <extensions>
          <ns3:TrackPointExtension>
            <ns3:hr>138</ns3:hr>
            <ns3:cad>89</ns3:cad>
          </ns3:TrackPointExtension>
        </extensions>
      </trkpt>
      <trkpt lat="30.51643903367221355438232421875" lon="114.2237553186714649200439453125">
        <ele>23.3999996185302734375</ele>
        <time>2025-11-07T01:29:09.000Z</time>
        <extensions>
          <ns3:TrackPointExtension>
            <ns3:hr>138</ns3:hr>
            <ns3:cad>90</ns3:cad>
          </ns3:TrackPointExtension>
        </extensions>
      </trkpt>
      <trkpt lat="30.51642201840877532958984375" lon="114.22374232672154903411865234375">
        <ele>23.200000762939453125</ele>
        <time>2025-11-07T01:29:10.000Z</time>
        <extensions>
          <ns3:TrackPointExtension>
            <ns3:hr>138</ns3:hr>
            <ns3:cad>91</ns3:cad>
          </ns3:TrackPointExtension>
        </extensions>
      </trkpt>
      <trkpt lat="30.51639854907989501953125" lon="114.2237231321632862091064453125">
        <ele>23.200000762939453125</ele>
        <time>2025-11-07T01:29:11.000Z</time>
        <extensions>
          <ns3:TrackPointExtension>
            <ns3:hr>138</ns3:hr>
            <ns3:cad>91</ns3:cad>
          </ns3:TrackPointExtension>
        </extensions>
      </trkpt>
      <trkpt lat="30.5163802765309810638427734375" lon="114.2237053625285625457763671875">
        <ele>23.200000762939453125</ele>
        <time>2025-11-07T01:29:12.000Z</time>
        <extensions>
          <ns3:TrackPointExtension>
            <ns3:hr>137</ns3:hr>
            <ns3:cad>91</ns3:cad>
          </ns3:TrackPointExtension>
        </extensions>
      </trkpt>
      <trkpt lat="30.5163571424782276153564453125" lon="114.22368834726512432098388671875">
        <ele>23.200000762939453125</ele>
        <time>2025-11-07T01:29:13.000Z</time>
        <extensions>
          <ns3:TrackPointExtension>
            <ns3:hr>138</ns3:hr>
            <ns3:cad>91</ns3:cad>
          </ns3:TrackPointExtension>
        </extensions>
      </trkpt>
      <trkpt lat="30.5163373611867427825927734375" lon="114.22367242164909839630126953125">
        <ele>23.3999996185302734375</ele>
        <time>2025-11-07T01:29:14.000Z</time>
        <extensions>
          <ns3:TrackPointExtension>
            <ns3:hr>138</ns3:hr>
            <ns3:cad>91</ns3:cad>
          </ns3:TrackPointExtension>
        </extensions>
      </trkpt>
      <trkpt lat="30.5163167417049407958984375" lon="114.22365247271955013275146484375">
        <ele>23.3999996185302734375</ele>
        <time>2025-11-07T01:29:15.000Z</time>
        <extensions>
          <ns3:TrackPointExtension>
            <ns3:hr>138</ns3:hr>
            <ns3:cad>92</ns3:cad>
          </ns3:TrackPointExtension>
        </extensions>
      </trkpt>
      <trkpt lat="30.51629302091896533966064453125" lon="114.2236356250941753387451171875">
        <ele>23.3999996185302734375</ele>
        <time>2025-11-07T01:29:16.000Z</time>
        <extensions>
          <ns3:TrackPointExtension>
            <ns3:hr>138</ns3:hr>
            <ns3:cad>92</ns3:cad>
          </ns3:TrackPointExtension>
        </extensions>
      </trkpt>
      <trkpt lat="30.51627256907522678375244140625" lon="114.22361659817397594451904296875">
        <ele>23.3999996185302734375</ele>
        <time>2025-11-07T01:29:17.000Z</time>
        <extensions>
          <ns3:TrackPointExtension>
            <ns3:hr>139</ns3:hr>
            <ns3:cad>92</ns3:cad>
          </ns3:TrackPointExtension>
        </extensions>
      </trkpt>
      <trkpt lat="30.51625228486955165863037109375" lon="114.2236010916531085968017578125">
        <ele>23.3999996185302734375</ele>
        <time>2025-11-07T01:29:18.000Z</time>
        <extensions>
          <ns3:TrackPointExtension>
            <ns3:hr>139</ns3:hr>
            <ns3:cad>92</ns3:cad>
          </ns3:TrackPointExtension>
        </extensions>
      </trkpt>
      <trkpt lat="30.51625228486955165863037109375" lon="114.2236010916531085968017578125">
        <ele>23.6000003814697265625</ele>
        <time>2025-11-07T01:29:19.000Z</time>
        <extensions>
          <ns3:TrackPointExtension>
            <ns3:hr>139</ns3:hr>
            <ns3:cad>93</ns3:cad>
          </ns3:TrackPointExtension>
        </extensions>
      </trkpt>
      <trkpt lat="30.51623216830193996429443359375" lon="114.2235843278467655181884765625">
        <ele>23.6000003814697265625</ele>
        <time>2025-11-07T01:29:20.000Z</time>
        <extensions>
          <ns3:TrackPointExtension>
            <ns3:hr>139</ns3:hr>
            <ns3:cad>93</ns3:cad>
          </ns3:TrackPointExtension>
        </extensions>
      </trkpt>
      <trkpt lat="30.51618866622447967529296875" lon="114.22354820184409618377685546875">
        <ele>23.6000003814697265625</ele>
        <time>2025-11-07T01:29:21.000Z</time>
        <extensions>
          <ns3:TrackPointExtension>
            <ns3:hr>139</ns3:hr>
            <ns3:cad>93</ns3:cad>
          </ns3:TrackPointExtension>
        </extensions>
      </trkpt>
      <trkpt lat="30.5161643587052822113037109375" lon="114.2235290072858333587646484375">
        <ele>23.6000003814697265625</ele>
        <time>2025-11-07T01:29:22.000Z</time>
        <extensions>
          <ns3:TrackPointExtension>
            <ns3:hr>139</ns3:hr>
            <ns3:cad>93</ns3:cad>
          </ns3:TrackPointExtension>
        </extensions>
      </trkpt>
      <trkpt lat="30.5161643587052822113037109375" lon="114.2235290072858333587646484375">
        <ele>23.6000003814697265625</ele>
        <time>2025-11-07T01:29:23.000Z</time>
        <extensions>
          <ns3:TrackPointExtension>
            <ns3:hr>139</ns3:hr>
            <ns3:cad>93</ns3:cad>
          </ns3:TrackPointExtension>
        </extensions>
      </trkpt>
      <trkpt lat="30.51614281721413135528564453125" lon="114.22351383604109287261962890625">
        <ele>23.6000003814697265625</ele>
        <time>2025-11-07T01:29:24.000Z</time>
        <extensions>
          <ns3:TrackPointExtension>
            <ns3:hr>139</ns3:hr>
            <ns3:cad>92</ns3:cad>
          </ns3:TrackPointExtension>
        </extensions>
      </trkpt>
      <trkpt lat="30.5160942859947681427001953125" lon="114.22348416410386562347412109375">
        <ele>23.6000003814697265625</ele>
        <time>2025-11-07T01:29:25.000Z</time>
        <extensions>
          <ns3:TrackPointExtension>
            <ns3:hr>139</ns3:hr>
            <ns3:cad>92</ns3:cad>
          </ns3:TrackPointExtension>
        </extensions>
      </trkpt>
      <trkpt lat="30.51607224158942699432373046875" lon="114.22346320934593677520751953125">
        <ele>23.6000003814697265625</ele>
        <time>2025-11-07T01:29:26.000Z</time>
        <extensions>
          <ns3:TrackPointExtension>
            <ns3:hr>140</ns3:hr>
            <ns3:cad>93</ns3:cad>
          </ns3:TrackPointExtension>
        </extensions>
      </trkpt>
      <trkpt lat="30.516052544116973876953125" lon="114.2234448529779911041259765625">
        <ele>23.6000003814697265625</ele>
        <time>2025-11-07T01:29:27.000Z</time>
        <extensions>
          <ns3:TrackPointExtension>
            <ns3:hr>140</ns3:hr>
            <ns3:cad>93</ns3:cad>
          </ns3:TrackPointExtension>
        </extensions>
      </trkpt>
      <trkpt lat="30.5160305835306644439697265625" lon="114.2234252393245697021484375">
        <ele>23.6000003814697265625</ele>
        <time>2025-11-07T01:29:28.000Z</time>
        <extensions>
          <ns3:TrackPointExtension>
            <ns3:hr>140</ns3:hr>
            <ns3:cad>93</ns3:cad>
          </ns3:TrackPointExtension>
        </extensions>
      </trkpt>
      <trkpt lat="30.516006946563720703125" lon="114.22340688295662403106689453125">
        <ele>23.799999237060546875</ele>
        <time>2025-11-07T01:29:29.000Z</time>
        <extensions>
          <ns3:TrackPointExtension>
            <ns3:hr>140</ns3:hr>
            <ns3:cad>93</ns3:cad>
          </ns3:TrackPointExtension>
        </extensions>
      </trkpt>
      <trkpt lat="30.5159841477870941162109375" lon="114.223388023674488067626953125">
        <ele>23.6000003814697265625</ele>
        <time>2025-11-07T01:29:30.000Z</time>
        <extensions>
          <ns3:TrackPointExtension>
            <ns3:hr>140</ns3:hr>
            <ns3:cad>93</ns3:cad>
          </ns3:TrackPointExtension>
        </extensions>
      </trkpt>
      <trkpt lat="30.51596210338175296783447265625" lon="114.22336715273559093475341796875">
        <ele>23.6000003814697265625</ele>
        <time>2025-11-07T01:29:31.000Z</time>
        <extensions>
          <ns3:TrackPointExtension>
            <ns3:hr>140</ns3:hr>
            <ns3:cad>93</ns3:cad>
          </ns3:TrackPointExtension>
        </extensions>
      </trkpt>
      <trkpt lat="30.51594047807157039642333984375" lon="114.223348796367645263671875">
        <ele>23.6000003814697265625</ele>
        <time>2025-11-07T01:29:32.000Z</time>
        <extensions>
          <ns3:TrackPointExtension>
            <ns3:hr>140</ns3:hr>
            <ns3:cad>93</ns3:cad>
          </ns3:TrackPointExtension>
        </extensions>
      </trkpt>
      <trkpt lat="30.51594047807157039642333984375" lon="114.223348796367645263671875">
        <ele>23.6000003814697265625</ele>
        <time>2025-11-07T01:29:33.000Z</time>
        <extensions>
          <ns3:TrackPointExtension>
            <ns3:hr>141</ns3:hr>
            <ns3:cad>93</ns3:cad>
          </ns3:TrackPointExtension>
        </extensions>
      </trkpt>
      <trkpt lat="30.5159149132668972015380859375" lon="114.2233275063335895538330078125">
        <ele>23.6000003814697265625</ele>
        <time>2025-11-07T01:29:34.000Z</time>
        <extensions>
          <ns3:TrackPointExtension>
            <ns3:hr>141</ns3:hr>
            <ns3:cad>93</ns3:cad>
          </ns3:TrackPointExtension>
        </extensions>
      </trkpt>
      <trkpt lat="30.51589370705187320709228515625" lon="114.2233080603182315826416015625">
        <ele>23.3999996185302734375</ele>
        <time>2025-11-07T01:29:35.000Z</time>
        <extensions>
          <ns3:TrackPointExtension>
            <ns3:hr>141</ns3:hr>
            <ns3:cad>92</ns3:cad>
          </ns3:TrackPointExtension>
        </extensions>
      </trkpt>
      <trkpt lat="30.51584827713668346405029296875" lon="114.22326858155429363250732421875">
        <ele>23.3999996185302734375</ele>
        <time>2025-11-07T01:29:36.000Z</time>
        <extensions>
          <ns3:TrackPointExtension>
            <ns3:hr>141</ns3:hr>
            <ns3:cad>91</ns3:cad>
          </ns3:TrackPointExtension>
        </extensions>
      </trkpt>
      <trkpt lat="30.51582413725554943084716796875" lon="114.22324980609118938446044921875">
        <ele>23.3999996185302734375</ele>
        <time>2025-11-07T01:29:37.000Z</time>
        <extensions>
          <ns3:TrackPointExtension>
            <ns3:hr>141</ns3:hr>
            <ns3:cad>91</ns3:cad>
          </ns3:TrackPointExtension>
        </extensions>
      </trkpt>
      <trkpt lat="30.51580519415438175201416015625" lon="114.223233796656131744384765625">
        <ele>23.3999996185302734375</ele>
        <time>2025-11-07T01:29:38.000Z</time>
        <extensions>
          <ns3:TrackPointExtension>
            <ns3:hr>141</ns3:hr>
            <ns3:cad>91</ns3:cad>
          </ns3:TrackPointExtension>
        </extensions>
      </trkpt>
      <trkpt lat="30.51578608341515064239501953125" lon="114.22321175225079059600830078125">
        <ele>23.3999996185302734375</ele>
        <time>2025-11-07T01:29:39.000Z</time>
        <extensions>
          <ns3:TrackPointExtension>
            <ns3:hr>141</ns3:hr>
            <ns3:cad>92</ns3:cad>
          </ns3:TrackPointExtension>
        </extensions>
      </trkpt>
      <trkpt lat="30.51578608341515064239501953125" lon="114.22321175225079059600830078125">
        <ele>23.3999996185302734375</ele>
        <time>2025-11-07T01:29:40.000Z</time>
        <extensions>
          <ns3:TrackPointExtension>
            <ns3:hr>141</ns3:hr>
            <ns3:cad>92</ns3:cad>
          </ns3:TrackPointExtension>
        </extensions>
      </trkpt>
      <trkpt lat="30.5157694034278392791748046875" lon="114.22319582663476467132568359375">
        <ele>23.3999996185302734375</ele>
        <time>2025-11-07T01:29:41.000Z</time>
        <extensions>
          <ns3:TrackPointExtension>
            <ns3:hr>142</ns3:hr>
            <ns3:cad>91</ns3:cad>
          </ns3:TrackPointExtension>
        </extensions>
      </trkpt>
      <trkpt lat="30.5157278291881084442138671875" lon="114.2231838405132293701171875">
        <ele>23.6000003814697265625</ele>
        <time>2025-11-07T01:29:42.000Z</time>
        <extensions>
          <ns3:TrackPointExtension>
            <ns3:hr>142</ns3:hr>
            <ns3:cad>90</ns3:cad>
          </ns3:TrackPointExtension>
        </extensions>
      </trkpt>
      <trkpt lat="30.51570544950664043426513671875" lon="114.22318375669419765472412109375">
        <ele>23.6000003814697265625</ele>
        <time>2025-11-07T01:29:43.000Z</time>
        <extensions>
          <ns3:TrackPointExtension>
            <ns3:hr>142</ns3:hr>
            <ns3:cad>90</ns3:cad>
          </ns3:TrackPointExtension>
        </extensions>
      </trkpt>
      <trkpt lat="30.51570544950664043426513671875" lon="114.22318375669419765472412109375">
        <ele>23.6000003814697265625</ele>
        <time>2025-11-07T01:29:44.000Z</time>
        <extensions>
          <ns3:TrackPointExtension>
            <ns3:hr>142</ns3:hr>
            <ns3:cad>90</ns3:cad>
          </ns3:TrackPointExtension>
        </extensions>
      </trkpt>
      <trkpt lat="30.51568432711064815521240234375" lon="114.22318048775196075439453125">
        <ele>23.6000003814697265625</ele>
        <time>2025-11-07T01:29:45.000Z</time>
        <extensions>
          <ns3:TrackPointExtension>
            <ns3:hr>142</ns3:hr>
            <ns3:cad>91</ns3:cad>
          </ns3:TrackPointExtension>
        </extensions>
      </trkpt>
      <trkpt lat="30.51565767265856266021728515625" lon="114.2231789790093898773193359375">
        <ele>23.6000003814697265625</ele>
        <time>2025-11-07T01:29:46.000Z</time>
        <extensions>
          <ns3:TrackPointExtension>
            <ns3:hr>142</ns3:hr>
            <ns3:cad>91</ns3:cad>
          </ns3:TrackPointExtension>
        </extensions>
      </trkpt>
      <trkpt lat="30.5156088061630725860595703125" lon="114.22317386604845523834228515625">
        <ele>23.6000003814697265625</ele>
        <time>2025-11-07T01:29:47.000Z</time>
        <extensions>
          <ns3:TrackPointExtension>
            <ns3:hr>143</ns3:hr>
            <ns3:cad>92</ns3:cad>
          </ns3:TrackPointExtension>
        </extensions>
      </trkpt>
      <trkpt lat="30.5155826546251773834228515625" lon="114.22316933982074260711669921875">
        <ele>23.6000003814697265625</ele>
        <time>2025-11-07T01:29:48.000Z</time>
        <extensions>
          <ns3:TrackPointExtension>
            <ns3:hr>143</ns3:hr>
            <ns3:cad>93</ns3:cad>
          </ns3:TrackPointExtension>
        </extensions>
      </trkpt>
      <trkpt lat="30.5155591852962970733642578125" lon="114.22316213138401508331298828125">
        <ele>23.6000003814697265625</ele>
        <time>2025-11-07T01:29:49.000Z</time>
        <extensions>
          <ns3:TrackPointExtension>
            <ns3:hr>143</ns3:hr>
            <ns3:cad>93</ns3:cad>
          </ns3:TrackPointExtension>
        </extensions>
      </trkpt>
      <trkpt lat="30.5155313573777675628662109375" lon="114.22315224073827266693115234375">
        <ele>23.6000003814697265625</ele>
        <time>2025-11-07T01:29:50.000Z</time>
        <extensions>
          <ns3:TrackPointExtension>
            <ns3:hr>142</ns3:hr>
            <ns3:cad>92</ns3:cad>
          </ns3:TrackPointExtension>
        </extensions>
      </trkpt>
      <trkpt lat="30.51550897769629955291748046875" lon="114.22314570285379886627197265625">
        <ele>23.6000003814697265625</ele>
        <time>2025-11-07T01:29:51.000Z</time>
        <extensions>
          <ns3:TrackPointExtension>
            <ns3:hr>142</ns3:hr>
            <ns3:cad>92</ns3:cad>
          </ns3:TrackPointExtension>
        </extensions>
      </trkpt>
      <trkpt lat="30.5154844187200069427490234375" lon="114.22314302064478397369384765625">
        <ele>23.6000003814697265625</ele>
        <time>2025-11-07T01:29:52.000Z</time>
        <extensions>
          <ns3:TrackPointExtension>
            <ns3:hr>142</ns3:hr>
            <ns3:cad>92</ns3:cad>
          </ns3:TrackPointExtension>
        </extensions>
      </trkpt>
      <trkpt lat="30.51546790637075901031494140625" lon="114.2231484688818454742431640625">
        <ele>23.3999996185302734375</ele>
        <time>2025-11-07T01:29:53.000Z</time>
        <extensions>
          <ns3:TrackPointExtension>
            <ns3:hr>142</ns3:hr>
            <ns3:cad>90</ns3:cad>
          </ns3:TrackPointExtension>
        </extensions>
      </trkpt>
      <trkpt lat="30.51544929854571819305419921875" lon="114.22316162846982479095458984375">
        <ele>23.200000762939453125</ele>
        <time>2025-11-07T01:29:54.000Z</time>
        <extensions>
          <ns3:TrackPointExtension>
            <ns3:hr>143</ns3:hr>
            <ns3:cad>89</ns3:cad>
          </ns3:TrackPointExtension>
        </extensions>
      </trkpt>
      <trkpt lat="30.51544929854571819305419921875" lon="114.22316162846982479095458984375">
        <ele>23.200000762939453125</ele>
        <time>2025-11-07T01:29:55.000Z</time>
        <extensions>
          <ns3:TrackPointExtension>
            <ns3:hr>142</ns3:hr>
            <ns3:cad>88</ns3:cad>
          </ns3:TrackPointExtension>
        </extensions>
      </trkpt>
      <trkpt lat="30.5154274217784404754638671875" lon="114.22317202202975749969482421875">
        <ele>23</ele>
        <time>2025-11-07T01:29:56.000Z</time>
        <extensions>
          <ns3:TrackPointExtension>
            <ns3:hr>141</ns3:hr>
            <ns3:cad>85</ns3:cad>
          </ns3:TrackPointExtension>
        </extensions>
      </trkpt>
      <trkpt lat="30.5154274217784404754638671875" lon="114.22317202202975749969482421875">
        <ele>23</ele>
        <time>2025-11-07T01:29:57.000Z</time>
        <extensions>
          <ns3:TrackPointExtension>
            <ns3:hr>141</ns3:hr>
            <ns3:cad>85</ns3:cad>
          </ns3:TrackPointExtension>
        </extensions>
      </trkpt>
      <trkpt lat="30.5154200457036495208740234375" lon="114.22317839227616786956787109375">
        <ele>23</ele>
        <time>2025-11-07T01:29:58.000Z</time>
        <extensions>
          <ns3:TrackPointExtension>
            <ns3:hr>141</ns3:hr>
            <ns3:cad>67</ns3:cad>
          </ns3:TrackPointExtension>
        </extensions>
      </trkpt>
      <trkpt lat="30.51540001295506954193115234375" lon="114.2232054658234119415283203125">
        <ele>23</ele>
        <time>2025-11-07T01:29:59.000Z</time>
        <extensions>
          <ns3:TrackPointExtension>
            <ns3:hr>140</ns3:hr>
            <ns3:cad>109</ns3:cad>
          </ns3:TrackPointExtension>
        </extensions>
      </trkpt>
      <trkpt lat="30.51538911648094654083251953125" lon="114.2232195474207401275634765625">
        <ele>23</ele>
        <time>2025-11-07T01:30:00.000Z</time>
        <extensions>
          <ns3:TrackPointExtension>
            <ns3:hr>140</ns3:hr>
            <ns3:cad>108</ns3:cad>
          </ns3:TrackPointExtension>
        </extensions>
      </trkpt>
      <trkpt lat="30.51538676954805850982666015625" lon="114.2232374846935272216796875">
        <ele>23</ele>
        <time>2025-11-07T01:30:01.000Z</time>
        <extensions>
          <ns3:TrackPointExtension>
            <ns3:hr>139</ns3:hr>
            <ns3:cad>104</ns3:cad>
          </ns3:TrackPointExtension>
        </extensions>
      </trkpt>
      <trkpt lat="30.5153848417103290557861328125" lon="114.2232482135295867919921875">
        <ele>23</ele>
        <time>2025-11-07T01:30:02.000Z</time>
        <extensions>
          <ns3:TrackPointExtension>
            <ns3:hr>139</ns3:hr>
            <ns3:cad>104</ns3:cad>
          </ns3:TrackPointExtension>
        </extensions>
      </trkpt>
      <trkpt lat="30.5153848417103290557861328125" lon="114.2232482135295867919921875">
        <ele>22.799999237060546875</ele>
        <time>2025-11-07T01:30:03.000Z</time>
        <extensions>
          <ns3:TrackPointExtension>
            <ns3:hr>139</ns3:hr>
            <ns3:cad>101</ns3:cad>
          </ns3:TrackPointExtension>
        </extensions>
      </trkpt>
      <trkpt lat="30.515382997691631317138671875" lon="114.2232643067836761474609375">
        <ele>22.799999237060546875</ele>
        <time>2025-11-07T01:30:04.000Z</time>
        <extensions>
          <ns3:TrackPointExtension>
            <ns3:hr>139</ns3:hr>
            <ns3:cad>91</ns3:cad>
          </ns3:TrackPointExtension>
        </extensions>
      </trkpt>
      <trkpt lat="30.5153737775981426239013671875" lon="114.22331619076430797576904296875">
        <ele>22.799999237060546875</ele>
        <time>2025-11-07T01:30:05.000Z</time>
        <extensions>
          <ns3:TrackPointExtension>
            <ns3:hr>138</ns3:hr>
            <ns3:cad>90</ns3:cad>
          </ns3:TrackPointExtension>
        </extensions>
      </trkpt>
      <trkpt lat="30.51536749117076396942138671875" lon="114.2233340442180633544921875">
        <ele>22.6000003814697265625</ele>
        <time>2025-11-07T01:30:06.000Z</time>
        <extensions>
          <ns3:TrackPointExtension>
            <ns3:hr>138</ns3:hr>
            <ns3:cad>90</ns3:cad>
          </ns3:TrackPointExtension>
        </extensions>
      </trkpt>
      <trkpt lat="30.51536749117076396942138671875" lon="114.2233340442180633544921875">
        <ele>22.6000003814697265625</ele>
        <time>2025-11-07T01:30:07.000Z</time>
        <extensions>
          <ns3:TrackPointExtension>
            <ns3:hr>138</ns3:hr>
            <ns3:cad>90</ns3:cad>
          </ns3:TrackPointExtension>
        </extensions>
      </trkpt>
      <trkpt lat="30.51536866463720798492431640625" lon="114.223377965390682220458984375">
        <ele>22.3999996185302734375</ele>
        <time>2025-11-07T01:30:08.000Z</time>
        <extensions>
          <ns3:TrackPointExtension>
            <ns3:hr>137</ns3:hr>
            <ns3:cad>89</ns3:cad>
          </ns3:TrackPointExtension>
        </extensions>
      </trkpt>
      <trkpt lat="30.51537352614104747772216796875" lon="114.2233989201486110687255859375">
        <ele>22.3999996185302734375</ele>
        <time>2025-11-07T01:30:09.000Z</time>
        <extensions>
          <ns3:TrackPointExtension>
            <ns3:hr>137</ns3:hr>
            <ns3:cad>88</ns3:cad>
          </ns3:TrackPointExtension>
        </extensions>
      </trkpt>
      <trkpt lat="30.51537352614104747772216796875" lon="114.2233989201486110687255859375">
        <ele>22.3999996185302734375</ele>
        <time>2025-11-07T01:30:10.000Z</time>
        <extensions>
          <ns3:TrackPointExtension>
            <ns3:hr>136</ns3:hr>
            <ns3:cad>88</ns3:cad>
          </ns3:TrackPointExtension>
        </extensions>
      </trkpt>
      <trkpt lat="30.5153886973857879638671875" lon="114.2234438471496105194091796875">
        <ele>22.200000762939453125</ele>
        <time>2025-11-07T01:30:11.000Z</time>
        <extensions>
          <ns3:TrackPointExtension>
            <ns3:hr>136</ns3:hr>
            <ns3:cad>89</ns3:cad>
          </ns3:TrackPointExtension>
        </extensions>
      </trkpt>
      <trkpt lat="30.5153955705463886260986328125" lon="114.2234681546688079833984375">
        <ele>22</ele>
        <time>2025-11-07T01:30:12.000Z</time>
        <extensions>
          <ns3:TrackPointExtension>
            <ns3:hr>135</ns3:hr>
            <ns3:cad>88</ns3:cad>
          </ns3:TrackPointExtension>
        </extensions>
      </trkpt>
      <trkpt lat="30.515404455363750457763671875" lon="114.2234931327402591705322265625">
        <ele>22</ele>
        <time>2025-11-07T01:30:13.000Z</time>
        <extensions>
          <ns3:TrackPointExtension>
            <ns3:hr>132</ns3:hr>
            <ns3:cad>88</ns3:cad>
          </ns3:TrackPointExtension>
        </extensions>
      </trkpt>
      <trkpt lat="30.515404455363750457763671875" lon="114.2234931327402591705322265625">
        <ele>21.799999237060546875</ele>
        <time>2025-11-07T01:30:14.000Z</time>
        <extensions>
          <ns3:TrackPointExtension>
            <ns3:hr>131</ns3:hr>
            <ns3:cad>88</ns3:cad>
          </ns3:TrackPointExtension>
        </extensions>
      </trkpt>
      <trkpt lat="30.51540705375373363494873046875" lon="114.22355826012790203094482421875">
        <ele>21.3999996185302734375</ele>
        <time>2025-11-07T01:30:15.000Z</time>
        <extensions>
          <ns3:TrackPointExtension>
            <ns3:hr>130</ns3:hr>
            <ns3:cad>88</ns3:cad>
          </ns3:TrackPointExtension>
        </extensions>
      </trkpt>
      <trkpt lat="30.515406467020511627197265625" lon="114.22359086573123931884765625">
        <ele>21.200000762939453125</ele>
        <time>2025-11-07T01:30:16.000Z</time>
        <extensions>
          <ns3:TrackPointExtension>
            <ns3:hr>130</ns3:hr>
            <ns3:cad>89</ns3:cad>
          </ns3:TrackPointExtension>
        </extensions>
      </trkpt>
      <trkpt lat="30.51540856249630451202392578125" lon="114.22362430952489376068115234375">
        <ele>21</ele>
        <time>2025-11-07T01:30:17.000Z</time>
        <extensions>
          <ns3:TrackPointExtension>
            <ns3:hr>130</ns3:hr>
            <ns3:cad>89</ns3:cad>
          </ns3:TrackPointExtension>
        </extensions>
      </trkpt>
      <trkpt lat="30.51541040651500225067138671875" lon="114.2236621119081974029541015625">
        <ele>20.6000003814697265625</ele>
        <time>2025-11-07T01:30:18.000Z</time>
        <extensions>
          <ns3:TrackPointExtension>
            <ns3:hr>131</ns3:hr>
            <ns3:cad>88</ns3:cad>
          </ns3:TrackPointExtension>
        </extensions>
      </trkpt>
      <trkpt lat="30.51541040651500225067138671875" lon="114.2236621119081974029541015625">
        <ele>20.6000003814697265625</ele>
        <time>2025-11-07T01:30:19.000Z</time>
        <extensions>
          <ns3:TrackPointExtension>
            <ns3:hr>135</ns3:hr>
            <ns3:cad>88</ns3:cad>
          </ns3:TrackPointExtension>
        </extensions>
      </trkpt>
      <trkpt lat="30.51541191525757312774658203125" lon="114.223717264831066131591796875">
        <ele>20.3999996185302734375</ele>
        <time>2025-11-07T01:30:20.000Z</time>
        <extensions>
          <ns3:TrackPointExtension>
            <ns3:hr>137</ns3:hr>
            <ns3:cad>88</ns3:cad>
          </ns3:TrackPointExtension>
        </extensions>
      </trkpt>
      <trkpt lat="30.5154116638004779815673828125" lon="114.22374417074024677276611328125">
        <ele>20.3999996185302734375</ele>
        <time>2025-11-07T01:30:21.000Z</time>
        <extensions>
          <ns3:TrackPointExtension>
            <ns3:hr>137</ns3:hr>
            <ns3:cad>89</ns3:cad>
          </ns3:TrackPointExtension>
        </extensions>
      </trkpt>
      <trkpt lat="30.51540906541049480438232421875" lon="114.22376948408782482147216796875">
        <ele>20.6000003814697265625</ele>
        <time>2025-11-07T01:30:22.000Z</time>
        <extensions>
          <ns3:TrackPointExtension>
            <ns3:hr>137</ns3:hr>
            <ns3:cad>90</ns3:cad>
          </ns3:TrackPointExtension>
        </extensions>
      </trkpt>
      <trkpt lat="30.51540839485824108123779296875" lon="114.22379345633089542388916015625">
        <ele>20.6000003814697265625</ele>
        <time>2025-11-07T01:30:23.000Z</time>
        <extensions>
          <ns3:TrackPointExtension>
            <ns3:hr>137</ns3:hr>
            <ns3:cad>90</ns3:cad>
          </ns3:TrackPointExtension>
        </extensions>
      </trkpt>
      <trkpt lat="30.51540588028728961944580078125" lon="114.223819188773632049560546875">
        <ele>20.3999996185302734375</ele>
        <time>2025-11-07T01:30:24.000Z</time>
        <extensions>
          <ns3:TrackPointExtension>
            <ns3:hr>136</ns3:hr>
            <ns3:cad>91</ns3:cad>
          </ns3:TrackPointExtension>
        </extensions>
      </trkpt>
      <trkpt lat="30.51540412008762359619140625" lon="114.22384835779666900634765625">
        <ele>20.200000762939453125</ele>
        <time>2025-11-07T01:30:25.000Z</time>
        <extensions>
          <ns3:TrackPointExtension>
            <ns3:hr>137</ns3:hr>
            <ns3:cad>91</ns3:cad>
          </ns3:TrackPointExtension>
        </extensions>
      </trkpt>
      <trkpt lat="30.51540143787860870361328125" lon="114.2238766886293888092041015625">
        <ele>20.200000762939453125</ele>
        <time>2025-11-07T01:30:26.000Z</time>
        <extensions>
          <ns3:TrackPointExtension>
            <ns3:hr>136</ns3:hr>
            <ns3:cad>92</ns3:cad>
          </ns3:TrackPointExtension>
        </extensions>
      </trkpt>
      <trkpt lat="30.515401773154735565185546875" lon="114.223907701671123504638671875">
        <ele>20.200000762939453125</ele>
        <time>2025-11-07T01:30:27.000Z</time>
        <extensions>
          <ns3:TrackPointExtension>
            <ns3:hr>136</ns3:hr>
            <ns3:cad>92</ns3:cad>
          </ns3:TrackPointExtension>
        </extensions>
      </trkpt>
      <trkpt lat="30.51540118642151355743408203125" lon="114.2239397205412387847900390625">
        <ele>20.200000762939453125</ele>
        <time>2025-11-07T01:30:28.000Z</time>
        <extensions>
          <ns3:TrackPointExtension>
            <ns3:hr>136</ns3:hr>
            <ns3:cad>92</ns3:cad>
          </ns3:TrackPointExtension>
        </extensions>
      </trkpt>
      <trkpt lat="30.5153975822031497955322265625" lon="114.22397266142070293426513671875">
        <ele>20.200000762939453125</ele>
        <time>2025-11-07T01:30:29.000Z</time>
        <extensions>
          <ns3:TrackPointExtension>
            <ns3:hr>135</ns3:hr>
            <ns3:cad>91</ns3:cad>
          </ns3:TrackPointExtension>
        </extensions>
      </trkpt>
      <trkpt lat="30.5153975822031497955322265625" lon="114.22397266142070293426513671875">
        <ele>20.200000762939453125</ele>
        <time>2025-11-07T01:30:30.000Z</time>
        <extensions>
          <ns3:TrackPointExtension>
            <ns3:hr>135</ns3:hr>
            <ns3:cad>91</ns3:cad>
          </ns3:TrackPointExtension>
        </extensions>
      </trkpt>
      <trkpt lat="30.5153967440128326416015625" lon="114.223998226225376129150390625">
        <ele>20.3999996185302734375</ele>
        <time>2025-11-07T01:30:31.000Z</time>
        <extensions>
          <ns3:TrackPointExtension>
            <ns3:hr>135</ns3:hr>
            <ns3:cad>91</ns3:cad>
          </ns3:TrackPointExtension>
        </extensions>
      </trkpt>
      <trkpt lat="30.51539598964154720306396484375" lon="114.22402043826878070831298828125">
        <ele>20.3999996185302734375</ele>
        <time>2025-11-07T01:30:32.000Z</time>
        <extensions>
          <ns3:TrackPointExtension>
            <ns3:hr>136</ns3:hr>
            <ns3:cad>90</ns3:cad>
          </ns3:TrackPointExtension>
        </extensions>
      </trkpt>
      <trkpt lat="30.5153915472328662872314453125" lon="114.22404340468347072601318359375">
        <ele>20.3999996185302734375</ele>
        <time>2025-11-07T01:30:33.000Z</time>
        <extensions>
          <ns3:TrackPointExtension>
            <ns3:hr>135</ns3:hr>
            <ns3:cad>88</ns3:cad>
          </ns3:TrackPointExtension>
        </extensions>
      </trkpt>
      <trkpt lat="30.51538693718612194061279296875" lon="114.2240636050701141357421875">
        <ele>20.6000003814697265625</ele>
        <time>2025-11-07T01:30:34.000Z</time>
        <extensions>
          <ns3:TrackPointExtension>
            <ns3:hr>136</ns3:hr>
            <ns3:cad>85</ns3:cad>
          </ns3:TrackPointExtension>
        </extensions>
      </trkpt>
      <trkpt lat="30.51537620835006237030029296875" lon="114.2240956239402294158935546875">
        <ele>20.6000003814697265625</ele>
        <time>2025-11-07T01:30:35.000Z</time>
        <extensions>
          <ns3:TrackPointExtension>
            <ns3:hr>136</ns3:hr>
            <ns3:cad>85</ns3:cad>
          </ns3:TrackPointExtension>
        </extensions>
      </trkpt>
      <trkpt lat="30.515372268855571746826171875" lon="114.2241187579929828643798828125">
        <ele>20.6000003814697265625</ele>
        <time>2025-11-07T01:30:36.000Z</time>
        <extensions>
          <ns3:TrackPointExtension>
            <ns3:hr>136</ns3:hr>
            <ns3:cad>86</ns3:cad>
          </ns3:TrackPointExtension>
        </extensions>
      </trkpt>
      <trkpt lat="30.515366904437541961669921875" lon="114.22413912601768970489501953125">
        <ele>20.6000003814697265625</ele>
        <time>2025-11-07T01:30:37.000Z</time>
        <extensions>
          <ns3:TrackPointExtension>
            <ns3:hr>136</ns3:hr>
            <ns3:cad>88</ns3:cad>
          </ns3:TrackPointExtension>
        </extensions>
      </trkpt>
      <trkpt lat="30.515360534191131591796875" lon="114.22415957786142826080322265625">
        <ele>20.6000003814697265625</ele>
        <time>2025-11-07T01:30:38.000Z</time>
        <extensions>
          <ns3:TrackPointExtension>
            <ns3:hr>137</ns3:hr>
            <ns3:cad>88</ns3:cad>
          </ns3:TrackPointExtension>
        </extensions>
      </trkpt>
      <trkpt lat="30.51535458303987979888916015625" lon="114.2241777665913105010986328125">
        <ele>20.6000003814697265625</ele>
        <time>2025-11-07T01:30:39.000Z</time>
        <extensions>
          <ns3:TrackPointExtension>
            <ns3:hr>137</ns3:hr>
            <ns3:cad>87</ns3:cad>
          </ns3:TrackPointExtension>
        </extensions>
      </trkpt>
      <trkpt lat="30.51534720696508884429931640625" lon="114.22419377602636814117431640625">
        <ele>20.6000003814697265625</ele>
        <time>2025-11-07T01:30:40.000Z</time>
        <extensions>
          <ns3:TrackPointExtension>
            <ns3:hr>136</ns3:hr>
            <ns3:cad>81</ns3:cad>
          </ns3:TrackPointExtension>
        </extensions>
      </trkpt>
      <trkpt lat="30.5153429321944713592529296875" lon="114.22420752234756946563720703125">
        <ele>20.6000003814697265625</ele>
        <time>2025-11-07T01:30:41.000Z</time>
        <extensions>
          <ns3:TrackPointExtension>
            <ns3:hr>136</ns3:hr>
            <ns3:cad>80</ns3:cad>
          </ns3:TrackPointExtension>
        </extensions>
      </trkpt>
      <trkpt lat="30.5153429321944713592529296875" lon="114.22420752234756946563720703125">
        <ele>20.3999996185302734375</ele>
        <time>2025-11-07T01:30:42.000Z</time>
        <extensions>
          <ns3:TrackPointExtension>
            <ns3:hr>136</ns3:hr>
            <ns3:cad>80</ns3:cad>
          </ns3:TrackPointExtension>
        </extensions>
      </trkpt>
      <trkpt lat="30.51533111371099948883056640625" lon="114.2242364399135112762451171875">
        <ele>20.3999996185302734375</ele>
        <time>2025-11-07T01:30:43.000Z</time>
        <extensions>
          <ns3:TrackPointExtension>
            <ns3:hr>137</ns3:hr>
            <ns3:cad>79</ns3:cad>
          </ns3:TrackPointExtension>
        </extensions>
      </trkpt>
      <trkpt lat="30.51533111371099948883056640625" lon="114.2242364399135112762451171875">
        <ele>20.6000003814697265625</ele>
        <time>2025-11-07T01:30:44.000Z</time>
        <extensions>
          <ns3:TrackPointExtension>
            <ns3:hr>136</ns3:hr>
            <ns3:cad>78</ns3:cad>
          </ns3:TrackPointExtension>
        </extensions>
      </trkpt>
      <trkpt lat="30.51532641984522342681884765625" lon="114.22425094060599803924560546875">
        <ele>20.6000003814697265625</ele>
        <time>2025-11-07T01:30:45.000Z</time>
        <extensions>
          <ns3:TrackPointExtension>
            <ns3:hr>136</ns3:hr>
            <ns3:cad>78</ns3:cad>
          </ns3:TrackPointExtension>
        </extensions>
      </trkpt>
      <trkpt lat="30.51531518809497356414794921875" lon="114.2242793552577495574951171875">
        <ele>20.6000003814697265625</ele>
        <time>2025-11-07T01:30:46.000Z</time>
        <extensions>
          <ns3:TrackPointExtension>
            <ns3:hr>136</ns3:hr>
            <ns3:cad>76</ns3:cad>
          </ns3:TrackPointExtension>
        </extensions>
      </trkpt>
      <trkpt lat="30.51531518809497356414794921875" lon="114.2242793552577495574951171875">
        <ele>20.6000003814697265625</ele>
        <time>2025-11-07T01:30:47.000Z</time>
        <extensions>
          <ns3:TrackPointExtension>
            <ns3:hr>135</ns3:hr>
            <ns3:cad>75</ns3:cad>
          </ns3:TrackPointExtension>
        </extensions>
      </trkpt>
      <trkpt lat="30.51531158387660980224609375" lon="114.22429494559764862060546875">
        <ele>20.6000003814697265625</ele>
        <time>2025-11-07T01:30:48.000Z</time>
        <extensions>
          <ns3:TrackPointExtension>
            <ns3:hr>136</ns3:hr>
            <ns3:cad>76</ns3:cad>
          </ns3:TrackPointExtension>
        </extensions>
      </trkpt>
      <trkpt lat="30.51530630327761173248291015625" lon="114.22432285733520984649658203125">
        <ele>20.3999996185302734375</ele>
        <time>2025-11-07T01:30:49.000Z</time>
        <extensions>
          <ns3:TrackPointExtension>
            <ns3:hr>136</ns3:hr>
            <ns3:cad>88</ns3:cad>
          </ns3:TrackPointExtension>
        </extensions>
      </trkpt>
      <trkpt lat="30.5152980051934719085693359375" lon="114.22434934414923191070556640625">
        <ele>20.3999996185302734375</ele>
        <time>2025-11-07T01:30:50.000Z</time>
        <extensions>
          <ns3:TrackPointExtension>
            <ns3:hr>135</ns3:hr>
            <ns3:cad>88</ns3:cad>
          </ns3:TrackPointExtension>
        </extensions>
      </trkpt>
      <trkpt lat="30.51528786309063434600830078125" lon="114.22437650151550769805908203125">
        <ele>20.3999996185302734375</ele>
        <time>2025-11-07T01:30:51.000Z</time>
        <extensions>
          <ns3:TrackPointExtension>
            <ns3:hr>135</ns3:hr>
            <ns3:cad>89</ns3:cad>
          </ns3:TrackPointExtension>
        </extensions>
      </trkpt>
      <trkpt lat="30.51527964882552623748779296875" lon="114.22440097667276859283447265625">
        <ele>20.3999996185302734375</ele>
        <time>2025-11-07T01:30:52.000Z</time>
        <extensions>
          <ns3:TrackPointExtension>
            <ns3:hr>135</ns3:hr>
            <ns3:cad>89</ns3:cad>
          </ns3:TrackPointExtension>
        </extensions>
      </trkpt>
      <trkpt lat="30.5152706801891326904296875" lon="114.2244248650968074798583984375">
        <ele>20.3999996185302734375</ele>
        <time>2025-11-07T01:30:53.000Z</time>
        <extensions>
          <ns3:TrackPointExtension>
            <ns3:hr>134</ns3:hr>
            <ns3:cad>89</ns3:cad>
          </ns3:TrackPointExtension>
        </extensions>
      </trkpt>
      <trkpt lat="30.5152591131627559661865234375" lon="114.22444523312151432037353515625">
        <ele>20.200000762939453125</ele>
        <time>2025-11-07T01:30:54.000Z</time>
        <extensions>
          <ns3:TrackPointExtension>
            <ns3:hr>133</ns3:hr>
            <ns3:cad>90</ns3:cad>
          </ns3:TrackPointExtension>
        </extensions>
      </trkpt>
      <trkpt lat="30.51525182090699672698974609375" lon="114.22446551732718944549560546875">
        <ele>20.200000762939453125</ele>
        <time>2025-11-07T01:30:55.000Z</time>
        <extensions>
          <ns3:TrackPointExtension>
            <ns3:hr>133</ns3:hr>
            <ns3:cad>90</ns3:cad>
          </ns3:TrackPointExtension>
        </extensions>
      </trkpt>
      <trkpt lat="30.515237487852573394775390625" lon="114.2244858853518962860107421875">
        <ele>20.3999996185302734375</ele>
        <time>2025-11-07T01:30:56.000Z</time>
        <extensions>
          <ns3:TrackPointExtension>
            <ns3:hr>133</ns3:hr>
            <ns3:cad>90</ns3:cad>
          </ns3:TrackPointExtension>
        </extensions>
      </trkpt>
      <trkpt lat="30.515226759016513824462890625" lon="114.22450977377593517303466796875">
        <ele>20.200000762939453125</ele>
        <time>2025-11-07T01:30:57.000Z</time>
        <extensions>
          <ns3:TrackPointExtension>
            <ns3:hr>133</ns3:hr>
            <ns3:cad>91</ns3:cad>
          </ns3:TrackPointExtension>
        </extensions>
      </trkpt>
      <trkpt lat="30.51521829329431056976318359375" lon="114.22453366219997406005859375">
        <ele>20.3999996185302734375</ele>
        <time>2025-11-07T01:30:58.000Z</time>
        <extensions>
          <ns3:TrackPointExtension>
            <ns3:hr>133</ns3:hr>
            <ns3:cad>91</ns3:cad>
          </ns3:TrackPointExtension>
        </extensions>
      </trkpt>
      <trkpt lat="30.51520965993404388427734375" lon="114.22455486841499805450439453125">
        <ele>20.3999996185302734375</ele>
        <time>2025-11-07T01:30:59.000Z</time>
        <extensions>
          <ns3:TrackPointExtension>
            <ns3:hr>133</ns3:hr>
            <ns3:cad>91</ns3:cad>
          </ns3:TrackPointExtension>
        </extensions>
      </trkpt>
      <trkpt lat="30.51520965993404388427734375" lon="114.22455486841499805450439453125">
        <ele>20.3999996185302734375</ele>
        <time>2025-11-07T01:31:00.000Z</time>
        <extensions>
          <ns3:TrackPointExtension>
            <ns3:hr>132</ns3:hr>
            <ns3:cad>90</ns3:cad>
          </ns3:TrackPointExtension>
        </extensions>
      </trkpt>
      <trkpt lat="30.51519717089831829071044921875" lon="114.2245690338313579559326171875">
        <ele>20.3999996185302734375</ele>
        <time>2025-11-07T01:31:01.000Z</time>
        <extensions>
          <ns3:TrackPointExtension>
            <ns3:hr>132</ns3:hr>
            <ns3:cad>90</ns3:cad>
          </ns3:TrackPointExtension>
        </extensions>
      </trkpt>
      <trkpt lat="30.5151762999594211578369140625" lon="114.22459694556891918182373046875">
        <ele>20.3999996185302734375</ele>
        <time>2025-11-07T01:31:02.000Z</time>
        <extensions>
          <ns3:TrackPointExtension>
            <ns3:hr>132</ns3:hr>
            <ns3:cad>86</ns3:cad>
          </ns3:TrackPointExtension>
        </extensions>
      </trkpt>
      <trkpt lat="30.5151762999594211578369140625" lon="114.22459694556891918182373046875">
        <ele>20.3999996185302734375</ele>
        <time>2025-11-07T01:31:03.000Z</time>
        <extensions>
          <ns3:TrackPointExtension>
            <ns3:hr>132</ns3:hr>
            <ns3:cad>86</ns3:cad>
          </ns3:TrackPointExtension>
        </extensions>
      </trkpt>
      <trkpt lat="30.515167750418186187744140625" lon="114.2246080935001373291015625">
        <ele>20.200000762939453125</ele>
        <time>2025-11-07T01:31:04.000Z</time>
        <extensions>
          <ns3:TrackPointExtension>
            <ns3:hr>132</ns3:hr>
            <ns3:cad>85</ns3:cad>
          </ns3:TrackPointExtension>
        </extensions>
      </trkpt>
      <trkpt lat="30.51515735685825347900390625" lon="114.224623180925846099853515625">
        <ele>20.200000762939453125</ele>
        <time>2025-11-07T01:31:05.000Z</time>
        <extensions>
          <ns3:TrackPointExtension>
            <ns3:hr>132</ns3:hr>
            <ns3:cad>85</ns3:cad>
          </ns3:TrackPointExtension>
        </extensions>
      </trkpt>
      <trkpt lat="30.51514687947928905487060546875" lon="114.22464187256991863250732421875">
        <ele>20.200000762939453125</ele>
        <time>2025-11-07T01:31:06.000Z</time>
        <extensions>
          <ns3:TrackPointExtension>
            <ns3:hr>132</ns3:hr>
            <ns3:cad>85</ns3:cad>
          </ns3:TrackPointExtension>
        </extensions>
      </trkpt>
      <trkpt lat="30.51512156613171100616455078125" lon="114.22467338852584362030029296875">
        <ele>20.200000762939453125</ele>
        <time>2025-11-07T01:31:07.000Z</time>
        <extensions>
          <ns3:TrackPointExtension>
            <ns3:hr>132</ns3:hr>
            <ns3:cad>85</ns3:cad>
          </ns3:TrackPointExtension>
        </extensions>
      </trkpt>
      <trkpt lat="30.51510664634406566619873046875" lon="114.22469350509345531463623046875">
        <ele>20.200000762939453125</ele>
        <time>2025-11-07T01:31:08.000Z</time>
        <extensions>
          <ns3:TrackPointExtension>
            <ns3:hr>132</ns3:hr>
            <ns3:cad>86</ns3:cad>
          </ns3:TrackPointExtension>
        </extensions>
      </trkpt>
      <trkpt lat="30.51508837379515171051025390625" lon="114.22471714206039905548095703125">
        <ele>20.200000762939453125</ele>
        <time>2025-11-07T01:31:09.000Z</time>
        <extensions>
          <ns3:TrackPointExtension>
            <ns3:hr>131</ns3:hr>
            <ns3:cad>86</ns3:cad>
          </ns3:TrackPointExtension>
        </extensions>
      </trkpt>
      <trkpt lat="30.51508837379515171051025390625" lon="114.22471714206039905548095703125">
        <ele>20.200000762939453125</ele>
        <time>2025-11-07T01:31:10.000Z</time>
        <extensions>
          <ns3:TrackPointExtension>
            <ns3:hr>131</ns3:hr>
            <ns3:cad>87</ns3:cad>
          </ns3:TrackPointExtension>
        </extensions>
      </trkpt>
      <trkpt lat="30.5150713585317134857177734375" lon="114.22474161721765995025634765625">
        <ele>20.200000762939453125</ele>
        <time>2025-11-07T01:31:11.000Z</time>
        <extensions>
          <ns3:TrackPointExtension>
            <ns3:hr>131</ns3:hr>
            <ns3:cad>88</ns3:cad>
          </ns3:TrackPointExtension>
        </extensions>
      </trkpt>
      <trkpt lat="30.51503422670066356658935546875" lon="114.2247913219034671783447265625">
        <ele>20.200000762939453125</ele>
        <time>2025-11-07T01:31:12.000Z</time>
        <extensions>
          <ns3:TrackPointExtension>
            <ns3:hr>130</ns3:hr>
            <ns3:cad>89</ns3:cad>
          </ns3:TrackPointExtension>
        </extensions>
      </trkpt>
      <trkpt lat="30.51502601243555545806884765625" lon="114.22481822781264781951904296875">
        <ele>20</ele>
        <time>2025-11-07T01:31:13.000Z</time>
        <extensions>
          <ns3:TrackPointExtension>
            <ns3:hr>130</ns3:hr>
            <ns3:cad>91</ns3:cad>
          </ns3:TrackPointExtension>
        </extensions>
      </trkpt>
      <trkpt lat="30.5150277726352214813232421875" lon="114.22484622336924076080322265625">
        <ele>20</ele>
        <time>2025-11-07T01:31:14.000Z</time>
        <extensions>
          <ns3:TrackPointExtension>
            <ns3:hr>130</ns3:hr>
            <ns3:cad>91</ns3:cad>
          </ns3:TrackPointExtension>
        </extensions>
      </trkpt>
      <trkpt lat="30.5150321312248706817626953125" lon="114.2248714528977870941162109375">
        <ele>20.200000762939453125</ele>
        <time>2025-11-07T01:31:15.000Z</time>
        <extensions>
          <ns3:TrackPointExtension>
            <ns3:hr>129</ns3:hr>
            <ns3:cad>91</ns3:cad>
          </ns3:TrackPointExtension>
        </extensions>
      </trkpt>
      <trkpt lat="30.5150341428816318511962890625" lon="114.22489886172115802764892578125">
        <ele>20.200000762939453125</ele>
        <time>2025-11-07T01:31:16.000Z</time>
        <extensions>
          <ns3:TrackPointExtension>
            <ns3:hr>130</ns3:hr>
            <ns3:cad>92</ns3:cad>
          </ns3:TrackPointExtension>
        </extensions>
      </trkpt>
      <trkpt lat="30.51503690890967845916748046875" lon="114.2249240912497043609619140625">
        <ele>20.200000762939453125</ele>
        <time>2025-11-07T01:31:17.000Z</time>
        <extensions>
          <ns3:TrackPointExtension>
            <ns3:hr>130</ns3:hr>
            <ns3:cad>93</ns3:cad>
          </ns3:TrackPointExtension>
        </extensions>
      </trkpt>
      <trkpt lat="30.5150364898145198822021484375" lon="114.22494932077825069427490234375">
        <ele>20.3999996185302734375</ele>
        <time>2025-11-07T01:31:18.000Z</time>
        <extensions>
          <ns3:TrackPointExtension>
            <ns3:hr>130</ns3:hr>
            <ns3:cad>93</ns3:cad>
          </ns3:TrackPointExtension>
        </extensions>
      </trkpt>
      <trkpt lat="30.51504009403288364410400390625" lon="114.22498100437223911285400390625">
        <ele>20.3999996185302734375</ele>
        <time>2025-11-07T01:31:19.000Z</time>
        <extensions>
          <ns3:TrackPointExtension>
            <ns3:hr>130</ns3:hr>
            <ns3:cad>94</ns3:cad>
          </ns3:TrackPointExtension>
        </extensions>
      </trkpt>
      <trkpt lat="30.51504470407962799072265625" lon="114.22500749118626117706298828125">
        <ele>20.200000762939453125</ele>
        <time>2025-11-07T01:31:20.000Z</time>
        <extensions>
          <ns3:TrackPointExtension>
            <ns3:hr>133</ns3:hr>
            <ns3:cad>95</ns3:cad>
          </ns3:TrackPointExtension>
        </extensions>
      </trkpt>
      <trkpt lat="30.51504470407962799072265625" lon="114.22500749118626117706298828125">
        <ele>20.200000762939453125</ele>
        <time>2025-11-07T01:31:21.000Z</time>
        <extensions>
          <ns3:TrackPointExtension>
            <ns3:hr>136</ns3:hr>
            <ns3:cad>95</ns3:cad>
          </ns3:TrackPointExtension>
        </extensions>
      </trkpt>
      <trkpt lat="30.51505015231668949127197265625" lon="114.22503917478024959564208984375">
        <ele>20</ele>
        <time>2025-11-07T01:31:22.000Z</time>
        <extensions>
          <ns3:TrackPointExtension>
            <ns3:hr>137</ns3:hr>
            <ns3:cad>95</ns3:cad>
          </ns3:TrackPointExtension>
        </extensions>
      </trkpt>
      <trkpt lat="30.515054762363433837890625" lon="114.22506717033684253692626953125">
        <ele>20</ele>
        <time>2025-11-07T01:31:23.000Z</time>
        <extensions>
          <ns3:TrackPointExtension>
            <ns3:hr>137</ns3:hr>
            <ns3:cad>95</ns3:cad>
          </ns3:TrackPointExtension>
        </extensions>
      </trkpt>
      <trkpt lat="30.5150643177330493927001953125" lon="114.22513137571513652801513671875">
        <ele>20</ele>
        <time>2025-11-07T01:31:24.000Z</time>
        <extensions>
          <ns3:TrackPointExtension>
            <ns3:hr>137</ns3:hr>
            <ns3:cad>94</ns3:cad>
          </ns3:TrackPointExtension>
        </extensions>
      </trkpt>
      <trkpt lat="30.515067167580127716064453125" lon="114.2251624725759029388427734375">
        <ele>20</ele>
        <time>2025-11-07T01:31:25.000Z</time>
        <extensions>
          <ns3:TrackPointExtension>
            <ns3:hr>137</ns3:hr>
            <ns3:cad>94</ns3:cad>
          </ns3:TrackPointExtension>
        </extensions>
      </trkpt>
      <trkpt lat="30.5150730349123477935791015625" lon="114.22519088722765445709228515625">
        <ele>20</ele>
        <time>2025-11-07T01:31:26.000Z</time>
        <extensions>
          <ns3:TrackPointExtension>
            <ns3:hr>137</ns3:hr>
            <ns3:cad>94</ns3:cad>
          </ns3:TrackPointExtension>
        </extensions>
      </trkpt>
      <trkpt lat="30.51507295109331607818603515625" lon="114.2252201400697231292724609375">
        <ele>20</ele>
        <time>2025-11-07T01:31:27.000Z</time>
        <extensions>
          <ns3:TrackPointExtension>
            <ns3:hr>137</ns3:hr>
            <ns3:cad>92</ns3:cad>
          </ns3:TrackPointExtension>
        </extensions>
      </trkpt>
      <trkpt lat="30.5150726996362209320068359375" lon="114.22524402849376201629638671875">
        <ele>20</ele>
        <time>2025-11-07T01:31:28.000Z</time>
        <extensions>
          <ns3:TrackPointExtension>
            <ns3:hr>136</ns3:hr>
            <ns3:cad>90</ns3:cad>
          </ns3:TrackPointExtension>
        </extensions>
      </trkpt>
      <trkpt lat="30.51507244817912578582763671875" lon="114.225274957716464996337890625">
        <ele>20</ele>
        <time>2025-11-07T01:31:29.000Z</time>
        <extensions>
          <ns3:TrackPointExtension>
            <ns3:hr>137</ns3:hr>
            <ns3:cad>90</ns3:cad>
          </ns3:TrackPointExtension>
        </extensions>
      </trkpt>
      <trkpt lat="30.5150760523974895477294921875" lon="114.225302450358867645263671875">
        <ele>20</ele>
        <time>2025-11-07T01:31:30.000Z</time>
        <extensions>
          <ns3:TrackPointExtension>
            <ns3:hr>137</ns3:hr>
            <ns3:cad>90</ns3:cad>
          </ns3:TrackPointExtension>
        </extensions>
      </trkpt>
      <trkpt lat="30.515061803162097930908203125" lon="114.2252969183027744293212890625">
        <ele>20</ele>
        <time>2025-11-07T01:31:31.000Z</time>
        <extensions>
          <ns3:TrackPointExtension>
            <ns3:hr>136</ns3:hr>
            <ns3:cad>94</ns3:cad>
          </ns3:TrackPointExtension>
        </extensions>
      </trkpt>
      <trkpt lat="30.5150579474866390228271484375" lon="114.22528007067739963531494140625">
        <ele>19.799999237060546875</ele>
        <time>2025-11-07T01:31:32.000Z</time>
        <extensions>
          <ns3:TrackPointExtension>
            <ns3:hr>136</ns3:hr>
            <ns3:cad>94</ns3:cad>
          </ns3:TrackPointExtension>
        </extensions>
      </trkpt>
      <trkpt lat="30.51505736075341701507568359375" lon="114.2252647317945957183837890625">
        <ele>19.799999237060546875</ele>
        <time>2025-11-07T01:31:33.000Z</time>
        <extensions>
          <ns3:TrackPointExtension>
            <ns3:hr>136</ns3:hr>
            <ns3:cad>96</ns3:cad>
          </ns3:TrackPointExtension>
        </extensions>
      </trkpt>
      <trkpt lat="30.51505736075341701507568359375" lon="114.2252647317945957183837890625">
        <ele>19.799999237060546875</ele>
        <time>2025-11-07T01:31:34.000Z</time>
        <extensions>
          <ns3:TrackPointExtension>
            <ns3:hr>137</ns3:hr>
            <ns3:cad>97</ns3:cad>
          </ns3:TrackPointExtension>
        </extensions>
      </trkpt>
      <trkpt lat="30.51505518145859241485595703125" lon="114.2252491414546966552734375">
        <ele>19.799999237060546875</ele>
        <time>2025-11-07T01:31:35.000Z</time>
        <extensions>
          <ns3:TrackPointExtension>
            <ns3:hr>137</ns3:hr>
            <ns3:cad>93</ns3:cad>
          </ns3:TrackPointExtension>
        </extensions>
      </trkpt>
      <trkpt lat="30.51505333743989467620849609375" lon="114.22523061744868755340576171875">
        <ele>19.799999237060546875</ele>
        <time>2025-11-07T01:31:36.000Z</time>
        <extensions>
          <ns3:TrackPointExtension>
            <ns3:hr>137</ns3:hr>
            <ns3:cad>68</ns3:cad>
          </ns3:TrackPointExtension>
        </extensions>
      </trkpt>
      <trkpt lat="30.5150539241731166839599609375" lon="114.22519675455987453460693359375">
        <ele>20</ele>
        <time>2025-11-07T01:31:37.000Z</time>
        <extensions>
          <ns3:TrackPointExtension>
            <ns3:hr>137</ns3:hr>
            <ns3:cad>80</ns3:cad>
          </ns3:TrackPointExtension>
        </extensions>
      </trkpt>
      <trkpt lat="30.5150539241731166839599609375" lon="114.22519675455987453460693359375">
        <ele>20</ele>
        <time>2025-11-07T01:31:38.000Z</time>
        <extensions>
          <ns3:TrackPointExtension>
            <ns3:hr>137</ns3:hr>
            <ns3:cad>79</ns3:cad>
          </ns3:TrackPointExtension>
        </extensions>
      </trkpt>
      <trkpt lat="30.51505434326827526092529296875" lon="114.22518049366772174835205078125">
        <ele>20</ele>
        <time>2025-11-07T01:31:39.000Z</time>
        <extensions>
          <ns3:TrackPointExtension>
            <ns3:hr>136</ns3:hr>
            <ns3:cad>76</ns3:cad>
          </ns3:TrackPointExtension>
        </extensions>
      </trkpt>
      <trkpt lat="30.51504931412637233734130859375" lon="114.2251369915902614593505859375">
        <ele>19.799999237060546875</ele>
        <time>2025-11-07T01:31:40.000Z</time>
        <extensions>
          <ns3:TrackPointExtension>
            <ns3:hr>139</ns3:hr>
            <ns3:cad>76</ns3:cad>
          </ns3:TrackPointExtension>
        </extensions>
      </trkpt>
      <trkpt lat="30.5150480568408966064453125" lon="114.22511444427073001861572265625">
        <ele>19.799999237060546875</ele>
        <time>2025-11-07T01:31:41.000Z</time>
        <extensions>
          <ns3:TrackPointExtension>
            <ns3:hr>139</ns3:hr>
            <ns3:cad>81</ns3:cad>
          </ns3:TrackPointExtension>
        </extensions>
      </trkpt>
      <trkpt lat="30.51504579372704029083251953125" lon="114.2250883765518665313720703125">
        <ele>19.799999237060546875</ele>
        <time>2025-11-07T01:31:42.000Z</time>
        <extensions>
          <ns3:TrackPointExtension>
            <ns3:hr>137</ns3:hr>
            <ns3:cad>88</ns3:cad>
          </ns3:TrackPointExtension>
        </extensions>
      </trkpt>
      <trkpt lat="30.51504462026059627532958984375" lon="114.22506331466138362884521484375">
        <ele>19.799999237060546875</ele>
        <time>2025-11-07T01:31:43.000Z</time>
        <extensions>
          <ns3:TrackPointExtension>
            <ns3:hr>136</ns3:hr>
            <ns3:cad>92</ns3:cad>
          </ns3:TrackPointExtension>
        </extensions>
      </trkpt>
      <trkpt lat="30.5150418542325496673583984375" lon="114.225038588047027587890625">
        <ele>19.799999237060546875</ele>
        <time>2025-11-07T01:31:44.000Z</time>
        <extensions>
          <ns3:TrackPointExtension>
            <ns3:hr>135</ns3:hr>
            <ns3:cad>94</ns3:cad>
          </ns3:TrackPointExtension>
        </extensions>
      </trkpt>
      <trkpt lat="30.51504126749932765960693359375" lon="114.22500732354819774627685546875">
        <ele>19.799999237060546875</ele>
        <time>2025-11-07T01:31:45.000Z</time>
        <extensions>
          <ns3:TrackPointExtension>
            <ns3:hr>134</ns3:hr>
            <ns3:cad>95</ns3:cad>
          </ns3:TrackPointExtension>
        </extensions>
      </trkpt>
      <trkpt lat="30.5150381661951541900634765625" lon="114.224975220859050750732421875">
        <ele>19.799999237060546875</ele>
        <time>2025-11-07T01:31:46.000Z</time>
        <extensions>
          <ns3:TrackPointExtension>
            <ns3:hr>134</ns3:hr>
            <ns3:cad>95</ns3:cad>
          </ns3:TrackPointExtension>
        </extensions>
      </trkpt>
      <trkpt lat="30.51503020338714122772216796875" lon="114.2249380052089691162109375">
        <ele>19.799999237060546875</ele>
        <time>2025-11-07T01:31:47.000Z</time>
        <extensions>
          <ns3:TrackPointExtension>
            <ns3:hr>134</ns3:hr>
            <ns3:cad>95</ns3:cad>
          </ns3:TrackPointExtension>
        </extensions>
      </trkpt>
      <trkpt lat="30.51503020338714122772216796875" lon="114.2249380052089691162109375">
        <ele>20</ele>
        <time>2025-11-07T01:31:48.000Z</time>
        <extensions>
          <ns3:TrackPointExtension>
            <ns3:hr>134</ns3:hr>
            <ns3:cad>94</ns3:cad>
          </ns3:TrackPointExtension>
        </extensions>
      </trkpt>
      <trkpt lat="30.515022575855255126953125" lon="114.2248674295842647552490234375">
        <ele>20.200000762939453125</ele>
        <time>2025-11-07T01:31:49.000Z</time>
        <extensions>
          <ns3:TrackPointExtension>
            <ns3:hr>134</ns3:hr>
            <ns3:cad>94</ns3:cad>
          </ns3:TrackPointExtension>
        </extensions>
      </trkpt>
      <trkpt lat="30.5150177143514156341552734375" lon="114.22484136186540126800537109375">
        <ele>20.3999996185302734375</ele>
        <time>2025-11-07T01:31:50.000Z</time>
        <extensions>
          <ns3:TrackPointExtension>
            <ns3:hr>134</ns3:hr>
            <ns3:cad>93</ns3:cad>
          </ns3:TrackPointExtension>
        </extensions>
      </trkpt>
      <trkpt lat="30.51500086672604084014892578125" lon="114.2248280346393585205078125">
        <ele>20.3999996185302734375</ele>
        <time>2025-11-07T01:31:51.000Z</time>
        <extensions>
          <ns3:TrackPointExtension>
            <ns3:hr>134</ns3:hr>
            <ns3:cad>93</ns3:cad>
          </ns3:TrackPointExtension>
        </extensions>
      </trkpt>
      <trkpt lat="30.5149838514626026153564453125" lon="114.22483063302934169769287109375">
        <ele>20.200000762939453125</ele>
        <time>2025-11-07T01:31:52.000Z</time>
        <extensions>
          <ns3:TrackPointExtension>
            <ns3:hr>135</ns3:hr>
            <ns3:cad>93</ns3:cad>
          </ns3:TrackPointExtension>
        </extensions>
      </trkpt>
      <trkpt lat="30.5149778164923191070556640625" lon="114.2248520068824291229248046875">
        <ele>20.200000762939453125</ele>
        <time>2025-11-07T01:31:53.000Z</time>
        <extensions>
          <ns3:TrackPointExtension>
            <ns3:hr>136</ns3:hr>
            <ns3:cad>91</ns3:cad>
          </ns3:TrackPointExtension>
        </extensions>
      </trkpt>
      <trkpt lat="30.51496767438948154449462890625" lon="114.22487254254519939422607421875">
        <ele>20</ele>
        <time>2025-11-07T01:31:54.000Z</time>
        <extensions>
          <ns3:TrackPointExtension>
            <ns3:hr>136</ns3:hr>
            <ns3:cad>90</ns3:cad>
          </ns3:TrackPointExtension>
        </extensions>
      </trkpt>
      <trkpt lat="30.51496767438948154449462890625" lon="114.22487254254519939422607421875">
        <ele>20</ele>
        <time>2025-11-07T01:31:55.000Z</time>
        <extensions>
          <ns3:TrackPointExtension>
            <ns3:hr>136</ns3:hr>
            <ns3:cad>91</ns3:cad>
          </ns3:TrackPointExtension>
        </extensions>
      </trkpt>
      <trkpt lat="30.51496230997145175933837890625" lon="114.22489752061665058135986328125">
        <ele>20</ele>
        <time>2025-11-07T01:31:56.000Z</time>
        <extensions>
          <ns3:TrackPointExtension>
            <ns3:hr>136</ns3:hr>
            <ns3:cad>93</ns3:cad>
          </ns3:TrackPointExtension>
        </extensions>
      </trkpt>
      <trkpt lat="30.51493414677679538726806640625" lon="114.2249522544443607330322265625">
        <ele>20</ele>
        <time>2025-11-07T01:31:57.000Z</time>
        <extensions>
          <ns3:TrackPointExtension>
            <ns3:hr>136</ns3:hr>
            <ns3:cad>94</ns3:cad>
          </ns3:TrackPointExtension>
        </extensions>
      </trkpt>
      <trkpt lat="30.51491755060851573944091796875" lon="114.22498620115220546722412109375">
        <ele>19.799999237060546875</ele>
        <time>2025-11-07T01:31:58.000Z</time>
        <extensions>
          <ns3:TrackPointExtension>
            <ns3:hr>135</ns3:hr>
            <ns3:cad>94</ns3:cad>
          </ns3:TrackPointExtension>
        </extensions>
      </trkpt>
      <trkpt lat="30.51491755060851573944091796875" lon="114.22498620115220546722412109375">
        <ele>19.799999237060546875</ele>
        <time>2025-11-07T01:31:59.000Z</time>
        <extensions>
          <ns3:TrackPointExtension>
            <ns3:hr>135</ns3:hr>
            <ns3:cad>93</ns3:cad>
          </ns3:TrackPointExtension>
        </extensions>
      </trkpt>
      <trkpt lat="30.51490430720150470733642578125" lon="114.2250146158039569854736328125">
        <ele>19.799999237060546875</ele>
        <time>2025-11-07T01:32:00.000Z</time>
        <extensions>
          <ns3:TrackPointExtension>
            <ns3:hr>135</ns3:hr>
            <ns3:cad>93</ns3:cad>
          </ns3:TrackPointExtension>
        </extensions>
      </trkpt>
      <trkpt lat="30.51489005796611309051513671875" lon="114.2250454612076282501220703125">
        <ele>19.799999237060546875</ele>
        <time>2025-11-07T01:32:01.000Z</time>
        <extensions>
          <ns3:TrackPointExtension>
            <ns3:hr>135</ns3:hr>
            <ns3:cad>93</ns3:cad>
          </ns3:TrackPointExtension>
        </extensions>
      </trkpt>
      <trkpt lat="30.51486390642821788787841796875" lon="114.22510924749076366424560546875">
        <ele>19.799999237060546875</ele>
        <time>2025-11-07T01:32:02.000Z</time>
        <extensions>
          <ns3:TrackPointExtension>
            <ns3:hr>135</ns3:hr>
            <ns3:cad>95</ns3:cad>
          </ns3:TrackPointExtension>
        </extensions>
      </trkpt>
      <trkpt lat="30.51484932191669940948486328125" lon="114.22513707540929317474365234375">
        <ele>20</ele>
        <time>2025-11-07T01:32:03.000Z</time>
        <extensions>
          <ns3:TrackPointExtension>
            <ns3:hr>136</ns3:hr>
            <ns3:cad>95</ns3:cad>
          </ns3:TrackPointExtension>
        </extensions>
      </trkpt>
      <trkpt lat="30.51483406685292720794677734375" lon="114.225161969661712646484375">
        <ele>20</ele>
        <time>2025-11-07T01:32:04.000Z</time>
        <extensions>
          <ns3:TrackPointExtension>
            <ns3:hr>138</ns3:hr>
            <ns3:cad>94</ns3:cad>
          </ns3:TrackPointExtension>
        </extensions>
      </trkpt>
      <trkpt lat="30.51482048816978931427001953125" lon="114.22519189305603504180908203125">
        <ele>20</ele>
        <time>2025-11-07T01:32:05.000Z</time>
        <extensions>
          <ns3:TrackPointExtension>
            <ns3:hr>138</ns3:hr>
            <ns3:cad>94</ns3:cad>
          </ns3:TrackPointExtension>
        </extensions>
      </trkpt>
      <trkpt lat="30.51480908878147602081298828125" lon="114.22521955333650112152099609375">
        <ele>20</ele>
        <time>2025-11-07T01:32:06.000Z</time>
        <extensions>
          <ns3:TrackPointExtension>
            <ns3:hr>138</ns3:hr>
            <ns3:cad>94</ns3:cad>
          </ns3:TrackPointExtension>
        </extensions>
      </trkpt>
      <trkpt lat="30.51479517482221126556396484375" lon="114.2252489738166332244873046875">
        <ele>20</ele>
        <time>2025-11-07T01:32:07.000Z</time>
        <extensions>
          <ns3:TrackPointExtension>
            <ns3:hr>139</ns3:hr>
            <ns3:cad>94</ns3:cad>
          </ns3:TrackPointExtension>
        </extensions>
      </trkpt>
      <trkpt lat="30.51478394307196140289306640625" lon="114.225274287164211273193359375">
        <ele>19.799999237060546875</ele>
        <time>2025-11-07T01:32:08.000Z</time>
        <extensions>
          <ns3:TrackPointExtension>
            <ns3:hr>140</ns3:hr>
            <ns3:cad>94</ns3:cad>
          </ns3:TrackPointExtension>
        </extensions>
      </trkpt>
      <trkpt lat="30.514770783483982086181640625" lon="114.22530219890177249908447265625">
        <ele>19.799999237060546875</ele>
        <time>2025-11-07T01:32:09.000Z</time>
        <extensions>
          <ns3:TrackPointExtension>
            <ns3:hr>140</ns3:hr>
            <ns3:cad>94</ns3:cad>
          </ns3:TrackPointExtension>
        </extensions>
      </trkpt>
      <trkpt lat="30.514758713543415069580078125" lon="114.22532516531646251678466796875">
        <ele>19.799999237060546875</ele>
        <time>2025-11-07T01:32:10.000Z</time>
        <extensions>
          <ns3:TrackPointExtension>
            <ns3:hr>141</ns3:hr>
            <ns3:cad>93</ns3:cad>
          </ns3:TrackPointExtension>
        </extensions>
      </trkpt>
      <trkpt lat="30.514758713543415069580078125" lon="114.22532516531646251678466796875">
        <ele>20</ele>
        <time>2025-11-07T01:32:11.000Z</time>
        <extensions>
          <ns3:TrackPointExtension>
            <ns3:hr>141</ns3:hr>
            <ns3:cad>92</ns3:cad>
          </ns3:TrackPointExtension>
        </extensions>
      </trkpt>
      <trkpt lat="30.514739267528057098388671875" lon="114.22534528188407421112060546875">
        <ele>20</ele>
        <time>2025-11-07T01:32:12.000Z</time>
        <extensions>
          <ns3:TrackPointExtension>
            <ns3:hr>141</ns3:hr>
            <ns3:cad>91</ns3:cad>
          </ns3:TrackPointExtension>
        </extensions>
      </trkpt>
      <trkpt lat="30.51472074352204799652099609375" lon="114.2253644764423370361328125">
        <ele>20</ele>
        <time>2025-11-07T01:32:13.000Z</time>
        <extensions>
          <ns3:TrackPointExtension>
            <ns3:hr>141</ns3:hr>
            <ns3:cad>92</ns3:cad>
          </ns3:TrackPointExtension>
        </extensions>
      </trkpt>
      <trkpt lat="30.51470448262989521026611328125" lon="114.22538702376186847686767578125">
        <ele>20</ele>
        <time>2025-11-07T01:32:14.000Z</time>
        <extensions>
          <ns3:TrackPointExtension>
            <ns3:hr>142</ns3:hr>
            <ns3:cad>91</ns3:cad>
          </ns3:TrackPointExtension>
        </extensions>
      </trkpt>
      <trkpt lat="30.5146693624556064605712890625" lon="114.225430525839328765869140625">
        <ele>20</ele>
        <time>2025-11-07T01:32:15.000Z</time>
        <extensions>
          <ns3:TrackPointExtension>
            <ns3:hr>141</ns3:hr>
            <ns3:cad>91</ns3:cad>
          </ns3:TrackPointExtension>
        </extensions>
      </trkpt>
      <trkpt lat="30.51464907824993133544921875" lon="114.22545106150209903717041015625">
        <ele>20</ele>
        <time>2025-11-07T01:32:16.000Z</time>
        <extensions>
          <ns3:TrackPointExtension>
            <ns3:hr>141</ns3:hr>
            <ns3:cad>92</ns3:cad>
          </ns3:TrackPointExtension>
        </extensions>
      </trkpt>
      <trkpt lat="30.51462820731103420257568359375" lon="114.2254682444036006927490234375">
        <ele>19.799999237060546875</ele>
        <time>2025-11-07T01:32:17.000Z</time>
        <extensions>
          <ns3:TrackPointExtension>
            <ns3:hr>141</ns3:hr>
            <ns3:cad>92</ns3:cad>
          </ns3:TrackPointExtension>
        </extensions>
      </trkpt>
      <trkpt lat="30.51460406742990016937255859375" lon="114.225487522780895233154296875">
        <ele>19.799999237060546875</ele>
        <time>2025-11-07T01:32:18.000Z</time>
        <extensions>
          <ns3:TrackPointExtension>
            <ns3:hr>141</ns3:hr>
            <ns3:cad>91</ns3:cad>
          </ns3:TrackPointExtension>
        </extensions>
      </trkpt>
      <trkpt lat="30.51458160392940044403076171875" lon="114.22550872899591922760009765625">
        <ele>20</ele>
        <time>2025-11-07T01:32:19.000Z</time>
        <extensions>
          <ns3:TrackPointExtension>
            <ns3:hr>141</ns3:hr>
            <ns3:cad>91</ns3:cad>
          </ns3:TrackPointExtension>
        </extensions>
      </trkpt>
      <trkpt lat="30.51455880515277385711669921875" lon="114.225531108677387237548828125">
        <ele>20</ele>
        <time>2025-11-07T01:32:20.000Z</time>
        <extensions>
          <ns3:TrackPointExtension>
            <ns3:hr>142</ns3:hr>
            <ns3:cad>91</ns3:cad>
          </ns3:TrackPointExtension>
        </extensions>
      </trkpt>
      <trkpt lat="30.514539442956447601318359375" lon="114.225549884140491485595703125">
        <ele>20</ele>
        <time>2025-11-07T01:32:21.000Z</time>
        <extensions>
          <ns3:TrackPointExtension>
            <ns3:hr>142</ns3:hr>
            <ns3:cad>92</ns3:cad>
          </ns3:TrackPointExtension>
        </extensions>
      </trkpt>
      <trkpt lat="30.51451421342790126800537109375" lon="114.22557033598423004150390625">
        <ele>20</ele>
        <time>2025-11-07T01:32:22.000Z</time>
        <extensions>
          <ns3:TrackPointExtension>
            <ns3:hr>142</ns3:hr>
            <ns3:cad>92</ns3:cad>
          </ns3:TrackPointExtension>
        </extensions>
      </trkpt>
      <trkpt lat="30.51449258811771869659423828125" lon="114.2255859263241291046142578125">
        <ele>20</ele>
        <time>2025-11-07T01:32:23.000Z</time>
        <extensions>
          <ns3:TrackPointExtension>
            <ns3:hr>142</ns3:hr>
            <ns3:cad>91</ns3:cad>
          </ns3:TrackPointExtension>
        </extensions>
      </trkpt>
      <trkpt lat="30.51449258811771869659423828125" lon="114.2255859263241291046142578125">
        <ele>20</ele>
        <time>2025-11-07T01:32:24.000Z</time>
        <extensions>
          <ns3:TrackPointExtension>
            <ns3:hr>143</ns3:hr>
            <ns3:cad>91</ns3:cad>
          </ns3:TrackPointExtension>
        </extensions>
      </trkpt>
      <trkpt lat="30.51446911878883838653564453125" lon="114.2256047017872333526611328125">
        <ele>19.799999237060546875</ele>
        <time>2025-11-07T01:32:25.000Z</time>
        <extensions>
          <ns3:TrackPointExtension>
            <ns3:hr>143</ns3:hr>
            <ns3:cad>92</ns3:cad>
          </ns3:TrackPointExtension>
        </extensions>
      </trkpt>
      <trkpt lat="30.51442737691104412078857421875" lon="114.22564200125634670257568359375">
        <ele>19.799999237060546875</ele>
        <time>2025-11-07T01:32:26.000Z</time>
        <extensions>
          <ns3:TrackPointExtension>
            <ns3:hr>144</ns3:hr>
            <ns3:cad>91</ns3:cad>
          </ns3:TrackPointExtension>
        </extensions>
      </trkpt>
      <trkpt lat="30.51442737691104412078857421875" lon="114.22564200125634670257568359375">
        <ele>19.799999237060546875</ele>
        <time>2025-11-07T01:32:27.000Z</time>
        <extensions>
          <ns3:TrackPointExtension>
            <ns3:hr>144</ns3:hr>
            <ns3:cad>91</ns3:cad>
          </ns3:TrackPointExtension>
        </extensions>
      </trkpt>
      <trkpt lat="30.51439066417515277862548828125" lon="114.2256922088563442230224609375">
        <ele>19.799999237060546875</ele>
        <time>2025-11-07T01:32:28.000Z</time>
        <extensions>
          <ns3:TrackPointExtension>
            <ns3:hr>144</ns3:hr>
            <ns3:cad>92</ns3:cad>
          </ns3:TrackPointExtension>
        </extensions>
      </trkpt>
      <trkpt lat="30.51439066417515277862548828125" lon="114.2256922088563442230224609375">
        <ele>19.799999237060546875</ele>
        <time>2025-11-07T01:32:29.000Z</time>
        <extensions>
          <ns3:TrackPointExtension>
            <ns3:hr>145</ns3:hr>
            <ns3:cad>92</ns3:cad>
          </ns3:TrackPointExtension>
        </extensions>
      </trkpt>
      <trkpt lat="30.51437322981655597686767578125" lon="114.2257160134613513946533203125">
        <ele>19.799999237060546875</ele>
        <time>2025-11-07T01:32:30.000Z</time>
        <extensions>
          <ns3:TrackPointExtension>
            <ns3:hr>145</ns3:hr>
            <ns3:cad>93</ns3:cad>
          </ns3:TrackPointExtension>
        </extensions>
      </trkpt>
      <trkpt lat="30.5143404565751552581787109375" lon="114.22576672397553920745849609375">
        <ele>19.799999237060546875</ele>
        <time>2025-11-07T01:32:31.000Z</time>
        <extensions>
          <ns3:TrackPointExtension>
            <ns3:hr>145</ns3:hr>
            <ns3:cad>94</ns3:cad>
          </ns3:TrackPointExtension>
        </extensions>
      </trkpt>
      <trkpt lat="30.51432712934911251068115234375" lon="114.22579321078956127166748046875">
        <ele>19.799999237060546875</ele>
        <time>2025-11-07T01:32:32.000Z</time>
        <extensions>
          <ns3:TrackPointExtension>
            <ns3:hr>145</ns3:hr>
            <ns3:cad>94</ns3:cad>
          </ns3:TrackPointExtension>
        </extensions>
      </trkpt>
      <trkpt lat="30.51431220956146717071533203125" lon="114.22582170926034450531005859375">
        <ele>19.799999237060546875</ele>
        <time>2025-11-07T01:32:33.000Z</time>
        <extensions>
          <ns3:TrackPointExtension>
            <ns3:hr>146</ns3:hr>
            <ns3:cad>94</ns3:cad>
          </ns3:TrackPointExtension>
        </extensions>
      </trkpt>
      <trkpt lat="30.5142988823354244232177734375" lon="114.22585037536919116973876953125">
        <ele>19.799999237060546875</ele>
        <time>2025-11-07T01:32:34.000Z</time>
        <extensions>
          <ns3:TrackPointExtension>
            <ns3:hr>145</ns3:hr>
            <ns3:cad>94</ns3:cad>
          </ns3:TrackPointExtension>
        </extensions>
      </trkpt>
      <trkpt lat="30.5142988823354244232177734375" lon="114.22585037536919116973876953125">
        <ele>19.799999237060546875</ele>
        <time>2025-11-07T01:32:35.000Z</time>
        <extensions>
          <ns3:TrackPointExtension>
            <ns3:hr>145</ns3:hr>
            <ns3:cad>95</ns3:cad>
          </ns3:TrackPointExtension>
        </extensions>
      </trkpt>
      <trkpt lat="30.51428295671939849853515625" lon="114.22587920911610126495361328125">
        <ele>19.799999237060546875</ele>
        <time>2025-11-07T01:32:36.000Z</time>
        <extensions>
          <ns3:TrackPointExtension>
            <ns3:hr>145</ns3:hr>
            <ns3:cad>95</ns3:cad>
          </ns3:TrackPointExtension>
        </extensions>
      </trkpt>
      <trkpt lat="30.5142609961330890655517578125" lon="114.22594048082828521728515625">
        <ele>19.799999237060546875</ele>
        <time>2025-11-07T01:32:37.000Z</time>
        <extensions>
          <ns3:TrackPointExtension>
            <ns3:hr>146</ns3:hr>
            <ns3:cad>95</ns3:cad>
          </ns3:TrackPointExtension>
        </extensions>
      </trkpt>
      <trkpt lat="30.51425278186798095703125" lon="114.22597509808838367462158203125">
        <ele>19.799999237060546875</ele>
        <time>2025-11-07T01:32:38.000Z</time>
        <extensions>
          <ns3:TrackPointExtension>
            <ns3:hr>146</ns3:hr>
            <ns3:cad>95</ns3:cad>
          </ns3:TrackPointExtension>
        </extensions>
      </trkpt>
      <trkpt lat="30.5142455734312534332275390625" lon="114.2260055243968963623046875">
        <ele>19.799999237060546875</ele>
        <time>2025-11-07T01:32:39.000Z</time>
        <extensions>
          <ns3:TrackPointExtension>
            <ns3:hr>146</ns3:hr>
            <ns3:cad>95</ns3:cad>
          </ns3:TrackPointExtension>
        </extensions>
      </trkpt>
      <trkpt lat="30.51423794589936733245849609375" lon="114.22603880055248737335205078125">
        <ele>19.799999237060546875</ele>
        <time>2025-11-07T01:32:40.000Z</time>
        <extensions>
          <ns3:TrackPointExtension>
            <ns3:hr>145</ns3:hr>
            <ns3:cad>94</ns3:cad>
          </ns3:TrackPointExtension>
        </extensions>
      </trkpt>
      <trkpt lat="30.514233671128749847412109375" lon="114.22607299871742725372314453125">
        <ele>19.799999237060546875</ele>
        <time>2025-11-07T01:32:41.000Z</time>
        <extensions>
          <ns3:TrackPointExtension>
            <ns3:hr>146</ns3:hr>
            <ns3:cad>94</ns3:cad>
          </ns3:TrackPointExtension>
        </extensions>
      </trkpt>
      <trkpt lat="30.51422788761556148529052734375" lon="114.22610384412109851837158203125">
        <ele>19.799999237060546875</ele>
        <time>2025-11-07T01:32:42.000Z</time>
        <extensions>
          <ns3:TrackPointExtension>
            <ns3:hr>146</ns3:hr>
            <ns3:cad>94</ns3:cad>
          </ns3:TrackPointExtension>
        </extensions>
      </trkpt>
      <trkpt lat="30.51422788761556148529052734375" lon="114.22610384412109851837158203125">
        <ele>19.799999237060546875</ele>
        <time>2025-11-07T01:32:43.000Z</time>
        <extensions>
          <ns3:TrackPointExtension>
            <ns3:hr>146</ns3:hr>
            <ns3:cad>94</ns3:cad>
          </ns3:TrackPointExtension>
        </extensions>
      </trkpt>
      <trkpt lat="30.51422637887299060821533203125" lon="114.22617106698453426361083984375">
        <ele>19.6000003814697265625</ele>
        <time>2025-11-07T01:32:44.000Z</time>
        <extensions>
          <ns3:TrackPointExtension>
            <ns3:hr>147</ns3:hr>
            <ns3:cad>94</ns3:cad>
          </ns3:TrackPointExtension>
        </extensions>
      </trkpt>
      <trkpt lat="30.51422688178718090057373046875" lon="114.22620358876883983612060546875">
        <ele>19.799999237060546875</ele>
        <time>2025-11-07T01:32:45.000Z</time>
        <extensions>
          <ns3:TrackPointExtension>
            <ns3:hr>147</ns3:hr>
            <ns3:cad>94</ns3:cad>
          </ns3:TrackPointExtension>
        </extensions>
      </trkpt>
      <trkpt lat="30.51422688178718090057373046875" lon="114.22620358876883983612060546875">
        <ele>19.799999237060546875</ele>
        <time>2025-11-07T01:32:46.000Z</time>
        <extensions>
          <ns3:TrackPointExtension>
            <ns3:hr>147</ns3:hr>
            <ns3:cad>94</ns3:cad>
          </ns3:TrackPointExtension>
        </extensions>
      </trkpt>
      <trkpt lat="30.514226295053958892822265625" lon="114.2262316681444644927978515625">
        <ele>19.799999237060546875</ele>
        <time>2025-11-07T01:32:47.000Z</time>
        <extensions>
          <ns3:TrackPointExtension>
            <ns3:hr>148</ns3:hr>
            <ns3:cad>94</ns3:cad>
          </ns3:TrackPointExtension>
        </extensions>
      </trkpt>
      <trkpt lat="30.514228977262973785400390625" lon="114.226264692842960357666015625">
        <ele>19.799999237060546875</ele>
        <time>2025-11-07T01:32:48.000Z</time>
        <extensions>
          <ns3:TrackPointExtension>
            <ns3:hr>148</ns3:hr>
            <ns3:cad>94</ns3:cad>
          </ns3:TrackPointExtension>
        </extensions>
      </trkpt>
      <trkpt lat="30.5142318271100521087646484375" lon="114.22629461623728275299072265625">
        <ele>19.799999237060546875</ele>
        <time>2025-11-07T01:32:49.000Z</time>
        <extensions>
          <ns3:TrackPointExtension>
            <ns3:hr>148</ns3:hr>
            <ns3:cad>94</ns3:cad>
          </ns3:TrackPointExtension>
        </extensions>
      </trkpt>
      <trkpt lat="30.51423341967165470123291015625" lon="114.22636217437684535980224609375">
        <ele>19.799999237060546875</ele>
        <time>2025-11-07T01:32:50.000Z</time>
        <extensions>
          <ns3:TrackPointExtension>
            <ns3:hr>148</ns3:hr>
            <ns3:cad>94</ns3:cad>
          </ns3:TrackPointExtension>
        </extensions>
      </trkpt>
      <trkpt lat="30.51423467695713043212890625" lon="114.226396121084690093994140625">
        <ele>19.799999237060546875</ele>
        <time>2025-11-07T01:32:51.000Z</time>
        <extensions>
          <ns3:TrackPointExtension>
            <ns3:hr>148</ns3:hr>
            <ns3:cad>95</ns3:cad>
          </ns3:TrackPointExtension>
        </extensions>
      </trkpt>
      <trkpt lat="30.5142371915280818939208984375" lon="114.2264306545257568359375">
        <ele>19.799999237060546875</ele>
        <time>2025-11-07T01:32:52.000Z</time>
        <extensions>
          <ns3:TrackPointExtension>
            <ns3:hr>148</ns3:hr>
            <ns3:cad>94</ns3:cad>
          </ns3:TrackPointExtension>
        </extensions>
      </trkpt>
      <trkpt lat="30.51423593424260616302490234375" lon="114.22646242193877696990966796875">
        <ele>20</ele>
        <time>2025-11-07T01:32:53.000Z</time>
        <extensions>
          <ns3:TrackPointExtension>
            <ns3:hr>148</ns3:hr>
            <ns3:cad>96</ns3:cad>
          </ns3:TrackPointExtension>
        </extensions>
      </trkpt>
      <trkpt lat="30.51423358730971813201904296875" lon="114.22649812884628772735595703125">
        <ele>20</ele>
        <time>2025-11-07T01:32:54.000Z</time>
        <extensions>
          <ns3:TrackPointExtension>
            <ns3:hr>148</ns3:hr>
            <ns3:cad>96</ns3:cad>
          </ns3:TrackPointExtension>
        </extensions>
      </trkpt>
      <trkpt lat="30.514227636158466339111328125" lon="114.22653266228735446929931640625">
        <ele>20</ele>
        <time>2025-11-07T01:32:55.000Z</time>
        <extensions>
          <ns3:TrackPointExtension>
            <ns3:hr>148</ns3:hr>
            <ns3:cad>95</ns3:cad>
          </ns3:TrackPointExtension>
        </extensions>
      </trkpt>
      <trkpt lat="30.51422168500721454620361328125" lon="114.22656300477683544158935546875">
        <ele>20</ele>
        <time>2025-11-07T01:32:56.000Z</time>
        <extensions>
          <ns3:TrackPointExtension>
            <ns3:hr>148</ns3:hr>
            <ns3:cad>95</ns3:cad>
          </ns3:TrackPointExtension>
        </extensions>
      </trkpt>
      <trkpt lat="30.51421414129436016082763671875" lon="114.22659636475145816802978515625">
        <ele>20</ele>
        <time>2025-11-07T01:32:57.000Z</time>
        <extensions>
          <ns3:TrackPointExtension>
            <ns3:hr>148</ns3:hr>
            <ns3:cad>94</ns3:cad>
          </ns3:TrackPointExtension>
        </extensions>
      </trkpt>
      <trkpt lat="30.51420642994344234466552734375" lon="114.226629473268985748291015625">
        <ele>20</ele>
        <time>2025-11-07T01:32:58.000Z</time>
        <extensions>
          <ns3:TrackPointExtension>
            <ns3:hr>148</ns3:hr>
            <ns3:cad>94</ns3:cad>
          </ns3:TrackPointExtension>
        </extensions>
      </trkpt>
      <trkpt lat="30.5141959525644779205322265625" lon="114.22666409052908420562744140625">
        <ele>20</ele>
        <time>2025-11-07T01:32:59.000Z</time>
        <extensions>
          <ns3:TrackPointExtension>
            <ns3:hr>148</ns3:hr>
            <ns3:cad>94</ns3:cad>
          </ns3:TrackPointExtension>
        </extensions>
      </trkpt>
      <trkpt lat="30.51418463699519634246826171875" lon="114.22669284045696258544921875">
        <ele>20</ele>
        <time>2025-11-07T01:33:00.000Z</time>
        <extensions>
          <ns3:TrackPointExtension>
            <ns3:hr>148</ns3:hr>
            <ns3:cad>94</ns3:cad>
          </ns3:TrackPointExtension>
        </extensions>
      </trkpt>
      <trkpt lat="30.51418463699519634246826171875" lon="114.22669284045696258544921875">
        <ele>20</ele>
        <time>2025-11-07T01:33:01.000Z</time>
        <extensions>
          <ns3:TrackPointExtension>
            <ns3:hr>148</ns3:hr>
            <ns3:cad>94</ns3:cad>
          </ns3:TrackPointExtension>
        </extensions>
      </trkpt>
      <trkpt lat="30.514172650873661041259765625" lon="114.22672678716480731964111328125">
        <ele>20</ele>
        <time>2025-11-07T01:33:02.000Z</time>
        <extensions>
          <ns3:TrackPointExtension>
            <ns3:hr>148</ns3:hr>
            <ns3:cad>94</ns3:cad>
          </ns3:TrackPointExtension>
        </extensions>
      </trkpt>
      <trkpt lat="30.51415898837149143218994140625" lon="114.2267603985965251922607421875">
        <ele>20</ele>
        <time>2025-11-07T01:33:03.000Z</time>
        <extensions>
          <ns3:TrackPointExtension>
            <ns3:hr>148</ns3:hr>
            <ns3:cad>94</ns3:cad>
          </ns3:TrackPointExtension>
        </extensions>
      </trkpt>
      <trkpt lat="30.51414105109870433807373046875" lon="114.22678780741989612579345703125">
        <ele>20</ele>
        <time>2025-11-07T01:33:04.000Z</time>
        <extensions>
          <ns3:TrackPointExtension>
            <ns3:hr>147</ns3:hr>
            <ns3:cad>94</ns3:cad>
          </ns3:TrackPointExtension>
        </extensions>
      </trkpt>
      <trkpt lat="30.51410836167633533477783203125" lon="114.22684379853308200836181640625">
        <ele>20</ele>
        <time>2025-11-07T01:33:05.000Z</time>
        <extensions>
          <ns3:TrackPointExtension>
            <ns3:hr>148</ns3:hr>
            <ns3:cad>94</ns3:cad>
          </ns3:TrackPointExtension>
        </extensions>
      </trkpt>
      <trkpt lat="30.51408975385129451751708984375" lon="114.22687112353742122650146484375">
        <ele>20</ele>
        <time>2025-11-07T01:33:06.000Z</time>
        <extensions>
          <ns3:TrackPointExtension>
            <ns3:hr>148</ns3:hr>
            <ns3:cad>94</ns3:cad>
          </ns3:TrackPointExtension>
        </extensions>
      </trkpt>
      <trkpt lat="30.51407399587333202362060546875" lon="114.22689744271337985992431640625">
        <ele>20</ele>
        <time>2025-11-07T01:33:07.000Z</time>
        <extensions>
          <ns3:TrackPointExtension>
            <ns3:hr>147</ns3:hr>
            <ns3:cad>94</ns3:cad>
          </ns3:TrackPointExtension>
        </extensions>
      </trkpt>
      <trkpt lat="30.5140548013150691986083984375" lon="114.226923175156116485595703125">
        <ele>20</ele>
        <time>2025-11-07T01:33:08.000Z</time>
        <extensions>
          <ns3:TrackPointExtension>
            <ns3:hr>148</ns3:hr>
            <ns3:cad>94</ns3:cad>
          </ns3:TrackPointExtension>
        </extensions>
      </trkpt>
      <trkpt lat="30.51403879188001155853271484375" lon="114.2269481532275676727294921875">
        <ele>20.200000762939453125</ele>
        <time>2025-11-07T01:33:09.000Z</time>
        <extensions>
          <ns3:TrackPointExtension>
            <ns3:hr>148</ns3:hr>
            <ns3:cad>94</ns3:cad>
          </ns3:TrackPointExtension>
        </extensions>
      </trkpt>
      <trkpt lat="30.514017753303050994873046875" lon="114.22697070054709911346435546875">
        <ele>20.200000762939453125</ele>
        <time>2025-11-07T01:33:10.000Z</time>
        <extensions>
          <ns3:TrackPointExtension>
            <ns3:hr>147</ns3:hr>
            <ns3:cad>94</ns3:cad>
          </ns3:TrackPointExtension>
        </extensions>
      </trkpt>
      <trkpt lat="30.51399537362158298492431640625" lon="114.2269940860569477081298828125">
        <ele>20.200000762939453125</ele>
        <time>2025-11-07T01:33:11.000Z</time>
        <extensions>
          <ns3:TrackPointExtension>
            <ns3:hr>148</ns3:hr>
            <ns3:cad>93</ns3:cad>
          </ns3:TrackPointExtension>
        </extensions>
      </trkpt>
      <trkpt lat="30.51399537362158298492431640625" lon="114.2269940860569477081298828125">
        <ele>20.200000762939453125</ele>
        <time>2025-11-07T01:33:12.000Z</time>
        <extensions>
          <ns3:TrackPointExtension>
            <ns3:hr>148</ns3:hr>
            <ns3:cad>93</ns3:cad>
          </ns3:TrackPointExtension>
        </extensions>
      </trkpt>
      <trkpt lat="30.51395614631474018096923828125" lon="114.2270463891327381134033203125">
        <ele>20.200000762939453125</ele>
        <time>2025-11-07T01:33:13.000Z</time>
        <extensions>
          <ns3:TrackPointExtension>
            <ns3:hr>148</ns3:hr>
            <ns3:cad>93</ns3:cad>
          </ns3:TrackPointExtension>
        </extensions>
      </trkpt>
      <trkpt lat="30.513938963413238525390625" lon="114.22706969082355499267578125">
        <ele>20.200000762939453125</ele>
        <time>2025-11-07T01:33:14.000Z</time>
        <extensions>
          <ns3:TrackPointExtension>
            <ns3:hr>148</ns3:hr>
            <ns3:cad>93</ns3:cad>
          </ns3:TrackPointExtension>
        </extensions>
      </trkpt>
      <trkpt lat="30.5139200203120708465576171875" lon="114.22709508799016475677490234375">
        <ele>20</ele>
        <time>2025-11-07T01:33:15.000Z</time>
        <extensions>
          <ns3:TrackPointExtension>
            <ns3:hr>149</ns3:hr>
            <ns3:cad>93</ns3:cad>
          </ns3:TrackPointExtension>
        </extensions>
      </trkpt>
      <trkpt lat="30.51390484906733036041259765625" lon="114.2271213233470916748046875">
        <ele>20.200000762939453125</ele>
        <time>2025-11-07T01:33:16.000Z</time>
        <extensions>
          <ns3:TrackPointExtension>
            <ns3:hr>149</ns3:hr>
            <ns3:cad>93</ns3:cad>
          </ns3:TrackPointExtension>
        </extensions>
      </trkpt>
      <trkpt lat="30.51388464868068695068359375" lon="114.227145127952098846435546875">
        <ele>20.200000762939453125</ele>
        <time>2025-11-07T01:33:17.000Z</time>
        <extensions>
          <ns3:TrackPointExtension>
            <ns3:hr>149</ns3:hr>
            <ns3:cad>93</ns3:cad>
          </ns3:TrackPointExtension>
        </extensions>
      </trkpt>
      <trkpt lat="30.51388464868068695068359375" lon="114.227145127952098846435546875">
        <ele>20.200000762939453125</ele>
        <time>2025-11-07T01:33:18.000Z</time>
        <extensions>
          <ns3:TrackPointExtension>
            <ns3:hr>149</ns3:hr>
            <ns3:cad>93</ns3:cad>
          </ns3:TrackPointExtension>
        </extensions>
      </trkpt>
      <trkpt lat="30.51385187543928623199462890625" lon="114.2271969281136989593505859375">
        <ele>20.200000762939453125</ele>
        <time>2025-11-07T01:33:19.000Z</time>
        <extensions>
          <ns3:TrackPointExtension>
            <ns3:hr>149</ns3:hr>
            <ns3:cad>93</ns3:cad>
          </ns3:TrackPointExtension>
        </extensions>
      </trkpt>
      <trkpt lat="30.51385187543928623199462890625" lon="114.2271969281136989593505859375">
        <ele>20.200000762939453125</ele>
        <time>2025-11-07T01:33:20.000Z</time>
        <extensions>
          <ns3:TrackPointExtension>
            <ns3:hr>149</ns3:hr>
            <ns3:cad>93</ns3:cad>
          </ns3:TrackPointExtension>
        </extensions>
      </trkpt>
      <trkpt lat="30.513837374746799468994140625" lon="114.2272245883941650390625">
        <ele>20.200000762939453125</ele>
        <time>2025-11-07T01:33:21.000Z</time>
        <extensions>
          <ns3:TrackPointExtension>
            <ns3:hr>149</ns3:hr>
            <ns3:cad>93</ns3:cad>
          </ns3:TrackPointExtension>
        </extensions>
      </trkpt>
      <trkpt lat="30.51380686461925506591796875" lon="114.227279238402843475341796875">
        <ele>20</ele>
        <time>2025-11-07T01:33:22.000Z</time>
        <extensions>
          <ns3:TrackPointExtension>
            <ns3:hr>149</ns3:hr>
            <ns3:cad>94</ns3:cad>
          </ns3:TrackPointExtension>
        </extensions>
      </trkpt>
      <trkpt lat="30.51380686461925506591796875" lon="114.227279238402843475341796875">
        <ele>20</ele>
        <time>2025-11-07T01:33:23.000Z</time>
        <extensions>
          <ns3:TrackPointExtension>
            <ns3:hr>149</ns3:hr>
            <ns3:cad>94</ns3:cad>
          </ns3:TrackPointExtension>
        </extensions>
      </trkpt>
      <trkpt lat="30.51379303447902202606201171875" lon="114.2273045517504215240478515625">
        <ele>20</ele>
        <time>2025-11-07T01:33:24.000Z</time>
        <extensions>
          <ns3:TrackPointExtension>
            <ns3:hr>149</ns3:hr>
            <ns3:cad>93</ns3:cad>
          </ns3:TrackPointExtension>
        </extensions>
      </trkpt>
      <trkpt lat="30.5137694813311100006103515625" lon="114.22736339271068572998046875">
        <ele>20</ele>
        <time>2025-11-07T01:33:25.000Z</time>
        <extensions>
          <ns3:TrackPointExtension>
            <ns3:hr>149</ns3:hr>
            <ns3:cad>93</ns3:cad>
          </ns3:TrackPointExtension>
        </extensions>
      </trkpt>
      <trkpt lat="30.51375632174313068389892578125" lon="114.22739331610500812530517578125">
        <ele>20</ele>
        <time>2025-11-07T01:33:26.000Z</time>
        <extensions>
          <ns3:TrackPointExtension>
            <ns3:hr>149</ns3:hr>
            <ns3:cad>93</ns3:cad>
          </ns3:TrackPointExtension>
        </extensions>
      </trkpt>
      <trkpt lat="30.51374894566833972930908203125" lon="114.22741980291903018951416015625">
        <ele>20</ele>
        <time>2025-11-07T01:33:27.000Z</time>
        <extensions>
          <ns3:TrackPointExtension>
            <ns3:hr>149</ns3:hr>
            <ns3:cad>93</ns3:cad>
          </ns3:TrackPointExtension>
        </extensions>
      </trkpt>
      <trkpt lat="30.5137379653751850128173828125" lon="114.227450229227542877197265625">
        <ele>20</ele>
        <time>2025-11-07T01:33:28.000Z</time>
        <extensions>
          <ns3:TrackPointExtension>
            <ns3:hr>149</ns3:hr>
            <ns3:cad>93</ns3:cad>
          </ns3:TrackPointExtension>
        </extensions>
      </trkpt>
      <trkpt lat="30.51372916437685489654541015625" lon="114.227475039660930633544921875">
        <ele>20</ele>
        <time>2025-11-07T01:33:29.000Z</time>
        <extensions>
          <ns3:TrackPointExtension>
            <ns3:hr>149</ns3:hr>
            <ns3:cad>93</ns3:cad>
          </ns3:TrackPointExtension>
        </extensions>
      </trkpt>
      <trkpt lat="30.513718686997890472412109375" lon="114.2275035381317138671875">
        <ele>20</ele>
        <time>2025-11-07T01:33:30.000Z</time>
        <extensions>
          <ns3:TrackPointExtension>
            <ns3:hr>148</ns3:hr>
            <ns3:cad>93</ns3:cad>
          </ns3:TrackPointExtension>
        </extensions>
      </trkpt>
      <trkpt lat="30.51371038891375064849853515625" lon="114.22753195278346538543701171875">
        <ele>20</ele>
        <time>2025-11-07T01:33:31.000Z</time>
        <extensions>
          <ns3:TrackPointExtension>
            <ns3:hr>149</ns3:hr>
            <ns3:cad>92</ns3:cad>
          </ns3:TrackPointExtension>
        </extensions>
      </trkpt>
      <trkpt lat="30.5136970616877079010009765625" lon="114.22755919396877288818359375">
        <ele>20</ele>
        <time>2025-11-07T01:33:32.000Z</time>
        <extensions>
          <ns3:TrackPointExtension>
            <ns3:hr>148</ns3:hr>
            <ns3:cad>92</ns3:cad>
          </ns3:TrackPointExtension>
        </extensions>
      </trkpt>
      <trkpt lat="30.5136970616877079010009765625" lon="114.22755919396877288818359375">
        <ele>20</ele>
        <time>2025-11-07T01:33:33.000Z</time>
        <extensions>
          <ns3:TrackPointExtension>
            <ns3:hr>148</ns3:hr>
            <ns3:cad>92</ns3:cad>
          </ns3:TrackPointExtension>
        </extensions>
      </trkpt>
      <trkpt lat="30.5136826448142528533935546875" lon="114.22758559696376323699951171875">
        <ele>20</ele>
        <time>2025-11-07T01:33:34.000Z</time>
        <extensions>
          <ns3:TrackPointExtension>
            <ns3:hr>148</ns3:hr>
            <ns3:cad>92</ns3:cad>
          </ns3:TrackPointExtension>
        </extensions>
      </trkpt>
      <trkpt lat="30.5136667191982269287109375" lon="114.227609150111675262451171875">
        <ele>19.799999237060546875</ele>
        <time>2025-11-07T01:33:35.000Z</time>
        <extensions>
          <ns3:TrackPointExtension>
            <ns3:hr>147</ns3:hr>
            <ns3:cad>92</ns3:cad>
          </ns3:TrackPointExtension>
        </extensions>
      </trkpt>
      <trkpt lat="30.51364584825932979583740234375" lon="114.22763370908796787261962890625">
        <ele>19.799999237060546875</ele>
        <time>2025-11-07T01:33:36.000Z</time>
        <extensions>
          <ns3:TrackPointExtension>
            <ns3:hr>147</ns3:hr>
            <ns3:cad>92</ns3:cad>
          </ns3:TrackPointExtension>
        </extensions>
      </trkpt>
      <trkpt lat="30.51362757571041584014892578125" lon="114.227652736008167266845703125">
        <ele>19.799999237060546875</ele>
        <time>2025-11-07T01:33:37.000Z</time>
        <extensions>
          <ns3:TrackPointExtension>
            <ns3:hr>147</ns3:hr>
            <ns3:cad>92</ns3:cad>
          </ns3:TrackPointExtension>
        </extensions>
      </trkpt>
      <trkpt lat="30.51360435783863067626953125" lon="114.22767545096576213836669921875">
        <ele>19.799999237060546875</ele>
        <time>2025-11-07T01:33:38.000Z</time>
        <extensions>
          <ns3:TrackPointExtension>
            <ns3:hr>147</ns3:hr>
            <ns3:cad>92</ns3:cad>
          </ns3:TrackPointExtension>
        </extensions>
      </trkpt>
      <trkpt lat="30.5135830678045749664306640625" lon="114.22769389115273952484130859375">
        <ele>19.799999237060546875</ele>
        <time>2025-11-07T01:33:39.000Z</time>
        <extensions>
          <ns3:TrackPointExtension>
            <ns3:hr>147</ns3:hr>
            <ns3:cad>92</ns3:cad>
          </ns3:TrackPointExtension>
        </extensions>
      </trkpt>
      <trkpt lat="30.513559095561504364013671875" lon="114.227715767920017242431640625">
        <ele>19.799999237060546875</ele>
        <time>2025-11-07T01:33:40.000Z</time>
        <extensions>
          <ns3:TrackPointExtension>
            <ns3:hr>147</ns3:hr>
            <ns3:cad>92</ns3:cad>
          </ns3:TrackPointExtension>
        </extensions>
      </trkpt>
      <trkpt lat="30.51354057155549526214599609375" lon="114.22773261554539203643798828125">
        <ele>19.799999237060546875</ele>
        <time>2025-11-07T01:33:41.000Z</time>
        <extensions>
          <ns3:TrackPointExtension>
            <ns3:hr>147</ns3:hr>
            <ns3:cad>92</ns3:cad>
          </ns3:TrackPointExtension>
        </extensions>
      </trkpt>
      <trkpt lat="30.5135170184075832366943359375" lon="114.22775105573236942291259765625">
        <ele>19.799999237060546875</ele>
        <time>2025-11-07T01:33:42.000Z</time>
        <extensions>
          <ns3:TrackPointExtension>
            <ns3:hr>147</ns3:hr>
            <ns3:cad>92</ns3:cad>
          </ns3:TrackPointExtension>
        </extensions>
      </trkpt>
      <trkpt lat="30.513468571007251739501953125" lon="114.227790199220180511474609375">
        <ele>19.799999237060546875</ele>
        <time>2025-11-07T01:33:43.000Z</time>
        <extensions>
          <ns3:TrackPointExtension>
            <ns3:hr>147</ns3:hr>
            <ns3:cad>92</ns3:cad>
          </ns3:TrackPointExtension>
        </extensions>
      </trkpt>
      <trkpt lat="30.51344619132578372955322265625" lon="114.22781475819647312164306640625">
        <ele>20</ele>
        <time>2025-11-07T01:33:44.000Z</time>
        <extensions>
          <ns3:TrackPointExtension>
            <ns3:hr>147</ns3:hr>
            <ns3:cad>92</ns3:cad>
          </ns3:TrackPointExtension>
        </extensions>
      </trkpt>
      <trkpt lat="30.51344619132578372955322265625" lon="114.22781475819647312164306640625">
        <ele>20</ele>
        <time>2025-11-07T01:33:45.000Z</time>
        <extensions>
          <ns3:TrackPointExtension>
            <ns3:hr>147</ns3:hr>
            <ns3:cad>92</ns3:cad>
          </ns3:TrackPointExtension>
        </extensions>
      </trkpt>
      <trkpt lat="30.51342389546334743499755859375" lon="114.2278339527547359466552734375">
        <ele>20</ele>
        <time>2025-11-07T01:33:46.000Z</time>
        <extensions>
          <ns3:TrackPointExtension>
            <ns3:hr>147</ns3:hr>
            <ns3:cad>93</ns3:cad>
          </ns3:TrackPointExtension>
        </extensions>
      </trkpt>
      <trkpt lat="30.5134065449237823486328125" lon="114.22785264439880847930908203125">
        <ele>20</ele>
        <time>2025-11-07T01:33:47.000Z</time>
        <extensions>
          <ns3:TrackPointExtension>
            <ns3:hr>147</ns3:hr>
            <ns3:cad>93</ns3:cad>
          </ns3:TrackPointExtension>
        </extensions>
      </trkpt>
      <trkpt lat="30.5133889429271221160888671875" lon="114.22787158749997615814208984375">
        <ele>20</ele>
        <time>2025-11-07T01:33:48.000Z</time>
        <extensions>
          <ns3:TrackPointExtension>
            <ns3:hr>147</ns3:hr>
            <ns3:cad>93</ns3:cad>
          </ns3:TrackPointExtension>
        </extensions>
      </trkpt>
      <trkpt lat="30.51336639560759067535400390625" lon="114.22788885422050952911376953125">
        <ele>20.200000762939453125</ele>
        <time>2025-11-07T01:33:49.000Z</time>
        <extensions>
          <ns3:TrackPointExtension>
            <ns3:hr>147</ns3:hr>
            <ns3:cad>93</ns3:cad>
          </ns3:TrackPointExtension>
        </extensions>
      </trkpt>
      <trkpt lat="30.513327419757843017578125" lon="114.2279228009283542633056640625">
        <ele>20.200000762939453125</ele>
        <time>2025-11-07T01:33:50.000Z</time>
        <extensions>
          <ns3:TrackPointExtension>
            <ns3:hr>147</ns3:hr>
            <ns3:cad>94</ns3:cad>
          </ns3:TrackPointExtension>
        </extensions>
      </trkpt>
      <trkpt lat="30.51330772228538990020751953125" lon="114.227940738201141357421875">
        <ele>20.200000762939453125</ele>
        <time>2025-11-07T01:33:51.000Z</time>
        <extensions>
          <ns3:TrackPointExtension>
            <ns3:hr>147</ns3:hr>
            <ns3:cad>93</ns3:cad>
          </ns3:TrackPointExtension>
        </extensions>
      </trkpt>
      <trkpt lat="30.51328693516552448272705078125" lon="114.2279603518545627593994140625">
        <ele>20.200000762939453125</ele>
        <time>2025-11-07T01:33:52.000Z</time>
        <extensions>
          <ns3:TrackPointExtension>
            <ns3:hr>147</ns3:hr>
            <ns3:cad>93</ns3:cad>
          </ns3:TrackPointExtension>
        </extensions>
      </trkpt>
      <trkpt lat="30.51326639950275421142578125" lon="114.2279821448028087615966796875">
        <ele>20</ele>
        <time>2025-11-07T01:33:53.000Z</time>
        <extensions>
          <ns3:TrackPointExtension>
            <ns3:hr>147</ns3:hr>
            <ns3:cad>94</ns3:cad>
          </ns3:TrackPointExtension>
        </extensions>
      </trkpt>
      <trkpt lat="30.51326639950275421142578125" lon="114.2279821448028087615966796875">
        <ele>20</ele>
        <time>2025-11-07T01:33:54.000Z</time>
        <extensions>
          <ns3:TrackPointExtension>
            <ns3:hr>147</ns3:hr>
            <ns3:cad>94</ns3:cad>
          </ns3:TrackPointExtension>
        </extensions>
      </trkpt>
      <trkpt lat="30.513220131397247314453125" lon="114.22802899964153766632080078125">
        <ele>20</ele>
        <time>2025-11-07T01:33:55.000Z</time>
        <extensions>
          <ns3:TrackPointExtension>
            <ns3:hr>147</ns3:hr>
            <ns3:cad>94</ns3:cad>
          </ns3:TrackPointExtension>
        </extensions>
      </trkpt>
      <trkpt lat="30.51319875754415988922119140625" lon="114.228052385151386260986328125">
        <ele>20</ele>
        <time>2025-11-07T01:33:56.000Z</time>
        <extensions>
          <ns3:TrackPointExtension>
            <ns3:hr>147</ns3:hr>
            <ns3:cad>92</ns3:cad>
          </ns3:TrackPointExtension>
        </extensions>
      </trkpt>
      <trkpt lat="30.51317445002496242523193359375" lon="114.22808088362216949462890625">
        <ele>20</ele>
        <time>2025-11-07T01:33:57.000Z</time>
        <extensions>
          <ns3:TrackPointExtension>
            <ns3:hr>147</ns3:hr>
            <ns3:cad>92</ns3:cad>
          </ns3:TrackPointExtension>
        </extensions>
      </trkpt>
      <trkpt lat="30.51315919496119022369384765625" lon="114.22810292802751064300537109375">
        <ele>20</ele>
        <time>2025-11-07T01:33:58.000Z</time>
        <extensions>
          <ns3:TrackPointExtension>
            <ns3:hr>147</ns3:hr>
            <ns3:cad>93</ns3:cad>
          </ns3:TrackPointExtension>
        </extensions>
      </trkpt>
      <trkpt lat="30.51314846612513065338134765625" lon="114.2281249724328517913818359375">
        <ele>20</ele>
        <time>2025-11-07T01:33:59.000Z</time>
        <extensions>
          <ns3:TrackPointExtension>
            <ns3:hr>147</ns3:hr>
            <ns3:cad>92</ns3:cad>
          </ns3:TrackPointExtension>
        </extensions>
      </trkpt>
      <trkpt lat="30.51314846612513065338134765625" lon="114.2281249724328517913818359375">
        <ele>20.200000762939453125</ele>
        <time>2025-11-07T01:34:00.000Z</time>
        <extensions>
          <ns3:TrackPointExtension>
            <ns3:hr>147</ns3:hr>
            <ns3:cad>91</ns3:cad>
          </ns3:TrackPointExtension>
        </extensions>
      </trkpt>
      <trkpt lat="30.51314159296452999114990234375" lon="114.22815003432333469390869140625">
        <ele>20.200000762939453125</ele>
        <time>2025-11-07T01:34:01.000Z</time>
        <extensions>
          <ns3:TrackPointExtension>
            <ns3:hr>147</ns3:hr>
            <ns3:cad>90</ns3:cad>
          </ns3:TrackPointExtension>
        </extensions>
      </trkpt>
      <trkpt lat="30.51314762793481349945068359375" lon="114.22816880978643894195556640625">
        <ele>20.200000762939453125</ele>
        <time>2025-11-07T01:34:02.000Z</time>
        <extensions>
          <ns3:TrackPointExtension>
            <ns3:hr>147</ns3:hr>
            <ns3:cad>88</ns3:cad>
          </ns3:TrackPointExtension>
        </extensions>
      </trkpt>
      <trkpt lat="30.5131401680409908294677734375" lon="114.2281722463667392730712890625">
        <ele>20.200000762939453125</ele>
        <time>2025-11-07T01:34:03.000Z</time>
        <extensions>
          <ns3:TrackPointExtension>
            <ns3:hr>147</ns3:hr>
            <ns3:cad>87</ns3:cad>
          </ns3:TrackPointExtension>
        </extensions>
      </trkpt>
      <trkpt lat="30.513150729238986968994140625" lon="114.2281702347099781036376953125">
        <ele>20.200000762939453125</ele>
        <time>2025-11-07T01:34:04.000Z</time>
        <extensions>
          <ns3:TrackPointExtension>
            <ns3:hr>148</ns3:hr>
            <ns3:cad>86</ns3:cad>
          </ns3:TrackPointExtension>
        </extensions>
      </trkpt>
      <trkpt lat="30.5131679959595203399658203125" lon="114.228179119527339935302734375">
        <ele>20</ele>
        <time>2025-11-07T01:34:05.000Z</time>
        <extensions>
          <ns3:TrackPointExtension>
            <ns3:hr>147</ns3:hr>
            <ns3:cad>91</ns3:cad>
          </ns3:TrackPointExtension>
        </extensions>
      </trkpt>
      <trkpt lat="30.51318467594683170318603515625" lon="114.22819546423852443695068359375">
        <ele>20.200000762939453125</ele>
        <time>2025-11-07T01:34:06.000Z</time>
        <extensions>
          <ns3:TrackPointExtension>
            <ns3:hr>147</ns3:hr>
            <ns3:cad>93</ns3:cad>
          </ns3:TrackPointExtension>
        </extensions>
      </trkpt>
      <trkpt lat="30.51319590769708156585693359375" lon="114.22821792773902416229248046875">
        <ele>20.200000762939453125</ele>
        <time>2025-11-07T01:34:07.000Z</time>
        <extensions>
          <ns3:TrackPointExtension>
            <ns3:hr>148</ns3:hr>
            <ns3:cad>92</ns3:cad>
          </ns3:TrackPointExtension>
        </extensions>
      </trkpt>
      <trkpt lat="30.5131934769451618194580078125" lon="114.2282426543533802032470703125">
        <ele>20.200000762939453125</ele>
        <time>2025-11-07T01:34:08.000Z</time>
        <extensions>
          <ns3:TrackPointExtension>
            <ns3:hr>147</ns3:hr>
            <ns3:cad>92</ns3:cad>
          </ns3:TrackPointExtension>
        </extensions>
      </trkpt>
      <trkpt lat="30.51317788660526275634765625" lon="114.2282641120254993438720703125">
        <ele>20.3999996185302734375</ele>
        <time>2025-11-07T01:34:09.000Z</time>
        <extensions>
          <ns3:TrackPointExtension>
            <ns3:hr>147</ns3:hr>
            <ns3:cad>92</ns3:cad>
          </ns3:TrackPointExtension>
        </extensions>
      </trkpt>
      <trkpt lat="30.51317788660526275634765625" lon="114.2282641120254993438720703125">
        <ele>20.3999996185302734375</ele>
        <time>2025-11-07T01:34:10.000Z</time>
        <extensions>
          <ns3:TrackPointExtension>
            <ns3:hr>147</ns3:hr>
            <ns3:cad>92</ns3:cad>
          </ns3:TrackPointExtension>
        </extensions>
      </trkpt>
      <trkpt lat="30.51316179335117340087890625" lon="114.22828582115471363067626953125">
        <ele>20.3999996185302734375</ele>
        <time>2025-11-07T01:34:11.000Z</time>
        <extensions>
          <ns3:TrackPointExtension>
            <ns3:hr>146</ns3:hr>
            <ns3:cad>92</ns3:cad>
          </ns3:TrackPointExtension>
        </extensions>
      </trkpt>
      <trkpt lat="30.51312935538589954376220703125" lon="114.22832605428993701934814453125">
        <ele>20.3999996185302734375</ele>
        <time>2025-11-07T01:34:12.000Z</time>
        <extensions>
          <ns3:TrackPointExtension>
            <ns3:hr>146</ns3:hr>
            <ns3:cad>91</ns3:cad>
          </ns3:TrackPointExtension>
        </extensions>
      </trkpt>
      <trkpt lat="30.51312935538589954376220703125" lon="114.22832605428993701934814453125">
        <ele>20.3999996185302734375</ele>
        <time>2025-11-07T01:34:13.000Z</time>
        <extensions>
          <ns3:TrackPointExtension>
            <ns3:hr>146</ns3:hr>
            <ns3:cad>90</ns3:cad>
          </ns3:TrackPointExtension>
        </extensions>
      </trkpt>
      <trkpt lat="30.51311410032212734222412109375" lon="114.2283435724675655364990234375">
        <ele>20.3999996185302734375</ele>
        <time>2025-11-07T01:34:14.000Z</time>
        <extensions>
          <ns3:TrackPointExtension>
            <ns3:hr>146</ns3:hr>
            <ns3:cad>89</ns3:cad>
          </ns3:TrackPointExtension>
        </extensions>
      </trkpt>
      <trkpt lat="30.51310068927705287933349609375" lon="114.2283670417964458465576171875">
        <ele>20.3999996185302734375</ele>
        <time>2025-11-07T01:34:15.000Z</time>
        <extensions>
          <ns3:TrackPointExtension>
            <ns3:hr>145</ns3:hr>
            <ns3:cad>90</ns3:cad>
          </ns3:TrackPointExtension>
        </extensions>
      </trkpt>
      <trkpt lat="30.5130714364349842071533203125" lon="114.228418171405792236328125">
        <ele>20.3999996185302734375</ele>
        <time>2025-11-07T01:34:16.000Z</time>
        <extensions>
          <ns3:TrackPointExtension>
            <ns3:hr>145</ns3:hr>
            <ns3:cad>90</ns3:cad>
          </ns3:TrackPointExtension>
        </extensions>
      </trkpt>
      <trkpt lat="30.51305995322763919830322265625" lon="114.228442646563053131103515625">
        <ele>20.3999996185302734375</ele>
        <time>2025-11-07T01:34:17.000Z</time>
        <extensions>
          <ns3:TrackPointExtension>
            <ns3:hr>144</ns3:hr>
            <ns3:cad>90</ns3:cad>
          </ns3:TrackPointExtension>
        </extensions>
      </trkpt>
      <trkpt lat="30.51304855383932590484619140625" lon="114.22846469096839427947998046875">
        <ele>20.3999996185302734375</ele>
        <time>2025-11-07T01:34:18.000Z</time>
        <extensions>
          <ns3:TrackPointExtension>
            <ns3:hr>144</ns3:hr>
            <ns3:cad>90</ns3:cad>
          </ns3:TrackPointExtension>
        </extensions>
      </trkpt>
      <trkpt lat="30.51304855383932590484619140625" lon="114.22846469096839427947998046875">
        <ele>20.3999996185302734375</ele>
        <time>2025-11-07T01:34:19.000Z</time>
        <extensions>
          <ns3:TrackPointExtension>
            <ns3:hr>144</ns3:hr>
            <ns3:cad>91</ns3:cad>
          </ns3:TrackPointExtension>
        </extensions>
      </trkpt>
      <trkpt lat="30.513025335967540740966796875" lon="114.2285122163593769073486328125">
        <ele>20.3999996185302734375</ele>
        <time>2025-11-07T01:34:20.000Z</time>
        <extensions>
          <ns3:TrackPointExtension>
            <ns3:hr>143</ns3:hr>
            <ns3:cad>91</ns3:cad>
          </ns3:TrackPointExtension>
        </extensions>
      </trkpt>
      <trkpt lat="30.5130127631127834320068359375" lon="114.2285457439720630645751953125">
        <ele>20.3999996185302734375</ele>
        <time>2025-11-07T01:34:21.000Z</time>
        <extensions>
          <ns3:TrackPointExtension>
            <ns3:hr>143</ns3:hr>
            <ns3:cad>91</ns3:cad>
          </ns3:TrackPointExtension>
        </extensions>
      </trkpt>
      <trkpt lat="30.51299775950610637664794921875" lon="114.228574745357036590576171875">
        <ele>20.200000762939453125</ele>
        <time>2025-11-07T01:34:22.000Z</time>
        <extensions>
          <ns3:TrackPointExtension>
            <ns3:hr>143</ns3:hr>
            <ns3:cad>91</ns3:cad>
          </ns3:TrackPointExtension>
        </extensions>
      </trkpt>
      <trkpt lat="30.51298099569976329803466796875" lon="114.228608272969722747802734375">
        <ele>20.200000762939453125</ele>
        <time>2025-11-07T01:34:23.000Z</time>
        <extensions>
          <ns3:TrackPointExtension>
            <ns3:hr>143</ns3:hr>
            <ns3:cad>91</ns3:cad>
          </ns3:TrackPointExtension>
        </extensions>
      </trkpt>
      <trkpt lat="30.512969009578227996826171875" lon="114.22863869927823543548583984375">
        <ele>20.200000762939453125</ele>
        <time>2025-11-07T01:34:24.000Z</time>
        <extensions>
          <ns3:TrackPointExtension>
            <ns3:hr>143</ns3:hr>
            <ns3:cad>92</ns3:cad>
          </ns3:TrackPointExtension>
        </extensions>
      </trkpt>
      <trkpt lat="30.512950904667377471923828125" lon="114.228670299053192138671875">
        <ele>20.200000762939453125</ele>
        <time>2025-11-07T01:34:25.000Z</time>
        <extensions>
          <ns3:TrackPointExtension>
            <ns3:hr>143</ns3:hr>
            <ns3:cad>92</ns3:cad>
          </ns3:TrackPointExtension>
        </extensions>
      </trkpt>
      <trkpt lat="30.51293313503265380859375" lon="114.228697121143341064453125">
        <ele>20.200000762939453125</ele>
        <time>2025-11-07T01:34:26.000Z</time>
        <extensions>
          <ns3:TrackPointExtension>
            <ns3:hr>143</ns3:hr>
            <ns3:cad>92</ns3:cad>
          </ns3:TrackPointExtension>
        </extensions>
      </trkpt>
      <trkpt lat="30.51293313503265380859375" lon="114.228697121143341064453125">
        <ele>20.200000762939453125</ele>
        <time>2025-11-07T01:34:27.000Z</time>
        <extensions>
          <ns3:TrackPointExtension>
            <ns3:hr>143</ns3:hr>
            <ns3:cad>92</ns3:cad>
          </ns3:TrackPointExtension>
        </extensions>
      </trkpt>
      <trkpt lat="30.5129162035882472991943359375" lon="114.2287247814238071441650390625">
        <ele>20.200000762939453125</ele>
        <time>2025-11-07T01:34:28.000Z</time>
        <extensions>
          <ns3:TrackPointExtension>
            <ns3:hr>143</ns3:hr>
            <ns3:cad>92</ns3:cad>
          </ns3:TrackPointExtension>
        </extensions>
      </trkpt>
      <trkpt lat="30.5129007808864116668701171875" lon="114.2287492565810680389404296875">
        <ele>20.3999996185302734375</ele>
        <time>2025-11-07T01:34:29.000Z</time>
        <extensions>
          <ns3:TrackPointExtension>
            <ns3:hr>143</ns3:hr>
            <ns3:cad>93</ns3:cad>
          </ns3:TrackPointExtension>
        </extensions>
      </trkpt>
      <trkpt lat="30.51288309507071971893310546875" lon="114.22877348028123378753662109375">
        <ele>20.3999996185302734375</ele>
        <time>2025-11-07T01:34:30.000Z</time>
        <extensions>
          <ns3:TrackPointExtension>
            <ns3:hr>143</ns3:hr>
            <ns3:cad>93</ns3:cad>
          </ns3:TrackPointExtension>
        </extensions>
      </trkpt>
      <trkpt lat="30.51285191439092159271240234375" lon="114.2288176529109477996826171875">
        <ele>20.6000003814697265625</ele>
        <time>2025-11-07T01:34:31.000Z</time>
        <extensions>
          <ns3:TrackPointExtension>
            <ns3:hr>144</ns3:hr>
            <ns3:cad>93</ns3:cad>
          </ns3:TrackPointExtension>
        </extensions>
      </trkpt>
      <trkpt lat="30.51283749751746654510498046875" lon="114.22883802093565464019775390625">
        <ele>20.6000003814697265625</ele>
        <time>2025-11-07T01:34:32.000Z</time>
        <extensions>
          <ns3:TrackPointExtension>
            <ns3:hr>144</ns3:hr>
            <ns3:cad>91</ns3:cad>
          </ns3:TrackPointExtension>
        </extensions>
      </trkpt>
      <trkpt lat="30.51282207481563091278076171875" lon="114.2288642562925815582275390625">
        <ele>20.3999996185302734375</ele>
        <time>2025-11-07T01:34:33.000Z</time>
        <extensions>
          <ns3:TrackPointExtension>
            <ns3:hr>144</ns3:hr>
            <ns3:cad>90</ns3:cad>
          </ns3:TrackPointExtension>
        </extensions>
      </trkpt>
      <trkpt lat="30.51281419582664966583251953125" lon="114.22889987938106060028076171875">
        <ele>20.3999996185302734375</ele>
        <time>2025-11-07T01:34:34.000Z</time>
        <extensions>
          <ns3:TrackPointExtension>
            <ns3:hr>144</ns3:hr>
            <ns3:cad>91</ns3:cad>
          </ns3:TrackPointExtension>
        </extensions>
      </trkpt>
      <trkpt lat="30.51281419582664966583251953125" lon="114.22889987938106060028076171875">
        <ele>20.200000762939453125</ele>
        <time>2025-11-07T01:34:35.000Z</time>
        <extensions>
          <ns3:TrackPointExtension>
            <ns3:hr>145</ns3:hr>
            <ns3:cad>92</ns3:cad>
          </ns3:TrackPointExtension>
        </extensions>
      </trkpt>
      <trkpt lat="30.5128042213618755340576171875" lon="114.2289678566157817840576171875">
        <ele>20.200000762939453125</ele>
        <time>2025-11-07T01:34:36.000Z</time>
        <extensions>
          <ns3:TrackPointExtension>
            <ns3:hr>145</ns3:hr>
            <ns3:cad>92</ns3:cad>
          </ns3:TrackPointExtension>
        </extensions>
      </trkpt>
      <trkpt lat="30.51279810257256031036376953125" lon="114.22899979166686534881591796875">
        <ele>20.200000762939453125</ele>
        <time>2025-11-07T01:34:37.000Z</time>
        <extensions>
          <ns3:TrackPointExtension>
            <ns3:hr>146</ns3:hr>
            <ns3:cad>93</ns3:cad>
          </ns3:TrackPointExtension>
        </extensions>
      </trkpt>
      <trkpt lat="30.51278586499392986297607421875" lon="114.2290332354605197906494140625">
        <ele>20.200000762939453125</ele>
        <time>2025-11-07T01:34:38.000Z</time>
        <extensions>
          <ns3:TrackPointExtension>
            <ns3:hr>146</ns3:hr>
            <ns3:cad>93</ns3:cad>
          </ns3:TrackPointExtension>
        </extensions>
      </trkpt>
      <trkpt lat="30.5127773992717266082763671875" lon="114.22906651161611080169677734375">
        <ele>20.3999996185302734375</ele>
        <time>2025-11-07T01:34:39.000Z</time>
        <extensions>
          <ns3:TrackPointExtension>
            <ns3:hr>146</ns3:hr>
            <ns3:cad>93</ns3:cad>
          </ns3:TrackPointExtension>
        </extensions>
      </trkpt>
      <trkpt lat="30.51277019083499908447265625" lon="114.22910054214298725128173828125">
        <ele>20.200000762939453125</ele>
        <time>2025-11-07T01:34:40.000Z</time>
        <extensions>
          <ns3:TrackPointExtension>
            <ns3:hr>146</ns3:hr>
            <ns3:cad>93</ns3:cad>
          </ns3:TrackPointExtension>
        </extensions>
      </trkpt>
      <trkpt lat="30.51277019083499908447265625" lon="114.22910054214298725128173828125">
        <ele>20.3999996185302734375</ele>
        <time>2025-11-07T01:34:41.000Z</time>
        <extensions>
          <ns3:TrackPointExtension>
            <ns3:hr>147</ns3:hr>
            <ns3:cad>93</ns3:cad>
          </ns3:TrackPointExtension>
        </extensions>
      </trkpt>
      <trkpt lat="30.51277211867272853851318359375" lon="114.22913406975567340850830078125">
        <ele>20.3999996185302734375</ele>
        <time>2025-11-07T01:34:42.000Z</time>
        <extensions>
          <ns3:TrackPointExtension>
            <ns3:hr>147</ns3:hr>
            <ns3:cad>93</ns3:cad>
          </ns3:TrackPointExtension>
        </extensions>
      </trkpt>
      <trkpt lat="30.51280313171446323394775390625" lon="114.2291924916207790374755859375">
        <ele>20.3999996185302734375</ele>
        <time>2025-11-07T01:34:43.000Z</time>
        <extensions>
          <ns3:TrackPointExtension>
            <ns3:hr>147</ns3:hr>
            <ns3:cad>93</ns3:cad>
          </ns3:TrackPointExtension>
        </extensions>
      </trkpt>
      <trkpt lat="30.51280313171446323394775390625" lon="114.2291924916207790374755859375">
        <ele>20.3999996185302734375</ele>
        <time>2025-11-07T01:34:44.000Z</time>
        <extensions>
          <ns3:TrackPointExtension>
            <ns3:hr>147</ns3:hr>
            <ns3:cad>93</ns3:cad>
          </ns3:TrackPointExtension>
        </extensions>
      </trkpt>
      <trkpt lat="30.51282358355820178985595703125" lon="114.22921218909323215484619140625">
        <ele>20.3999996185302734375</ele>
        <time>2025-11-07T01:34:45.000Z</time>
        <extensions>
          <ns3:TrackPointExtension>
            <ns3:hr>148</ns3:hr>
            <ns3:cad>91</ns3:cad>
          </ns3:TrackPointExtension>
        </extensions>
      </trkpt>
      <trkpt lat="30.51285124383866786956787109375" lon="114.22923934645950794219970703125">
        <ele>20.799999237060546875</ele>
        <time>2025-11-07T01:34:46.000Z</time>
        <extensions>
          <ns3:TrackPointExtension>
            <ns3:hr>148</ns3:hr>
            <ns3:cad>91</ns3:cad>
          </ns3:TrackPointExtension>
        </extensions>
      </trkpt>
      <trkpt lat="30.51286465488374233245849609375" lon="114.2292471416294574737548828125">
        <ele>21.200000762939453125</ele>
        <time>2025-11-07T01:34:47.000Z</time>
        <extensions>
          <ns3:TrackPointExtension>
            <ns3:hr>148</ns3:hr>
            <ns3:cad>90</ns3:cad>
          </ns3:TrackPointExtension>
        </extensions>
      </trkpt>
      <trkpt lat="30.51287940703332424163818359375" lon="114.22925971448421478271484375">
        <ele>21.6000003814697265625</ele>
        <time>2025-11-07T01:34:48.000Z</time>
        <extensions>
          <ns3:TrackPointExtension>
            <ns3:hr>148</ns3:hr>
            <ns3:cad>90</ns3:cad>
          </ns3:TrackPointExtension>
        </extensions>
      </trkpt>
      <trkpt lat="30.51289248280227184295654296875" lon="114.2292685993015766143798828125">
        <ele>22</ele>
        <time>2025-11-07T01:34:49.000Z</time>
        <extensions>
          <ns3:TrackPointExtension>
            <ns3:hr>149</ns3:hr>
            <ns3:cad>90</ns3:cad>
          </ns3:TrackPointExtension>
        </extensions>
      </trkpt>
      <trkpt lat="30.51290874369442462921142578125" lon="114.22928025014698505401611328125">
        <ele>22.200000762939453125</ele>
        <time>2025-11-07T01:34:50.000Z</time>
        <extensions>
          <ns3:TrackPointExtension>
            <ns3:hr>149</ns3:hr>
            <ns3:cad>91</ns3:cad>
          </ns3:TrackPointExtension>
        </extensions>
      </trkpt>
      <trkpt lat="30.5129242502152919769287109375" lon="114.229289554059505462646484375">
        <ele>22.6000003814697265625</ele>
        <time>2025-11-07T01:34:51.000Z</time>
        <extensions>
          <ns3:TrackPointExtension>
            <ns3:hr>149</ns3:hr>
            <ns3:cad>91</ns3:cad>
          </ns3:TrackPointExtension>
        </extensions>
      </trkpt>
      <trkpt lat="30.5129242502152919769287109375" lon="114.229289554059505462646484375">
        <ele>22.799999237060546875</ele>
        <time>2025-11-07T01:34:52.000Z</time>
        <extensions>
          <ns3:TrackPointExtension>
            <ns3:hr>149</ns3:hr>
            <ns3:cad>91</ns3:cad>
          </ns3:TrackPointExtension>
        </extensions>
      </trkpt>
      <trkpt lat="30.51294277422130107879638671875" lon="114.229301624000072479248046875">
        <ele>23</ele>
        <time>2025-11-07T01:34:53.000Z</time>
        <extensions>
          <ns3:TrackPointExtension>
            <ns3:hr>149</ns3:hr>
            <ns3:cad>90</ns3:cad>
          </ns3:TrackPointExtension>
        </extensions>
      </trkpt>
      <trkpt lat="30.51298049278557300567626953125" lon="114.22932408750057220458984375">
        <ele>23.200000762939453125</ele>
        <time>2025-11-07T01:34:54.000Z</time>
        <extensions>
          <ns3:TrackPointExtension>
            <ns3:hr>149</ns3:hr>
            <ns3:cad>90</ns3:cad>
          </ns3:TrackPointExtension>
        </extensions>
      </trkpt>
      <trkpt lat="30.51298049278557300567626953125" lon="114.22932408750057220458984375">
        <ele>23.200000762939453125</ele>
        <time>2025-11-07T01:34:55.000Z</time>
        <extensions>
          <ns3:TrackPointExtension>
            <ns3:hr>149</ns3:hr>
            <ns3:cad>89</ns3:cad>
          </ns3:TrackPointExtension>
        </extensions>
      </trkpt>
      <trkpt lat="30.51302097737789154052734375" lon="114.22934529371559619903564453125">
        <ele>23.200000762939453125</ele>
        <time>2025-11-07T01:34:56.000Z</time>
        <extensions>
          <ns3:TrackPointExtension>
            <ns3:hr>149</ns3:hr>
            <ns3:cad>89</ns3:cad>
          </ns3:TrackPointExtension>
        </extensions>
      </trkpt>
      <trkpt lat="30.513042099773883819580078125" lon="114.22936406917870044708251953125">
        <ele>23.200000762939453125</ele>
        <time>2025-11-07T01:34:57.000Z</time>
        <extensions>
          <ns3:TrackPointExtension>
            <ns3:hr>150</ns3:hr>
            <ns3:cad>88</ns3:cad>
          </ns3:TrackPointExtension>
        </extensions>
      </trkpt>
      <trkpt lat="30.51306196488440036773681640625" lon="114.22937865369021892547607421875">
        <ele>23</ele>
        <time>2025-11-07T01:34:58.000Z</time>
        <extensions>
          <ns3:TrackPointExtension>
            <ns3:hr>150</ns3:hr>
            <ns3:cad>87</ns3:cad>
          </ns3:TrackPointExtension>
        </extensions>
      </trkpt>
      <trkpt lat="30.51306196488440036773681640625" lon="114.22937865369021892547607421875">
        <ele>22.799999237060546875</ele>
        <time>2025-11-07T01:34:59.000Z</time>
        <extensions>
          <ns3:TrackPointExtension>
            <ns3:hr>150</ns3:hr>
            <ns3:cad>85</ns3:cad>
          </ns3:TrackPointExtension>
        </extensions>
      </trkpt>
      <trkpt lat="30.51308509893715381622314453125" lon="114.2293931543827056884765625">
        <ele>22.6000003814697265625</ele>
        <time>2025-11-07T01:35:00.000Z</time>
        <extensions>
          <ns3:TrackPointExtension>
            <ns3:hr>149</ns3:hr>
            <ns3:cad>85</ns3:cad>
          </ns3:TrackPointExtension>
        </extensions>
      </trkpt>
      <trkpt lat="30.5131036229431629180908203125" lon="114.2294063977897167205810546875">
        <ele>22.200000762939453125</ele>
        <time>2025-11-07T01:35:01.000Z</time>
        <extensions>
          <ns3:TrackPointExtension>
            <ns3:hr>149</ns3:hr>
            <ns3:cad>92</ns3:cad>
          </ns3:TrackPointExtension>
        </extensions>
      </trkpt>
      <trkpt lat="30.513123236596584320068359375" lon="114.22942207194864749908447265625">
        <ele>21.799999237060546875</ele>
        <time>2025-11-07T01:35:02.000Z</time>
        <extensions>
          <ns3:TrackPointExtension>
            <ns3:hr>149</ns3:hr>
            <ns3:cad>93</ns3:cad>
          </ns3:TrackPointExtension>
        </extensions>
      </trkpt>
      <trkpt lat="30.51316439174115657806396484375" lon="114.2294684238731861114501953125">
        <ele>21.200000762939453125</ele>
        <time>2025-11-07T01:35:03.000Z</time>
        <extensions>
          <ns3:TrackPointExtension>
            <ns3:hr>149</ns3:hr>
            <ns3:cad>93</ns3:cad>
          </ns3:TrackPointExtension>
        </extensions>
      </trkpt>
      <trkpt lat="30.51318182609975337982177734375" lon="114.22949633561074733734130859375">
        <ele>20.799999237060546875</ele>
        <time>2025-11-07T01:35:04.000Z</time>
        <extensions>
          <ns3:TrackPointExtension>
            <ns3:hr>149</ns3:hr>
            <ns3:cad>92</ns3:cad>
          </ns3:TrackPointExtension>
        </extensions>
      </trkpt>
      <trkpt lat="30.51318735815584659576416015625" lon="114.2295220680534839630126953125">
        <ele>20.3999996185302734375</ele>
        <time>2025-11-07T01:35:05.000Z</time>
        <extensions>
          <ns3:TrackPointExtension>
            <ns3:hr>149</ns3:hr>
            <ns3:cad>91</ns3:cad>
          </ns3:TrackPointExtension>
        </extensions>
      </trkpt>
      <trkpt lat="30.51319322548806667327880859375" lon="114.22955500893294811248779296875">
        <ele>20.3999996185302734375</ele>
        <time>2025-11-07T01:35:06.000Z</time>
        <extensions>
          <ns3:TrackPointExtension>
            <ns3:hr>148</ns3:hr>
            <ns3:cad>91</ns3:cad>
          </ns3:TrackPointExtension>
        </extensions>
      </trkpt>
      <trkpt lat="30.51319322548806667327880859375" lon="114.22955500893294811248779296875">
        <ele>20.200000762939453125</ele>
        <time>2025-11-07T01:35:07.000Z</time>
        <extensions>
          <ns3:TrackPointExtension>
            <ns3:hr>149</ns3:hr>
            <ns3:cad>92</ns3:cad>
          </ns3:TrackPointExtension>
        </extensions>
      </trkpt>
      <trkpt lat="30.51319221965968608856201171875" lon="114.22958551906049251556396484375">
        <ele>20.3999996185302734375</ele>
        <time>2025-11-07T01:35:08.000Z</time>
        <extensions>
          <ns3:TrackPointExtension>
            <ns3:hr>149</ns3:hr>
            <ns3:cad>93</ns3:cad>
          </ns3:TrackPointExtension>
        </extensions>
      </trkpt>
      <trkpt lat="30.513178892433643341064453125" lon="114.2296454496681690216064453125">
        <ele>20.3999996185302734375</ele>
        <time>2025-11-07T01:35:09.000Z</time>
        <extensions>
          <ns3:TrackPointExtension>
            <ns3:hr>149</ns3:hr>
            <ns3:cad>92</ns3:cad>
          </ns3:TrackPointExtension>
        </extensions>
      </trkpt>
      <trkpt lat="30.51317109726369380950927734375" lon="114.22968023456633090972900390625">
        <ele>20.3999996185302734375</ele>
        <time>2025-11-07T01:35:10.000Z</time>
        <extensions>
          <ns3:TrackPointExtension>
            <ns3:hr>149</ns3:hr>
            <ns3:cad>92</ns3:cad>
          </ns3:TrackPointExtension>
        </extensions>
      </trkpt>
      <trkpt lat="30.51316472701728343963623046875" lon="114.2297096550464630126953125">
        <ele>20.3999996185302734375</ele>
        <time>2025-11-07T01:35:11.000Z</time>
        <extensions>
          <ns3:TrackPointExtension>
            <ns3:hr>149</ns3:hr>
            <ns3:cad>92</ns3:cad>
          </ns3:TrackPointExtension>
        </extensions>
      </trkpt>
      <trkpt lat="30.5131592787802219390869140625" lon="114.2297410033643245697021484375">
        <ele>20.3999996185302734375</ele>
        <time>2025-11-07T01:35:12.000Z</time>
        <extensions>
          <ns3:TrackPointExtension>
            <ns3:hr>148</ns3:hr>
            <ns3:cad>93</ns3:cad>
          </ns3:TrackPointExtension>
        </extensions>
      </trkpt>
      <trkpt lat="30.5131565965712070465087890625" lon="114.229772351682186126708984375">
        <ele>20.3999996185302734375</ele>
        <time>2025-11-07T01:35:13.000Z</time>
        <extensions>
          <ns3:TrackPointExtension>
            <ns3:hr>148</ns3:hr>
            <ns3:cad>93</ns3:cad>
          </ns3:TrackPointExtension>
        </extensions>
      </trkpt>
      <trkpt lat="30.51315584219992160797119140625" lon="114.2298083938658237457275390625">
        <ele>20.3999996185302734375</ele>
        <time>2025-11-07T01:35:14.000Z</time>
        <extensions>
          <ns3:TrackPointExtension>
            <ns3:hr>148</ns3:hr>
            <ns3:cad>93</ns3:cad>
          </ns3:TrackPointExtension>
        </extensions>
      </trkpt>
      <trkpt lat="30.5131592787802219390869140625" lon="114.22984267584979534149169921875">
        <ele>20.3999996185302734375</ele>
        <time>2025-11-07T01:35:15.000Z</time>
        <extensions>
          <ns3:TrackPointExtension>
            <ns3:hr>148</ns3:hr>
            <ns3:cad>93</ns3:cad>
          </ns3:TrackPointExtension>
        </extensions>
      </trkpt>
      <trkpt lat="30.51316288299858570098876953125" lon="114.2298786342144012451171875">
        <ele>20.3999996185302734375</ele>
        <time>2025-11-07T01:35:16.000Z</time>
        <extensions>
          <ns3:TrackPointExtension>
            <ns3:hr>148</ns3:hr>
            <ns3:cad>93</ns3:cad>
          </ns3:TrackPointExtension>
        </extensions>
      </trkpt>
      <trkpt lat="30.513164810836315155029296875" lon="114.22991325147449970245361328125">
        <ele>20.3999996185302734375</ele>
        <time>2025-11-07T01:35:17.000Z</time>
        <extensions>
          <ns3:TrackPointExtension>
            <ns3:hr>148</ns3:hr>
            <ns3:cad>93</ns3:cad>
          </ns3:TrackPointExtension>
        </extensions>
      </trkpt>
      <trkpt lat="30.513164810836315155029296875" lon="114.22991325147449970245361328125">
        <ele>20.3999996185302734375</ele>
        <time>2025-11-07T01:35:18.000Z</time>
        <extensions>
          <ns3:TrackPointExtension>
            <ns3:hr>149</ns3:hr>
            <ns3:cad>93</ns3:cad>
          </ns3:TrackPointExtension>
        </extensions>
      </trkpt>
      <trkpt lat="30.51316573284566402435302734375" lon="114.22994711436331272125244140625">
        <ele>20.3999996185302734375</ele>
        <time>2025-11-07T01:35:19.000Z</time>
        <extensions>
          <ns3:TrackPointExtension>
            <ns3:hr>148</ns3:hr>
            <ns3:cad>93</ns3:cad>
          </ns3:TrackPointExtension>
        </extensions>
      </trkpt>
      <trkpt lat="30.51315969787538051605224609375" lon="114.22998617403209209442138671875">
        <ele>20.3999996185302734375</ele>
        <time>2025-11-07T01:35:20.000Z</time>
        <extensions>
          <ns3:TrackPointExtension>
            <ns3:hr>149</ns3:hr>
            <ns3:cad>94</ns3:cad>
          </ns3:TrackPointExtension>
        </extensions>
      </trkpt>
      <trkpt lat="30.51314963959157466888427734375" lon="114.23005104996263980865478515625">
        <ele>20.3999996185302734375</ele>
        <time>2025-11-07T01:35:21.000Z</time>
        <extensions>
          <ns3:TrackPointExtension>
            <ns3:hr>149</ns3:hr>
            <ns3:cad>93</ns3:cad>
          </ns3:TrackPointExtension>
        </extensions>
      </trkpt>
      <trkpt lat="30.51314963959157466888427734375" lon="114.23005104996263980865478515625">
        <ele>20.3999996185302734375</ele>
        <time>2025-11-07T01:35:22.000Z</time>
        <extensions>
          <ns3:TrackPointExtension>
            <ns3:hr>149</ns3:hr>
            <ns3:cad>93</ns3:cad>
          </ns3:TrackPointExtension>
        </extensions>
      </trkpt>
      <trkpt lat="30.5131311155855655670166015625" lon="114.23010922037065029144287109375">
        <ele>20.3999996185302734375</ele>
        <time>2025-11-07T01:35:23.000Z</time>
        <extensions>
          <ns3:TrackPointExtension>
            <ns3:hr>149</ns3:hr>
            <ns3:cad>93</ns3:cad>
          </ns3:TrackPointExtension>
        </extensions>
      </trkpt>
      <trkpt lat="30.5131190456449985504150390625" lon="114.23014006577432155609130859375">
        <ele>20.3999996185302734375</ele>
        <time>2025-11-07T01:35:24.000Z</time>
        <extensions>
          <ns3:TrackPointExtension>
            <ns3:hr>150</ns3:hr>
            <ns3:cad>94</ns3:cad>
          </ns3:TrackPointExtension>
        </extensions>
      </trkpt>
      <trkpt lat="30.51310705952346324920654296875" lon="114.23016965389251708984375">
        <ele>20.3999996185302734375</ele>
        <time>2025-11-07T01:35:25.000Z</time>
        <extensions>
          <ns3:TrackPointExtension>
            <ns3:hr>150</ns3:hr>
            <ns3:cad>94</ns3:cad>
          </ns3:TrackPointExtension>
        </extensions>
      </trkpt>
      <trkpt lat="30.51309146918356418609619140625" lon="114.23019940964877605438232421875">
        <ele>20.3999996185302734375</ele>
        <time>2025-11-07T01:35:26.000Z</time>
        <extensions>
          <ns3:TrackPointExtension>
            <ns3:hr>150</ns3:hr>
            <ns3:cad>93</ns3:cad>
          </ns3:TrackPointExtension>
        </extensions>
      </trkpt>
      <trkpt lat="30.51307705231010913848876953125" lon="114.23022690229117870330810546875">
        <ele>20.200000762939453125</ele>
        <time>2025-11-07T01:35:27.000Z</time>
        <extensions>
          <ns3:TrackPointExtension>
            <ns3:hr>150</ns3:hr>
            <ns3:cad>94</ns3:cad>
          </ns3:TrackPointExtension>
        </extensions>
      </trkpt>
      <trkpt lat="30.51305609755218029022216796875" lon="114.23025674186646938323974609375">
        <ele>20.3999996185302734375</ele>
        <time>2025-11-07T01:35:28.000Z</time>
        <extensions>
          <ns3:TrackPointExtension>
            <ns3:hr>150</ns3:hr>
            <ns3:cad>95</ns3:cad>
          </ns3:TrackPointExtension>
        </extensions>
      </trkpt>
      <trkpt lat="30.51303899846971035003662109375" lon="114.23028104938566684722900390625">
        <ele>20.3999996185302734375</ele>
        <time>2025-11-07T01:35:29.000Z</time>
        <extensions>
          <ns3:TrackPointExtension>
            <ns3:hr>150</ns3:hr>
            <ns3:cad>94</ns3:cad>
          </ns3:TrackPointExtension>
        </extensions>
      </trkpt>
      <trkpt lat="30.51301435567438602447509765625" lon="114.23030602745711803436279296875">
        <ele>20.3999996185302734375</ele>
        <time>2025-11-07T01:35:30.000Z</time>
        <extensions>
          <ns3:TrackPointExtension>
            <ns3:hr>151</ns3:hr>
            <ns3:cad>94</ns3:cad>
          </ns3:TrackPointExtension>
        </extensions>
      </trkpt>
      <trkpt lat="30.51299289800226688385009765625" lon="114.23033058643341064453125">
        <ele>20.3999996185302734375</ele>
        <time>2025-11-07T01:35:31.000Z</time>
        <extensions>
          <ns3:TrackPointExtension>
            <ns3:hr>151</ns3:hr>
            <ns3:cad>93</ns3:cad>
          </ns3:TrackPointExtension>
        </extensions>
      </trkpt>
      <trkpt lat="30.51299289800226688385009765625" lon="114.23033058643341064453125">
        <ele>20.3999996185302734375</ele>
        <time>2025-11-07T01:35:32.000Z</time>
        <extensions>
          <ns3:TrackPointExtension>
            <ns3:hr>151</ns3:hr>
            <ns3:cad>94</ns3:cad>
          </ns3:TrackPointExtension>
        </extensions>
      </trkpt>
      <trkpt lat="30.5129706859588623046875" lon="114.2303528822958469390869140625">
        <ele>20.3999996185302734375</ele>
        <time>2025-11-07T01:35:33.000Z</time>
        <extensions>
          <ns3:TrackPointExtension>
            <ns3:hr>151</ns3:hr>
            <ns3:cad>94</ns3:cad>
          </ns3:TrackPointExtension>
        </extensions>
      </trkpt>
      <trkpt lat="30.51293858326971530914306640625" lon="114.2303991504013538360595703125">
        <ele>20.3999996185302734375</ele>
        <time>2025-11-07T01:35:34.000Z</time>
        <extensions>
          <ns3:TrackPointExtension>
            <ns3:hr>151</ns3:hr>
            <ns3:cad>94</ns3:cad>
          </ns3:TrackPointExtension>
        </extensions>
      </trkpt>
      <trkpt lat="30.51293858326971530914306640625" lon="114.2303991504013538360595703125">
        <ele>20.3999996185302734375</ele>
        <time>2025-11-07T01:35:35.000Z</time>
        <extensions>
          <ns3:TrackPointExtension>
            <ns3:hr>151</ns3:hr>
            <ns3:cad>93</ns3:cad>
          </ns3:TrackPointExtension>
        </extensions>
      </trkpt>
      <trkpt lat="30.512918718159198760986328125" lon="114.23042521812021732330322265625">
        <ele>20.3999996185302734375</ele>
        <time>2025-11-07T01:35:36.000Z</time>
        <extensions>
          <ns3:TrackPointExtension>
            <ns3:hr>151</ns3:hr>
            <ns3:cad>93</ns3:cad>
          </ns3:TrackPointExtension>
        </extensions>
      </trkpt>
      <trkpt lat="30.51287672482430934906005859375" lon="114.230472743511199951171875">
        <ele>20.3999996185302734375</ele>
        <time>2025-11-07T01:35:37.000Z</time>
        <extensions>
          <ns3:TrackPointExtension>
            <ns3:hr>152</ns3:hr>
            <ns3:cad>93</ns3:cad>
          </ns3:TrackPointExtension>
        </extensions>
      </trkpt>
      <trkpt lat="30.51286063157021999359130859375" lon="114.23049847595393657684326171875">
        <ele>20.3999996185302734375</ele>
        <time>2025-11-07T01:35:38.000Z</time>
        <extensions>
          <ns3:TrackPointExtension>
            <ns3:hr>151</ns3:hr>
            <ns3:cad>93</ns3:cad>
          </ns3:TrackPointExtension>
        </extensions>
      </trkpt>
      <trkpt lat="30.51284017972648143768310546875" lon="114.2305265553295612335205078125">
        <ele>20.3999996185302734375</ele>
        <time>2025-11-07T01:35:39.000Z</time>
        <extensions>
          <ns3:TrackPointExtension>
            <ns3:hr>151</ns3:hr>
            <ns3:cad>93</ns3:cad>
          </ns3:TrackPointExtension>
        </extensions>
      </trkpt>
      <trkpt lat="30.51282257772982120513916015625" lon="114.23054407350718975067138671875">
        <ele>20.3999996185302734375</ele>
        <time>2025-11-07T01:35:40.000Z</time>
        <extensions>
          <ns3:TrackPointExtension>
            <ns3:hr>152</ns3:hr>
            <ns3:cad>93</ns3:cad>
          </ns3:TrackPointExtension>
        </extensions>
      </trkpt>
      <trkpt lat="30.51280112005770206451416015625" lon="114.23056419007480144500732421875">
        <ele>20.3999996185302734375</ele>
        <time>2025-11-07T01:35:41.000Z</time>
        <extensions>
          <ns3:TrackPointExtension>
            <ns3:hr>152</ns3:hr>
            <ns3:cad>93</ns3:cad>
          </ns3:TrackPointExtension>
        </extensions>
      </trkpt>
      <trkpt lat="30.5127815902233123779296875" lon="114.23058497719466686248779296875">
        <ele>20.6000003814697265625</ele>
        <time>2025-11-07T01:35:42.000Z</time>
        <extensions>
          <ns3:TrackPointExtension>
            <ns3:hr>152</ns3:hr>
            <ns3:cad>93</ns3:cad>
          </ns3:TrackPointExtension>
        </extensions>
      </trkpt>
      <trkpt lat="30.5127815902233123779296875" lon="114.23058497719466686248779296875">
        <ele>20.799999237060546875</ele>
        <time>2025-11-07T01:35:43.000Z</time>
        <extensions>
          <ns3:TrackPointExtension>
            <ns3:hr>152</ns3:hr>
            <ns3:cad>93</ns3:cad>
          </ns3:TrackPointExtension>
        </extensions>
      </trkpt>
      <trkpt lat="30.5127601325511932373046875" lon="114.2306041717529296875">
        <ele>20.799999237060546875</ele>
        <time>2025-11-07T01:35:44.000Z</time>
        <extensions>
          <ns3:TrackPointExtension>
            <ns3:hr>151</ns3:hr>
            <ns3:cad>93</ns3:cad>
          </ns3:TrackPointExtension>
        </extensions>
      </trkpt>
      <trkpt lat="30.51274362020194530487060546875" lon="114.23062571324408054351806640625">
        <ele>21</ele>
        <time>2025-11-07T01:35:45.000Z</time>
        <extensions>
          <ns3:TrackPointExtension>
            <ns3:hr>152</ns3:hr>
            <ns3:cad>93</ns3:cad>
          </ns3:TrackPointExtension>
        </extensions>
      </trkpt>
      <trkpt lat="30.512734316289424896240234375" lon="114.23065052367746829986572265625">
        <ele>21</ele>
        <time>2025-11-07T01:35:46.000Z</time>
        <extensions>
          <ns3:TrackPointExtension>
            <ns3:hr>151</ns3:hr>
            <ns3:cad>93</ns3:cad>
          </ns3:TrackPointExtension>
        </extensions>
      </trkpt>
      <trkpt lat="30.512712188065052032470703125" lon="114.23070165328681468963623046875">
        <ele>21.200000762939453125</ele>
        <time>2025-11-07T01:35:47.000Z</time>
        <extensions>
          <ns3:TrackPointExtension>
            <ns3:hr>151</ns3:hr>
            <ns3:cad>92</ns3:cad>
          </ns3:TrackPointExtension>
        </extensions>
      </trkpt>
      <trkpt lat="30.51269718445837497711181640625" lon="114.2307208478450775146484375">
        <ele>21.3999996185302734375</ele>
        <time>2025-11-07T01:35:48.000Z</time>
        <extensions>
          <ns3:TrackPointExtension>
            <ns3:hr>151</ns3:hr>
            <ns3:cad>91</ns3:cad>
          </ns3:TrackPointExtension>
        </extensions>
      </trkpt>
      <trkpt lat="30.51269718445837497711181640625" lon="114.2307208478450775146484375">
        <ele>21.6000003814697265625</ele>
        <time>2025-11-07T01:35:49.000Z</time>
        <extensions>
          <ns3:TrackPointExtension>
            <ns3:hr>151</ns3:hr>
            <ns3:cad>91</ns3:cad>
          </ns3:TrackPointExtension>
        </extensions>
      </trkpt>
      <trkpt lat="30.512665919959545135498046875" lon="114.2307572253048419952392578125">
        <ele>21.799999237060546875</ele>
        <time>2025-11-07T01:35:50.000Z</time>
        <extensions>
          <ns3:TrackPointExtension>
            <ns3:hr>151</ns3:hr>
            <ns3:cad>91</ns3:cad>
          </ns3:TrackPointExtension>
        </extensions>
      </trkpt>
      <trkpt lat="30.51265376619994640350341796875" lon="114.2307729832828044891357421875">
        <ele>22.200000762939453125</ele>
        <time>2025-11-07T01:35:51.000Z</time>
        <extensions>
          <ns3:TrackPointExtension>
            <ns3:hr>152</ns3:hr>
            <ns3:cad>91</ns3:cad>
          </ns3:TrackPointExtension>
        </extensions>
      </trkpt>
      <trkpt lat="30.51265376619994640350341796875" lon="114.2307729832828044891357421875">
        <ele>22.6000003814697265625</ele>
        <time>2025-11-07T01:35:52.000Z</time>
        <extensions>
          <ns3:TrackPointExtension>
            <ns3:hr>151</ns3:hr>
            <ns3:cad>91</ns3:cad>
          </ns3:TrackPointExtension>
        </extensions>
      </trkpt>
      <trkpt lat="30.51264144480228424072265625" lon="114.2307910881936550140380859375">
        <ele>22.799999237060546875</ele>
        <time>2025-11-07T01:35:53.000Z</time>
        <extensions>
          <ns3:TrackPointExtension>
            <ns3:hr>151</ns3:hr>
            <ns3:cad>91</ns3:cad>
          </ns3:TrackPointExtension>
        </extensions>
      </trkpt>
      <trkpt lat="30.5126258544623851776123046875" lon="114.23083442263305187225341796875">
        <ele>23</ele>
        <time>2025-11-07T01:35:54.000Z</time>
        <extensions>
          <ns3:TrackPointExtension>
            <ns3:hr>151</ns3:hr>
            <ns3:cad>90</ns3:cad>
          </ns3:TrackPointExtension>
        </extensions>
      </trkpt>
      <trkpt lat="30.51261705346405506134033203125" lon="114.23085822723805904388427734375">
        <ele>23.200000762939453125</ele>
        <time>2025-11-07T01:35:55.000Z</time>
        <extensions>
          <ns3:TrackPointExtension>
            <ns3:hr>151</ns3:hr>
            <ns3:cad>90</ns3:cad>
          </ns3:TrackPointExtension>
        </extensions>
      </trkpt>
      <trkpt lat="30.5126030556857585906982421875" lon="114.23088706098496913909912109375">
        <ele>23.200000762939453125</ele>
        <time>2025-11-07T01:35:56.000Z</time>
        <extensions>
          <ns3:TrackPointExtension>
            <ns3:hr>151</ns3:hr>
            <ns3:cad>91</ns3:cad>
          </ns3:TrackPointExtension>
        </extensions>
      </trkpt>
      <trkpt lat="30.51259090192615985870361328125" lon="114.23091438598930835723876953125">
        <ele>23.200000762939453125</ele>
        <time>2025-11-07T01:35:57.000Z</time>
        <extensions>
          <ns3:TrackPointExtension>
            <ns3:hr>151</ns3:hr>
            <ns3:cad>91</ns3:cad>
          </ns3:TrackPointExtension>
        </extensions>
      </trkpt>
      <trkpt lat="30.51259090192615985870361328125" lon="114.23091438598930835723876953125">
        <ele>23.200000762939453125</ele>
        <time>2025-11-07T01:35:58.000Z</time>
        <extensions>
          <ns3:TrackPointExtension>
            <ns3:hr>151</ns3:hr>
            <ns3:cad>92</ns3:cad>
          </ns3:TrackPointExtension>
        </extensions>
      </trkpt>
      <trkpt lat="30.51257782615721225738525390625" lon="114.23094472847878932952880859375">
        <ele>23.200000762939453125</ele>
        <time>2025-11-07T01:35:59.000Z</time>
        <extensions>
          <ns3:TrackPointExtension>
            <ns3:hr>151</ns3:hr>
            <ns3:cad>92</ns3:cad>
          </ns3:TrackPointExtension>
        </extensions>
      </trkpt>
      <trkpt lat="30.5125688575208187103271484375" lon="114.2309731431305408477783203125">
        <ele>23.200000762939453125</ele>
        <time>2025-11-07T01:36:00.000Z</time>
        <extensions>
          <ns3:TrackPointExtension>
            <ns3:hr>151</ns3:hr>
            <ns3:cad>92</ns3:cad>
          </ns3:TrackPointExtension>
        </extensions>
      </trkpt>
      <trkpt lat="30.51255762577056884765625" lon="114.2310036532580852508544921875">
        <ele>23.200000762939453125</ele>
        <time>2025-11-07T01:36:01.000Z</time>
        <extensions>
          <ns3:TrackPointExtension>
            <ns3:hr>151</ns3:hr>
            <ns3:cad>92</ns3:cad>
          </ns3:TrackPointExtension>
        </extensions>
      </trkpt>
      <trkpt lat="30.5125375092029571533203125" lon="114.231059141457080841064453125">
        <ele>23.3999996185302734375</ele>
        <time>2025-11-07T01:36:02.000Z</time>
        <extensions>
          <ns3:TrackPointExtension>
            <ns3:hr>151</ns3:hr>
            <ns3:cad>92</ns3:cad>
          </ns3:TrackPointExtension>
        </extensions>
      </trkpt>
      <trkpt lat="30.51252988167107105255126953125" lon="114.23109174706041812896728515625">
        <ele>23.3999996185302734375</ele>
        <time>2025-11-07T01:36:03.000Z</time>
        <extensions>
          <ns3:TrackPointExtension>
            <ns3:hr>151</ns3:hr>
            <ns3:cad>92</ns3:cad>
          </ns3:TrackPointExtension>
        </extensions>
      </trkpt>
      <trkpt lat="30.51252485252916812896728515625" lon="114.23112661577761173248291015625">
        <ele>23.3999996185302734375</ele>
        <time>2025-11-07T01:36:04.000Z</time>
        <extensions>
          <ns3:TrackPointExtension>
            <ns3:hr>151</ns3:hr>
            <ns3:cad>92</ns3:cad>
          </ns3:TrackPointExtension>
        </extensions>
      </trkpt>
      <trkpt lat="30.51252183504402637481689453125" lon="114.231160394847393035888671875">
        <ele>23.6000003814697265625</ele>
        <time>2025-11-07T01:36:05.000Z</time>
        <extensions>
          <ns3:TrackPointExtension>
            <ns3:hr>151</ns3:hr>
            <ns3:cad>92</ns3:cad>
          </ns3:TrackPointExtension>
        </extensions>
      </trkpt>
      <trkpt lat="30.51251580007374286651611328125" lon="114.2311870492994785308837890625">
        <ele>23.6000003814697265625</ele>
        <time>2025-11-07T01:36:06.000Z</time>
        <extensions>
          <ns3:TrackPointExtension>
            <ns3:hr>151</ns3:hr>
            <ns3:cad>92</ns3:cad>
          </ns3:TrackPointExtension>
        </extensions>
      </trkpt>
      <trkpt lat="30.51250540651381015777587890625" lon="114.231218397617340087890625">
        <ele>23.3999996185302734375</ele>
        <time>2025-11-07T01:36:07.000Z</time>
        <extensions>
          <ns3:TrackPointExtension>
            <ns3:hr>150</ns3:hr>
            <ns3:cad>92</ns3:cad>
          </ns3:TrackPointExtension>
        </extensions>
      </trkpt>
      <trkpt lat="30.5124971084296703338623046875" lon="114.2312487401068210601806640625">
        <ele>23.6000003814697265625</ele>
        <time>2025-11-07T01:36:08.000Z</time>
        <extensions>
          <ns3:TrackPointExtension>
            <ns3:hr>151</ns3:hr>
            <ns3:cad>92</ns3:cad>
          </ns3:TrackPointExtension>
        </extensions>
      </trkpt>
      <trkpt lat="30.5124971084296703338623046875" lon="114.2312487401068210601806640625">
        <ele>23.6000003814697265625</ele>
        <time>2025-11-07T01:36:09.000Z</time>
        <extensions>
          <ns3:TrackPointExtension>
            <ns3:hr>152</ns3:hr>
            <ns3:cad>91</ns3:cad>
          </ns3:TrackPointExtension>
        </extensions>
      </trkpt>
      <trkpt lat="30.512487553060054779052734375" lon="114.23128134571015834808349609375">
        <ele>23.6000003814697265625</ele>
        <time>2025-11-07T01:36:10.000Z</time>
        <extensions>
          <ns3:TrackPointExtension>
            <ns3:hr>152</ns3:hr>
            <ns3:cad>91</ns3:cad>
          </ns3:TrackPointExtension>
        </extensions>
      </trkpt>
      <trkpt lat="30.51247774623334407806396484375" lon="114.23130892217159271240234375">
        <ele>23.6000003814697265625</ele>
        <time>2025-11-07T01:36:11.000Z</time>
        <extensions>
          <ns3:TrackPointExtension>
            <ns3:hr>152</ns3:hr>
            <ns3:cad>91</ns3:cad>
          </ns3:TrackPointExtension>
        </extensions>
      </trkpt>
      <trkpt lat="30.5124629102647304534912109375" lon="114.2313372530043125152587890625">
        <ele>23.6000003814697265625</ele>
        <time>2025-11-07T01:36:12.000Z</time>
        <extensions>
          <ns3:TrackPointExtension>
            <ns3:hr>152</ns3:hr>
            <ns3:cad>92</ns3:cad>
          </ns3:TrackPointExtension>
        </extensions>
      </trkpt>
      <trkpt lat="30.512451343238353729248046875" lon="114.2313623987138271331787109375">
        <ele>23.6000003814697265625</ele>
        <time>2025-11-07T01:36:13.000Z</time>
        <extensions>
          <ns3:TrackPointExtension>
            <ns3:hr>151</ns3:hr>
            <ns3:cad>92</ns3:cad>
          </ns3:TrackPointExtension>
        </extensions>
      </trkpt>
      <trkpt lat="30.5124176479876041412353515625" lon="114.23141411505639553070068359375">
        <ele>23.6000003814697265625</ele>
        <time>2025-11-07T01:36:14.000Z</time>
        <extensions>
          <ns3:TrackPointExtension>
            <ns3:hr>152</ns3:hr>
            <ns3:cad>92</ns3:cad>
          </ns3:TrackPointExtension>
        </extensions>
      </trkpt>
      <trkpt lat="30.51239744760096073150634765625" lon="114.23143842257559299468994140625">
        <ele>23.6000003814697265625</ele>
        <time>2025-11-07T01:36:15.000Z</time>
        <extensions>
          <ns3:TrackPointExtension>
            <ns3:hr>151</ns3:hr>
            <ns3:cad>92</ns3:cad>
          </ns3:TrackPointExtension>
        </extensions>
      </trkpt>
      <trkpt lat="30.51237992942333221435546875" lon="114.23146273009479045867919921875">
        <ele>23.6000003814697265625</ele>
        <time>2025-11-07T01:36:16.000Z</time>
        <extensions>
          <ns3:TrackPointExtension>
            <ns3:hr>151</ns3:hr>
            <ns3:cad>92</ns3:cad>
          </ns3:TrackPointExtension>
        </extensions>
      </trkpt>
      <trkpt lat="30.5123626627027988433837890625" lon="114.23149357549846172332763671875">
        <ele>23.6000003814697265625</ele>
        <time>2025-11-07T01:36:17.000Z</time>
        <extensions>
          <ns3:TrackPointExtension>
            <ns3:hr>151</ns3:hr>
            <ns3:cad>92</ns3:cad>
          </ns3:TrackPointExtension>
        </extensions>
      </trkpt>
      <trkpt lat="30.5123495869338512420654296875" lon="114.23152224160730838775634765625">
        <ele>23.6000003814697265625</ele>
        <time>2025-11-07T01:36:18.000Z</time>
        <extensions>
          <ns3:TrackPointExtension>
            <ns3:hr>151</ns3:hr>
            <ns3:cad>91</ns3:cad>
          </ns3:TrackPointExtension>
        </extensions>
      </trkpt>
      <trkpt lat="30.51233307458460330963134765625" lon="114.23155392520129680633544921875">
        <ele>23.3999996185302734375</ele>
        <time>2025-11-07T01:36:19.000Z</time>
        <extensions>
          <ns3:TrackPointExtension>
            <ns3:hr>151</ns3:hr>
            <ns3:cad>91</ns3:cad>
          </ns3:TrackPointExtension>
        </extensions>
      </trkpt>
      <trkpt lat="30.51232066936790943145751953125" lon="114.2315830104053020477294921875">
        <ele>23.3999996185302734375</ele>
        <time>2025-11-07T01:36:20.000Z</time>
        <extensions>
          <ns3:TrackPointExtension>
            <ns3:hr>150</ns3:hr>
            <ns3:cad>91</ns3:cad>
          </ns3:TrackPointExtension>
        </extensions>
      </trkpt>
      <trkpt lat="30.51232066936790943145751953125" lon="114.2315830104053020477294921875">
        <ele>23.3999996185302734375</ele>
        <time>2025-11-07T01:36:21.000Z</time>
        <extensions>
          <ns3:TrackPointExtension>
            <ns3:hr>150</ns3:hr>
            <ns3:cad>91</ns3:cad>
          </ns3:TrackPointExtension>
        </extensions>
      </trkpt>
      <trkpt lat="30.51231312565505504608154296875" lon="114.23161469399929046630859375">
        <ele>23.200000762939453125</ele>
        <time>2025-11-07T01:36:22.000Z</time>
        <extensions>
          <ns3:TrackPointExtension>
            <ns3:hr>150</ns3:hr>
            <ns3:cad>91</ns3:cad>
          </ns3:TrackPointExtension>
        </extensions>
      </trkpt>
      <trkpt lat="30.51230876706540584564208984375" lon="114.231672696769237518310546875">
        <ele>23.200000762939453125</ele>
        <time>2025-11-07T01:36:23.000Z</time>
        <extensions>
          <ns3:TrackPointExtension>
            <ns3:hr>150</ns3:hr>
            <ns3:cad>91</ns3:cad>
          </ns3:TrackPointExtension>
        </extensions>
      </trkpt>
      <trkpt lat="30.512307845056056976318359375" lon="114.2317057214677333831787109375">
        <ele>23.200000762939453125</ele>
        <time>2025-11-07T01:36:24.000Z</time>
        <extensions>
          <ns3:TrackPointExtension>
            <ns3:hr>150</ns3:hr>
            <ns3:cad>91</ns3:cad>
          </ns3:TrackPointExtension>
        </extensions>
      </trkpt>
      <trkpt lat="30.512307845056056976318359375" lon="114.2317057214677333831787109375">
        <ele>23.200000762939453125</ele>
        <time>2025-11-07T01:36:25.000Z</time>
        <extensions>
          <ns3:TrackPointExtension>
            <ns3:hr>150</ns3:hr>
            <ns3:cad>91</ns3:cad>
          </ns3:TrackPointExtension>
        </extensions>
      </trkpt>
      <trkpt lat="30.51230994053184986114501953125" lon="114.231739081442356109619140625">
        <ele>23.200000762939453125</ele>
        <time>2025-11-07T01:36:26.000Z</time>
        <extensions>
          <ns3:TrackPointExtension>
            <ns3:hr>150</ns3:hr>
            <ns3:cad>92</ns3:cad>
          </ns3:TrackPointExtension>
        </extensions>
      </trkpt>
      <trkpt lat="30.5123096890747547149658203125" lon="114.23177554272115230560302734375">
        <ele>23.200000762939453125</ele>
        <time>2025-11-07T01:36:27.000Z</time>
        <extensions>
          <ns3:TrackPointExtension>
            <ns3:hr>150</ns3:hr>
            <ns3:cad>92</ns3:cad>
          </ns3:TrackPointExtension>
        </extensions>
      </trkpt>
      <trkpt lat="30.512315221130847930908203125" lon="114.2318473756313323974609375">
        <ele>23.200000762939453125</ele>
        <time>2025-11-07T01:36:28.000Z</time>
        <extensions>
          <ns3:TrackPointExtension>
            <ns3:hr>150</ns3:hr>
            <ns3:cad>93</ns3:cad>
          </ns3:TrackPointExtension>
        </extensions>
      </trkpt>
      <trkpt lat="30.51231647841632366180419921875" lon="114.231879897415637969970703125">
        <ele>23.200000762939453125</ele>
        <time>2025-11-07T01:36:29.000Z</time>
        <extensions>
          <ns3:TrackPointExtension>
            <ns3:hr>150</ns3:hr>
            <ns3:cad>93</ns3:cad>
          </ns3:TrackPointExtension>
        </extensions>
      </trkpt>
      <trkpt lat="30.512316562235355377197265625" lon="114.23192071728408336639404296875">
        <ele>23.200000762939453125</ele>
        <time>2025-11-07T01:36:30.000Z</time>
        <extensions>
          <ns3:TrackPointExtension>
            <ns3:hr>150</ns3:hr>
            <ns3:cad>93</ns3:cad>
          </ns3:TrackPointExtension>
        </extensions>
      </trkpt>
      <trkpt lat="30.51231245510280132293701171875" lon="114.23195944167673587799072265625">
        <ele>23.200000762939453125</ele>
        <time>2025-11-07T01:36:31.000Z</time>
        <extensions>
          <ns3:TrackPointExtension>
            <ns3:hr>149</ns3:hr>
            <ns3:cad>94</ns3:cad>
          </ns3:TrackPointExtension>
        </extensions>
      </trkpt>
      <trkpt lat="30.5123054981231689453125" lon="114.2319948971271514892578125">
        <ele>23.200000762939453125</ele>
        <time>2025-11-07T01:36:32.000Z</time>
        <extensions>
          <ns3:TrackPointExtension>
            <ns3:hr>150</ns3:hr>
            <ns3:cad>94</ns3:cad>
          </ns3:TrackPointExtension>
        </extensions>
      </trkpt>
      <trkpt lat="30.51229569129645824432373046875" lon="114.23203521408140659332275390625">
        <ele>23.200000762939453125</ele>
        <time>2025-11-07T01:36:33.000Z</time>
        <extensions>
          <ns3:TrackPointExtension>
            <ns3:hr>150</ns3:hr>
            <ns3:cad>94</ns3:cad>
          </ns3:TrackPointExtension>
        </extensions>
      </trkpt>
      <trkpt lat="30.51229569129645824432373046875" lon="114.23203521408140659332275390625">
        <ele>23.200000762939453125</ele>
        <time>2025-11-07T01:36:34.000Z</time>
        <extensions>
          <ns3:TrackPointExtension>
            <ns3:hr>150</ns3:hr>
            <ns3:cad>94</ns3:cad>
          </ns3:TrackPointExtension>
        </extensions>
      </trkpt>
      <trkpt lat="30.51228663884103298187255859375" lon="114.23206874169409275054931640625">
        <ele>23.200000762939453125</ele>
        <time>2025-11-07T01:36:35.000Z</time>
        <extensions>
          <ns3:TrackPointExtension>
            <ns3:hr>151</ns3:hr>
            <ns3:cad>93</ns3:cad>
          </ns3:TrackPointExtension>
        </extensions>
      </trkpt>
      <trkpt lat="30.5122614093124866485595703125" lon="114.23213303089141845703125">
        <ele>23</ele>
        <time>2025-11-07T01:36:36.000Z</time>
        <extensions>
          <ns3:TrackPointExtension>
            <ns3:hr>151</ns3:hr>
            <ns3:cad>94</ns3:cad>
          </ns3:TrackPointExtension>
        </extensions>
      </trkpt>
      <trkpt lat="30.51224389113485813140869140625" lon="114.23217125236988067626953125">
        <ele>23</ele>
        <time>2025-11-07T01:36:37.000Z</time>
        <extensions>
          <ns3:TrackPointExtension>
            <ns3:hr>151</ns3:hr>
            <ns3:cad>95</ns3:cad>
          </ns3:TrackPointExtension>
        </extensions>
      </trkpt>
      <trkpt lat="30.51222436130046844482421875" lon="114.23220469616353511810302734375">
        <ele>23</ele>
        <time>2025-11-07T01:36:38.000Z</time>
        <extensions>
          <ns3:TrackPointExtension>
            <ns3:hr>151</ns3:hr>
            <ns3:cad>95</ns3:cad>
          </ns3:TrackPointExtension>
        </extensions>
      </trkpt>
      <trkpt lat="30.51220734603703022003173828125" lon="114.232242666184902191162109375">
        <ele>23.200000762939453125</ele>
        <time>2025-11-07T01:36:39.000Z</time>
        <extensions>
          <ns3:TrackPointExtension>
            <ns3:hr>152</ns3:hr>
            <ns3:cad>95</ns3:cad>
          </ns3:TrackPointExtension>
        </extensions>
      </trkpt>
      <trkpt lat="30.51218421198427677154541015625" lon="114.2322787083685398101806640625">
        <ele>23.200000762939453125</ele>
        <time>2025-11-07T01:36:40.000Z</time>
        <extensions>
          <ns3:TrackPointExtension>
            <ns3:hr>151</ns3:hr>
            <ns3:cad>95</ns3:cad>
          </ns3:TrackPointExtension>
        </extensions>
      </trkpt>
      <trkpt lat="30.51216510124504566192626953125" lon="114.23231206834316253662109375">
        <ele>23.3999996185302734375</ele>
        <time>2025-11-07T01:36:41.000Z</time>
        <extensions>
          <ns3:TrackPointExtension>
            <ns3:hr>152</ns3:hr>
            <ns3:cad>93</ns3:cad>
          </ns3:TrackPointExtension>
        </extensions>
      </trkpt>
      <trkpt lat="30.512156300246715545654296875" lon="114.23233612440526485443115234375">
        <ele>23.3999996185302734375</ele>
        <time>2025-11-07T01:36:42.000Z</time>
        <extensions>
          <ns3:TrackPointExtension>
            <ns3:hr>152</ns3:hr>
            <ns3:cad>88</ns3:cad>
          </ns3:TrackPointExtension>
        </extensions>
      </trkpt>
      <trkpt lat="30.512156300246715545654296875" lon="114.23233612440526485443115234375">
        <ele>23.3999996185302734375</ele>
        <time>2025-11-07T01:36:43.000Z</time>
        <extensions>
          <ns3:TrackPointExtension>
            <ns3:hr>152</ns3:hr>
            <ns3:cad>86</ns3:cad>
          </ns3:TrackPointExtension>
        </extensions>
      </trkpt>
      <trkpt lat="30.51215001381933689117431640625" lon="114.23234760761260986328125">
        <ele>23.6000003814697265625</ele>
        <time>2025-11-07T01:36:44.000Z</time>
        <extensions>
          <ns3:TrackPointExtension>
            <ns3:hr>152</ns3:hr>
            <ns3:cad>86</ns3:cad>
          </ns3:TrackPointExtension>
        </extensions>
      </trkpt>
      <trkpt lat="30.51213861443102359771728515625" lon="114.23237954266369342803955078125">
        <ele>23.6000003814697265625</ele>
        <time>2025-11-07T01:36:45.000Z</time>
        <extensions>
          <ns3:TrackPointExtension>
            <ns3:hr>152</ns3:hr>
            <ns3:cad>84</ns3:cad>
          </ns3:TrackPointExtension>
        </extensions>
      </trkpt>
    </trkseg>
  </trk>
</gpx>
