<gpx xmlns:ns3="http://www.garmin.com/xmlschemas/TrackPointExtension/v1" xmlns="http://www.topografix.com/GPX/1/1" xmlns:xsi="http://www.w3.org/2001/XMLSchema-instance" xmlns:ns2="http://www.garmin.com/xmlschemas/GpxExtensions/v3" creator="Garmin Connect" version="1.1" xsi:schemaLocation="http://www.topografix.com/GPX/1/1 http://www.topografix.com/GPX/11.xsd">
  <extensions>
<distance>1301.55</distance>
<average_hr>68.0</average_hr>
<average_speed>1.034999966621399</average_speed>
<start_time>2025-11-15T11:10:02+00:00</start_time>
<end_time>2025-11-15T11:31:00.123000+00:00</end_time>
<moving_time>1098.0</moving_time>
<elapsed_time>1258.964</elapsed_time>
</extensions>
<metadata>
    <link href="connect.garmin.com">
      <text>Garmin Connect</text>
    </link>
    <time>2025-11-15T11:10:02.000Z</time>
  </metadata>
  <trk>
    <name>桂林象鼻山要来看</name>
    <desc>来都来了，不能免俗，晚上去的，人还不少</desc>
    <type>walking</type>
    <trkseg>
      <trkpt lat="25.2737399004399776458740234375" lon="110.2924288250505924224853515625">
        <ele>156</ele>
        <time>2025-11-15T11:10:02.000Z</time>
        <extensions>
          <ns3:TrackPointExtension>
            <ns3:hr>62</ns3:hr>
          </ns3:TrackPointExtension>
        </extensions>
      </trkpt>
      <trkpt lat="25.2737342007458209991455078125" lon="110.2924402244389057159423828125">
        <ele>156</ele>
        <time>2025-11-15T11:10:03.000Z</time>
        <extensions>
          <ns3:TrackPointExtension>
            <ns3:hr>62</ns3:hr>
          </ns3:TrackPointExtension>
        </extensions>
      </trkpt>
      <trkpt lat="25.273725986480712890625" lon="110.29244449920952320098876953125">
        <ele>156</ele>
        <time>2025-11-15T11:10:04.000Z</time>
        <extensions>
          <ns3:TrackPointExtension>
            <ns3:hr>62</ns3:hr>
          </ns3:TrackPointExtension>
        </extensions>
      </trkpt>
      <trkpt lat="25.27372020296752452850341796875" lon="110.2924452535808086395263671875">
        <ele>155.8000030517578125</ele>
        <time>2025-11-15T11:10:05.000Z</time>
        <extensions>
          <ns3:TrackPointExtension>
            <ns3:hr>61</ns3:hr>
          </ns3:TrackPointExtension>
        </extensions>
      </trkpt>
      <trkpt lat="25.2737110666930675506591796875" lon="110.2924405597150325775146484375">
        <ele>155.8000030517578125</ele>
        <time>2025-11-15T11:10:06.000Z</time>
        <extensions>
          <ns3:TrackPointExtension>
            <ns3:hr>61</ns3:hr>
          </ns3:TrackPointExtension>
        </extensions>
      </trkpt>
      <trkpt lat="25.27370243333280086517333984375" lon="110.29242941178381443023681640625">
        <ele>155.600006103515625</ele>
        <time>2025-11-15T11:10:07.000Z</time>
        <extensions>
          <ns3:TrackPointExtension>
            <ns3:hr>61</ns3:hr>
          </ns3:TrackPointExtension>
        </extensions>
      </trkpt>
      <trkpt lat="25.2736959792673587799072265625" lon="110.29241901822388172149658203125">
        <ele>155.399993896484375</ele>
        <time>2025-11-15T11:10:08.000Z</time>
        <extensions>
          <ns3:TrackPointExtension>
            <ns3:hr>61</ns3:hr>
          </ns3:TrackPointExtension>
        </extensions>
      </trkpt>
      <trkpt lat="25.27369488961994647979736328125" lon="110.29240292496979236602783203125">
        <ele>155.399993896484375</ele>
        <time>2025-11-15T11:10:09.000Z</time>
        <extensions>
          <ns3:TrackPointExtension>
            <ns3:hr>61</ns3:hr>
          </ns3:TrackPointExtension>
        </extensions>
      </trkpt>
      <trkpt lat="25.27370159514248371124267578125" lon="110.2923828922212123870849609375">
        <ele>155.399993896484375</ele>
        <time>2025-11-15T11:10:10.000Z</time>
        <extensions>
          <ns3:TrackPointExtension>
            <ns3:hr>62</ns3:hr>
          </ns3:TrackPointExtension>
        </extensions>
      </trkpt>
      <trkpt lat="25.27370779775083065032958984375" lon="110.29237660579383373260498046875">
        <ele>155.399993896484375</ele>
        <time>2025-11-15T11:10:11.000Z</time>
        <extensions>
          <ns3:TrackPointExtension>
            <ns3:hr>62</ns3:hr>
          </ns3:TrackPointExtension>
        </extensions>
      </trkpt>
      <trkpt lat="25.27371198870241641998291015625" lon="110.292362608015537261962890625">
        <ele>155.399993896484375</ele>
        <time>2025-11-15T11:10:12.000Z</time>
        <extensions>
          <ns3:TrackPointExtension>
            <ns3:hr>63</ns3:hr>
          </ns3:TrackPointExtension>
        </extensions>
      </trkpt>
      <trkpt lat="25.273710899055004119873046875" lon="110.2923540584743022918701171875">
        <ele>155.399993896484375</ele>
        <time>2025-11-15T11:10:13.000Z</time>
        <extensions>
          <ns3:TrackPointExtension>
            <ns3:hr>63</ns3:hr>
          </ns3:TrackPointExtension>
        </extensions>
      </trkpt>
      <trkpt lat="25.27371198870241641998291015625" lon="110.29234140180051326751708984375">
        <ele>155.399993896484375</ele>
        <time>2025-11-15T11:10:14.000Z</time>
        <extensions>
          <ns3:TrackPointExtension>
            <ns3:hr>63</ns3:hr>
          </ns3:TrackPointExtension>
        </extensions>
      </trkpt>
      <trkpt lat="25.27371165342628955841064453125" lon="110.2923356182873249053955078125">
        <ele>155.399993896484375</ele>
        <time>2025-11-15T11:10:15.000Z</time>
        <extensions>
          <ns3:TrackPointExtension>
            <ns3:hr>63</ns3:hr>
          </ns3:TrackPointExtension>
        </extensions>
      </trkpt>
      <trkpt lat="25.27370964176952838897705078125" lon="110.29232899658381938934326171875">
        <ele>155.600006103515625</ele>
        <time>2025-11-15T11:10:16.000Z</time>
        <extensions>
          <ns3:TrackPointExtension>
            <ns3:hr>63</ns3:hr>
          </ns3:TrackPointExtension>
        </extensions>
      </trkpt>
      <trkpt lat="25.27370276860892772674560546875" lon="110.29232136905193328857421875">
        <ele>155.600006103515625</ele>
        <time>2025-11-15T11:10:17.000Z</time>
        <extensions>
          <ns3:TrackPointExtension>
            <ns3:hr>63</ns3:hr>
          </ns3:TrackPointExtension>
        </extensions>
      </trkpt>
      <trkpt lat="25.27369220741093158721923828125" lon="110.292316339910030364990234375">
        <ele>155.600006103515625</ele>
        <time>2025-11-15T11:10:18.000Z</time>
        <extensions>
          <ns3:TrackPointExtension>
            <ns3:hr>63</ns3:hr>
          </ns3:TrackPointExtension>
        </extensions>
      </trkpt>
      <trkpt lat="25.2736790478229522705078125" lon="110.29231240041553974151611328125">
        <ele>155.600006103515625</ele>
        <time>2025-11-15T11:10:19.000Z</time>
        <extensions>
          <ns3:TrackPointExtension>
            <ns3:hr>63</ns3:hr>
          </ns3:TrackPointExtension>
        </extensions>
      </trkpt>
      <trkpt lat="25.2736678160727024078369140625" lon="110.2923084609210491180419921875">
        <ele>155.399993896484375</ele>
        <time>2025-11-15T11:10:20.000Z</time>
        <extensions>
          <ns3:TrackPointExtension>
            <ns3:hr>63</ns3:hr>
          </ns3:TrackPointExtension>
        </extensions>
      </trkpt>
      <trkpt lat="25.27365398593246936798095703125" lon="110.2923034317791461944580078125">
        <ele>155.399993896484375</ele>
        <time>2025-11-15T11:10:21.000Z</time>
        <extensions>
          <ns3:TrackPointExtension>
            <ns3:hr>64</ns3:hr>
          </ns3:TrackPointExtension>
        </extensions>
      </trkpt>
      <trkpt lat="25.27363948523998260498046875" lon="110.2922965586185455322265625">
        <ele>155.399993896484375</ele>
        <time>2025-11-15T11:10:22.000Z</time>
        <extensions>
          <ns3:TrackPointExtension>
            <ns3:hr>64</ns3:hr>
          </ns3:TrackPointExtension>
        </extensions>
      </trkpt>
      <trkpt lat="25.2736289240419864654541015625" lon="110.29229261912405490875244140625">
        <ele>155.399993896484375</ele>
        <time>2025-11-15T11:10:23.000Z</time>
        <extensions>
          <ns3:TrackPointExtension>
            <ns3:hr>64</ns3:hr>
          </ns3:TrackPointExtension>
        </extensions>
      </trkpt>
      <trkpt lat="25.27361400425434112548828125" lon="110.292286165058612823486328125">
        <ele>155.399993896484375</ele>
        <time>2025-11-15T11:10:24.000Z</time>
        <extensions>
          <ns3:TrackPointExtension>
            <ns3:hr>64</ns3:hr>
          </ns3:TrackPointExtension>
        </extensions>
      </trkpt>
      <trkpt lat="25.273604281246662139892578125" lon="110.29228725470602512359619140625">
        <ele>155.1999969482421875</ele>
        <time>2025-11-15T11:10:25.000Z</time>
        <extensions>
          <ns3:TrackPointExtension>
            <ns3:hr>64</ns3:hr>
          </ns3:TrackPointExtension>
        </extensions>
      </trkpt>
      <trkpt lat="25.2735964022576808929443359375" lon="110.29228859581053256988525390625">
        <ele>155.1999969482421875</ele>
        <time>2025-11-15T11:10:26.000Z</time>
        <extensions>
          <ns3:TrackPointExtension>
            <ns3:hr>65</ns3:hr>
          </ns3:TrackPointExtension>
        </extensions>
      </trkpt>
      <trkpt lat="25.2735886909067630767822265625" lon="110.2922906912863254547119140625">
        <ele>155.1999969482421875</ele>
        <time>2025-11-15T11:10:27.000Z</time>
        <extensions>
          <ns3:TrackPointExtension>
            <ns3:hr>65</ns3:hr>
          </ns3:TrackPointExtension>
        </extensions>
      </trkpt>
      <trkpt lat="25.27358022518455982208251953125" lon="110.2922938764095306396484375">
        <ele>155.1999969482421875</ele>
        <time>2025-11-15T11:10:28.000Z</time>
        <extensions>
          <ns3:TrackPointExtension>
            <ns3:hr>65</ns3:hr>
          </ns3:TrackPointExtension>
        </extensions>
      </trkpt>
      <trkpt lat="25.27357603423297405242919921875" lon="110.2922937087714672088623046875">
        <ele>155.1999969482421875</ele>
        <time>2025-11-15T11:10:29.000Z</time>
        <extensions>
          <ns3:TrackPointExtension>
            <ns3:hr>65</ns3:hr>
          </ns3:TrackPointExtension>
        </extensions>
      </trkpt>
      <trkpt lat="25.27356731705367565155029296875" lon="110.29229111038148403167724609375">
        <ele>155.1999969482421875</ele>
        <time>2025-11-15T11:10:30.000Z</time>
        <extensions>
          <ns3:TrackPointExtension>
            <ns3:hr>65</ns3:hr>
          </ns3:TrackPointExtension>
        </extensions>
      </trkpt>
      <trkpt lat="25.27355675585567951202392578125" lon="110.29228423722088336944580078125">
        <ele>155.1999969482421875</ele>
        <time>2025-11-15T11:10:31.000Z</time>
        <extensions>
          <ns3:TrackPointExtension>
            <ns3:hr>66</ns3:hr>
          </ns3:TrackPointExtension>
        </extensions>
      </trkpt>
      <trkpt lat="25.2735476195812225341796875" lon="110.29227443039417266845703125">
        <ele>155.1999969482421875</ele>
        <time>2025-11-15T11:10:32.000Z</time>
        <extensions>
          <ns3:TrackPointExtension>
            <ns3:hr>66</ns3:hr>
          </ns3:TrackPointExtension>
        </extensions>
      </trkpt>
      <trkpt lat="25.2735397405922412872314453125" lon="110.292271077632904052734375">
        <ele>155.399993896484375</ele>
        <time>2025-11-15T11:10:33.000Z</time>
        <extensions>
          <ns3:TrackPointExtension>
            <ns3:hr>67</ns3:hr>
          </ns3:TrackPointExtension>
        </extensions>
      </trkpt>
      <trkpt lat="25.27352876029908657073974609375" lon="110.292262695729732513427734375">
        <ele>155.1999969482421875</ele>
        <time>2025-11-15T11:10:34.000Z</time>
        <extensions>
          <ns3:TrackPointExtension>
            <ns3:hr>67</ns3:hr>
          </ns3:TrackPointExtension>
        </extensions>
      </trkpt>
      <trkpt lat="25.27351685799658298492431640625" lon="110.29225590638816356658935546875">
        <ele>155.1999969482421875</ele>
        <time>2025-11-15T11:10:35.000Z</time>
        <extensions>
          <ns3:TrackPointExtension>
            <ns3:hr>67</ns3:hr>
          </ns3:TrackPointExtension>
        </extensions>
      </trkpt>
      <trkpt lat="25.27350361458957195281982421875" lon="110.29224601574242115020751953125">
        <ele>155.1999969482421875</ele>
        <time>2025-11-15T11:10:36.000Z</time>
        <extensions>
          <ns3:TrackPointExtension>
            <ns3:hr>67</ns3:hr>
          </ns3:TrackPointExtension>
        </extensions>
      </trkpt>
      <trkpt lat="25.27349204756319522857666015625" lon="110.2922390587627887725830078125">
        <ele>155.1999969482421875</ele>
        <time>2025-11-15T11:10:37.000Z</time>
        <extensions>
          <ns3:TrackPointExtension>
            <ns3:hr>67</ns3:hr>
          </ns3:TrackPointExtension>
        </extensions>
      </trkpt>
      <trkpt lat="25.27348014526069164276123046875" lon="110.2922320179641246795654296875">
        <ele>155.1999969482421875</ele>
        <time>2025-11-15T11:10:38.000Z</time>
        <extensions>
          <ns3:TrackPointExtension>
            <ns3:hr>68</ns3:hr>
          </ns3:TrackPointExtension>
        </extensions>
      </trkpt>
      <trkpt lat="25.2734669856727123260498046875" lon="110.2922216244041919708251953125">
        <ele>155.1999969482421875</ele>
        <time>2025-11-15T11:10:39.000Z</time>
        <extensions>
          <ns3:TrackPointExtension>
            <ns3:hr>68</ns3:hr>
          </ns3:TrackPointExtension>
        </extensions>
      </trkpt>
      <trkpt lat="25.27345701120793819427490234375" lon="110.29221475124359130859375">
        <ele>155.1999969482421875</ele>
        <time>2025-11-15T11:10:40.000Z</time>
        <extensions>
          <ns3:TrackPointExtension>
            <ns3:hr>67</ns3:hr>
          </ns3:TrackPointExtension>
        </extensions>
      </trkpt>
      <trkpt lat="25.27344611473381519317626953125" lon="110.29220511205494403839111328125">
        <ele>155.1999969482421875</ele>
        <time>2025-11-15T11:10:41.000Z</time>
        <extensions>
          <ns3:TrackPointExtension>
            <ns3:hr>67</ns3:hr>
          </ns3:TrackPointExtension>
        </extensions>
      </trkpt>
      <trkpt lat="25.273435302078723907470703125" lon="110.292201004922389984130859375">
        <ele>155.1999969482421875</ele>
        <time>2025-11-15T11:10:42.000Z</time>
        <extensions>
          <ns3:TrackPointExtension>
            <ns3:hr>67</ns3:hr>
          </ns3:TrackPointExtension>
        </extensions>
      </trkpt>
      <trkpt lat="25.273426584899425506591796875" lon="110.2921968139708042144775390625">
        <ele>155.1999969482421875</ele>
        <time>2025-11-15T11:10:43.000Z</time>
        <extensions>
          <ns3:TrackPointExtension>
            <ns3:hr>67</ns3:hr>
          </ns3:TrackPointExtension>
        </extensions>
      </trkpt>
      <trkpt lat="25.27341761626303195953369140625" lon="110.29219253920018672943115234375">
        <ele>155.1999969482421875</ele>
        <time>2025-11-15T11:10:44.000Z</time>
        <extensions>
          <ns3:TrackPointExtension>
            <ns3:hr>68</ns3:hr>
          </ns3:TrackPointExtension>
        </extensions>
      </trkpt>
      <trkpt lat="25.27340621687471866607666015625" lon="110.2921907790005207061767578125">
        <ele>155.1999969482421875</ele>
        <time>2025-11-15T11:10:45.000Z</time>
        <extensions>
          <ns3:TrackPointExtension>
            <ns3:hr>68</ns3:hr>
          </ns3:TrackPointExtension>
        </extensions>
      </trkpt>
      <trkpt lat="25.27339674532413482666015625" lon="110.2921877615153789520263671875">
        <ele>155.1999969482421875</ele>
        <time>2025-11-15T11:10:46.000Z</time>
        <extensions>
          <ns3:TrackPointExtension>
            <ns3:hr>68</ns3:hr>
          </ns3:TrackPointExtension>
        </extensions>
      </trkpt>
      <trkpt lat="25.2733888663351535797119140625" lon="110.29218298383057117462158203125">
        <ele>155.1999969482421875</ele>
        <time>2025-11-15T11:10:47.000Z</time>
        <extensions>
          <ns3:TrackPointExtension>
            <ns3:hr>68</ns3:hr>
          </ns3:TrackPointExtension>
        </extensions>
      </trkpt>
      <trkpt lat="25.27337721548974514007568359375" lon="110.29217921197414398193359375">
        <ele>155.399993896484375</ele>
        <time>2025-11-15T11:10:48.000Z</time>
        <extensions>
          <ns3:TrackPointExtension>
            <ns3:hr>67</ns3:hr>
          </ns3:TrackPointExtension>
        </extensions>
      </trkpt>
      <trkpt lat="25.2733647264540195465087890625" lon="110.29217460192739963531494140625">
        <ele>155.399993896484375</ele>
        <time>2025-11-15T11:10:49.000Z</time>
        <extensions>
          <ns3:TrackPointExtension>
            <ns3:hr>67</ns3:hr>
          </ns3:TrackPointExtension>
        </extensions>
      </trkpt>
      <trkpt lat="25.273354835808277130126953125" lon="110.2921730093657970428466796875">
        <ele>155.399993896484375</ele>
        <time>2025-11-15T11:10:50.000Z</time>
        <extensions>
          <ns3:TrackPointExtension>
            <ns3:hr>67</ns3:hr>
          </ns3:TrackPointExtension>
        </extensions>
      </trkpt>
      <trkpt lat="25.2733452804386615753173828125" lon="110.2921602688729763031005859375">
        <ele>155.399993896484375</ele>
        <time>2025-11-15T11:10:51.000Z</time>
        <extensions>
          <ns3:TrackPointExtension>
            <ns3:hr>67</ns3:hr>
          </ns3:TrackPointExtension>
        </extensions>
      </trkpt>
      <trkpt lat="25.273336730897426605224609375" lon="110.29214492999017238616943359375">
        <ele>155.399993896484375</ele>
        <time>2025-11-15T11:10:52.000Z</time>
        <extensions>
          <ns3:TrackPointExtension>
            <ns3:hr>67</ns3:hr>
          </ns3:TrackPointExtension>
        </extensions>
      </trkpt>
      <trkpt lat="25.27332893572747707366943359375" lon="110.2921307645738124847412109375">
        <ele>155.1999969482421875</ele>
        <time>2025-11-15T11:10:53.000Z</time>
        <extensions>
          <ns3:TrackPointExtension>
            <ns3:hr>67</ns3:hr>
          </ns3:TrackPointExtension>
        </extensions>
      </trkpt>
      <trkpt lat="25.27331988327205181121826171875" lon="110.29211475513875484466552734375">
        <ele>155.1999969482421875</ele>
        <time>2025-11-15T11:10:54.000Z</time>
        <extensions>
          <ns3:TrackPointExtension>
            <ns3:hr>67</ns3:hr>
          </ns3:TrackPointExtension>
        </extensions>
      </trkpt>
      <trkpt lat="25.27331301011145114898681640625" lon="110.292098410427570343017578125">
        <ele>155.1999969482421875</ele>
        <time>2025-11-15T11:10:55.000Z</time>
        <extensions>
          <ns3:TrackPointExtension>
            <ns3:hr>67</ns3:hr>
          </ns3:TrackPointExtension>
        </extensions>
      </trkpt>
      <trkpt lat="25.273304544389247894287109375" lon="110.292090363800525665283203125">
        <ele>155.399993896484375</ele>
        <time>2025-11-15T11:10:56.000Z</time>
        <extensions>
          <ns3:TrackPointExtension>
            <ns3:hr>67</ns3:hr>
          </ns3:TrackPointExtension>
        </extensions>
      </trkpt>
      <trkpt lat="25.27329482138156890869140625" lon="110.29208399355411529541015625">
        <ele>155.399993896484375</ele>
        <time>2025-11-15T11:10:57.000Z</time>
        <extensions>
          <ns3:TrackPointExtension>
            <ns3:hr>67</ns3:hr>
          </ns3:TrackPointExtension>
        </extensions>
      </trkpt>
      <trkpt lat="25.27328702621161937713623046875" lon="110.2920787967741489410400390625">
        <ele>155.600006103515625</ele>
        <time>2025-11-15T11:10:58.000Z</time>
        <extensions>
          <ns3:TrackPointExtension>
            <ns3:hr>68</ns3:hr>
          </ns3:TrackPointExtension>
        </extensions>
      </trkpt>
      <trkpt lat="25.27328317053616046905517578125" lon="110.29207854531705379486083984375">
        <ele>155.600006103515625</ele>
        <time>2025-11-15T11:10:59.000Z</time>
        <extensions>
          <ns3:TrackPointExtension>
            <ns3:hr>68</ns3:hr>
          </ns3:TrackPointExtension>
        </extensions>
      </trkpt>
      <trkpt lat="25.273272357881069183349609375" lon="110.2920737676322460174560546875">
        <ele>155.600006103515625</ele>
        <time>2025-11-15T11:11:00.000Z</time>
        <extensions>
          <ns3:TrackPointExtension>
            <ns3:hr>67</ns3:hr>
          </ns3:TrackPointExtension>
        </extensions>
      </trkpt>
      <trkpt lat="25.27325903065502643585205078125" lon="110.29206748120486736297607421875">
        <ele>155.399993896484375</ele>
        <time>2025-11-15T11:11:01.000Z</time>
        <extensions>
          <ns3:TrackPointExtension>
            <ns3:hr>67</ns3:hr>
          </ns3:TrackPointExtension>
        </extensions>
      </trkpt>
      <trkpt lat="25.2732500620186328887939453125" lon="110.29206211678683757781982421875">
        <ele>155.1999969482421875</ele>
        <time>2025-11-15T11:11:02.000Z</time>
        <extensions>
          <ns3:TrackPointExtension>
            <ns3:hr>67</ns3:hr>
          </ns3:TrackPointExtension>
        </extensions>
      </trkpt>
      <trkpt lat="25.27324109338223934173583984375" lon="110.2920580096542835235595703125">
        <ele>155.1999969482421875</ele>
        <time>2025-11-15T11:11:03.000Z</time>
        <extensions>
          <ns3:TrackPointExtension>
            <ns3:hr>67</ns3:hr>
          </ns3:TrackPointExtension>
        </extensions>
      </trkpt>
      <trkpt lat="25.27322910726070404052734375" lon="110.29205641709268093109130859375">
        <ele>155</ele>
        <time>2025-11-15T11:11:04.000Z</time>
        <extensions>
          <ns3:TrackPointExtension>
            <ns3:hr>67</ns3:hr>
          </ns3:TrackPointExtension>
        </extensions>
      </trkpt>
      <trkpt lat="25.27321728877723217010498046875" lon="110.29205541126430034637451171875">
        <ele>155</ele>
        <time>2025-11-15T11:11:05.000Z</time>
        <extensions>
          <ns3:TrackPointExtension>
            <ns3:hr>67</ns3:hr>
          </ns3:TrackPointExtension>
        </extensions>
      </trkpt>
      <trkpt lat="25.2732054702937602996826171875" lon="110.2920497953891754150390625">
        <ele>155</ele>
        <time>2025-11-15T11:11:06.000Z</time>
        <extensions>
          <ns3:TrackPointExtension>
            <ns3:hr>66</ns3:hr>
          </ns3:TrackPointExtension>
        </extensions>
      </trkpt>
      <trkpt lat="25.27319423854351043701171875" lon="110.29204786755144596099853515625">
        <ele>155</ele>
        <time>2025-11-15T11:11:07.000Z</time>
        <extensions>
          <ns3:TrackPointExtension>
            <ns3:hr>67</ns3:hr>
          </ns3:TrackPointExtension>
        </extensions>
      </trkpt>
      <trkpt lat="25.27318258769810199737548828125" lon="110.29204669408500194549560546875">
        <ele>155</ele>
        <time>2025-11-15T11:11:08.000Z</time>
        <extensions>
          <ns3:TrackPointExtension>
            <ns3:hr>67</ns3:hr>
          </ns3:TrackPointExtension>
        </extensions>
      </trkpt>
      <trkpt lat="25.273172445595264434814453125" lon="110.29204384423792362213134765625">
        <ele>155</ele>
        <time>2025-11-15T11:11:09.000Z</time>
        <extensions>
          <ns3:TrackPointExtension>
            <ns3:hr>68</ns3:hr>
          </ns3:TrackPointExtension>
        </extensions>
      </trkpt>
      <trkpt lat="25.2731595374643802642822265625" lon="110.29203973710536956787109375">
        <ele>155</ele>
        <time>2025-11-15T11:11:10.000Z</time>
        <extensions>
          <ns3:TrackPointExtension>
            <ns3:hr>68</ns3:hr>
          </ns3:TrackPointExtension>
        </extensions>
      </trkpt>
      <trkpt lat="25.2731479704380035400390625" lon="110.2920377254486083984375">
        <ele>155.1999969482421875</ele>
        <time>2025-11-15T11:11:11.000Z</time>
        <extensions>
          <ns3:TrackPointExtension>
            <ns3:hr>67</ns3:hr>
          </ns3:TrackPointExtension>
        </extensions>
      </trkpt>
      <trkpt lat="25.27313766069710254669189453125" lon="110.292030014097690582275390625">
        <ele>155.1999969482421875</ele>
        <time>2025-11-15T11:11:12.000Z</time>
        <extensions>
          <ns3:TrackPointExtension>
            <ns3:hr>68</ns3:hr>
          </ns3:TrackPointExtension>
        </extensions>
      </trkpt>
      <trkpt lat="25.2731265127658843994140625" lon="110.2920214645564556121826171875">
        <ele>155.1999969482421875</ele>
        <time>2025-11-15T11:11:13.000Z</time>
        <extensions>
          <ns3:TrackPointExtension>
            <ns3:hr>69</ns3:hr>
          </ns3:TrackPointExtension>
        </extensions>
      </trkpt>
      <trkpt lat="25.27311821468174457550048828125" lon="110.29201559722423553466796875">
        <ele>155.1999969482421875</ele>
        <time>2025-11-15T11:11:14.000Z</time>
        <extensions>
          <ns3:TrackPointExtension>
            <ns3:hr>70</ns3:hr>
          </ns3:TrackPointExtension>
        </extensions>
      </trkpt>
      <trkpt lat="25.273108743131160736083984375" lon="110.2920093946158885955810546875">
        <ele>155.1999969482421875</ele>
        <time>2025-11-15T11:11:15.000Z</time>
        <extensions>
          <ns3:TrackPointExtension>
            <ns3:hr>71</ns3:hr>
          </ns3:TrackPointExtension>
        </extensions>
      </trkpt>
      <trkpt lat="25.27309994213283061981201171875" lon="110.2920013479888439178466796875">
        <ele>155.1999969482421875</ele>
        <time>2025-11-15T11:11:16.000Z</time>
        <extensions>
          <ns3:TrackPointExtension>
            <ns3:hr>71</ns3:hr>
          </ns3:TrackPointExtension>
        </extensions>
      </trkpt>
      <trkpt lat="25.273089297115802764892578125" lon="110.291993804275989532470703125">
        <ele>155.1999969482421875</ele>
        <time>2025-11-15T11:11:17.000Z</time>
        <extensions>
          <ns3:TrackPointExtension>
            <ns3:hr>70</ns3:hr>
          </ns3:TrackPointExtension>
        </extensions>
      </trkpt>
      <trkpt lat="25.27307781390845775604248046875" lon="110.2919859252870082855224609375">
        <ele>155</ele>
        <time>2025-11-15T11:11:18.000Z</time>
        <extensions>
          <ns3:TrackPointExtension>
            <ns3:hr>71</ns3:hr>
          </ns3:TrackPointExtension>
        </extensions>
      </trkpt>
      <trkpt lat="25.27306490577757358551025390625" lon="110.2919785492122173309326171875">
        <ele>155.1999969482421875</ele>
        <time>2025-11-15T11:11:19.000Z</time>
        <extensions>
          <ns3:TrackPointExtension>
            <ns3:hr>71</ns3:hr>
          </ns3:TrackPointExtension>
        </extensions>
      </trkpt>
      <trkpt lat="25.27305451221764087677001953125" lon="110.2919765375554561614990234375">
        <ele>155.1999969482421875</ele>
        <time>2025-11-15T11:11:20.000Z</time>
        <extensions>
          <ns3:TrackPointExtension>
            <ns3:hr>72</ns3:hr>
          </ns3:TrackPointExtension>
        </extensions>
      </trkpt>
      <trkpt lat="25.273042358458042144775390625" lon="110.29197268187999725341796875">
        <ele>155.1999969482421875</ele>
        <time>2025-11-15T11:11:21.000Z</time>
        <extensions>
          <ns3:TrackPointExtension>
            <ns3:hr>72</ns3:hr>
          </ns3:TrackPointExtension>
        </extensions>
      </trkpt>
      <trkpt lat="25.273032970726490020751953125" lon="110.29196891002357006072998046875">
        <ele>155.1999969482421875</ele>
        <time>2025-11-15T11:11:22.000Z</time>
        <extensions>
          <ns3:TrackPointExtension>
            <ns3:hr>73</ns3:hr>
          </ns3:TrackPointExtension>
        </extensions>
      </trkpt>
      <trkpt lat="25.2730227448046207427978515625" lon="110.29196488671004772186279296875">
        <ele>155.1999969482421875</ele>
        <time>2025-11-15T11:11:23.000Z</time>
        <extensions>
          <ns3:TrackPointExtension>
            <ns3:hr>74</ns3:hr>
          </ns3:TrackPointExtension>
        </extensions>
      </trkpt>
      <trkpt lat="25.2730138599872589111328125" lon="110.29195968993008136749267578125">
        <ele>155.1999969482421875</ele>
        <time>2025-11-15T11:11:24.000Z</time>
        <extensions>
          <ns3:TrackPointExtension>
            <ns3:hr>74</ns3:hr>
          </ns3:TrackPointExtension>
        </extensions>
      </trkpt>
      <trkpt lat="25.27300522662699222564697265625" lon="110.29195382259786128997802734375">
        <ele>155.1999969482421875</ele>
        <time>2025-11-15T11:11:25.000Z</time>
        <extensions>
          <ns3:TrackPointExtension>
            <ns3:hr>73</ns3:hr>
          </ns3:TrackPointExtension>
        </extensions>
      </trkpt>
      <trkpt lat="25.27299441397190093994140625" lon="110.2919478714466094970703125">
        <ele>155.1999969482421875</ele>
        <time>2025-11-15T11:11:26.000Z</time>
        <extensions>
          <ns3:TrackPointExtension>
            <ns3:hr>73</ns3:hr>
          </ns3:TrackPointExtension>
        </extensions>
      </trkpt>
      <trkpt lat="25.27298234403133392333984375" lon="110.29194527305662631988525390625">
        <ele>155.1999969482421875</ele>
        <time>2025-11-15T11:11:27.000Z</time>
        <extensions>
          <ns3:TrackPointExtension>
            <ns3:hr>73</ns3:hr>
          </ns3:TrackPointExtension>
        </extensions>
      </trkpt>
      <trkpt lat="25.27297136373817920684814453125" lon="110.29194393195211887359619140625">
        <ele>155</ele>
        <time>2025-11-15T11:11:28.000Z</time>
        <extensions>
          <ns3:TrackPointExtension>
            <ns3:hr>73</ns3:hr>
          </ns3:TrackPointExtension>
        </extensions>
      </trkpt>
      <trkpt lat="25.27295778505504131317138671875" lon="110.2919399924576282501220703125">
        <ele>155</ele>
        <time>2025-11-15T11:11:29.000Z</time>
        <extensions>
          <ns3:TrackPointExtension>
            <ns3:hr>74</ns3:hr>
          </ns3:TrackPointExtension>
        </extensions>
      </trkpt>
      <trkpt lat="25.27294470928609371185302734375" lon="110.29193647205829620361328125">
        <ele>155</ele>
        <time>2025-11-15T11:11:30.000Z</time>
        <extensions>
          <ns3:TrackPointExtension>
            <ns3:hr>74</ns3:hr>
          </ns3:TrackPointExtension>
        </extensions>
      </trkpt>
      <trkpt lat="25.272933728992938995361328125" lon="110.29192884452641010284423828125">
        <ele>155</ele>
        <time>2025-11-15T11:11:31.000Z</time>
        <extensions>
          <ns3:TrackPointExtension>
            <ns3:hr>74</ns3:hr>
          </ns3:TrackPointExtension>
        </extensions>
      </trkpt>
      <trkpt lat="25.2729231677949428558349609375" lon="110.29192113317549228668212890625">
        <ele>155</ele>
        <time>2025-11-15T11:11:32.000Z</time>
        <extensions>
          <ns3:TrackPointExtension>
            <ns3:hr>74</ns3:hr>
          </ns3:TrackPointExtension>
        </extensions>
      </trkpt>
      <trkpt lat="25.27291252277791500091552734375" lon="110.29191409237682819366455078125">
        <ele>155</ele>
        <time>2025-11-15T11:11:33.000Z</time>
        <extensions>
          <ns3:TrackPointExtension>
            <ns3:hr>74</ns3:hr>
          </ns3:TrackPointExtension>
        </extensions>
      </trkpt>
      <trkpt lat="25.2729033865034580230712890625" lon="110.29190587811172008514404296875">
        <ele>155</ele>
        <time>2025-11-15T11:11:34.000Z</time>
        <extensions>
          <ns3:TrackPointExtension>
            <ns3:hr>74</ns3:hr>
          </ns3:TrackPointExtension>
        </extensions>
      </trkpt>
      <trkpt lat="25.27289290912449359893798828125" lon="110.2918997593224048614501953125">
        <ele>155</ele>
        <time>2025-11-15T11:11:35.000Z</time>
        <extensions>
          <ns3:TrackPointExtension>
            <ns3:hr>75</ns3:hr>
          </ns3:TrackPointExtension>
        </extensions>
      </trkpt>
      <trkpt lat="25.27288000099360942840576171875" lon="110.29189213179051876068115234375">
        <ele>155</ele>
        <time>2025-11-15T11:11:36.000Z</time>
        <extensions>
          <ns3:TrackPointExtension>
            <ns3:hr>75</ns3:hr>
          </ns3:TrackPointExtension>
        </extensions>
      </trkpt>
      <trkpt lat="25.272868014872074127197265625" lon="110.2918786369264125823974609375">
        <ele>155</ele>
        <time>2025-11-15T11:11:37.000Z</time>
        <extensions>
          <ns3:TrackPointExtension>
            <ns3:hr>75</ns3:hr>
          </ns3:TrackPointExtension>
        </extensions>
      </trkpt>
      <trkpt lat="25.272858627140522003173828125" lon="110.29186648316681385040283203125">
        <ele>155</ele>
        <time>2025-11-15T11:11:38.000Z</time>
        <extensions>
          <ns3:TrackPointExtension>
            <ns3:hr>75</ns3:hr>
          </ns3:TrackPointExtension>
        </extensions>
      </trkpt>
      <trkpt lat="25.2728470601141452789306640625" lon="110.2918565087020397186279296875">
        <ele>155</ele>
        <time>2025-11-15T11:11:39.000Z</time>
        <extensions>
          <ns3:TrackPointExtension>
            <ns3:hr>75</ns3:hr>
          </ns3:TrackPointExtension>
        </extensions>
      </trkpt>
      <trkpt lat="25.27283440344035625457763671875" lon="110.29184871353209018707275390625">
        <ele>155</ele>
        <time>2025-11-15T11:11:40.000Z</time>
        <extensions>
          <ns3:TrackPointExtension>
            <ns3:hr>76</ns3:hr>
          </ns3:TrackPointExtension>
        </extensions>
      </trkpt>
      <trkpt lat="25.27282434515655040740966796875" lon="110.2918432652950286865234375">
        <ele>155</ele>
        <time>2025-11-15T11:11:41.000Z</time>
        <extensions>
          <ns3:TrackPointExtension>
            <ns3:hr>76</ns3:hr>
          </ns3:TrackPointExtension>
        </extensions>
      </trkpt>
      <trkpt lat="25.27281395159661769866943359375" lon="110.291838236153125762939453125">
        <ele>155</ele>
        <time>2025-11-15T11:11:42.000Z</time>
        <extensions>
          <ns3:TrackPointExtension>
            <ns3:hr>76</ns3:hr>
          </ns3:TrackPointExtension>
        </extensions>
      </trkpt>
      <trkpt lat="25.272800289094448089599609375" lon="110.29183027334511280059814453125">
        <ele>155</ele>
        <time>2025-11-15T11:11:43.000Z</time>
        <extensions>
          <ns3:TrackPointExtension>
            <ns3:hr>77</ns3:hr>
          </ns3:TrackPointExtension>
        </extensions>
      </trkpt>
      <trkpt lat="25.272787548601627349853515625" lon="110.29182306490838527679443359375">
        <ele>155</ele>
        <time>2025-11-15T11:11:44.000Z</time>
        <extensions>
          <ns3:TrackPointExtension>
            <ns3:hr>77</ns3:hr>
          </ns3:TrackPointExtension>
        </extensions>
      </trkpt>
      <trkpt lat="25.27277673594653606414794921875" lon="110.29181619174778461456298828125">
        <ele>155</ele>
        <time>2025-11-15T11:11:45.000Z</time>
        <extensions>
          <ns3:TrackPointExtension>
            <ns3:hr>76</ns3:hr>
          </ns3:TrackPointExtension>
        </extensions>
      </trkpt>
      <trkpt lat="25.27276449836790561676025390625" lon="110.2918085642158985137939453125">
        <ele>155</ele>
        <time>2025-11-15T11:11:46.000Z</time>
        <extensions>
          <ns3:TrackPointExtension>
            <ns3:hr>76</ns3:hr>
          </ns3:TrackPointExtension>
        </extensions>
      </trkpt>
      <trkpt lat="25.27275259606540203094482421875" lon="110.29179976321756839752197265625">
        <ele>155</ele>
        <time>2025-11-15T11:11:47.000Z</time>
        <extensions>
          <ns3:TrackPointExtension>
            <ns3:hr>76</ns3:hr>
          </ns3:TrackPointExtension>
        </extensions>
      </trkpt>
      <trkpt lat="25.2727414481341838836669921875" lon="110.291792638599872589111328125">
        <ele>155</ele>
        <time>2025-11-15T11:11:48.000Z</time>
        <extensions>
          <ns3:TrackPointExtension>
            <ns3:hr>75</ns3:hr>
          </ns3:TrackPointExtension>
        </extensions>
      </trkpt>
      <trkpt lat="25.27273432351648807525634765625" lon="110.2917827479541301727294921875">
        <ele>155</ele>
        <time>2025-11-15T11:11:49.000Z</time>
        <extensions>
          <ns3:TrackPointExtension>
            <ns3:hr>75</ns3:hr>
          </ns3:TrackPointExtension>
        </extensions>
      </trkpt>
      <trkpt lat="25.27272510342299938201904296875" lon="110.291775204241275787353515625">
        <ele>155</ele>
        <time>2025-11-15T11:11:50.000Z</time>
        <extensions>
          <ns3:TrackPointExtension>
            <ns3:hr>74</ns3:hr>
          </ns3:TrackPointExtension>
        </extensions>
      </trkpt>
      <trkpt lat="25.27271504513919353485107421875" lon="110.2917723543941974639892578125">
        <ele>155</ele>
        <time>2025-11-15T11:11:51.000Z</time>
        <extensions>
          <ns3:TrackPointExtension>
            <ns3:hr>74</ns3:hr>
          </ns3:TrackPointExtension>
        </extensions>
      </trkpt>
      <trkpt lat="25.27270582504570484161376953125" lon="110.2917669899761676788330078125">
        <ele>155</ele>
        <time>2025-11-15T11:11:52.000Z</time>
        <extensions>
          <ns3:TrackPointExtension>
            <ns3:hr>74</ns3:hr>
          </ns3:TrackPointExtension>
        </extensions>
      </trkpt>
      <trkpt lat="25.27269509620964527130126953125" lon="110.29176212847232818603515625">
        <ele>155</ele>
        <time>2025-11-15T11:11:53.000Z</time>
        <extensions>
          <ns3:TrackPointExtension>
            <ns3:hr>73</ns3:hr>
          </ns3:TrackPointExtension>
        </extensions>
      </trkpt>
      <trkpt lat="25.27268671430647373199462890625" lon="110.291760452091693878173828125">
        <ele>155</ele>
        <time>2025-11-15T11:11:54.000Z</time>
        <extensions>
          <ns3:TrackPointExtension>
            <ns3:hr>73</ns3:hr>
          </ns3:TrackPointExtension>
        </extensions>
      </trkpt>
      <trkpt lat="25.2726767398416996002197265625" lon="110.29175684787333011627197265625">
        <ele>154.8000030517578125</ele>
        <time>2025-11-15T11:11:55.000Z</time>
        <extensions>
          <ns3:TrackPointExtension>
            <ns3:hr>73</ns3:hr>
          </ns3:TrackPointExtension>
        </extensions>
      </trkpt>
      <trkpt lat="25.27266408316791057586669921875" lon="110.29175064526498317718505859375">
        <ele>154.8000030517578125</ele>
        <time>2025-11-15T11:11:56.000Z</time>
        <extensions>
          <ns3:TrackPointExtension>
            <ns3:hr>73</ns3:hr>
          </ns3:TrackPointExtension>
        </extensions>
      </trkpt>
      <trkpt lat="25.27265067212283611297607421875" lon="110.29175148345530033111572265625">
        <ele>154.8000030517578125</ele>
        <time>2025-11-15T11:11:57.000Z</time>
        <extensions>
          <ns3:TrackPointExtension>
            <ns3:hr>73</ns3:hr>
          </ns3:TrackPointExtension>
        </extensions>
      </trkpt>
      <trkpt lat="25.2726383507251739501953125" lon="110.29175014235079288482666015625">
        <ele>154.8000030517578125</ele>
        <time>2025-11-15T11:11:58.000Z</time>
        <extensions>
          <ns3:TrackPointExtension>
            <ns3:hr>73</ns3:hr>
          </ns3:TrackPointExtension>
        </extensions>
      </trkpt>
      <trkpt lat="25.27262720279395580291748046875" lon="110.291750729084014892578125">
        <ele>154.8000030517578125</ele>
        <time>2025-11-15T11:11:59.000Z</time>
        <extensions>
          <ns3:TrackPointExtension>
            <ns3:hr>73</ns3:hr>
          </ns3:TrackPointExtension>
        </extensions>
      </trkpt>
      <trkpt lat="25.27261597104370594024658203125" lon="110.2917485497891902923583984375">
        <ele>154.8000030517578125</ele>
        <time>2025-11-15T11:12:00.000Z</time>
        <extensions>
          <ns3:TrackPointExtension>
            <ns3:hr>73</ns3:hr>
          </ns3:TrackPointExtension>
        </extensions>
      </trkpt>
      <trkpt lat="25.27260549366474151611328125" lon="110.29174201190471649169921875">
        <ele>154.8000030517578125</ele>
        <time>2025-11-15T11:12:01.000Z</time>
        <extensions>
          <ns3:TrackPointExtension>
            <ns3:hr>72</ns3:hr>
          </ns3:TrackPointExtension>
        </extensions>
      </trkpt>
      <trkpt lat="25.27259719558060169219970703125" lon="110.2917378209531307220458984375">
        <ele>154.8000030517578125</ele>
        <time>2025-11-15T11:12:02.000Z</time>
        <extensions>
          <ns3:TrackPointExtension>
            <ns3:hr>73</ns3:hr>
          </ns3:TrackPointExtension>
        </extensions>
      </trkpt>
      <trkpt lat="25.272586382925510406494140625" lon="110.29173488728702068328857421875">
        <ele>154.8000030517578125</ele>
        <time>2025-11-15T11:12:03.000Z</time>
        <extensions>
          <ns3:TrackPointExtension>
            <ns3:hr>73</ns3:hr>
          </ns3:TrackPointExtension>
        </extensions>
      </trkpt>
      <trkpt lat="25.27257624082267284393310546875" lon="110.2917304448783397674560546875">
        <ele>154.8000030517578125</ele>
        <time>2025-11-15T11:12:04.000Z</time>
        <extensions>
          <ns3:TrackPointExtension>
            <ns3:hr>73</ns3:hr>
          </ns3:TrackPointExtension>
        </extensions>
      </trkpt>
      <trkpt lat="25.27256433852016925811767578125" lon="110.2917277626693248748779296875">
        <ele>155</ele>
        <time>2025-11-15T11:12:05.000Z</time>
        <extensions>
          <ns3:TrackPointExtension>
            <ns3:hr>73</ns3:hr>
          </ns3:TrackPointExtension>
        </extensions>
      </trkpt>
      <trkpt lat="25.27255394496023654937744140625" lon="110.2917252480983734130859375">
        <ele>155</ele>
        <time>2025-11-15T11:12:06.000Z</time>
        <extensions>
          <ns3:TrackPointExtension>
            <ns3:hr>74</ns3:hr>
          </ns3:TrackPointExtension>
        </extensions>
      </trkpt>
      <trkpt lat="25.27254539541900157928466796875" lon="110.291723571717739105224609375">
        <ele>154.8000030517578125</ele>
        <time>2025-11-15T11:12:07.000Z</time>
        <extensions>
          <ns3:TrackPointExtension>
            <ns3:hr>74</ns3:hr>
          </ns3:TrackPointExtension>
        </extensions>
      </trkpt>
      <trkpt lat="25.272535420954227447509765625" lon="110.29172197915613651275634765625">
        <ele>154.8000030517578125</ele>
        <time>2025-11-15T11:12:08.000Z</time>
        <extensions>
          <ns3:TrackPointExtension>
            <ns3:hr>74</ns3:hr>
          </ns3:TrackPointExtension>
        </extensions>
      </trkpt>
      <trkpt lat="25.2725251950323581695556640625" lon="110.29172013513743877410888671875">
        <ele>154.8000030517578125</ele>
        <time>2025-11-15T11:12:09.000Z</time>
        <extensions>
          <ns3:TrackPointExtension>
            <ns3:hr>74</ns3:hr>
          </ns3:TrackPointExtension>
        </extensions>
      </trkpt>
      <trkpt lat="25.2725158073008060455322265625" lon="110.29171611182391643524169921875">
        <ele>154.8000030517578125</ele>
        <time>2025-11-15T11:12:10.000Z</time>
        <extensions>
          <ns3:TrackPointExtension>
            <ns3:hr>73</ns3:hr>
          </ns3:TrackPointExtension>
        </extensions>
      </trkpt>
      <trkpt lat="25.27250348590314388275146484375" lon="110.2917133457958698272705078125">
        <ele>154.8000030517578125</ele>
        <time>2025-11-15T11:12:11.000Z</time>
        <extensions>
          <ns3:TrackPointExtension>
            <ns3:hr>73</ns3:hr>
          </ns3:TrackPointExtension>
        </extensions>
      </trkpt>
      <trkpt lat="25.27249141596257686614990234375" lon="110.2917086519300937652587890625">
        <ele>154.8000030517578125</ele>
        <time>2025-11-15T11:12:12.000Z</time>
        <extensions>
          <ns3:TrackPointExtension>
            <ns3:hr>73</ns3:hr>
          </ns3:TrackPointExtension>
        </extensions>
      </trkpt>
      <trkpt lat="25.27248035185039043426513671875" lon="110.29169834218919277191162109375">
        <ele>154.8000030517578125</ele>
        <time>2025-11-15T11:12:13.000Z</time>
        <extensions>
          <ns3:TrackPointExtension>
            <ns3:hr>72</ns3:hr>
          </ns3:TrackPointExtension>
        </extensions>
      </trkpt>
      <trkpt lat="25.2724693715572357177734375" lon="110.29169029556214809417724609375">
        <ele>154.8000030517578125</ele>
        <time>2025-11-15T11:12:14.000Z</time>
        <extensions>
          <ns3:TrackPointExtension>
            <ns3:hr>71</ns3:hr>
          </ns3:TrackPointExtension>
        </extensions>
      </trkpt>
      <trkpt lat="25.272454954683780670166015625" lon="110.29168727807700634002685546875">
        <ele>154.8000030517578125</ele>
        <time>2025-11-15T11:12:15.000Z</time>
        <extensions>
          <ns3:TrackPointExtension>
            <ns3:hr>71</ns3:hr>
          </ns3:TrackPointExtension>
        </extensions>
      </trkpt>
      <trkpt lat="25.272441543638706207275390625" lon="110.29168426059186458587646484375">
        <ele>154.8000030517578125</ele>
        <time>2025-11-15T11:12:16.000Z</time>
        <extensions>
          <ns3:TrackPointExtension>
            <ns3:hr>70</ns3:hr>
          </ns3:TrackPointExtension>
        </extensions>
      </trkpt>
      <trkpt lat="25.2724318206310272216796875" lon="110.2916794829070568084716796875">
        <ele>154.8000030517578125</ele>
        <time>2025-11-15T11:12:17.000Z</time>
        <extensions>
          <ns3:TrackPointExtension>
            <ns3:hr>70</ns3:hr>
          </ns3:TrackPointExtension>
        </extensions>
      </trkpt>
      <trkpt lat="25.27242201380431652069091796875" lon="110.29167470522224903106689453125">
        <ele>154.8000030517578125</ele>
        <time>2025-11-15T11:12:18.000Z</time>
        <extensions>
          <ns3:TrackPointExtension>
            <ns3:hr>70</ns3:hr>
          </ns3:TrackPointExtension>
        </extensions>
      </trkpt>
      <trkpt lat="25.27241111733019351959228515625" lon="110.291669256985187530517578125">
        <ele>154.8000030517578125</ele>
        <time>2025-11-15T11:12:19.000Z</time>
        <extensions>
          <ns3:TrackPointExtension>
            <ns3:hr>70</ns3:hr>
          </ns3:TrackPointExtension>
        </extensions>
      </trkpt>
      <trkpt lat="25.27240390889346599578857421875" lon="110.291663892567157745361328125">
        <ele>154.8000030517578125</ele>
        <time>2025-11-15T11:12:20.000Z</time>
        <extensions>
          <ns3:TrackPointExtension>
            <ns3:hr>69</ns3:hr>
          </ns3:TrackPointExtension>
        </extensions>
      </trkpt>
      <trkpt lat="25.2723977901041507720947265625" lon="110.29165643267333507537841796875">
        <ele>154.8000030517578125</ele>
        <time>2025-11-15T11:12:21.000Z</time>
        <extensions>
          <ns3:TrackPointExtension>
            <ns3:hr>69</ns3:hr>
          </ns3:TrackPointExtension>
        </extensions>
      </trkpt>
      <trkpt lat="25.2723900787532329559326171875" lon="110.2916523255407810211181640625">
        <ele>154.8000030517578125</ele>
        <time>2025-11-15T11:12:22.000Z</time>
        <extensions>
          <ns3:TrackPointExtension>
            <ns3:hr>69</ns3:hr>
          </ns3:TrackPointExtension>
        </extensions>
      </trkpt>
      <trkpt lat="25.272377170622348785400390625" lon="110.291651822626590728759765625">
        <ele>154.8000030517578125</ele>
        <time>2025-11-15T11:12:23.000Z</time>
        <extensions>
          <ns3:TrackPointExtension>
            <ns3:hr>69</ns3:hr>
          </ns3:TrackPointExtension>
        </extensions>
      </trkpt>
      <trkpt lat="25.2723662741482257843017578125" lon="110.29164637438952922821044921875">
        <ele>154.8000030517578125</ele>
        <time>2025-11-15T11:12:24.000Z</time>
        <extensions>
          <ns3:TrackPointExtension>
            <ns3:hr>69</ns3:hr>
          </ns3:TrackPointExtension>
        </extensions>
      </trkpt>
      <trkpt lat="25.2723535336554050445556640625" lon="110.29163782484829425811767578125">
        <ele>154.8000030517578125</ele>
        <time>2025-11-15T11:12:25.000Z</time>
        <extensions>
          <ns3:TrackPointExtension>
            <ns3:hr>69</ns3:hr>
          </ns3:TrackPointExtension>
        </extensions>
      </trkpt>
      <trkpt lat="25.27234272100031375885009765625" lon="110.2916338853538036346435546875">
        <ele>154.8000030517578125</ele>
        <time>2025-11-15T11:12:26.000Z</time>
        <extensions>
          <ns3:TrackPointExtension>
            <ns3:hr>69</ns3:hr>
          </ns3:TrackPointExtension>
        </extensions>
      </trkpt>
      <trkpt lat="25.272332914173603057861328125" lon="110.29163028113543987274169921875">
        <ele>154.8000030517578125</ele>
        <time>2025-11-15T11:12:27.000Z</time>
        <extensions>
          <ns3:TrackPointExtension>
            <ns3:hr>69</ns3:hr>
          </ns3:TrackPointExtension>
        </extensions>
      </trkpt>
      <trkpt lat="25.27232428081333637237548828125" lon="110.291627682745456695556640625">
        <ele>154.8000030517578125</ele>
        <time>2025-11-15T11:12:28.000Z</time>
        <extensions>
          <ns3:TrackPointExtension>
            <ns3:hr>69</ns3:hr>
          </ns3:TrackPointExtension>
        </extensions>
      </trkpt>
      <trkpt lat="25.2723146416246891021728515625" lon="110.2916268445551395416259765625">
        <ele>154.8000030517578125</ele>
        <time>2025-11-15T11:12:29.000Z</time>
        <extensions>
          <ns3:TrackPointExtension>
            <ns3:hr>69</ns3:hr>
          </ns3:TrackPointExtension>
        </extensions>
      </trkpt>
      <trkpt lat="25.27230433188378810882568359375" lon="110.29162441380321979522705078125">
        <ele>154.8000030517578125</ele>
        <time>2025-11-15T11:12:30.000Z</time>
        <extensions>
          <ns3:TrackPointExtension>
            <ns3:hr>69</ns3:hr>
          </ns3:TrackPointExtension>
        </extensions>
      </trkpt>
      <trkpt lat="25.27229544706642627716064453125" lon="110.29162340797483921051025390625">
        <ele>154.8000030517578125</ele>
        <time>2025-11-15T11:12:31.000Z</time>
        <extensions>
          <ns3:TrackPointExtension>
            <ns3:hr>69</ns3:hr>
          </ns3:TrackPointExtension>
        </extensions>
      </trkpt>
      <trkpt lat="25.27228304184973239898681640625" lon="110.29161971993744373321533203125">
        <ele>154.8000030517578125</ele>
        <time>2025-11-15T11:12:32.000Z</time>
        <extensions>
          <ns3:TrackPointExtension>
            <ns3:hr>70</ns3:hr>
          </ns3:TrackPointExtension>
        </extensions>
      </trkpt>
      <trkpt lat="25.2722703851759433746337890625" lon="110.29161586426198482513427734375">
        <ele>154.8000030517578125</ele>
        <time>2025-11-15T11:12:33.000Z</time>
        <extensions>
          <ns3:TrackPointExtension>
            <ns3:hr>70</ns3:hr>
          </ns3:TrackPointExtension>
        </extensions>
      </trkpt>
      <trkpt lat="25.2722593210637569427490234375" lon="110.291611589491367340087890625">
        <ele>154.8000030517578125</ele>
        <time>2025-11-15T11:12:34.000Z</time>
        <extensions>
          <ns3:TrackPointExtension>
            <ns3:hr>70</ns3:hr>
          </ns3:TrackPointExtension>
        </extensions>
      </trkpt>
      <trkpt lat="25.2722472511231899261474609375" lon="110.29161066748201847076416015625">
        <ele>154.8000030517578125</ele>
        <time>2025-11-15T11:12:35.000Z</time>
        <extensions>
          <ns3:TrackPointExtension>
            <ns3:hr>70</ns3:hr>
          </ns3:TrackPointExtension>
        </extensions>
      </trkpt>
      <trkpt lat="25.27223660610616207122802734375" lon="110.29161192476749420166015625">
        <ele>154.8000030517578125</ele>
        <time>2025-11-15T11:12:36.000Z</time>
        <extensions>
          <ns3:TrackPointExtension>
            <ns3:hr>70</ns3:hr>
          </ns3:TrackPointExtension>
        </extensions>
      </trkpt>
      <trkpt lat="25.27222755365073680877685546875" lon="110.2916090749204158782958984375">
        <ele>154.600006103515625</ele>
        <time>2025-11-15T11:12:37.000Z</time>
        <extensions>
          <ns3:TrackPointExtension>
            <ns3:hr>69</ns3:hr>
          </ns3:TrackPointExtension>
        </extensions>
      </trkpt>
      <trkpt lat="25.27221866883337497711181640625" lon="110.29160647653043270111083984375">
        <ele>154.8000030517578125</ele>
        <time>2025-11-15T11:12:38.000Z</time>
        <extensions>
          <ns3:TrackPointExtension>
            <ns3:hr>69</ns3:hr>
          </ns3:TrackPointExtension>
        </extensions>
      </trkpt>
      <trkpt lat="25.27220986783504486083984375" lon="110.29159725643694400787353515625">
        <ele>154.8000030517578125</ele>
        <time>2025-11-15T11:12:39.000Z</time>
        <extensions>
          <ns3:TrackPointExtension>
            <ns3:hr>69</ns3:hr>
          </ns3:TrackPointExtension>
        </extensions>
      </trkpt>
      <trkpt lat="25.2722040005028247833251953125" lon="110.291590802371501922607421875">
        <ele>155</ele>
        <time>2025-11-15T11:12:40.000Z</time>
        <extensions>
          <ns3:TrackPointExtension>
            <ns3:hr>69</ns3:hr>
          </ns3:TrackPointExtension>
        </extensions>
      </trkpt>
      <trkpt lat="25.27219855226576328277587890625" lon="110.29158920980989933013916015625">
        <ele>155</ele>
        <time>2025-11-15T11:12:41.000Z</time>
        <extensions>
          <ns3:TrackPointExtension>
            <ns3:hr>70</ns3:hr>
          </ns3:TrackPointExtension>
        </extensions>
      </trkpt>
      <trkpt lat="25.272188745439052581787109375" lon="110.291582085192203521728515625">
        <ele>155</ele>
        <time>2025-11-15T11:12:42.000Z</time>
        <extensions>
          <ns3:TrackPointExtension>
            <ns3:hr>69</ns3:hr>
          </ns3:TrackPointExtension>
        </extensions>
      </trkpt>
      <trkpt lat="25.27217994444072246551513671875" lon="110.29157378710806369781494140625">
        <ele>155</ele>
        <time>2025-11-15T11:12:43.000Z</time>
        <extensions>
          <ns3:TrackPointExtension>
            <ns3:hr>69</ns3:hr>
          </ns3:TrackPointExtension>
        </extensions>
      </trkpt>
      <trkpt lat="25.2721691317856311798095703125" lon="110.291563980281352996826171875">
        <ele>154.8000030517578125</ele>
        <time>2025-11-15T11:12:44.000Z</time>
        <extensions>
          <ns3:TrackPointExtension>
            <ns3:hr>70</ns3:hr>
          </ns3:TrackPointExtension>
        </extensions>
      </trkpt>
      <trkpt lat="25.2721580676734447479248046875" lon="110.29155869968235492706298828125">
        <ele>154.8000030517578125</ele>
        <time>2025-11-15T11:12:45.000Z</time>
        <extensions>
          <ns3:TrackPointExtension>
            <ns3:hr>70</ns3:hr>
          </ns3:TrackPointExtension>
        </extensions>
      </trkpt>
      <trkpt lat="25.27214474044740200042724609375" lon="110.2915535867214202880859375">
        <ele>154.8000030517578125</ele>
        <time>2025-11-15T11:12:46.000Z</time>
        <extensions>
          <ns3:TrackPointExtension>
            <ns3:hr>69</ns3:hr>
          </ns3:TrackPointExtension>
        </extensions>
      </trkpt>
      <trkpt lat="25.27213250286877155303955078125" lon="110.291546545922756195068359375">
        <ele>154.8000030517578125</ele>
        <time>2025-11-15T11:12:47.000Z</time>
        <extensions>
          <ns3:TrackPointExtension>
            <ns3:hr>69</ns3:hr>
          </ns3:TrackPointExtension>
        </extensions>
      </trkpt>
      <trkpt lat="25.272118337452411651611328125" lon="110.29153908602893352508544921875">
        <ele>154.8000030517578125</ele>
        <time>2025-11-15T11:12:48.000Z</time>
        <extensions>
          <ns3:TrackPointExtension>
            <ns3:hr>69</ns3:hr>
          </ns3:TrackPointExtension>
        </extensions>
      </trkpt>
      <trkpt lat="25.27210668660700321197509765625" lon="110.29153087176382541656494140625">
        <ele>154.8000030517578125</ele>
        <time>2025-11-15T11:12:49.000Z</time>
        <extensions>
          <ns3:TrackPointExtension>
            <ns3:hr>69</ns3:hr>
          </ns3:TrackPointExtension>
        </extensions>
      </trkpt>
      <trkpt lat="25.2720953710377216339111328125" lon="110.291522406041622161865234375">
        <ele>154.8000030517578125</ele>
        <time>2025-11-15T11:12:50.000Z</time>
        <extensions>
          <ns3:TrackPointExtension>
            <ns3:hr>69</ns3:hr>
          </ns3:TrackPointExtension>
        </extensions>
      </trkpt>
      <trkpt lat="25.27208036743104457855224609375" lon="110.29151679016649723052978515625">
        <ele>154.8000030517578125</ele>
        <time>2025-11-15T11:12:51.000Z</time>
        <extensions>
          <ns3:TrackPointExtension>
            <ns3:hr>69</ns3:hr>
          </ns3:TrackPointExtension>
        </extensions>
      </trkpt>
      <trkpt lat="25.27206695638597011566162109375" lon="110.29151142574846744537353515625">
        <ele>154.8000030517578125</ele>
        <time>2025-11-15T11:12:52.000Z</time>
        <extensions>
          <ns3:TrackPointExtension>
            <ns3:hr>69</ns3:hr>
          </ns3:TrackPointExtension>
        </extensions>
      </trkpt>
      <trkpt lat="25.27204650454223155975341796875" lon="110.29150606133043766021728515625">
        <ele>154.8000030517578125</ele>
        <time>2025-11-15T11:12:53.000Z</time>
        <extensions>
          <ns3:TrackPointExtension>
            <ns3:hr>69</ns3:hr>
          </ns3:TrackPointExtension>
        </extensions>
      </trkpt>
      <trkpt lat="25.27204650454223155975341796875" lon="110.29150606133043766021728515625">
        <ele>154.8000030517578125</ele>
        <time>2025-11-15T11:12:54.000Z</time>
        <extensions>
          <ns3:TrackPointExtension>
            <ns3:hr>69</ns3:hr>
          </ns3:TrackPointExtension>
        </extensions>
      </trkpt>
      <trkpt lat="25.27203745208680629730224609375" lon="110.29150371439754962921142578125">
        <ele>154.8000030517578125</ele>
        <time>2025-11-15T11:12:55.000Z</time>
        <extensions>
          <ns3:TrackPointExtension>
            <ns3:hr>69</ns3:hr>
          </ns3:TrackPointExtension>
        </extensions>
      </trkpt>
      <trkpt lat="25.2720263041555881500244140625" lon="110.29150170274078845977783203125">
        <ele>154.8000030517578125</ele>
        <time>2025-11-15T11:12:56.000Z</time>
        <extensions>
          <ns3:TrackPointExtension>
            <ns3:hr>69</ns3:hr>
          </ns3:TrackPointExtension>
        </extensions>
      </trkpt>
      <trkpt lat="25.27201750315725803375244140625" lon="110.29150187037885189056396484375">
        <ele>154.8000030517578125</ele>
        <time>2025-11-15T11:12:57.000Z</time>
        <extensions>
          <ns3:TrackPointExtension>
            <ns3:hr>68</ns3:hr>
          </ns3:TrackPointExtension>
        </extensions>
      </trkpt>
      <trkpt lat="25.2720081992447376251220703125" lon="110.2914999425411224365234375">
        <ele>154.8000030517578125</ele>
        <time>2025-11-15T11:12:58.000Z</time>
        <extensions>
          <ns3:TrackPointExtension>
            <ns3:hr>68</ns3:hr>
          </ns3:TrackPointExtension>
        </extensions>
      </trkpt>
      <trkpt lat="25.27200090698897838592529296875" lon="110.291497595608234405517578125">
        <ele>154.8000030517578125</ele>
        <time>2025-11-15T11:12:59.000Z</time>
        <extensions>
          <ns3:TrackPointExtension>
            <ns3:hr>68</ns3:hr>
          </ns3:TrackPointExtension>
        </extensions>
      </trkpt>
      <trkpt lat="25.2719934470951557159423828125" lon="110.29149231500923633575439453125">
        <ele>154.8000030517578125</ele>
        <time>2025-11-15T11:13:00.000Z</time>
        <extensions>
          <ns3:TrackPointExtension>
            <ns3:hr>68</ns3:hr>
          </ns3:TrackPointExtension>
        </extensions>
      </trkpt>
      <trkpt lat="25.27198464609682559967041015625" lon="110.29148946516215801239013671875">
        <ele>154.8000030517578125</ele>
        <time>2025-11-15T11:13:01.000Z</time>
        <extensions>
          <ns3:TrackPointExtension>
            <ns3:hr>68</ns3:hr>
          </ns3:TrackPointExtension>
        </extensions>
      </trkpt>
      <trkpt lat="25.27197374962270259857177734375" lon="110.291485525667667388916015625">
        <ele>154.8000030517578125</ele>
        <time>2025-11-15T11:13:02.000Z</time>
        <extensions>
          <ns3:TrackPointExtension>
            <ns3:hr>68</ns3:hr>
          </ns3:TrackPointExtension>
        </extensions>
      </trkpt>
      <trkpt lat="25.271963439881801605224609375" lon="110.29148175381124019622802734375">
        <ele>154.8000030517578125</ele>
        <time>2025-11-15T11:13:03.000Z</time>
        <extensions>
          <ns3:TrackPointExtension>
            <ns3:hr>68</ns3:hr>
          </ns3:TrackPointExtension>
        </extensions>
      </trkpt>
      <trkpt lat="25.2719512023031711578369140625" lon="110.2914776466786861419677734375">
        <ele>154.8000030517578125</ele>
        <time>2025-11-15T11:13:04.000Z</time>
        <extensions>
          <ns3:TrackPointExtension>
            <ns3:hr>68</ns3:hr>
          </ns3:TrackPointExtension>
        </extensions>
      </trkpt>
      <trkpt lat="25.27193904854357242584228515625" lon="110.2914732880890369415283203125">
        <ele>154.8000030517578125</ele>
        <time>2025-11-15T11:13:05.000Z</time>
        <extensions>
          <ns3:TrackPointExtension>
            <ns3:hr>68</ns3:hr>
          </ns3:TrackPointExtension>
        </extensions>
      </trkpt>
      <trkpt lat="25.27192664332687854766845703125" lon="110.2914716117084026336669921875">
        <ele>154.8000030517578125</ele>
        <time>2025-11-15T11:13:06.000Z</time>
        <extensions>
          <ns3:TrackPointExtension>
            <ns3:hr>69</ns3:hr>
          </ns3:TrackPointExtension>
        </extensions>
      </trkpt>
      <trkpt lat="25.27191407047212123870849609375" lon="110.291471779346466064453125">
        <ele>154.8000030517578125</ele>
        <time>2025-11-15T11:13:07.000Z</time>
        <extensions>
          <ns3:TrackPointExtension>
            <ns3:hr>68</ns3:hr>
          </ns3:TrackPointExtension>
        </extensions>
      </trkpt>
      <trkpt lat="25.27190417982637882232666015625" lon="110.29147270135581493377685546875">
        <ele>154.8000030517578125</ele>
        <time>2025-11-15T11:13:08.000Z</time>
        <extensions>
          <ns3:TrackPointExtension>
            <ns3:hr>68</ns3:hr>
          </ns3:TrackPointExtension>
        </extensions>
      </trkpt>
      <trkpt lat="25.27189227752387523651123046875" lon="110.29147303663194179534912109375">
        <ele>154.8000030517578125</ele>
        <time>2025-11-15T11:13:09.000Z</time>
        <extensions>
          <ns3:TrackPointExtension>
            <ns3:hr>68</ns3:hr>
          </ns3:TrackPointExtension>
        </extensions>
      </trkpt>
      <trkpt lat="25.271877609193325042724609375" lon="110.29147353954613208770751953125">
        <ele>154.8000030517578125</ele>
        <time>2025-11-15T11:13:10.000Z</time>
        <extensions>
          <ns3:TrackPointExtension>
            <ns3:hr>68</ns3:hr>
          </ns3:TrackPointExtension>
        </extensions>
      </trkpt>
      <trkpt lat="25.27186612598598003387451171875" lon="110.2914746291935443878173828125">
        <ele>154.8000030517578125</ele>
        <time>2025-11-15T11:13:11.000Z</time>
        <extensions>
          <ns3:TrackPointExtension>
            <ns3:hr>67</ns3:hr>
          </ns3:TrackPointExtension>
        </extensions>
      </trkpt>
      <trkpt lat="25.27186042629182338714599609375" lon="110.29147840104997158050537109375">
        <ele>154.8000030517578125</ele>
        <time>2025-11-15T11:13:12.000Z</time>
        <extensions>
          <ns3:TrackPointExtension>
            <ns3:hr>67</ns3:hr>
          </ns3:TrackPointExtension>
        </extensions>
      </trkpt>
      <trkpt lat="25.27184911072254180908203125" lon="110.291480831801891326904296875">
        <ele>154.8000030517578125</ele>
        <time>2025-11-15T11:13:13.000Z</time>
        <extensions>
          <ns3:TrackPointExtension>
            <ns3:hr>67</ns3:hr>
          </ns3:TrackPointExtension>
        </extensions>
      </trkpt>
      <trkpt lat="25.27183846570551395416259765625" lon="110.29147873632609844207763671875">
        <ele>154.8000030517578125</ele>
        <time>2025-11-15T11:13:14.000Z</time>
        <extensions>
          <ns3:TrackPointExtension>
            <ns3:hr>67</ns3:hr>
          </ns3:TrackPointExtension>
        </extensions>
      </trkpt>
      <trkpt lat="25.27182740159332752227783203125" lon="110.29147370718419551849365234375">
        <ele>154.8000030517578125</ele>
        <time>2025-11-15T11:13:15.000Z</time>
        <extensions>
          <ns3:TrackPointExtension>
            <ns3:hr>68</ns3:hr>
          </ns3:TrackPointExtension>
        </extensions>
      </trkpt>
      <trkpt lat="25.2718154154717922210693359375" lon="110.2914692647755146026611328125">
        <ele>154.8000030517578125</ele>
        <time>2025-11-15T11:13:16.000Z</time>
        <extensions>
          <ns3:TrackPointExtension>
            <ns3:hr>67</ns3:hr>
          </ns3:TrackPointExtension>
        </extensions>
      </trkpt>
      <trkpt lat="25.2718041837215423583984375" lon="110.291468091309070587158203125">
        <ele>154.600006103515625</ele>
        <time>2025-11-15T11:13:17.000Z</time>
        <extensions>
          <ns3:TrackPointExtension>
            <ns3:hr>67</ns3:hr>
          </ns3:TrackPointExtension>
        </extensions>
      </trkpt>
      <trkpt lat="25.27179320342838764190673828125" lon="110.29146901331841945648193359375">
        <ele>154.600006103515625</ele>
        <time>2025-11-15T11:13:18.000Z</time>
        <extensions>
          <ns3:TrackPointExtension>
            <ns3:hr>67</ns3:hr>
          </ns3:TrackPointExtension>
        </extensions>
      </trkpt>
      <trkpt lat="25.271783061325550079345703125" lon="110.2914702706038951873779296875">
        <ele>154.600006103515625</ele>
        <time>2025-11-15T11:13:19.000Z</time>
        <extensions>
          <ns3:TrackPointExtension>
            <ns3:hr>66</ns3:hr>
          </ns3:TrackPointExtension>
        </extensions>
      </trkpt>
      <trkpt lat="25.27177157811820507049560546875" lon="110.29147110879421234130859375">
        <ele>154.600006103515625</ele>
        <time>2025-11-15T11:13:20.000Z</time>
        <extensions>
          <ns3:TrackPointExtension>
            <ns3:hr>66</ns3:hr>
          </ns3:TrackPointExtension>
        </extensions>
      </trkpt>
      <trkpt lat="25.27176135219633579254150390625" lon="110.29147052206099033355712890625">
        <ele>154.600006103515625</ele>
        <time>2025-11-15T11:13:21.000Z</time>
        <extensions>
          <ns3:TrackPointExtension>
            <ns3:hr>65</ns3:hr>
          </ns3:TrackPointExtension>
        </extensions>
      </trkpt>
      <trkpt lat="25.27174928225576877593994140625" lon="110.2914729528129100799560546875">
        <ele>154.600006103515625</ele>
        <time>2025-11-15T11:13:22.000Z</time>
        <extensions>
          <ns3:TrackPointExtension>
            <ns3:hr>66</ns3:hr>
          </ns3:TrackPointExtension>
        </extensions>
      </trkpt>
      <trkpt lat="25.2717379666864871978759765625" lon="110.29147655703127384185791015625">
        <ele>154.600006103515625</ele>
        <time>2025-11-15T11:13:23.000Z</time>
        <extensions>
          <ns3:TrackPointExtension>
            <ns3:hr>67</ns3:hr>
          </ns3:TrackPointExtension>
        </extensions>
      </trkpt>
      <trkpt lat="25.271727740764617919921875" lon="110.29148158617317676544189453125">
        <ele>154.600006103515625</ele>
        <time>2025-11-15T11:13:24.000Z</time>
        <extensions>
          <ns3:TrackPointExtension>
            <ns3:hr>68</ns3:hr>
          </ns3:TrackPointExtension>
        </extensions>
      </trkpt>
      <trkpt lat="25.2717188559472560882568359375" lon="110.29148275963962078094482421875">
        <ele>154.600006103515625</ele>
        <time>2025-11-15T11:13:25.000Z</time>
        <extensions>
          <ns3:TrackPointExtension>
            <ns3:hr>68</ns3:hr>
          </ns3:TrackPointExtension>
        </extensions>
      </trkpt>
      <trkpt lat="25.27170871384441852569580078125" lon="110.291482172906398773193359375">
        <ele>154.600006103515625</ele>
        <time>2025-11-15T11:13:26.000Z</time>
        <extensions>
          <ns3:TrackPointExtension>
            <ns3:hr>68</ns3:hr>
          </ns3:TrackPointExtension>
        </extensions>
      </trkpt>
      <trkpt lat="25.27169597335159778594970703125" lon="110.29148049652576446533203125">
        <ele>154.600006103515625</ele>
        <time>2025-11-15T11:13:27.000Z</time>
        <extensions>
          <ns3:TrackPointExtension>
            <ns3:hr>68</ns3:hr>
          </ns3:TrackPointExtension>
        </extensions>
      </trkpt>
      <trkpt lat="25.27168256230652332305908203125" lon="110.29147890396416187286376953125">
        <ele>154.600006103515625</ele>
        <time>2025-11-15T11:13:28.000Z</time>
        <extensions>
          <ns3:TrackPointExtension>
            <ns3:hr>68</ns3:hr>
          </ns3:TrackPointExtension>
        </extensions>
      </trkpt>
      <trkpt lat="25.271669737994670867919921875" lon="110.2914769761264324188232421875">
        <ele>154.600006103515625</ele>
        <time>2025-11-15T11:13:29.000Z</time>
        <extensions>
          <ns3:TrackPointExtension>
            <ns3:hr>68</ns3:hr>
          </ns3:TrackPointExtension>
        </extensions>
      </trkpt>
      <trkpt lat="25.2716568298637866973876953125" lon="110.2914776466786861419677734375">
        <ele>154.600006103515625</ele>
        <time>2025-11-15T11:13:30.000Z</time>
        <extensions>
          <ns3:TrackPointExtension>
            <ns3:hr>68</ns3:hr>
          </ns3:TrackPointExtension>
        </extensions>
      </trkpt>
      <trkpt lat="25.27164316736161708831787109375" lon="110.29148125089704990386962890625">
        <ele>154.600006103515625</ele>
        <time>2025-11-15T11:13:31.000Z</time>
        <extensions>
          <ns3:TrackPointExtension>
            <ns3:hr>68</ns3:hr>
          </ns3:TrackPointExtension>
        </extensions>
      </trkpt>
      <trkpt lat="25.271630845963954925537109375" lon="110.29148343019187450408935546875">
        <ele>154.600006103515625</ele>
        <time>2025-11-15T11:13:32.000Z</time>
        <extensions>
          <ns3:TrackPointExtension>
            <ns3:hr>68</ns3:hr>
          </ns3:TrackPointExtension>
        </extensions>
      </trkpt>
      <trkpt lat="25.27161777019500732421875" lon="110.2914856933057308197021484375">
        <ele>154.600006103515625</ele>
        <time>2025-11-15T11:13:33.000Z</time>
        <extensions>
          <ns3:TrackPointExtension>
            <ns3:hr>69</ns3:hr>
          </ns3:TrackPointExtension>
        </extensions>
      </trkpt>
      <trkpt lat="25.27160637080669403076171875" lon="110.29148988425731658935546875">
        <ele>154.600006103515625</ele>
        <time>2025-11-15T11:13:34.000Z</time>
        <extensions>
          <ns3:TrackPointExtension>
            <ns3:hr>68</ns3:hr>
          </ns3:TrackPointExtension>
        </extensions>
      </trkpt>
      <trkpt lat="25.27159270830452442169189453125" lon="110.29148996807634830474853515625">
        <ele>154.600006103515625</ele>
        <time>2025-11-15T11:13:35.000Z</time>
        <extensions>
          <ns3:TrackPointExtension>
            <ns3:hr>68</ns3:hr>
          </ns3:TrackPointExtension>
        </extensions>
      </trkpt>
      <trkpt lat="25.27158231474459171295166015625" lon="110.29149231500923633575439453125">
        <ele>154.600006103515625</ele>
        <time>2025-11-15T11:13:36.000Z</time>
        <extensions>
          <ns3:TrackPointExtension>
            <ns3:hr>68</ns3:hr>
          </ns3:TrackPointExtension>
        </extensions>
      </trkpt>
      <trkpt lat="25.2715696580708026885986328125" lon="110.2914947457611560821533203125">
        <ele>154.8000030517578125</ele>
        <time>2025-11-15T11:13:37.000Z</time>
        <extensions>
          <ns3:TrackPointExtension>
            <ns3:hr>67</ns3:hr>
          </ns3:TrackPointExtension>
        </extensions>
      </trkpt>
      <trkpt lat="25.2715585939586162567138671875" lon="110.2914957515895366668701171875">
        <ele>154.8000030517578125</ele>
        <time>2025-11-15T11:13:38.000Z</time>
        <extensions>
          <ns3:TrackPointExtension>
            <ns3:hr>67</ns3:hr>
          </ns3:TrackPointExtension>
        </extensions>
      </trkpt>
      <trkpt lat="25.27154811657965183258056640625" lon="110.29149885289371013641357421875">
        <ele>154.8000030517578125</ele>
        <time>2025-11-15T11:13:39.000Z</time>
        <extensions>
          <ns3:TrackPointExtension>
            <ns3:hr>67</ns3:hr>
          </ns3:TrackPointExtension>
        </extensions>
      </trkpt>
      <trkpt lat="25.2715391479432582855224609375" lon="110.29149952344596385955810546875">
        <ele>154.8000030517578125</ele>
        <time>2025-11-15T11:13:40.000Z</time>
        <extensions>
          <ns3:TrackPointExtension>
            <ns3:hr>66</ns3:hr>
          </ns3:TrackPointExtension>
        </extensions>
      </trkpt>
      <trkpt lat="25.27152883820235729217529296875" lon="110.29149600304663181304931640625">
        <ele>154.8000030517578125</ele>
        <time>2025-11-15T11:13:41.000Z</time>
        <extensions>
          <ns3:TrackPointExtension>
            <ns3:hr>65</ns3:hr>
          </ns3:TrackPointExtension>
        </extensions>
      </trkpt>
      <trkpt lat="25.27151710353791713714599609375" lon="110.291491560637950897216796875">
        <ele>154.600006103515625</ele>
        <time>2025-11-15T11:13:42.000Z</time>
        <extensions>
          <ns3:TrackPointExtension>
            <ns3:hr>64</ns3:hr>
          </ns3:TrackPointExtension>
        </extensions>
      </trkpt>
      <trkpt lat="25.2715029381215572357177734375" lon="110.291485525667667388916015625">
        <ele>154.600006103515625</ele>
        <time>2025-11-15T11:13:43.000Z</time>
        <extensions>
          <ns3:TrackPointExtension>
            <ns3:hr>64</ns3:hr>
          </ns3:TrackPointExtension>
        </extensions>
      </trkpt>
      <trkpt lat="25.271492712199687957763671875" lon="110.29148510657250881195068359375">
        <ele>154.600006103515625</ele>
        <time>2025-11-15T11:13:44.000Z</time>
        <extensions>
          <ns3:TrackPointExtension>
            <ns3:hr>64</ns3:hr>
          </ns3:TrackPointExtension>
        </extensions>
      </trkpt>
      <trkpt lat="25.2714821510016918182373046875" lon="110.29147789813578128814697265625">
        <ele>154.600006103515625</ele>
        <time>2025-11-15T11:13:45.000Z</time>
        <extensions>
          <ns3:TrackPointExtension>
            <ns3:hr>63</ns3:hr>
          </ns3:TrackPointExtension>
        </extensions>
      </trkpt>
      <trkpt lat="25.2714737690985202789306640625" lon="110.29146800749003887176513671875">
        <ele>154.600006103515625</ele>
        <time>2025-11-15T11:13:46.000Z</time>
        <extensions>
          <ns3:TrackPointExtension>
            <ns3:hr>63</ns3:hr>
          </ns3:TrackPointExtension>
        </extensions>
      </trkpt>
      <trkpt lat="25.2714684046804904937744140625" lon="110.2914623916149139404296875">
        <ele>154.600006103515625</ele>
        <time>2025-11-15T11:13:47.000Z</time>
        <extensions>
          <ns3:TrackPointExtension>
            <ns3:hr>63</ns3:hr>
          </ns3:TrackPointExtension>
        </extensions>
      </trkpt>
      <trkpt lat="25.27146597392857074737548828125" lon="110.291462056338787078857421875">
        <ele>154.600006103515625</ele>
        <time>2025-11-15T11:13:48.000Z</time>
        <extensions>
          <ns3:TrackPointExtension>
            <ns3:hr>63</ns3:hr>
          </ns3:TrackPointExtension>
        </extensions>
      </trkpt>
      <trkpt lat="25.27146010659635066986083984375" lon="110.29145845212042331695556640625">
        <ele>154.600006103515625</ele>
        <time>2025-11-15T11:13:49.000Z</time>
        <extensions>
          <ns3:TrackPointExtension>
            <ns3:hr>63</ns3:hr>
          </ns3:TrackPointExtension>
        </extensions>
      </trkpt>
      <trkpt lat="25.27145708911120891571044921875" lon="110.2914595417678356170654296875">
        <ele>154.600006103515625</ele>
        <time>2025-11-15T11:13:50.000Z</time>
        <extensions>
          <ns3:TrackPointExtension>
            <ns3:hr>64</ns3:hr>
          </ns3:TrackPointExtension>
        </extensions>
      </trkpt>
      <trkpt lat="25.271451137959957122802734375" lon="110.2914632298052310943603515625">
        <ele>154.399993896484375</ele>
        <time>2025-11-15T11:13:51.000Z</time>
        <extensions>
          <ns3:TrackPointExtension>
            <ns3:hr>64</ns3:hr>
          </ns3:TrackPointExtension>
        </extensions>
      </trkpt>
      <trkpt lat="25.271446444094181060791015625" lon="110.291467420756816864013671875">
        <ele>154.399993896484375</ele>
        <time>2025-11-15T11:13:52.000Z</time>
        <extensions>
          <ns3:TrackPointExtension>
            <ns3:hr>64</ns3:hr>
          </ns3:TrackPointExtension>
        </extensions>
      </trkpt>
      <trkpt lat="25.27144066058099269866943359375" lon="110.29146817512810230255126953125">
        <ele>154.1999969482421875</ele>
        <time>2025-11-15T11:13:53.000Z</time>
        <extensions>
          <ns3:TrackPointExtension>
            <ns3:hr>64</ns3:hr>
          </ns3:TrackPointExtension>
        </extensions>
      </trkpt>
      <trkpt lat="25.2714271657168865203857421875" lon="110.29146985150873661041259765625">
        <ele>154</ele>
        <time>2025-11-15T11:13:54.000Z</time>
        <extensions>
          <ns3:TrackPointExtension>
            <ns3:hr>64</ns3:hr>
          </ns3:TrackPointExtension>
        </extensions>
      </trkpt>
      <trkpt lat="25.27141702361404895782470703125" lon="110.29147739522159099578857421875">
        <ele>153.8000030517578125</ele>
        <time>2025-11-15T11:13:55.000Z</time>
        <extensions>
          <ns3:TrackPointExtension>
            <ns3:hr>64</ns3:hr>
          </ns3:TrackPointExtension>
        </extensions>
      </trkpt>
      <trkpt lat="25.271410234272480010986328125" lon="110.29148326255381107330322265625">
        <ele>153.600006103515625</ele>
        <time>2025-11-15T11:13:56.000Z</time>
        <extensions>
          <ns3:TrackPointExtension>
            <ns3:hr>64</ns3:hr>
          </ns3:TrackPointExtension>
        </extensions>
      </trkpt>
      <trkpt lat="25.2714023552834987640380859375" lon="110.29148912988603115081787109375">
        <ele>153.399993896484375</ele>
        <time>2025-11-15T11:13:57.000Z</time>
        <extensions>
          <ns3:TrackPointExtension>
            <ns3:hr>64</ns3:hr>
          </ns3:TrackPointExtension>
        </extensions>
      </trkpt>
      <trkpt lat="25.2713946439325809478759765625" lon="110.291492231190204620361328125">
        <ele>153.399993896484375</ele>
        <time>2025-11-15T11:13:58.000Z</time>
        <extensions>
          <ns3:TrackPointExtension>
            <ns3:hr>64</ns3:hr>
          </ns3:TrackPointExtension>
        </extensions>
      </trkpt>
      <trkpt lat="25.27138517238199710845947265625" lon="110.29149449430406093597412109375">
        <ele>153.399993896484375</ele>
        <time>2025-11-15T11:13:59.000Z</time>
        <extensions>
          <ns3:TrackPointExtension>
            <ns3:hr>64</ns3:hr>
          </ns3:TrackPointExtension>
        </extensions>
      </trkpt>
      <trkpt lat="25.27137477882206439971923828125" lon="110.29149214737117290496826171875">
        <ele>153.399993896484375</ele>
        <time>2025-11-15T11:14:00.000Z</time>
        <extensions>
          <ns3:TrackPointExtension>
            <ns3:hr>64</ns3:hr>
          </ns3:TrackPointExtension>
        </extensions>
      </trkpt>
      <trkpt lat="25.27136505581438541412353515625" lon="110.29149063862860202789306640625">
        <ele>153.399993896484375</ele>
        <time>2025-11-15T11:14:01.000Z</time>
        <extensions>
          <ns3:TrackPointExtension>
            <ns3:hr>64</ns3:hr>
          </ns3:TrackPointExtension>
        </extensions>
      </trkpt>
      <trkpt lat="25.27135600335896015167236328125" lon="110.2914907224476337432861328125">
        <ele>153.399993896484375</ele>
        <time>2025-11-15T11:14:02.000Z</time>
        <extensions>
          <ns3:TrackPointExtension>
            <ns3:hr>64</ns3:hr>
          </ns3:TrackPointExtension>
        </extensions>
      </trkpt>
      <trkpt lat="25.27134611271321773529052734375" lon="110.29149214737117290496826171875">
        <ele>153.399993896484375</ele>
        <time>2025-11-15T11:14:03.000Z</time>
        <extensions>
          <ns3:TrackPointExtension>
            <ns3:hr>65</ns3:hr>
          </ns3:TrackPointExtension>
        </extensions>
      </trkpt>
      <trkpt lat="25.27133923955261707305908203125" lon="110.291492231190204620361328125">
        <ele>153.399993896484375</ele>
        <time>2025-11-15T11:14:04.000Z</time>
        <extensions>
          <ns3:TrackPointExtension>
            <ns3:hr>64</ns3:hr>
          </ns3:TrackPointExtension>
        </extensions>
      </trkpt>
      <trkpt lat="25.27133421041071414947509765625" lon="110.29149063862860202789306640625">
        <ele>153.399993896484375</ele>
        <time>2025-11-15T11:14:05.000Z</time>
        <extensions>
          <ns3:TrackPointExtension>
            <ns3:hr>64</ns3:hr>
          </ns3:TrackPointExtension>
        </extensions>
      </trkpt>
      <trkpt lat="25.27133186347782611846923828125" lon="110.29148980043828487396240234375">
        <ele>153.399993896484375</ele>
        <time>2025-11-15T11:14:06.000Z</time>
        <extensions>
          <ns3:TrackPointExtension>
            <ns3:hr>64</ns3:hr>
          </ns3:TrackPointExtension>
        </extensions>
      </trkpt>
      <trkpt lat="25.27132934890687465667724609375" lon="110.2914920635521411895751953125">
        <ele>153.399993896484375</ele>
        <time>2025-11-15T11:14:07.000Z</time>
        <extensions>
          <ns3:TrackPointExtension>
            <ns3:hr>65</ns3:hr>
          </ns3:TrackPointExtension>
        </extensions>
      </trkpt>
      <trkpt lat="25.27132934890687465667724609375" lon="110.2914920635521411895751953125">
        <ele>153.399993896484375</ele>
        <time>2025-11-15T11:14:08.000Z</time>
        <extensions>
          <ns3:TrackPointExtension>
            <ns3:hr>65</ns3:hr>
          </ns3:TrackPointExtension>
        </extensions>
      </trkpt>
      <trkpt lat="25.27132934890687465667724609375" lon="110.2914920635521411895751953125">
        <ele>153.399993896484375</ele>
        <time>2025-11-15T11:14:09.000Z</time>
        <extensions>
          <ns3:TrackPointExtension>
            <ns3:hr>65</ns3:hr>
          </ns3:TrackPointExtension>
        </extensions>
      </trkpt>
      <trkpt lat="25.27132934890687465667724609375" lon="110.2914920635521411895751953125">
        <ele>153.1999969482421875</ele>
        <time>2025-11-15T11:14:10.000Z</time>
        <extensions>
          <ns3:TrackPointExtension>
            <ns3:hr>64</ns3:hr>
          </ns3:TrackPointExtension>
        </extensions>
      </trkpt>
      <trkpt lat="25.27132934890687465667724609375" lon="110.2914920635521411895751953125">
        <ele>153.1999969482421875</ele>
        <time>2025-11-15T11:14:11.000Z</time>
        <extensions>
          <ns3:TrackPointExtension>
            <ns3:hr>64</ns3:hr>
          </ns3:TrackPointExtension>
        </extensions>
      </trkpt>
      <trkpt lat="25.27132934890687465667724609375" lon="110.2914920635521411895751953125">
        <ele>153.1999969482421875</ele>
        <time>2025-11-15T11:14:12.000Z</time>
        <extensions>
          <ns3:TrackPointExtension>
            <ns3:hr>63</ns3:hr>
          </ns3:TrackPointExtension>
        </extensions>
      </trkpt>
      <trkpt lat="25.27132934890687465667724609375" lon="110.2914920635521411895751953125">
        <ele>153.1999969482421875</ele>
        <time>2025-11-15T11:14:13.000Z</time>
        <extensions>
          <ns3:TrackPointExtension>
            <ns3:hr>62</ns3:hr>
          </ns3:TrackPointExtension>
        </extensions>
      </trkpt>
      <trkpt lat="25.27132934890687465667724609375" lon="110.2914920635521411895751953125">
        <ele>153.1999969482421875</ele>
        <time>2025-11-15T11:14:14.000Z</time>
        <extensions>
          <ns3:TrackPointExtension>
            <ns3:hr>62</ns3:hr>
          </ns3:TrackPointExtension>
        </extensions>
      </trkpt>
      <trkpt lat="25.27132934890687465667724609375" lon="110.2914920635521411895751953125">
        <ele>153.1999969482421875</ele>
        <time>2025-11-15T11:14:15.000Z</time>
        <extensions>
          <ns3:TrackPointExtension>
            <ns3:hr>61</ns3:hr>
          </ns3:TrackPointExtension>
        </extensions>
      </trkpt>
      <trkpt lat="25.27132934890687465667724609375" lon="110.2914920635521411895751953125">
        <ele>153.1999969482421875</ele>
        <time>2025-11-15T11:14:16.000Z</time>
        <extensions>
          <ns3:TrackPointExtension>
            <ns3:hr>60</ns3:hr>
          </ns3:TrackPointExtension>
        </extensions>
      </trkpt>
      <trkpt lat="25.27132934890687465667724609375" lon="110.2914920635521411895751953125">
        <ele>153.1999969482421875</ele>
        <time>2025-11-15T11:14:17.000Z</time>
        <extensions>
          <ns3:TrackPointExtension>
            <ns3:hr>60</ns3:hr>
          </ns3:TrackPointExtension>
        </extensions>
      </trkpt>
      <trkpt lat="25.27132934890687465667724609375" lon="110.2914920635521411895751953125">
        <ele>153.1999969482421875</ele>
        <time>2025-11-15T11:14:18.000Z</time>
        <extensions>
          <ns3:TrackPointExtension>
            <ns3:hr>60</ns3:hr>
          </ns3:TrackPointExtension>
        </extensions>
      </trkpt>
      <trkpt lat="25.27132934890687465667724609375" lon="110.2914920635521411895751953125">
        <ele>153.399993896484375</ele>
        <time>2025-11-15T11:14:19.000Z</time>
        <extensions>
          <ns3:TrackPointExtension>
            <ns3:hr>60</ns3:hr>
          </ns3:TrackPointExtension>
        </extensions>
      </trkpt>
      <trkpt lat="25.2713279239833354949951171875" lon="110.29149231500923633575439453125">
        <ele>153.399993896484375</ele>
        <time>2025-11-15T11:14:20.000Z</time>
        <extensions>
          <ns3:TrackPointExtension>
            <ns3:hr>60</ns3:hr>
          </ns3:TrackPointExtension>
        </extensions>
      </trkpt>
      <trkpt lat="25.27132934890687465667724609375" lon="110.2914920635521411895751953125">
        <ele>153.600006103515625</ele>
        <time>2025-11-15T11:14:21.000Z</time>
        <extensions>
          <ns3:TrackPointExtension>
            <ns3:hr>60</ns3:hr>
          </ns3:TrackPointExtension>
        </extensions>
      </trkpt>
      <trkpt lat="25.27132934890687465667724609375" lon="110.2914920635521411895751953125">
        <ele>153.8000030517578125</ele>
        <time>2025-11-15T11:14:22.000Z</time>
        <extensions>
          <ns3:TrackPointExtension>
            <ns3:hr>60</ns3:hr>
          </ns3:TrackPointExtension>
        </extensions>
      </trkpt>
      <trkpt lat="25.27132934890687465667724609375" lon="110.2914920635521411895751953125">
        <ele>154</ele>
        <time>2025-11-15T11:14:23.000Z</time>
        <extensions>
          <ns3:TrackPointExtension>
            <ns3:hr>59</ns3:hr>
          </ns3:TrackPointExtension>
        </extensions>
      </trkpt>
      <trkpt lat="25.27132934890687465667724609375" lon="110.2914920635521411895751953125">
        <ele>154</ele>
        <time>2025-11-15T11:14:24.000Z</time>
        <extensions>
          <ns3:TrackPointExtension>
            <ns3:hr>59</ns3:hr>
          </ns3:TrackPointExtension>
        </extensions>
      </trkpt>
      <trkpt lat="25.27132934890687465667724609375" lon="110.2914920635521411895751953125">
        <ele>154</ele>
        <time>2025-11-15T11:14:25.000Z</time>
        <extensions>
          <ns3:TrackPointExtension>
            <ns3:hr>59</ns3:hr>
          </ns3:TrackPointExtension>
        </extensions>
      </trkpt>
      <trkpt lat="25.27132934890687465667724609375" lon="110.2914920635521411895751953125">
        <ele>154</ele>
        <time>2025-11-15T11:14:26.000Z</time>
        <extensions>
          <ns3:TrackPointExtension>
            <ns3:hr>59</ns3:hr>
          </ns3:TrackPointExtension>
        </extensions>
      </trkpt>
      <trkpt lat="25.27132934890687465667724609375" lon="110.2914920635521411895751953125">
        <ele>153.8000030517578125</ele>
        <time>2025-11-15T11:14:27.000Z</time>
        <extensions>
          <ns3:TrackPointExtension>
            <ns3:hr>58</ns3:hr>
          </ns3:TrackPointExtension>
        </extensions>
      </trkpt>
      <trkpt lat="25.27132934890687465667724609375" lon="110.2914920635521411895751953125">
        <ele>153.8000030517578125</ele>
        <time>2025-11-15T11:14:28.000Z</time>
        <extensions>
          <ns3:TrackPointExtension>
            <ns3:hr>58</ns3:hr>
          </ns3:TrackPointExtension>
        </extensions>
      </trkpt>
      <trkpt lat="25.27132934890687465667724609375" lon="110.2914920635521411895751953125">
        <ele>153.8000030517578125</ele>
        <time>2025-11-15T11:14:29.000Z</time>
        <extensions>
          <ns3:TrackPointExtension>
            <ns3:hr>58</ns3:hr>
          </ns3:TrackPointExtension>
        </extensions>
      </trkpt>
      <trkpt lat="25.27132934890687465667724609375" lon="110.2914920635521411895751953125">
        <ele>153.8000030517578125</ele>
        <time>2025-11-15T11:14:30.000Z</time>
        <extensions>
          <ns3:TrackPointExtension>
            <ns3:hr>59</ns3:hr>
          </ns3:TrackPointExtension>
        </extensions>
      </trkpt>
      <trkpt lat="25.27132934890687465667724609375" lon="110.2914920635521411895751953125">
        <ele>153.8000030517578125</ele>
        <time>2025-11-15T11:14:31.000Z</time>
        <extensions>
          <ns3:TrackPointExtension>
            <ns3:hr>59</ns3:hr>
          </ns3:TrackPointExtension>
        </extensions>
      </trkpt>
      <trkpt lat="25.27132934890687465667724609375" lon="110.2914920635521411895751953125">
        <ele>153.8000030517578125</ele>
        <time>2025-11-15T11:14:32.000Z</time>
        <extensions>
          <ns3:TrackPointExtension>
            <ns3:hr>58</ns3:hr>
          </ns3:TrackPointExtension>
        </extensions>
      </trkpt>
      <trkpt lat="25.27132934890687465667724609375" lon="110.2914920635521411895751953125">
        <ele>153.8000030517578125</ele>
        <time>2025-11-15T11:14:33.000Z</time>
        <extensions>
          <ns3:TrackPointExtension>
            <ns3:hr>58</ns3:hr>
          </ns3:TrackPointExtension>
        </extensions>
      </trkpt>
      <trkpt lat="25.27132934890687465667724609375" lon="110.2914920635521411895751953125">
        <ele>153.8000030517578125</ele>
        <time>2025-11-15T11:14:34.000Z</time>
        <extensions>
          <ns3:TrackPointExtension>
            <ns3:hr>58</ns3:hr>
          </ns3:TrackPointExtension>
        </extensions>
      </trkpt>
      <trkpt lat="25.27132934890687465667724609375" lon="110.2914920635521411895751953125">
        <ele>153.8000030517578125</ele>
        <time>2025-11-15T11:14:35.000Z</time>
        <extensions>
          <ns3:TrackPointExtension>
            <ns3:hr>57</ns3:hr>
          </ns3:TrackPointExtension>
        </extensions>
      </trkpt>
      <trkpt lat="25.27132934890687465667724609375" lon="110.2914920635521411895751953125">
        <ele>153.8000030517578125</ele>
        <time>2025-11-15T11:14:36.000Z</time>
        <extensions>
          <ns3:TrackPointExtension>
            <ns3:hr>56</ns3:hr>
          </ns3:TrackPointExtension>
        </extensions>
      </trkpt>
      <trkpt lat="25.27132934890687465667724609375" lon="110.2914920635521411895751953125">
        <ele>153.8000030517578125</ele>
        <time>2025-11-15T11:14:37.000Z</time>
        <extensions>
          <ns3:TrackPointExtension>
            <ns3:hr>55</ns3:hr>
          </ns3:TrackPointExtension>
        </extensions>
      </trkpt>
      <trkpt lat="25.27132934890687465667724609375" lon="110.2914920635521411895751953125">
        <ele>153.8000030517578125</ele>
        <time>2025-11-15T11:14:38.000Z</time>
        <extensions>
          <ns3:TrackPointExtension>
            <ns3:hr>55</ns3:hr>
          </ns3:TrackPointExtension>
        </extensions>
      </trkpt>
      <trkpt lat="25.27131929062306880950927734375" lon="110.291494242846965789794921875">
        <ele>153.600006103515625</ele>
        <time>2025-11-15T11:14:39.000Z</time>
        <extensions>
          <ns3:TrackPointExtension>
            <ns3:hr>55</ns3:hr>
          </ns3:TrackPointExtension>
        </extensions>
      </trkpt>
      <trkpt lat="25.2713121660053730010986328125" lon="110.29148728586733341217041015625">
        <ele>153.600006103515625</ele>
        <time>2025-11-15T11:14:40.000Z</time>
        <extensions>
          <ns3:TrackPointExtension>
            <ns3:hr>54</ns3:hr>
          </ns3:TrackPointExtension>
        </extensions>
      </trkpt>
      <trkpt lat="25.27130386792123317718505859375" lon="110.29147856868803501129150390625">
        <ele>153.399993896484375</ele>
        <time>2025-11-15T11:14:41.000Z</time>
        <extensions>
          <ns3:TrackPointExtension>
            <ns3:hr>54</ns3:hr>
          </ns3:TrackPointExtension>
        </extensions>
      </trkpt>
      <trkpt lat="25.2712940610945224761962890625" lon="110.29147052206099033355712890625">
        <ele>153.399993896484375</ele>
        <time>2025-11-15T11:14:42.000Z</time>
        <extensions>
          <ns3:TrackPointExtension>
            <ns3:hr>54</ns3:hr>
          </ns3:TrackPointExtension>
        </extensions>
      </trkpt>
      <trkpt lat="25.271286182105541229248046875" lon="110.29146834276616573333740234375">
        <ele>153.399993896484375</ele>
        <time>2025-11-15T11:14:43.000Z</time>
        <extensions>
          <ns3:TrackPointExtension>
            <ns3:hr>54</ns3:hr>
          </ns3:TrackPointExtension>
        </extensions>
      </trkpt>
      <trkpt lat="25.271276123821735382080078125" lon="110.2914655767381191253662109375">
        <ele>153.399993896484375</ele>
        <time>2025-11-15T11:14:44.000Z</time>
        <extensions>
          <ns3:TrackPointExtension>
            <ns3:hr>54</ns3:hr>
          </ns3:TrackPointExtension>
        </extensions>
      </trkpt>
      <trkpt lat="25.2712685801088809967041015625" lon="110.29146834276616573333740234375">
        <ele>153.399993896484375</ele>
        <time>2025-11-15T11:14:45.000Z</time>
        <extensions>
          <ns3:TrackPointExtension>
            <ns3:hr>55</ns3:hr>
          </ns3:TrackPointExtension>
        </extensions>
      </trkpt>
      <trkpt lat="25.27126313187181949615478515625" lon="110.29147353954613208770751953125">
        <ele>153.399993896484375</ele>
        <time>2025-11-15T11:14:46.000Z</time>
        <extensions>
          <ns3:TrackPointExtension>
            <ns3:hr>56</ns3:hr>
          </ns3:TrackPointExtension>
        </extensions>
      </trkpt>
      <trkpt lat="25.271259360015392303466796875" lon="110.291474126279354095458984375">
        <ele>153.600006103515625</ele>
        <time>2025-11-15T11:14:47.000Z</time>
        <extensions>
          <ns3:TrackPointExtension>
            <ns3:hr>56</ns3:hr>
          </ns3:TrackPointExtension>
        </extensions>
      </trkpt>
      <trkpt lat="25.27125894092023372650146484375" lon="110.2914756350219249725341796875">
        <ele>153.600006103515625</ele>
        <time>2025-11-15T11:14:48.000Z</time>
        <extensions>
          <ns3:TrackPointExtension>
            <ns3:hr>57</ns3:hr>
          </ns3:TrackPointExtension>
        </extensions>
      </trkpt>
      <trkpt lat="25.2712588571012020111083984375" lon="110.291475467383861541748046875">
        <ele>153.8000030517578125</ele>
        <time>2025-11-15T11:14:49.000Z</time>
        <extensions>
          <ns3:TrackPointExtension>
            <ns3:hr>57</ns3:hr>
          </ns3:TrackPointExtension>
        </extensions>
      </trkpt>
      <trkpt lat="25.2712588571012020111083984375" lon="110.291475467383861541748046875">
        <ele>153.8000030517578125</ele>
        <time>2025-11-15T11:14:50.000Z</time>
        <extensions>
          <ns3:TrackPointExtension>
            <ns3:hr>57</ns3:hr>
          </ns3:TrackPointExtension>
        </extensions>
      </trkpt>
      <trkpt lat="25.2712588571012020111083984375" lon="110.291475467383861541748046875">
        <ele>153.8000030517578125</ele>
        <time>2025-11-15T11:14:51.000Z</time>
        <extensions>
          <ns3:TrackPointExtension>
            <ns3:hr>56</ns3:hr>
          </ns3:TrackPointExtension>
        </extensions>
      </trkpt>
      <trkpt lat="25.2712588571012020111083984375" lon="110.291475467383861541748046875">
        <ele>153.8000030517578125</ele>
        <time>2025-11-15T11:14:52.000Z</time>
        <extensions>
          <ns3:TrackPointExtension>
            <ns3:hr>57</ns3:hr>
          </ns3:TrackPointExtension>
        </extensions>
      </trkpt>
      <trkpt lat="25.2712588571012020111083984375" lon="110.291475467383861541748046875">
        <ele>153.8000030517578125</ele>
        <time>2025-11-15T11:14:53.000Z</time>
        <extensions>
          <ns3:TrackPointExtension>
            <ns3:hr>56</ns3:hr>
          </ns3:TrackPointExtension>
        </extensions>
      </trkpt>
      <trkpt lat="25.2712588571012020111083984375" lon="110.291475467383861541748046875">
        <ele>153.600006103515625</ele>
        <time>2025-11-15T11:14:54.000Z</time>
        <extensions>
          <ns3:TrackPointExtension>
            <ns3:hr>56</ns3:hr>
          </ns3:TrackPointExtension>
        </extensions>
      </trkpt>
      <trkpt lat="25.27125835418701171875" lon="110.2914758026599884033203125">
        <ele>153.600006103515625</ele>
        <time>2025-11-15T11:14:55.000Z</time>
        <extensions>
          <ns3:TrackPointExtension>
            <ns3:hr>56</ns3:hr>
          </ns3:TrackPointExtension>
        </extensions>
      </trkpt>
      <trkpt lat="25.2712444402277469635009765625" lon="110.291471779346466064453125">
        <ele>153.399993896484375</ele>
        <time>2025-11-15T11:14:56.000Z</time>
        <extensions>
          <ns3:TrackPointExtension>
            <ns3:hr>56</ns3:hr>
          </ns3:TrackPointExtension>
        </extensions>
      </trkpt>
      <trkpt lat="25.271239578723907470703125" lon="110.2914685942232608795166015625">
        <ele>153.399993896484375</ele>
        <time>2025-11-15T11:14:57.000Z</time>
        <extensions>
          <ns3:TrackPointExtension>
            <ns3:hr>56</ns3:hr>
          </ns3:TrackPointExtension>
        </extensions>
      </trkpt>
      <trkpt lat="25.27123245410621166229248046875" lon="110.29146398417651653289794921875">
        <ele>153.1999969482421875</ele>
        <time>2025-11-15T11:14:58.000Z</time>
        <extensions>
          <ns3:TrackPointExtension>
            <ns3:hr>56</ns3:hr>
          </ns3:TrackPointExtension>
        </extensions>
      </trkpt>
      <trkpt lat="25.2712236531078815460205078125" lon="110.2914558537304401397705078125">
        <ele>153.1999969482421875</ele>
        <time>2025-11-15T11:14:59.000Z</time>
        <extensions>
          <ns3:TrackPointExtension>
            <ns3:hr>55</ns3:hr>
          </ns3:TrackPointExtension>
        </extensions>
      </trkpt>
      <trkpt lat="25.27121904306113719940185546875" lon="110.2914414368569850921630859375">
        <ele>153.1999969482421875</ele>
        <time>2025-11-15T11:15:00.000Z</time>
        <extensions>
          <ns3:TrackPointExtension>
            <ns3:hr>54</ns3:hr>
          </ns3:TrackPointExtension>
        </extensions>
      </trkpt>
      <trkpt lat="25.2712115831673145294189453125" lon="110.291431881487369537353515625">
        <ele>153.1999969482421875</ele>
        <time>2025-11-15T11:15:01.000Z</time>
        <extensions>
          <ns3:TrackPointExtension>
            <ns3:hr>54</ns3:hr>
          </ns3:TrackPointExtension>
        </extensions>
      </trkpt>
      <trkpt lat="25.27120814658701419830322265625" lon="110.29142953455448150634765625">
        <ele>153.1999969482421875</ele>
        <time>2025-11-15T11:15:02.000Z</time>
        <extensions>
          <ns3:TrackPointExtension>
            <ns3:hr>54</ns3:hr>
          </ns3:TrackPointExtension>
        </extensions>
      </trkpt>
      <trkpt lat="25.27120764367282390594482421875" lon="110.29142978601157665252685546875">
        <ele>153.1999969482421875</ele>
        <time>2025-11-15T11:15:03.000Z</time>
        <extensions>
          <ns3:TrackPointExtension>
            <ns3:hr>54</ns3:hr>
          </ns3:TrackPointExtension>
        </extensions>
      </trkpt>
      <trkpt lat="25.271207392215728759765625" lon="110.2914297021925449371337890625">
        <ele>153.1999969482421875</ele>
        <time>2025-11-15T11:15:04.000Z</time>
        <extensions>
          <ns3:TrackPointExtension>
            <ns3:hr>55</ns3:hr>
          </ns3:TrackPointExtension>
        </extensions>
      </trkpt>
      <trkpt lat="25.27119171805679798126220703125" lon="110.2914293669164180755615234375">
        <ele>153.1999969482421875</ele>
        <time>2025-11-15T11:15:05.000Z</time>
        <extensions>
          <ns3:TrackPointExtension>
            <ns3:hr>55</ns3:hr>
          </ns3:TrackPointExtension>
        </extensions>
      </trkpt>
      <trkpt lat="25.2711847610771656036376953125" lon="110.2914280258119106292724609375">
        <ele>153.1999969482421875</ele>
        <time>2025-11-15T11:15:06.000Z</time>
        <extensions>
          <ns3:TrackPointExtension>
            <ns3:hr>55</ns3:hr>
          </ns3:TrackPointExtension>
        </extensions>
      </trkpt>
      <trkpt lat="25.271176882088184356689453125" lon="110.29142425395548343658447265625">
        <ele>153.1999969482421875</ele>
        <time>2025-11-15T11:15:07.000Z</time>
        <extensions>
          <ns3:TrackPointExtension>
            <ns3:hr>55</ns3:hr>
          </ns3:TrackPointExtension>
        </extensions>
      </trkpt>
      <trkpt lat="25.2711663208901882171630859375" lon="110.291420482099056243896484375">
        <ele>153.1999969482421875</ele>
        <time>2025-11-15T11:15:08.000Z</time>
        <extensions>
          <ns3:TrackPointExtension>
            <ns3:hr>55</ns3:hr>
          </ns3:TrackPointExtension>
        </extensions>
      </trkpt>
      <trkpt lat="25.27116053737699985504150390625" lon="110.29141805134713649749755859375">
        <ele>153.399993896484375</ele>
        <time>2025-11-15T11:15:09.000Z</time>
        <extensions>
          <ns3:TrackPointExtension>
            <ns3:hr>54</ns3:hr>
          </ns3:TrackPointExtension>
        </extensions>
      </trkpt>
      <trkpt lat="25.27115584351122379302978515625" lon="110.2914206497371196746826171875">
        <ele>153.399993896484375</ele>
        <time>2025-11-15T11:15:10.000Z</time>
        <extensions>
          <ns3:TrackPointExtension>
            <ns3:hr>54</ns3:hr>
          </ns3:TrackPointExtension>
        </extensions>
      </trkpt>
      <trkpt lat="25.27114980854094028472900390625" lon="110.29142391867935657501220703125">
        <ele>153.399993896484375</ele>
        <time>2025-11-15T11:15:11.000Z</time>
        <extensions>
          <ns3:TrackPointExtension>
            <ns3:hr>54</ns3:hr>
          </ns3:TrackPointExtension>
        </extensions>
      </trkpt>
      <trkpt lat="25.27114025317132472991943359375" lon="110.291416458785533905029296875">
        <ele>153.399993896484375</ele>
        <time>2025-11-15T11:15:12.000Z</time>
        <extensions>
          <ns3:TrackPointExtension>
            <ns3:hr>54</ns3:hr>
          </ns3:TrackPointExtension>
        </extensions>
      </trkpt>
      <trkpt lat="25.271131284534931182861328125" lon="110.2914087474346160888671875">
        <ele>153.1999969482421875</ele>
        <time>2025-11-15T11:15:13.000Z</time>
        <extensions>
          <ns3:TrackPointExtension>
            <ns3:hr>55</ns3:hr>
          </ns3:TrackPointExtension>
        </extensions>
      </trkpt>
      <trkpt lat="25.2711223997175693511962890625" lon="110.29140472412109375">
        <ele>153.1999969482421875</ele>
        <time>2025-11-15T11:15:14.000Z</time>
        <extensions>
          <ns3:TrackPointExtension>
            <ns3:hr>55</ns3:hr>
          </ns3:TrackPointExtension>
        </extensions>
      </trkpt>
      <trkpt lat="25.27111661620438098907470703125" lon="110.291409753262996673583984375">
        <ele>153.1999969482421875</ele>
        <time>2025-11-15T11:15:15.000Z</time>
        <extensions>
          <ns3:TrackPointExtension>
            <ns3:hr>55</ns3:hr>
          </ns3:TrackPointExtension>
        </extensions>
      </trkpt>
      <trkpt lat="25.27110773138701915740966796875" lon="110.2914072386920452117919921875">
        <ele>153.1999969482421875</ele>
        <time>2025-11-15T11:15:16.000Z</time>
        <extensions>
          <ns3:TrackPointExtension>
            <ns3:hr>55</ns3:hr>
          </ns3:TrackPointExtension>
        </extensions>
      </trkpt>
      <trkpt lat="25.271100103855133056640625" lon="110.291404388844966888427734375">
        <ele>153.1999969482421875</ele>
        <time>2025-11-15T11:15:17.000Z</time>
        <extensions>
          <ns3:TrackPointExtension>
            <ns3:hr>57</ns3:hr>
          </ns3:TrackPointExtension>
        </extensions>
      </trkpt>
      <trkpt lat="25.27109717018902301788330078125" lon="110.2914025448262691497802734375">
        <ele>153.1999969482421875</ele>
        <time>2025-11-15T11:15:18.000Z</time>
        <extensions>
          <ns3:TrackPointExtension>
            <ns3:hr>58</ns3:hr>
          </ns3:TrackPointExtension>
        </extensions>
      </trkpt>
      <trkpt lat="25.2710949070751667022705078125" lon="110.2914042212069034576416015625">
        <ele>153</ele>
        <time>2025-11-15T11:15:19.000Z</time>
        <extensions>
          <ns3:TrackPointExtension>
            <ns3:hr>58</ns3:hr>
          </ns3:TrackPointExtension>
        </extensions>
      </trkpt>
      <trkpt lat="25.271093733608722686767578125" lon="110.2914032153785228729248046875">
        <ele>153</ele>
        <time>2025-11-15T11:15:20.000Z</time>
        <extensions>
          <ns3:TrackPointExtension>
            <ns3:hr>59</ns3:hr>
          </ns3:TrackPointExtension>
        </extensions>
      </trkpt>
      <trkpt lat="25.271093733608722686767578125" lon="110.29140329919755458831787109375">
        <ele>153.1999969482421875</ele>
        <time>2025-11-15T11:15:21.000Z</time>
        <extensions>
          <ns3:TrackPointExtension>
            <ns3:hr>59</ns3:hr>
          </ns3:TrackPointExtension>
        </extensions>
      </trkpt>
      <trkpt lat="25.271093733608722686767578125" lon="110.29140329919755458831787109375">
        <ele>153.1999969482421875</ele>
        <time>2025-11-15T11:15:22.000Z</time>
        <extensions>
          <ns3:TrackPointExtension>
            <ns3:hr>59</ns3:hr>
          </ns3:TrackPointExtension>
        </extensions>
      </trkpt>
      <trkpt lat="25.271093733608722686767578125" lon="110.29140329919755458831787109375">
        <ele>153.399993896484375</ele>
        <time>2025-11-15T11:15:23.000Z</time>
        <extensions>
          <ns3:TrackPointExtension>
            <ns3:hr>60</ns3:hr>
          </ns3:TrackPointExtension>
        </extensions>
      </trkpt>
      <trkpt lat="25.271093733608722686767578125" lon="110.29140329919755458831787109375">
        <ele>153.600006103515625</ele>
        <time>2025-11-15T11:15:24.000Z</time>
        <extensions>
          <ns3:TrackPointExtension>
            <ns3:hr>60</ns3:hr>
          </ns3:TrackPointExtension>
        </extensions>
      </trkpt>
      <trkpt lat="25.271093733608722686767578125" lon="110.29140329919755458831787109375">
        <ele>153.600006103515625</ele>
        <time>2025-11-15T11:15:25.000Z</time>
        <extensions>
          <ns3:TrackPointExtension>
            <ns3:hr>60</ns3:hr>
          </ns3:TrackPointExtension>
        </extensions>
      </trkpt>
      <trkpt lat="25.271093733608722686767578125" lon="110.29140329919755458831787109375">
        <ele>153.600006103515625</ele>
        <time>2025-11-15T11:15:26.000Z</time>
        <extensions>
          <ns3:TrackPointExtension>
            <ns3:hr>60</ns3:hr>
          </ns3:TrackPointExtension>
        </extensions>
      </trkpt>
      <trkpt lat="25.271093733608722686767578125" lon="110.29140329919755458831787109375">
        <ele>153.600006103515625</ele>
        <time>2025-11-15T11:15:27.000Z</time>
        <extensions>
          <ns3:TrackPointExtension>
            <ns3:hr>60</ns3:hr>
          </ns3:TrackPointExtension>
        </extensions>
      </trkpt>
      <trkpt lat="25.271093733608722686767578125" lon="110.29140329919755458831787109375">
        <ele>153.600006103515625</ele>
        <time>2025-11-15T11:15:28.000Z</time>
        <extensions>
          <ns3:TrackPointExtension>
            <ns3:hr>60</ns3:hr>
          </ns3:TrackPointExtension>
        </extensions>
      </trkpt>
      <trkpt lat="25.271093733608722686767578125" lon="110.29140329919755458831787109375">
        <ele>153.399993896484375</ele>
        <time>2025-11-15T11:15:29.000Z</time>
        <extensions>
          <ns3:TrackPointExtension>
            <ns3:hr>60</ns3:hr>
          </ns3:TrackPointExtension>
        </extensions>
      </trkpt>
      <trkpt lat="25.271093733608722686767578125" lon="110.29140329919755458831787109375">
        <ele>153.399993896484375</ele>
        <time>2025-11-15T11:15:30.000Z</time>
        <extensions>
          <ns3:TrackPointExtension>
            <ns3:hr>60</ns3:hr>
          </ns3:TrackPointExtension>
        </extensions>
      </trkpt>
      <trkpt lat="25.271093733608722686767578125" lon="110.29140329919755458831787109375">
        <ele>153.399993896484375</ele>
        <time>2025-11-15T11:15:31.000Z</time>
        <extensions>
          <ns3:TrackPointExtension>
            <ns3:hr>59</ns3:hr>
          </ns3:TrackPointExtension>
        </extensions>
      </trkpt>
      <trkpt lat="25.271093733608722686767578125" lon="110.29140329919755458831787109375">
        <ele>153.399993896484375</ele>
        <time>2025-11-15T11:15:32.000Z</time>
        <extensions>
          <ns3:TrackPointExtension>
            <ns3:hr>56</ns3:hr>
          </ns3:TrackPointExtension>
        </extensions>
      </trkpt>
      <trkpt lat="25.271093733608722686767578125" lon="110.29140329919755458831787109375">
        <ele>153.399993896484375</ele>
        <time>2025-11-15T11:15:33.000Z</time>
        <extensions>
          <ns3:TrackPointExtension>
            <ns3:hr>56</ns3:hr>
          </ns3:TrackPointExtension>
        </extensions>
      </trkpt>
      <trkpt lat="25.271093733608722686767578125" lon="110.29140329919755458831787109375">
        <ele>153.399993896484375</ele>
        <time>2025-11-15T11:15:34.000Z</time>
        <extensions>
          <ns3:TrackPointExtension>
            <ns3:hr>56</ns3:hr>
          </ns3:TrackPointExtension>
        </extensions>
      </trkpt>
      <trkpt lat="25.271093733608722686767578125" lon="110.29140329919755458831787109375">
        <ele>153.399993896484375</ele>
        <time>2025-11-15T11:15:35.000Z</time>
        <extensions>
          <ns3:TrackPointExtension>
            <ns3:hr>56</ns3:hr>
          </ns3:TrackPointExtension>
        </extensions>
      </trkpt>
      <trkpt lat="25.27109406888484954833984375" lon="110.291396342217922210693359375">
        <ele>153.399993896484375</ele>
        <time>2025-11-15T11:15:36.000Z</time>
        <extensions>
          <ns3:TrackPointExtension>
            <ns3:hr>55</ns3:hr>
          </ns3:TrackPointExtension>
        </extensions>
      </trkpt>
      <trkpt lat="25.27108895592391490936279296875" lon="110.2913874574005603790283203125">
        <ele>153.399993896484375</ele>
        <time>2025-11-15T11:15:37.000Z</time>
        <extensions>
          <ns3:TrackPointExtension>
            <ns3:hr>56</ns3:hr>
          </ns3:TrackPointExtension>
        </extensions>
      </trkpt>
      <trkpt lat="25.27108669281005859375" lon="110.2913830988109111785888671875">
        <ele>153.1999969482421875</ele>
        <time>2025-11-15T11:15:38.000Z</time>
        <extensions>
          <ns3:TrackPointExtension>
            <ns3:hr>57</ns3:hr>
          </ns3:TrackPointExtension>
        </extensions>
      </trkpt>
      <trkpt lat="25.27108795009553432464599609375" lon="110.2913810871541500091552734375">
        <ele>153.1999969482421875</ele>
        <time>2025-11-15T11:15:39.000Z</time>
        <extensions>
          <ns3:TrackPointExtension>
            <ns3:hr>57</ns3:hr>
          </ns3:TrackPointExtension>
        </extensions>
      </trkpt>
      <trkpt lat="25.2710878662765026092529296875" lon="110.2913810871541500091552734375">
        <ele>153.1999969482421875</ele>
        <time>2025-11-15T11:15:40.000Z</time>
        <extensions>
          <ns3:TrackPointExtension>
            <ns3:hr>57</ns3:hr>
          </ns3:TrackPointExtension>
        </extensions>
      </trkpt>
      <trkpt lat="25.2710878662765026092529296875" lon="110.2913810871541500091552734375">
        <ele>153.1999969482421875</ele>
        <time>2025-11-15T11:15:41.000Z</time>
        <extensions>
          <ns3:TrackPointExtension>
            <ns3:hr>57</ns3:hr>
          </ns3:TrackPointExtension>
        </extensions>
      </trkpt>
      <trkpt lat="25.2710878662765026092529296875" lon="110.2913810871541500091552734375">
        <ele>153</ele>
        <time>2025-11-15T11:15:42.000Z</time>
        <extensions>
          <ns3:TrackPointExtension>
            <ns3:hr>57</ns3:hr>
          </ns3:TrackPointExtension>
        </extensions>
      </trkpt>
      <trkpt lat="25.2710878662765026092529296875" lon="110.2913810871541500091552734375">
        <ele>153</ele>
        <time>2025-11-15T11:15:43.000Z</time>
        <extensions>
          <ns3:TrackPointExtension>
            <ns3:hr>57</ns3:hr>
          </ns3:TrackPointExtension>
        </extensions>
      </trkpt>
      <trkpt lat="25.2710878662765026092529296875" lon="110.2913810871541500091552734375">
        <ele>153</ele>
        <time>2025-11-15T11:15:44.000Z</time>
        <extensions>
          <ns3:TrackPointExtension>
            <ns3:hr>58</ns3:hr>
          </ns3:TrackPointExtension>
        </extensions>
      </trkpt>
      <trkpt lat="25.2710878662765026092529296875" lon="110.2913810871541500091552734375">
        <ele>153</ele>
        <time>2025-11-15T11:15:45.000Z</time>
        <extensions>
          <ns3:TrackPointExtension>
            <ns3:hr>58</ns3:hr>
          </ns3:TrackPointExtension>
        </extensions>
      </trkpt>
      <trkpt lat="25.2710878662765026092529296875" lon="110.2913810871541500091552734375">
        <ele>153.1999969482421875</ele>
        <time>2025-11-15T11:15:46.000Z</time>
        <extensions>
          <ns3:TrackPointExtension>
            <ns3:hr>59</ns3:hr>
          </ns3:TrackPointExtension>
        </extensions>
      </trkpt>
      <trkpt lat="25.2710878662765026092529296875" lon="110.2913810871541500091552734375">
        <ele>153.1999969482421875</ele>
        <time>2025-11-15T11:15:47.000Z</time>
        <extensions>
          <ns3:TrackPointExtension>
            <ns3:hr>59</ns3:hr>
          </ns3:TrackPointExtension>
        </extensions>
      </trkpt>
      <trkpt lat="25.2710878662765026092529296875" lon="110.2913810871541500091552734375">
        <ele>153.1999969482421875</ele>
        <time>2025-11-15T11:15:48.000Z</time>
        <extensions>
          <ns3:TrackPointExtension>
            <ns3:hr>61</ns3:hr>
          </ns3:TrackPointExtension>
        </extensions>
      </trkpt>
      <trkpt lat="25.2710878662765026092529296875" lon="110.2913810871541500091552734375">
        <ele>153.399993896484375</ele>
        <time>2025-11-15T11:15:49.000Z</time>
        <extensions>
          <ns3:TrackPointExtension>
            <ns3:hr>62</ns3:hr>
          </ns3:TrackPointExtension>
        </extensions>
      </trkpt>
      <trkpt lat="25.2710878662765026092529296875" lon="110.2913810871541500091552734375">
        <ele>153.399993896484375</ele>
        <time>2025-11-15T11:15:50.000Z</time>
        <extensions>
          <ns3:TrackPointExtension>
            <ns3:hr>61</ns3:hr>
          </ns3:TrackPointExtension>
        </extensions>
      </trkpt>
      <trkpt lat="25.2710878662765026092529296875" lon="110.2913810871541500091552734375">
        <ele>153.399993896484375</ele>
        <time>2025-11-15T11:15:51.000Z</time>
        <extensions>
          <ns3:TrackPointExtension>
            <ns3:hr>61</ns3:hr>
          </ns3:TrackPointExtension>
        </extensions>
      </trkpt>
      <trkpt lat="25.2710878662765026092529296875" lon="110.2913810871541500091552734375">
        <ele>153.399993896484375</ele>
        <time>2025-11-15T11:15:52.000Z</time>
        <extensions>
          <ns3:TrackPointExtension>
            <ns3:hr>61</ns3:hr>
          </ns3:TrackPointExtension>
        </extensions>
      </trkpt>
      <trkpt lat="25.2710878662765026092529296875" lon="110.2913810871541500091552734375">
        <ele>153.399993896484375</ele>
        <time>2025-11-15T11:15:53.000Z</time>
        <extensions>
          <ns3:TrackPointExtension>
            <ns3:hr>60</ns3:hr>
          </ns3:TrackPointExtension>
        </extensions>
      </trkpt>
      <trkpt lat="25.2710878662765026092529296875" lon="110.2913810871541500091552734375">
        <ele>153.1999969482421875</ele>
        <time>2025-11-15T11:15:54.000Z</time>
        <extensions>
          <ns3:TrackPointExtension>
            <ns3:hr>58</ns3:hr>
          </ns3:TrackPointExtension>
        </extensions>
      </trkpt>
      <trkpt lat="25.2710878662765026092529296875" lon="110.2913810871541500091552734375">
        <ele>153.1999969482421875</ele>
        <time>2025-11-15T11:15:55.000Z</time>
        <extensions>
          <ns3:TrackPointExtension>
            <ns3:hr>57</ns3:hr>
          </ns3:TrackPointExtension>
        </extensions>
      </trkpt>
      <trkpt lat="25.2710878662765026092529296875" lon="110.2913810871541500091552734375">
        <ele>153.1999969482421875</ele>
        <time>2025-11-15T11:15:56.000Z</time>
        <extensions>
          <ns3:TrackPointExtension>
            <ns3:hr>57</ns3:hr>
          </ns3:TrackPointExtension>
        </extensions>
      </trkpt>
      <trkpt lat="25.2710878662765026092529296875" lon="110.2913810871541500091552734375">
        <ele>153.1999969482421875</ele>
        <time>2025-11-15T11:15:57.000Z</time>
        <extensions>
          <ns3:TrackPointExtension>
            <ns3:hr>57</ns3:hr>
          </ns3:TrackPointExtension>
        </extensions>
      </trkpt>
      <trkpt lat="25.2710878662765026092529296875" lon="110.2913810871541500091552734375">
        <ele>153.1999969482421875</ele>
        <time>2025-11-15T11:15:58.000Z</time>
        <extensions>
          <ns3:TrackPointExtension>
            <ns3:hr>57</ns3:hr>
          </ns3:TrackPointExtension>
        </extensions>
      </trkpt>
      <trkpt lat="25.2710821665823459625244140625" lon="110.2913787402212619781494140625">
        <ele>153.1999969482421875</ele>
        <time>2025-11-15T11:15:59.000Z</time>
        <extensions>
          <ns3:TrackPointExtension>
            <ns3:hr>58</ns3:hr>
          </ns3:TrackPointExtension>
        </extensions>
      </trkpt>
      <trkpt lat="25.27107638306915760040283203125" lon="110.291369520127773284912109375">
        <ele>153.1999969482421875</ele>
        <time>2025-11-15T11:16:00.000Z</time>
        <extensions>
          <ns3:TrackPointExtension>
            <ns3:hr>58</ns3:hr>
          </ns3:TrackPointExtension>
        </extensions>
      </trkpt>
      <trkpt lat="25.27107152156531810760498046875" lon="110.29136658646166324615478515625">
        <ele>153.1999969482421875</ele>
        <time>2025-11-15T11:16:01.000Z</time>
        <extensions>
          <ns3:TrackPointExtension>
            <ns3:hr>58</ns3:hr>
          </ns3:TrackPointExtension>
        </extensions>
      </trkpt>
      <trkpt lat="25.271071605384349822998046875" lon="110.2913663350045680999755859375">
        <ele>153.399993896484375</ele>
        <time>2025-11-15T11:16:02.000Z</time>
        <extensions>
          <ns3:TrackPointExtension>
            <ns3:hr>57</ns3:hr>
          </ns3:TrackPointExtension>
        </extensions>
      </trkpt>
      <trkpt lat="25.271071605384349822998046875" lon="110.2913663350045680999755859375">
        <ele>153.399993896484375</ele>
        <time>2025-11-15T11:16:03.000Z</time>
        <extensions>
          <ns3:TrackPointExtension>
            <ns3:hr>57</ns3:hr>
          </ns3:TrackPointExtension>
        </extensions>
      </trkpt>
      <trkpt lat="25.271071605384349822998046875" lon="110.2913663350045680999755859375">
        <ele>153.399993896484375</ele>
        <time>2025-11-15T11:16:04.000Z</time>
        <extensions>
          <ns3:TrackPointExtension>
            <ns3:hr>58</ns3:hr>
          </ns3:TrackPointExtension>
        </extensions>
      </trkpt>
      <trkpt lat="25.2710711024701595306396484375" lon="110.29136591590940952301025390625">
        <ele>153.399993896484375</ele>
        <time>2025-11-15T11:16:05.000Z</time>
        <extensions>
          <ns3:TrackPointExtension>
            <ns3:hr>58</ns3:hr>
          </ns3:TrackPointExtension>
        </extensions>
      </trkpt>
      <trkpt lat="25.2710680849850177764892578125" lon="110.2913582883775234222412109375">
        <ele>153.600006103515625</ele>
        <time>2025-11-15T11:16:06.000Z</time>
        <extensions>
          <ns3:TrackPointExtension>
            <ns3:hr>58</ns3:hr>
          </ns3:TrackPointExtension>
        </extensions>
      </trkpt>
      <trkpt lat="25.27106649242341518402099609375" lon="110.29135032556951045989990234375">
        <ele>153.600006103515625</ele>
        <time>2025-11-15T11:16:07.000Z</time>
        <extensions>
          <ns3:TrackPointExtension>
            <ns3:hr>58</ns3:hr>
          </ns3:TrackPointExtension>
        </extensions>
      </trkpt>
      <trkpt lat="25.27106716297566890716552734375" lon="110.29134613461792469024658203125">
        <ele>153.8000030517578125</ele>
        <time>2025-11-15T11:16:08.000Z</time>
        <extensions>
          <ns3:TrackPointExtension>
            <ns3:hr>59</ns3:hr>
          </ns3:TrackPointExtension>
        </extensions>
      </trkpt>
      <trkpt lat="25.27107655070722103118896484375" lon="110.2913391776382923126220703125">
        <ele>153.8000030517578125</ele>
        <time>2025-11-15T11:16:09.000Z</time>
        <extensions>
          <ns3:TrackPointExtension>
            <ns3:hr>58</ns3:hr>
          </ns3:TrackPointExtension>
        </extensions>
      </trkpt>
      <trkpt lat="25.27108560316264629364013671875" lon="110.29133557341992855072021484375">
        <ele>153.8000030517578125</ele>
        <time>2025-11-15T11:16:10.000Z</time>
        <extensions>
          <ns3:TrackPointExtension>
            <ns3:hr>58</ns3:hr>
          </ns3:TrackPointExtension>
        </extensions>
      </trkpt>
      <trkpt lat="25.2710925601422786712646484375" lon="110.29133297502994537353515625">
        <ele>154</ele>
        <time>2025-11-15T11:16:11.000Z</time>
        <extensions>
          <ns3:TrackPointExtension>
            <ns3:hr>58</ns3:hr>
          </ns3:TrackPointExtension>
        </extensions>
      </trkpt>
      <trkpt lat="25.2710918895900249481201171875" lon="110.29132786206901073455810546875">
        <ele>154</ele>
        <time>2025-11-15T11:16:12.000Z</time>
        <extensions>
          <ns3:TrackPointExtension>
            <ns3:hr>59</ns3:hr>
          </ns3:TrackPointExtension>
        </extensions>
      </trkpt>
      <trkpt lat="25.27110555209219455718994140625" lon="110.29132517985999584197998046875">
        <ele>154</ele>
        <time>2025-11-15T11:16:13.000Z</time>
        <extensions>
          <ns3:TrackPointExtension>
            <ns3:hr>58</ns3:hr>
          </ns3:TrackPointExtension>
        </extensions>
      </trkpt>
      <trkpt lat="25.2711177058517932891845703125" lon="110.2913267724215984344482421875">
        <ele>154.1999969482421875</ele>
        <time>2025-11-15T11:16:14.000Z</time>
        <extensions>
          <ns3:TrackPointExtension>
            <ns3:hr>58</ns3:hr>
          </ns3:TrackPointExtension>
        </extensions>
      </trkpt>
      <trkpt lat="25.271134637296199798583984375" lon="110.29133305884897708892822265625">
        <ele>154</ele>
        <time>2025-11-15T11:16:15.000Z</time>
        <extensions>
          <ns3:TrackPointExtension>
            <ns3:hr>58</ns3:hr>
          </ns3:TrackPointExtension>
        </extensions>
      </trkpt>
      <trkpt lat="25.271143354475498199462890625" lon="110.291339345276355743408203125">
        <ele>154</ele>
        <time>2025-11-15T11:16:16.000Z</time>
        <extensions>
          <ns3:TrackPointExtension>
            <ns3:hr>57</ns3:hr>
          </ns3:TrackPointExtension>
        </extensions>
      </trkpt>
      <trkpt lat="25.27115165255963802337646484375" lon="110.2913445420563220977783203125">
        <ele>154</ele>
        <time>2025-11-15T11:16:17.000Z</time>
        <extensions>
          <ns3:TrackPointExtension>
            <ns3:hr>58</ns3:hr>
          </ns3:TrackPointExtension>
        </extensions>
      </trkpt>
      <trkpt lat="25.27116137556731700897216796875" lon="110.2913505770266056060791015625">
        <ele>154</ele>
        <time>2025-11-15T11:16:18.000Z</time>
        <extensions>
          <ns3:TrackPointExtension>
            <ns3:hr>58</ns3:hr>
          </ns3:TrackPointExtension>
        </extensions>
      </trkpt>
      <trkpt lat="25.27116958983242511749267578125" lon="110.29136247932910919189453125">
        <ele>154</ele>
        <time>2025-11-15T11:16:19.000Z</time>
        <extensions>
          <ns3:TrackPointExtension>
            <ns3:hr>58</ns3:hr>
          </ns3:TrackPointExtension>
        </extensions>
      </trkpt>
      <trkpt lat="25.271172188222408294677734375" lon="110.291372872889041900634765625">
        <ele>154</ele>
        <time>2025-11-15T11:16:20.000Z</time>
        <extensions>
          <ns3:TrackPointExtension>
            <ns3:hr>59</ns3:hr>
          </ns3:TrackPointExtension>
        </extensions>
      </trkpt>
      <trkpt lat="25.27117445133626461029052734375" lon="110.2913807518780231475830078125">
        <ele>153.8000030517578125</ele>
        <time>2025-11-15T11:16:21.000Z</time>
        <extensions>
          <ns3:TrackPointExtension>
            <ns3:hr>59</ns3:hr>
          </ns3:TrackPointExtension>
        </extensions>
      </trkpt>
      <trkpt lat="25.27117587625980377197265625" lon="110.2913872897624969482421875">
        <ele>153.8000030517578125</ele>
        <time>2025-11-15T11:16:22.000Z</time>
        <extensions>
          <ns3:TrackPointExtension>
            <ns3:hr>59</ns3:hr>
          </ns3:TrackPointExtension>
        </extensions>
      </trkpt>
      <trkpt lat="25.2711830846965312957763671875" lon="110.29139692895114421844482421875">
        <ele>153.600006103515625</ele>
        <time>2025-11-15T11:16:23.000Z</time>
        <extensions>
          <ns3:TrackPointExtension>
            <ns3:hr>59</ns3:hr>
          </ns3:TrackPointExtension>
        </extensions>
      </trkpt>
      <trkpt lat="25.27118819765746593475341796875" lon="110.291404388844966888427734375">
        <ele>153.1999969482421875</ele>
        <time>2025-11-15T11:16:24.000Z</time>
        <extensions>
          <ns3:TrackPointExtension>
            <ns3:hr>58</ns3:hr>
          </ns3:TrackPointExtension>
        </extensions>
      </trkpt>
      <trkpt lat="25.271193981170654296875" lon="110.29141000472009181976318359375">
        <ele>153</ele>
        <time>2025-11-15T11:16:25.000Z</time>
        <extensions>
          <ns3:TrackPointExtension>
            <ns3:hr>58</ns3:hr>
          </ns3:TrackPointExtension>
        </extensions>
      </trkpt>
      <trkpt lat="25.27120177634060382843017578125" lon="110.291409753262996673583984375">
        <ele>153</ele>
        <time>2025-11-15T11:16:26.000Z</time>
        <extensions>
          <ns3:TrackPointExtension>
            <ns3:hr>58</ns3:hr>
          </ns3:TrackPointExtension>
        </extensions>
      </trkpt>
      <trkpt lat="25.27121166698634624481201171875" lon="110.29141218401491641998291015625">
        <ele>153</ele>
        <time>2025-11-15T11:16:27.000Z</time>
        <extensions>
          <ns3:TrackPointExtension>
            <ns3:hr>58</ns3:hr>
          </ns3:TrackPointExtension>
        </extensions>
      </trkpt>
      <trkpt lat="25.2712182886898517608642578125" lon="110.2914149500429630279541015625">
        <ele>153</ele>
        <time>2025-11-15T11:16:28.000Z</time>
        <extensions>
          <ns3:TrackPointExtension>
            <ns3:hr>58</ns3:hr>
          </ns3:TrackPointExtension>
        </extensions>
      </trkpt>
      <trkpt lat="25.27122549712657928466796875" lon="110.291420482099056243896484375">
        <ele>153.1999969482421875</ele>
        <time>2025-11-15T11:16:29.000Z</time>
        <extensions>
          <ns3:TrackPointExtension>
            <ns3:hr>58</ns3:hr>
          </ns3:TrackPointExtension>
        </extensions>
      </trkpt>
      <trkpt lat="25.2712340466678142547607421875" lon="110.2914286963641643524169921875">
        <ele>153.1999969482421875</ele>
        <time>2025-11-15T11:16:30.000Z</time>
        <extensions>
          <ns3:TrackPointExtension>
            <ns3:hr>58</ns3:hr>
          </ns3:TrackPointExtension>
        </extensions>
      </trkpt>
      <trkpt lat="25.27124293148517608642578125" lon="110.29143531806766986846923828125">
        <ele>153.1999969482421875</ele>
        <time>2025-11-15T11:16:31.000Z</time>
        <extensions>
          <ns3:TrackPointExtension>
            <ns3:hr>58</ns3:hr>
          </ns3:TrackPointExtension>
        </extensions>
      </trkpt>
      <trkpt lat="25.2712538279592990875244140625" lon="110.29143984429538249969482421875">
        <ele>153</ele>
        <time>2025-11-15T11:16:32.000Z</time>
        <extensions>
          <ns3:TrackPointExtension>
            <ns3:hr>58</ns3:hr>
          </ns3:TrackPointExtension>
        </extensions>
      </trkpt>
      <trkpt lat="25.2712648920714855194091796875" lon="110.29144369997084140777587890625">
        <ele>153</ele>
        <time>2025-11-15T11:16:33.000Z</time>
        <extensions>
          <ns3:TrackPointExtension>
            <ns3:hr>58</ns3:hr>
          </ns3:TrackPointExtension>
        </extensions>
      </trkpt>
      <trkpt lat="25.2712762914597988128662109375" lon="110.2914474718272686004638671875">
        <ele>153</ele>
        <time>2025-11-15T11:16:34.000Z</time>
        <extensions>
          <ns3:TrackPointExtension>
            <ns3:hr>58</ns3:hr>
          </ns3:TrackPointExtension>
        </extensions>
      </trkpt>
      <trkpt lat="25.27128492482006549835205078125" lon="110.2914514951407909393310546875">
        <ele>153</ele>
        <time>2025-11-15T11:16:35.000Z</time>
        <extensions>
          <ns3:TrackPointExtension>
            <ns3:hr>58</ns3:hr>
          </ns3:TrackPointExtension>
        </extensions>
      </trkpt>
      <trkpt lat="25.2712930552661418914794921875" lon="110.29145367443561553955078125">
        <ele>153</ele>
        <time>2025-11-15T11:16:36.000Z</time>
        <extensions>
          <ns3:TrackPointExtension>
            <ns3:hr>60</ns3:hr>
          </ns3:TrackPointExtension>
        </extensions>
      </trkpt>
      <trkpt lat="25.2713017724454402923583984375" lon="110.29145442880690097808837890625">
        <ele>153</ele>
        <time>2025-11-15T11:16:37.000Z</time>
        <extensions>
          <ns3:TrackPointExtension>
            <ns3:hr>60</ns3:hr>
          </ns3:TrackPointExtension>
        </extensions>
      </trkpt>
      <trkpt lat="25.27131275273859500885009765625" lon="110.29145845212042331695556640625">
        <ele>153</ele>
        <time>2025-11-15T11:16:38.000Z</time>
        <extensions>
          <ns3:TrackPointExtension>
            <ns3:hr>61</ns3:hr>
          </ns3:TrackPointExtension>
        </extensions>
      </trkpt>
      <trkpt lat="25.27132364921271800994873046875" lon="110.29146767221391201019287109375">
        <ele>153</ele>
        <time>2025-11-15T11:16:39.000Z</time>
        <extensions>
          <ns3:TrackPointExtension>
            <ns3:hr>62</ns3:hr>
          </ns3:TrackPointExtension>
        </extensions>
      </trkpt>
      <trkpt lat="25.27132750488817691802978515625" lon="110.2914796583354473114013671875">
        <ele>152.8000030517578125</ele>
        <time>2025-11-15T11:16:40.000Z</time>
        <extensions>
          <ns3:TrackPointExtension>
            <ns3:hr>62</ns3:hr>
          </ns3:TrackPointExtension>
        </extensions>
      </trkpt>
      <trkpt lat="25.27132716961205005645751953125" lon="110.2914890460669994354248046875">
        <ele>152.8000030517578125</ele>
        <time>2025-11-15T11:16:41.000Z</time>
        <extensions>
          <ns3:TrackPointExtension>
            <ns3:hr>66</ns3:hr>
          </ns3:TrackPointExtension>
        </extensions>
      </trkpt>
      <trkpt lat="25.2713245712220668792724609375" lon="110.2914960868656635284423828125">
        <ele>152.8000030517578125</ele>
        <time>2025-11-15T11:16:42.000Z</time>
        <extensions>
          <ns3:TrackPointExtension>
            <ns3:hr>67</ns3:hr>
          </ns3:TrackPointExtension>
        </extensions>
      </trkpt>
      <trkpt lat="25.271320380270481109619140625" lon="110.29150069691240787506103515625">
        <ele>152.8000030517578125</ele>
        <time>2025-11-15T11:16:43.000Z</time>
        <extensions>
          <ns3:TrackPointExtension>
            <ns3:hr>66</ns3:hr>
          </ns3:TrackPointExtension>
        </extensions>
      </trkpt>
      <trkpt lat="25.271315686404705047607421875" lon="110.29150321148335933685302734375">
        <ele>152.8000030517578125</ele>
        <time>2025-11-15T11:16:44.000Z</time>
        <extensions>
          <ns3:TrackPointExtension>
            <ns3:hr>66</ns3:hr>
          </ns3:TrackPointExtension>
        </extensions>
      </trkpt>
      <trkpt lat="25.271314345300197601318359375" lon="110.29150329530239105224609375">
        <ele>152.8000030517578125</ele>
        <time>2025-11-15T11:16:45.000Z</time>
        <extensions>
          <ns3:TrackPointExtension>
            <ns3:hr>66</ns3:hr>
          </ns3:TrackPointExtension>
        </extensions>
      </trkpt>
      <trkpt lat="25.27131535112857818603515625" lon="110.2915041334927082061767578125">
        <ele>153</ele>
        <time>2025-11-15T11:16:46.000Z</time>
        <extensions>
          <ns3:TrackPointExtension>
            <ns3:hr>65</ns3:hr>
          </ns3:TrackPointExtension>
        </extensions>
      </trkpt>
      <trkpt lat="25.27131526730954647064208984375" lon="110.2915041334927082061767578125">
        <ele>153</ele>
        <time>2025-11-15T11:16:47.000Z</time>
        <extensions>
          <ns3:TrackPointExtension>
            <ns3:hr>65</ns3:hr>
          </ns3:TrackPointExtension>
        </extensions>
      </trkpt>
      <trkpt lat="25.27131526730954647064208984375" lon="110.2915041334927082061767578125">
        <ele>153.1999969482421875</ele>
        <time>2025-11-15T11:16:48.000Z</time>
        <extensions>
          <ns3:TrackPointExtension>
            <ns3:hr>64</ns3:hr>
          </ns3:TrackPointExtension>
        </extensions>
      </trkpt>
      <trkpt lat="25.27131526730954647064208984375" lon="110.2915041334927082061767578125">
        <ele>153.399993896484375</ele>
        <time>2025-11-15T11:16:49.000Z</time>
        <extensions>
          <ns3:TrackPointExtension>
            <ns3:hr>64</ns3:hr>
          </ns3:TrackPointExtension>
        </extensions>
      </trkpt>
      <trkpt lat="25.27131526730954647064208984375" lon="110.2915041334927082061767578125">
        <ele>153.399993896484375</ele>
        <time>2025-11-15T11:16:50.000Z</time>
        <extensions>
          <ns3:TrackPointExtension>
            <ns3:hr>64</ns3:hr>
          </ns3:TrackPointExtension>
        </extensions>
      </trkpt>
      <trkpt lat="25.27131526730954647064208984375" lon="110.2915041334927082061767578125">
        <ele>153.399993896484375</ele>
        <time>2025-11-15T11:16:51.000Z</time>
        <extensions>
          <ns3:TrackPointExtension>
            <ns3:hr>65</ns3:hr>
          </ns3:TrackPointExtension>
        </extensions>
      </trkpt>
      <trkpt lat="25.27131526730954647064208984375" lon="110.2915041334927082061767578125">
        <ele>153.399993896484375</ele>
        <time>2025-11-15T11:16:52.000Z</time>
        <extensions>
          <ns3:TrackPointExtension>
            <ns3:hr>65</ns3:hr>
          </ns3:TrackPointExtension>
        </extensions>
      </trkpt>
      <trkpt lat="25.27131526730954647064208984375" lon="110.2915041334927082061767578125">
        <ele>153.399993896484375</ele>
        <time>2025-11-15T11:16:53.000Z</time>
        <extensions>
          <ns3:TrackPointExtension>
            <ns3:hr>66</ns3:hr>
          </ns3:TrackPointExtension>
        </extensions>
      </trkpt>
      <trkpt lat="25.27131526730954647064208984375" lon="110.2915041334927082061767578125">
        <ele>153.399993896484375</ele>
        <time>2025-11-15T11:16:54.000Z</time>
        <extensions>
          <ns3:TrackPointExtension>
            <ns3:hr>65</ns3:hr>
          </ns3:TrackPointExtension>
        </extensions>
      </trkpt>
      <trkpt lat="25.27131526730954647064208984375" lon="110.2915041334927082061767578125">
        <ele>153.399993896484375</ele>
        <time>2025-11-15T11:16:55.000Z</time>
        <extensions>
          <ns3:TrackPointExtension>
            <ns3:hr>63</ns3:hr>
          </ns3:TrackPointExtension>
        </extensions>
      </trkpt>
      <trkpt lat="25.27131526730954647064208984375" lon="110.2915041334927082061767578125">
        <ele>153.399993896484375</ele>
        <time>2025-11-15T11:16:56.000Z</time>
        <extensions>
          <ns3:TrackPointExtension>
            <ns3:hr>60</ns3:hr>
          </ns3:TrackPointExtension>
        </extensions>
      </trkpt>
      <trkpt lat="25.27131577022373676300048828125" lon="110.2915048040449619293212890625">
        <ele>153.1999969482421875</ele>
        <time>2025-11-15T11:16:57.000Z</time>
        <extensions>
          <ns3:TrackPointExtension>
            <ns3:hr>60</ns3:hr>
          </ns3:TrackPointExtension>
        </extensions>
      </trkpt>
      <trkpt lat="25.2713272534310817718505859375" lon="110.29150036163628101348876953125">
        <ele>153.1999969482421875</ele>
        <time>2025-11-15T11:16:58.000Z</time>
        <extensions>
          <ns3:TrackPointExtension>
            <ns3:hr>60</ns3:hr>
          </ns3:TrackPointExtension>
        </extensions>
      </trkpt>
      <trkpt lat="25.271341837942600250244140625" lon="110.29149868525564670562744140625">
        <ele>153</ele>
        <time>2025-11-15T11:16:59.000Z</time>
        <extensions>
          <ns3:TrackPointExtension>
            <ns3:hr>60</ns3:hr>
          </ns3:TrackPointExtension>
        </extensions>
      </trkpt>
      <trkpt lat="25.27135424315929412841796875" lon="110.29149784706532955169677734375">
        <ele>153</ele>
        <time>2025-11-15T11:17:00.000Z</time>
        <extensions>
          <ns3:TrackPointExtension>
            <ns3:hr>60</ns3:hr>
          </ns3:TrackPointExtension>
        </extensions>
      </trkpt>
      <trkpt lat="25.271365977823734283447265625" lon="110.29149650596082210540771484375">
        <ele>153</ele>
        <time>2025-11-15T11:17:01.000Z</time>
        <extensions>
          <ns3:TrackPointExtension>
            <ns3:hr>61</ns3:hr>
          </ns3:TrackPointExtension>
        </extensions>
      </trkpt>
      <trkpt lat="25.27138014324009418487548828125" lon="110.29149332083761692047119140625">
        <ele>152.8000030517578125</ele>
        <time>2025-11-15T11:17:02.000Z</time>
        <extensions>
          <ns3:TrackPointExtension>
            <ns3:hr>61</ns3:hr>
          </ns3:TrackPointExtension>
        </extensions>
      </trkpt>
      <trkpt lat="25.27139221318066120147705078125" lon="110.2914907224476337432861328125">
        <ele>152.8000030517578125</ele>
        <time>2025-11-15T11:17:03.000Z</time>
        <extensions>
          <ns3:TrackPointExtension>
            <ns3:hr>61</ns3:hr>
          </ns3:TrackPointExtension>
        </extensions>
      </trkpt>
      <trkpt lat="25.2714050374925136566162109375" lon="110.29149399138987064361572265625">
        <ele>152.8000030517578125</ele>
        <time>2025-11-15T11:17:04.000Z</time>
        <extensions>
          <ns3:TrackPointExtension>
            <ns3:hr>61</ns3:hr>
          </ns3:TrackPointExtension>
        </extensions>
      </trkpt>
      <trkpt lat="25.27141585014760494232177734375" lon="110.29149658977985382080078125">
        <ele>152.8000030517578125</ele>
        <time>2025-11-15T11:17:05.000Z</time>
        <extensions>
          <ns3:TrackPointExtension>
            <ns3:hr>61</ns3:hr>
          </ns3:TrackPointExtension>
        </extensions>
      </trkpt>
      <trkpt lat="25.2714264951646327972412109375" lon="110.291501618921756744384765625">
        <ele>152.8000030517578125</ele>
        <time>2025-11-15T11:17:06.000Z</time>
        <extensions>
          <ns3:TrackPointExtension>
            <ns3:hr>62</ns3:hr>
          </ns3:TrackPointExtension>
        </extensions>
      </trkpt>
      <trkpt lat="25.2714372240006923675537109375" lon="110.29150589369237422943115234375">
        <ele>152.8000030517578125</ele>
        <time>2025-11-15T11:17:07.000Z</time>
        <extensions>
          <ns3:TrackPointExtension>
            <ns3:hr>62</ns3:hr>
          </ns3:TrackPointExtension>
        </extensions>
      </trkpt>
      <trkpt lat="25.27144736610352993011474609375" lon="110.29150958172976970672607421875">
        <ele>152.8000030517578125</ele>
        <time>2025-11-15T11:17:08.000Z</time>
        <extensions>
          <ns3:TrackPointExtension>
            <ns3:hr>63</ns3:hr>
          </ns3:TrackPointExtension>
        </extensions>
      </trkpt>
      <trkpt lat="25.2714519761502742767333984375" lon="110.29151394031941890716552734375">
        <ele>153</ele>
        <time>2025-11-15T11:17:09.000Z</time>
        <extensions>
          <ns3:TrackPointExtension>
            <ns3:hr>62</ns3:hr>
          </ns3:TrackPointExtension>
        </extensions>
      </trkpt>
      <trkpt lat="25.2714546583592891693115234375" lon="110.29151670634746551513671875">
        <ele>153</ele>
        <time>2025-11-15T11:17:10.000Z</time>
        <extensions>
          <ns3:TrackPointExtension>
            <ns3:hr>62</ns3:hr>
          </ns3:TrackPointExtension>
        </extensions>
      </trkpt>
      <trkpt lat="25.27145750820636749267578125" lon="110.291522406041622161865234375">
        <ele>153.1999969482421875</ele>
        <time>2025-11-15T11:17:11.000Z</time>
        <extensions>
          <ns3:TrackPointExtension>
            <ns3:hr>61</ns3:hr>
          </ns3:TrackPointExtension>
        </extensions>
      </trkpt>
      <trkpt lat="25.2714633755385875701904296875" lon="110.291527770459651947021484375">
        <ele>153.600006103515625</ele>
        <time>2025-11-15T11:17:12.000Z</time>
        <extensions>
          <ns3:TrackPointExtension>
            <ns3:hr>62</ns3:hr>
          </ns3:TrackPointExtension>
        </extensions>
      </trkpt>
      <trkpt lat="25.27147720567882061004638671875" lon="110.29153120703995227813720703125">
        <ele>153.8000030517578125</ele>
        <time>2025-11-15T11:17:13.000Z</time>
        <extensions>
          <ns3:TrackPointExtension>
            <ns3:hr>64</ns3:hr>
          </ns3:TrackPointExtension>
        </extensions>
      </trkpt>
      <trkpt lat="25.2714875154197216033935546875" lon="110.29153170995414257049560546875">
        <ele>153.8000030517578125</ele>
        <time>2025-11-15T11:17:14.000Z</time>
        <extensions>
          <ns3:TrackPointExtension>
            <ns3:hr>66</ns3:hr>
          </ns3:TrackPointExtension>
        </extensions>
      </trkpt>
      <trkpt lat="25.2714984118938446044921875" lon="110.291531123220920562744140625">
        <ele>154</ele>
        <time>2025-11-15T11:17:15.000Z</time>
        <extensions>
          <ns3:TrackPointExtension>
            <ns3:hr>66</ns3:hr>
          </ns3:TrackPointExtension>
        </extensions>
      </trkpt>
      <trkpt lat="25.27150872163474559783935546875" lon="110.2915319614112377166748046875">
        <ele>153.8000030517578125</ele>
        <time>2025-11-15T11:17:16.000Z</time>
        <extensions>
          <ns3:TrackPointExtension>
            <ns3:hr>66</ns3:hr>
          </ns3:TrackPointExtension>
        </extensions>
      </trkpt>
      <trkpt lat="25.27152054011821746826171875" lon="110.2915319614112377166748046875">
        <ele>153.8000030517578125</ele>
        <time>2025-11-15T11:17:17.000Z</time>
        <extensions>
          <ns3:TrackPointExtension>
            <ns3:hr>67</ns3:hr>
          </ns3:TrackPointExtension>
        </extensions>
      </trkpt>
      <trkpt lat="25.27153235860168933868408203125" lon="110.291531793773174285888671875">
        <ele>153.8000030517578125</ele>
        <time>2025-11-15T11:17:18.000Z</time>
        <extensions>
          <ns3:TrackPointExtension>
            <ns3:hr>65</ns3:hr>
          </ns3:TrackPointExtension>
        </extensions>
      </trkpt>
      <trkpt lat="25.27154266834259033203125" lon="110.29153154231607913970947265625">
        <ele>153.8000030517578125</ele>
        <time>2025-11-15T11:17:19.000Z</time>
        <extensions>
          <ns3:TrackPointExtension>
            <ns3:hr>65</ns3:hr>
          </ns3:TrackPointExtension>
        </extensions>
      </trkpt>
      <trkpt lat="25.27154006995260715484619140625" lon="110.29153087176382541656494140625">
        <ele>153.8000030517578125</ele>
        <time>2025-11-15T11:17:20.000Z</time>
        <extensions>
          <ns3:TrackPointExtension>
            <ns3:hr>64</ns3:hr>
          </ns3:TrackPointExtension>
        </extensions>
      </trkpt>
      <trkpt lat="25.271535627543926239013671875" lon="110.2915321290493011474609375">
        <ele>153.8000030517578125</ele>
        <time>2025-11-15T11:17:21.000Z</time>
        <extensions>
          <ns3:TrackPointExtension>
            <ns3:hr>64</ns3:hr>
          </ns3:TrackPointExtension>
        </extensions>
      </trkpt>
      <trkpt lat="25.27153453789651393890380859375" lon="110.291530787944793701171875">
        <ele>153.8000030517578125</ele>
        <time>2025-11-15T11:17:22.000Z</time>
        <extensions>
          <ns3:TrackPointExtension>
            <ns3:hr>64</ns3:hr>
          </ns3:TrackPointExtension>
        </extensions>
      </trkpt>
      <trkpt lat="25.271532945334911346435546875" lon="110.29153145849704742431640625">
        <ele>153.8000030517578125</ele>
        <time>2025-11-15T11:17:23.000Z</time>
        <extensions>
          <ns3:TrackPointExtension>
            <ns3:hr>64</ns3:hr>
          </ns3:TrackPointExtension>
        </extensions>
      </trkpt>
      <trkpt lat="25.2715327776968479156494140625" lon="110.2915319614112377166748046875">
        <ele>153.8000030517578125</ele>
        <time>2025-11-15T11:17:24.000Z</time>
        <extensions>
          <ns3:TrackPointExtension>
            <ns3:hr>64</ns3:hr>
          </ns3:TrackPointExtension>
        </extensions>
      </trkpt>
      <trkpt lat="25.2715327776968479156494140625" lon="110.2915319614112377166748046875">
        <ele>153.8000030517578125</ele>
        <time>2025-11-15T11:17:25.000Z</time>
        <extensions>
          <ns3:TrackPointExtension>
            <ns3:hr>65</ns3:hr>
          </ns3:TrackPointExtension>
        </extensions>
      </trkpt>
      <trkpt lat="25.2715327776968479156494140625" lon="110.2915319614112377166748046875">
        <ele>153.8000030517578125</ele>
        <time>2025-11-15T11:17:26.000Z</time>
        <extensions>
          <ns3:TrackPointExtension>
            <ns3:hr>66</ns3:hr>
          </ns3:TrackPointExtension>
        </extensions>
      </trkpt>
      <trkpt lat="25.2715324424207210540771484375" lon="110.29153271578252315521240234375">
        <ele>153.8000030517578125</ele>
        <time>2025-11-15T11:17:27.000Z</time>
        <extensions>
          <ns3:TrackPointExtension>
            <ns3:hr>69</ns3:hr>
          </ns3:TrackPointExtension>
        </extensions>
      </trkpt>
      <trkpt lat="25.27153839357197284698486328125" lon="110.29153204523026943206787109375">
        <ele>153.8000030517578125</ele>
        <time>2025-11-15T11:17:28.000Z</time>
        <extensions>
          <ns3:TrackPointExtension>
            <ns3:hr>69</ns3:hr>
          </ns3:TrackPointExtension>
        </extensions>
      </trkpt>
      <trkpt lat="25.2715508826076984405517578125" lon="110.2915333025157451629638671875">
        <ele>153.8000030517578125</ele>
        <time>2025-11-15T11:17:29.000Z</time>
        <extensions>
          <ns3:TrackPointExtension>
            <ns3:hr>69</ns3:hr>
          </ns3:TrackPointExtension>
        </extensions>
      </trkpt>
      <trkpt lat="25.27156085707247257232666015625" lon="110.29153556562960147857666015625">
        <ele>153.8000030517578125</ele>
        <time>2025-11-15T11:17:30.000Z</time>
        <extensions>
          <ns3:TrackPointExtension>
            <ns3:hr>69</ns3:hr>
          </ns3:TrackPointExtension>
        </extensions>
      </trkpt>
      <trkpt lat="25.2715726755559444427490234375" lon="110.29153556562960147857666015625">
        <ele>153.8000030517578125</ele>
        <time>2025-11-15T11:17:31.000Z</time>
        <extensions>
          <ns3:TrackPointExtension>
            <ns3:hr>69</ns3:hr>
          </ns3:TrackPointExtension>
        </extensions>
      </trkpt>
      <trkpt lat="25.27158499695360660552978515625" lon="110.2915349788963794708251953125">
        <ele>153.8000030517578125</ele>
        <time>2025-11-15T11:17:32.000Z</time>
        <extensions>
          <ns3:TrackPointExtension>
            <ns3:hr>68</ns3:hr>
          </ns3:TrackPointExtension>
        </extensions>
      </trkpt>
      <trkpt lat="25.2715991623699665069580078125" lon="110.29153455980122089385986328125">
        <ele>153.8000030517578125</ele>
        <time>2025-11-15T11:17:33.000Z</time>
        <extensions>
          <ns3:TrackPointExtension>
            <ns3:hr>69</ns3:hr>
          </ns3:TrackPointExtension>
        </extensions>
      </trkpt>
      <trkpt lat="25.27161265723407268524169921875" lon="110.2915346436202526092529296875">
        <ele>153.8000030517578125</ele>
        <time>2025-11-15T11:17:34.000Z</time>
        <extensions>
          <ns3:TrackPointExtension>
            <ns3:hr>69</ns3:hr>
          </ns3:TrackPointExtension>
        </extensions>
      </trkpt>
      <trkpt lat="25.271626152098178863525390625" lon="110.29153347015380859375">
        <ele>153.8000030517578125</ele>
        <time>2025-11-15T11:17:35.000Z</time>
        <extensions>
          <ns3:TrackPointExtension>
            <ns3:hr>68</ns3:hr>
          </ns3:TrackPointExtension>
        </extensions>
      </trkpt>
      <trkpt lat="25.2716400660574436187744140625" lon="110.291532464325428009033203125">
        <ele>153.8000030517578125</ele>
        <time>2025-11-15T11:17:36.000Z</time>
        <extensions>
          <ns3:TrackPointExtension>
            <ns3:hr>68</ns3:hr>
          </ns3:TrackPointExtension>
        </extensions>
      </trkpt>
      <trkpt lat="25.2716541476547718048095703125" lon="110.29153221286833286285400390625">
        <ele>153.8000030517578125</ele>
        <time>2025-11-15T11:17:37.000Z</time>
        <extensions>
          <ns3:TrackPointExtension>
            <ns3:hr>68</ns3:hr>
          </ns3:TrackPointExtension>
        </extensions>
      </trkpt>
      <trkpt lat="25.271663032472133636474609375" lon="110.29152701608836650848388671875">
        <ele>153.8000030517578125</ele>
        <time>2025-11-15T11:17:38.000Z</time>
        <extensions>
          <ns3:TrackPointExtension>
            <ns3:hr>69</ns3:hr>
          </ns3:TrackPointExtension>
        </extensions>
      </trkpt>
      <trkpt lat="25.27167468331754207611083984375" lon="110.2915252558887004852294921875">
        <ele>153.8000030517578125</ele>
        <time>2025-11-15T11:17:39.000Z</time>
        <extensions>
          <ns3:TrackPointExtension>
            <ns3:hr>69</ns3:hr>
          </ns3:TrackPointExtension>
        </extensions>
      </trkpt>
      <trkpt lat="25.2716813050210475921630859375" lon="110.29151947237551212310791015625">
        <ele>154</ele>
        <time>2025-11-15T11:17:40.000Z</time>
        <extensions>
          <ns3:TrackPointExtension>
            <ns3:hr>69</ns3:hr>
          </ns3:TrackPointExtension>
        </extensions>
      </trkpt>
      <trkpt lat="25.27169086039066314697265625" lon="110.29151746071875095367431640625">
        <ele>154</ele>
        <time>2025-11-15T11:17:41.000Z</time>
        <extensions>
          <ns3:TrackPointExtension>
            <ns3:hr>69</ns3:hr>
          </ns3:TrackPointExtension>
        </extensions>
      </trkpt>
      <trkpt lat="25.27170251123607158660888671875" lon="110.29151679016649723052978515625">
        <ele>154</ele>
        <time>2025-11-15T11:17:42.000Z</time>
        <extensions>
          <ns3:TrackPointExtension>
            <ns3:hr>70</ns3:hr>
          </ns3:TrackPointExtension>
        </extensions>
      </trkpt>
      <trkpt lat="25.271711982786655426025390625" lon="110.2915160357952117919921875">
        <ele>154</ele>
        <time>2025-11-15T11:17:43.000Z</time>
        <extensions>
          <ns3:TrackPointExtension>
            <ns3:hr>70</ns3:hr>
          </ns3:TrackPointExtension>
        </extensions>
      </trkpt>
      <trkpt lat="25.2717242203652858734130859375" lon="110.29151804745197296142578125">
        <ele>154</ele>
        <time>2025-11-15T11:17:44.000Z</time>
        <extensions>
          <ns3:TrackPointExtension>
            <ns3:hr>70</ns3:hr>
          </ns3:TrackPointExtension>
        </extensions>
      </trkpt>
      <trkpt lat="25.27173779904842376708984375" lon="110.2915187180042266845703125">
        <ele>153.8000030517578125</ele>
        <time>2025-11-15T11:17:45.000Z</time>
        <extensions>
          <ns3:TrackPointExtension>
            <ns3:hr>70</ns3:hr>
          </ns3:TrackPointExtension>
        </extensions>
      </trkpt>
      <trkpt lat="25.27175045572221279144287109375" lon="110.2915214002132415771484375">
        <ele>154</ele>
        <time>2025-11-15T11:17:46.000Z</time>
        <extensions>
          <ns3:TrackPointExtension>
            <ns3:hr>70</ns3:hr>
          </ns3:TrackPointExtension>
        </extensions>
      </trkpt>
      <trkpt lat="25.27176386676728725433349609375" lon="110.2915227413177490234375">
        <ele>154</ele>
        <time>2025-11-15T11:17:47.000Z</time>
        <extensions>
          <ns3:TrackPointExtension>
            <ns3:hr>70</ns3:hr>
          </ns3:TrackPointExtension>
        </extensions>
      </trkpt>
      <trkpt lat="25.2717771939933300018310546875" lon="110.29152500443160533905029296875">
        <ele>154</ele>
        <time>2025-11-15T11:17:48.000Z</time>
        <extensions>
          <ns3:TrackPointExtension>
            <ns3:hr>69</ns3:hr>
          </ns3:TrackPointExtension>
        </extensions>
      </trkpt>
      <trkpt lat="25.2717849053442478179931640625" lon="110.29152098111808300018310546875">
        <ele>154</ele>
        <time>2025-11-15T11:17:49.000Z</time>
        <extensions>
          <ns3:TrackPointExtension>
            <ns3:hr>69</ns3:hr>
          </ns3:TrackPointExtension>
        </extensions>
      </trkpt>
      <trkpt lat="25.2717952989041805267333984375" lon="110.29151762835681438446044921875">
        <ele>154</ele>
        <time>2025-11-15T11:17:50.000Z</time>
        <extensions>
          <ns3:TrackPointExtension>
            <ns3:hr>69</ns3:hr>
          </ns3:TrackPointExtension>
        </extensions>
      </trkpt>
      <trkpt lat="25.27180896140635013580322265625" lon="110.29151578433811664581298828125">
        <ele>154.1999969482421875</ele>
        <time>2025-11-15T11:17:51.000Z</time>
        <extensions>
          <ns3:TrackPointExtension>
            <ns3:hr>69</ns3:hr>
          </ns3:TrackPointExtension>
        </extensions>
      </trkpt>
      <trkpt lat="25.2718229591846466064453125" lon="110.2915101684629917144775390625">
        <ele>154.1999969482421875</ele>
        <time>2025-11-15T11:17:52.000Z</time>
        <extensions>
          <ns3:TrackPointExtension>
            <ns3:hr>70</ns3:hr>
          </ns3:TrackPointExtension>
        </extensions>
      </trkpt>
      <trkpt lat="25.27183477766811847686767578125" lon="110.29150991700589656829833984375">
        <ele>154</ele>
        <time>2025-11-15T11:17:53.000Z</time>
        <extensions>
          <ns3:TrackPointExtension>
            <ns3:hr>70</ns3:hr>
          </ns3:TrackPointExtension>
        </extensions>
      </trkpt>
      <trkpt lat="25.271846093237400054931640625" lon="110.29150421731173992156982421875">
        <ele>154</ele>
        <time>2025-11-15T11:17:54.000Z</time>
        <extensions>
          <ns3:TrackPointExtension>
            <ns3:hr>70</ns3:hr>
          </ns3:TrackPointExtension>
        </extensions>
      </trkpt>
      <trkpt lat="25.2718593366444110870361328125" lon="110.2914999425411224365234375">
        <ele>154</ele>
        <time>2025-11-15T11:17:55.000Z</time>
        <extensions>
          <ns3:TrackPointExtension>
            <ns3:hr>71</ns3:hr>
          </ns3:TrackPointExtension>
        </extensions>
      </trkpt>
      <trkpt lat="25.271873585879802703857421875" lon="110.29149700887501239776611328125">
        <ele>154</ele>
        <time>2025-11-15T11:17:56.000Z</time>
        <extensions>
          <ns3:TrackPointExtension>
            <ns3:hr>72</ns3:hr>
          </ns3:TrackPointExtension>
        </extensions>
      </trkpt>
      <trkpt lat="25.271886326372623443603515625" lon="110.291496925055980682373046875">
        <ele>154</ele>
        <time>2025-11-15T11:17:57.000Z</time>
        <extensions>
          <ns3:TrackPointExtension>
            <ns3:hr>72</ns3:hr>
          </ns3:TrackPointExtension>
        </extensions>
      </trkpt>
      <trkpt lat="25.2718999050557613372802734375" lon="110.29149700887501239776611328125">
        <ele>154.1999969482421875</ele>
        <time>2025-11-15T11:17:58.000Z</time>
        <extensions>
          <ns3:TrackPointExtension>
            <ns3:hr>72</ns3:hr>
          </ns3:TrackPointExtension>
        </extensions>
      </trkpt>
      <trkpt lat="25.27190987952053546905517578125" lon="110.2915054745972156524658203125">
        <ele>154.1999969482421875</ele>
        <time>2025-11-15T11:17:59.000Z</time>
        <extensions>
          <ns3:TrackPointExtension>
            <ns3:hr>72</ns3:hr>
          </ns3:TrackPointExtension>
        </extensions>
      </trkpt>
      <trkpt lat="25.2719227038323879241943359375" lon="110.2915058098733425140380859375">
        <ele>154.399993896484375</ele>
        <time>2025-11-15T11:18:00.000Z</time>
        <extensions>
          <ns3:TrackPointExtension>
            <ns3:hr>72</ns3:hr>
          </ns3:TrackPointExtension>
        </extensions>
      </trkpt>
      <trkpt lat="25.2719357796013355255126953125" lon="110.29150857590138912200927734375">
        <ele>154.399993896484375</ele>
        <time>2025-11-15T11:18:01.000Z</time>
        <extensions>
          <ns3:TrackPointExtension>
            <ns3:hr>72</ns3:hr>
          </ns3:TrackPointExtension>
        </extensions>
      </trkpt>
      <trkpt lat="25.27194759808480739593505859375" lon="110.291504301130771636962890625">
        <ele>154.399993896484375</ele>
        <time>2025-11-15T11:18:02.000Z</time>
        <extensions>
          <ns3:TrackPointExtension>
            <ns3:hr>72</ns3:hr>
          </ns3:TrackPointExtension>
        </extensions>
      </trkpt>
      <trkpt lat="25.27195866219699382781982421875" lon="110.2915084920823574066162109375">
        <ele>154.399993896484375</ele>
        <time>2025-11-15T11:18:03.000Z</time>
        <extensions>
          <ns3:TrackPointExtension>
            <ns3:hr>73</ns3:hr>
          </ns3:TrackPointExtension>
        </extensions>
      </trkpt>
      <trkpt lat="25.27196821756660938262939453125" lon="110.29151611961424350738525390625">
        <ele>154.1999969482421875</ele>
        <time>2025-11-15T11:18:04.000Z</time>
        <extensions>
          <ns3:TrackPointExtension>
            <ns3:hr>73</ns3:hr>
          </ns3:TrackPointExtension>
        </extensions>
      </trkpt>
      <trkpt lat="25.271976180374622344970703125" lon="110.2915222384035587310791015625">
        <ele>154</ele>
        <time>2025-11-15T11:18:05.000Z</time>
        <extensions>
          <ns3:TrackPointExtension>
            <ns3:hr>73</ns3:hr>
          </ns3:TrackPointExtension>
        </extensions>
      </trkpt>
      <trkpt lat="25.271986909210681915283203125" lon="110.2915232442319393157958984375">
        <ele>154</ele>
        <time>2025-11-15T11:18:06.000Z</time>
        <extensions>
          <ns3:TrackPointExtension>
            <ns3:hr>72</ns3:hr>
          </ns3:TrackPointExtension>
        </extensions>
      </trkpt>
      <trkpt lat="25.2719984762370586395263671875" lon="110.291519723832607269287109375">
        <ele>154</ele>
        <time>2025-11-15T11:18:07.000Z</time>
        <extensions>
          <ns3:TrackPointExtension>
            <ns3:hr>73</ns3:hr>
          </ns3:TrackPointExtension>
        </extensions>
      </trkpt>
      <trkpt lat="25.2720125578343868255615234375" lon="110.2915232442319393157958984375">
        <ele>154</ele>
        <time>2025-11-15T11:18:08.000Z</time>
        <extensions>
          <ns3:TrackPointExtension>
            <ns3:hr>73</ns3:hr>
          </ns3:TrackPointExtension>
        </extensions>
      </trkpt>
      <trkpt lat="25.27202219702303409576416015625" lon="110.29153137467801570892333984375">
        <ele>154</ele>
        <time>2025-11-15T11:18:09.000Z</time>
        <extensions>
          <ns3:TrackPointExtension>
            <ns3:hr>72</ns3:hr>
          </ns3:TrackPointExtension>
        </extensions>
      </trkpt>
      <trkpt lat="25.2720321714878082275390625" lon="110.2915416844189167022705078125">
        <ele>154</ele>
        <time>2025-11-15T11:18:10.000Z</time>
        <extensions>
          <ns3:TrackPointExtension>
            <ns3:hr>72</ns3:hr>
          </ns3:TrackPointExtension>
        </extensions>
      </trkpt>
      <trkpt lat="25.27204114012420177459716796875" lon="110.29154755175113677978515625">
        <ele>154</ele>
        <time>2025-11-15T11:18:11.000Z</time>
        <extensions>
          <ns3:TrackPointExtension>
            <ns3:hr>72</ns3:hr>
          </ns3:TrackPointExtension>
        </extensions>
      </trkpt>
      <trkpt lat="25.272052288055419921875" lon="110.29155182652175426483154296875">
        <ele>154</ele>
        <time>2025-11-15T11:18:12.000Z</time>
        <extensions>
          <ns3:TrackPointExtension>
            <ns3:hr>72</ns3:hr>
          </ns3:TrackPointExtension>
        </extensions>
      </trkpt>
      <trkpt lat="25.27206360362470149993896484375" lon="110.29155517928302288055419921875">
        <ele>154</ele>
        <time>2025-11-15T11:18:13.000Z</time>
        <extensions>
          <ns3:TrackPointExtension>
            <ns3:hr>71</ns3:hr>
          </ns3:TrackPointExtension>
        </extensions>
      </trkpt>
      <trkpt lat="25.27207600884139537811279296875" lon="110.29155735857784748077392578125">
        <ele>154</ele>
        <time>2025-11-15T11:18:14.000Z</time>
        <extensions>
          <ns3:TrackPointExtension>
            <ns3:hr>70</ns3:hr>
          </ns3:TrackPointExtension>
        </extensions>
      </trkpt>
      <trkpt lat="25.272085480391979217529296875" lon="110.29155425727367401123046875">
        <ele>154</ele>
        <time>2025-11-15T11:18:15.000Z</time>
        <extensions>
          <ns3:TrackPointExtension>
            <ns3:hr>68</ns3:hr>
          </ns3:TrackPointExtension>
        </extensions>
      </trkpt>
      <trkpt lat="25.2720965445041656494140625" lon="110.2915520779788494110107421875">
        <ele>154</ele>
        <time>2025-11-15T11:18:16.000Z</time>
        <extensions>
          <ns3:TrackPointExtension>
            <ns3:hr>67</ns3:hr>
          </ns3:TrackPointExtension>
        </extensions>
      </trkpt>
      <trkpt lat="25.2721084468066692352294921875" lon="110.2915510721504688262939453125">
        <ele>154</ele>
        <time>2025-11-15T11:18:17.000Z</time>
        <extensions>
          <ns3:TrackPointExtension>
            <ns3:hr>67</ns3:hr>
          </ns3:TrackPointExtension>
        </extensions>
      </trkpt>
      <trkpt lat="25.272121690213680267333984375" lon="110.291553921997547149658203125">
        <ele>154</ele>
        <time>2025-11-15T11:18:18.000Z</time>
        <extensions>
          <ns3:TrackPointExtension>
            <ns3:hr>67</ns3:hr>
          </ns3:TrackPointExtension>
        </extensions>
      </trkpt>
      <trkpt lat="25.27213501743972301483154296875" lon="110.29155693948268890380859375">
        <ele>154</ele>
        <time>2025-11-15T11:18:19.000Z</time>
        <extensions>
          <ns3:TrackPointExtension>
            <ns3:hr>66</ns3:hr>
          </ns3:TrackPointExtension>
        </extensions>
      </trkpt>
      <trkpt lat="25.27214624918997287750244140625" lon="110.291562639176845550537109375">
        <ele>154</ele>
        <time>2025-11-15T11:18:20.000Z</time>
        <extensions>
          <ns3:TrackPointExtension>
            <ns3:hr>66</ns3:hr>
          </ns3:TrackPointExtension>
        </extensions>
      </trkpt>
      <trkpt lat="25.27215697802603244781494140625" lon="110.29156909324228763580322265625">
        <ele>153.8000030517578125</ele>
        <time>2025-11-15T11:18:21.000Z</time>
        <extensions>
          <ns3:TrackPointExtension>
            <ns3:hr>65</ns3:hr>
          </ns3:TrackPointExtension>
        </extensions>
      </trkpt>
      <trkpt lat="25.27216854505240917205810546875" lon="110.29157378710806369781494140625">
        <ele>153.8000030517578125</ele>
        <time>2025-11-15T11:18:22.000Z</time>
        <extensions>
          <ns3:TrackPointExtension>
            <ns3:hr>65</ns3:hr>
          </ns3:TrackPointExtension>
        </extensions>
      </trkpt>
      <trkpt lat="25.27218178845942020416259765625" lon="110.29158107936382293701171875">
        <ele>153.8000030517578125</ele>
        <time>2025-11-15T11:18:23.000Z</time>
        <extensions>
          <ns3:TrackPointExtension>
            <ns3:hr>65</ns3:hr>
          </ns3:TrackPointExtension>
        </extensions>
      </trkpt>
      <trkpt lat="25.272194780409336090087890625" lon="110.2915839292109012603759765625">
        <ele>153.8000030517578125</ele>
        <time>2025-11-15T11:18:24.000Z</time>
        <extensions>
          <ns3:TrackPointExtension>
            <ns3:hr>66</ns3:hr>
          </ns3:TrackPointExtension>
        </extensions>
      </trkpt>
      <trkpt lat="25.27220726944506168365478515625" lon="110.29158602468669414520263671875">
        <ele>153.8000030517578125</ele>
        <time>2025-11-15T11:18:25.000Z</time>
        <extensions>
          <ns3:TrackPointExtension>
            <ns3:hr>66</ns3:hr>
          </ns3:TrackPointExtension>
        </extensions>
      </trkpt>
      <trkpt lat="25.2722180821001529693603515625" lon="110.29158803634345531463623046875">
        <ele>153.8000030517578125</ele>
        <time>2025-11-15T11:18:26.000Z</time>
        <extensions>
          <ns3:TrackPointExtension>
            <ns3:hr>66</ns3:hr>
          </ns3:TrackPointExtension>
        </extensions>
      </trkpt>
      <trkpt lat="25.27223073877394199371337890625" lon="110.2915866114199161529541015625">
        <ele>153.8000030517578125</ele>
        <time>2025-11-15T11:18:27.000Z</time>
        <extensions>
          <ns3:TrackPointExtension>
            <ns3:hr>66</ns3:hr>
          </ns3:TrackPointExtension>
        </extensions>
      </trkpt>
      <trkpt lat="25.27224096469581127166748046875" lon="110.29158384539186954498291015625">
        <ele>153.8000030517578125</ele>
        <time>2025-11-15T11:18:28.000Z</time>
        <extensions>
          <ns3:TrackPointExtension>
            <ns3:hr>67</ns3:hr>
          </ns3:TrackPointExtension>
        </extensions>
      </trkpt>
      <trkpt lat="25.2722512744367122650146484375" lon="110.291584432125091552734375">
        <ele>153.8000030517578125</ele>
        <time>2025-11-15T11:18:29.000Z</time>
        <extensions>
          <ns3:TrackPointExtension>
            <ns3:hr>67</ns3:hr>
          </ns3:TrackPointExtension>
        </extensions>
      </trkpt>
      <trkpt lat="25.27225873433053493499755859375" lon="110.29158870689570903778076171875">
        <ele>153.8000030517578125</ele>
        <time>2025-11-15T11:18:30.000Z</time>
        <extensions>
          <ns3:TrackPointExtension>
            <ns3:hr>67</ns3:hr>
          </ns3:TrackPointExtension>
        </extensions>
      </trkpt>
      <trkpt lat="25.2722682058811187744140625" lon="110.29159273020923137664794921875">
        <ele>153.8000030517578125</ele>
        <time>2025-11-15T11:18:31.000Z</time>
        <extensions>
          <ns3:TrackPointExtension>
            <ns3:hr>67</ns3:hr>
          </ns3:TrackPointExtension>
        </extensions>
      </trkpt>
      <trkpt lat="25.272281281650066375732421875" lon="110.2916010282933712005615234375">
        <ele>153.8000030517578125</ele>
        <time>2025-11-15T11:18:32.000Z</time>
        <extensions>
          <ns3:TrackPointExtension>
            <ns3:hr>68</ns3:hr>
          </ns3:TrackPointExtension>
        </extensions>
      </trkpt>
      <trkpt lat="25.272286646068096160888671875" lon="110.29161619953811168670654296875">
        <ele>153.8000030517578125</ele>
        <time>2025-11-15T11:18:33.000Z</time>
        <extensions>
          <ns3:TrackPointExtension>
            <ns3:hr>67</ns3:hr>
          </ns3:TrackPointExtension>
        </extensions>
      </trkpt>
      <trkpt lat="25.27228471823036670684814453125" lon="110.29163430444896221160888671875">
        <ele>153.8000030517578125</ele>
        <time>2025-11-15T11:18:34.000Z</time>
        <extensions>
          <ns3:TrackPointExtension>
            <ns3:hr>67</ns3:hr>
          </ns3:TrackPointExtension>
        </extensions>
      </trkpt>
      <trkpt lat="25.2722794376313686370849609375" lon="110.29165073297917842864990234375">
        <ele>153.8000030517578125</ele>
        <time>2025-11-15T11:18:35.000Z</time>
        <extensions>
          <ns3:TrackPointExtension>
            <ns3:hr>68</ns3:hr>
          </ns3:TrackPointExtension>
        </extensions>
      </trkpt>
      <trkpt lat="25.2722794376313686370849609375" lon="110.2916640602052211761474609375">
        <ele>153.8000030517578125</ele>
        <time>2025-11-15T11:18:36.000Z</time>
        <extensions>
          <ns3:TrackPointExtension>
            <ns3:hr>67</ns3:hr>
          </ns3:TrackPointExtension>
        </extensions>
      </trkpt>
      <trkpt lat="25.27227935381233692169189453125" lon="110.29167897999286651611328125">
        <ele>154</ele>
        <time>2025-11-15T11:18:37.000Z</time>
        <extensions>
          <ns3:TrackPointExtension>
            <ns3:hr>67</ns3:hr>
          </ns3:TrackPointExtension>
        </extensions>
      </trkpt>
      <trkpt lat="25.2722770906984806060791015625" lon="110.29169507324695587158203125">
        <ele>154</ele>
        <time>2025-11-15T11:18:38.000Z</time>
        <extensions>
          <ns3:TrackPointExtension>
            <ns3:hr>68</ns3:hr>
          </ns3:TrackPointExtension>
        </extensions>
      </trkpt>
      <trkpt lat="25.27227784506976604461669921875" lon="110.2917083166539669036865234375">
        <ele>154.1999969482421875</ele>
        <time>2025-11-15T11:18:39.000Z</time>
        <extensions>
          <ns3:TrackPointExtension>
            <ns3:hr>68</ns3:hr>
          </ns3:TrackPointExtension>
        </extensions>
      </trkpt>
      <trkpt lat="25.27227851562201976776123046875" lon="110.29172231443226337432861328125">
        <ele>154.1999969482421875</ele>
        <time>2025-11-15T11:18:40.000Z</time>
        <extensions>
          <ns3:TrackPointExtension>
            <ns3:hr>68</ns3:hr>
          </ns3:TrackPointExtension>
        </extensions>
      </trkpt>
      <trkpt lat="25.2722794376313686370849609375" lon="110.29173354618251323699951171875">
        <ele>154.1999969482421875</ele>
        <time>2025-11-15T11:18:41.000Z</time>
        <extensions>
          <ns3:TrackPointExtension>
            <ns3:hr>68</ns3:hr>
          </ns3:TrackPointExtension>
        </extensions>
      </trkpt>
      <trkpt lat="25.27228094637393951416015625" lon="110.29174393974244594573974609375">
        <ele>154.1999969482421875</ele>
        <time>2025-11-15T11:18:42.000Z</time>
        <extensions>
          <ns3:TrackPointExtension>
            <ns3:hr>68</ns3:hr>
          </ns3:TrackPointExtension>
        </extensions>
      </trkpt>
      <trkpt lat="25.272284634411334991455078125" lon="110.29175517149269580841064453125">
        <ele>154.1999969482421875</ele>
        <time>2025-11-15T11:18:43.000Z</time>
        <extensions>
          <ns3:TrackPointExtension>
            <ns3:hr>68</ns3:hr>
          </ns3:TrackPointExtension>
        </extensions>
      </trkpt>
      <trkpt lat="25.2722854726016521453857421875" lon="110.29176439158618450164794921875">
        <ele>154.1999969482421875</ele>
        <time>2025-11-15T11:18:44.000Z</time>
        <extensions>
          <ns3:TrackPointExtension>
            <ns3:hr>68</ns3:hr>
          </ns3:TrackPointExtension>
        </extensions>
      </trkpt>
      <trkpt lat="25.27228555642068386077880859375" lon="110.29177394695580005645751953125">
        <ele>154.1999969482421875</ele>
        <time>2025-11-15T11:18:45.000Z</time>
        <extensions>
          <ns3:TrackPointExtension>
            <ns3:hr>68</ns3:hr>
          </ns3:TrackPointExtension>
        </extensions>
      </trkpt>
      <trkpt lat="25.272287316620349884033203125" lon="110.29178383760154247283935546875">
        <ele>154</ele>
        <time>2025-11-15T11:18:46.000Z</time>
        <extensions>
          <ns3:TrackPointExtension>
            <ns3:hr>68</ns3:hr>
          </ns3:TrackPointExtension>
        </extensions>
      </trkpt>
      <trkpt lat="25.2722911722958087921142578125" lon="110.291795320808887481689453125">
        <ele>154</ele>
        <time>2025-11-15T11:18:47.000Z</time>
        <extensions>
          <ns3:TrackPointExtension>
            <ns3:hr>68</ns3:hr>
          </ns3:TrackPointExtension>
        </extensions>
      </trkpt>
      <trkpt lat="25.27229561470448970794677734375" lon="110.29180697165429592132568359375">
        <ele>153.8000030517578125</ele>
        <time>2025-11-15T11:18:48.000Z</time>
        <extensions>
          <ns3:TrackPointExtension>
            <ns3:hr>69</ns3:hr>
          </ns3:TrackPointExtension>
        </extensions>
      </trkpt>
      <trkpt lat="25.2722982130944728851318359375" lon="110.2918189577758312225341796875">
        <ele>153.8000030517578125</ele>
        <time>2025-11-15T11:18:49.000Z</time>
        <extensions>
          <ns3:TrackPointExtension>
            <ns3:hr>68</ns3:hr>
          </ns3:TrackPointExtension>
        </extensions>
      </trkpt>
      <trkpt lat="25.27230064384639263153076171875" lon="110.29183010570704936981201171875">
        <ele>153.8000030517578125</ele>
        <time>2025-11-15T11:18:50.000Z</time>
        <extensions>
          <ns3:TrackPointExtension>
            <ns3:hr>68</ns3:hr>
          </ns3:TrackPointExtension>
        </extensions>
      </trkpt>
      <trkpt lat="25.272299386560916900634765625" lon="110.29184334911406040191650390625">
        <ele>153.8000030517578125</ele>
        <time>2025-11-15T11:18:51.000Z</time>
        <extensions>
          <ns3:TrackPointExtension>
            <ns3:hr>69</ns3:hr>
          </ns3:TrackPointExtension>
        </extensions>
      </trkpt>
      <trkpt lat="25.27229611761868000030517578125" lon="110.291857682168483734130859375">
        <ele>154</ele>
        <time>2025-11-15T11:18:52.000Z</time>
        <extensions>
          <ns3:TrackPointExtension>
            <ns3:hr>68</ns3:hr>
          </ns3:TrackPointExtension>
        </extensions>
      </trkpt>
      <trkpt lat="25.27229192666709423065185546875" lon="110.29187075793743133544921875">
        <ele>154</ele>
        <time>2025-11-15T11:18:53.000Z</time>
        <extensions>
          <ns3:TrackPointExtension>
            <ns3:hr>68</ns3:hr>
          </ns3:TrackPointExtension>
        </extensions>
      </trkpt>
      <trkpt lat="25.2722925134003162384033203125" lon="110.29187737964093685150146484375">
        <ele>154</ele>
        <time>2025-11-15T11:18:54.000Z</time>
        <extensions>
          <ns3:TrackPointExtension>
            <ns3:hr>68</ns3:hr>
          </ns3:TrackPointExtension>
        </extensions>
      </trkpt>
      <trkpt lat="25.2722894959151744842529296875" lon="110.29187955893576145172119140625">
        <ele>154</ele>
        <time>2025-11-15T11:18:55.000Z</time>
        <extensions>
          <ns3:TrackPointExtension>
            <ns3:hr>68</ns3:hr>
          </ns3:TrackPointExtension>
        </extensions>
      </trkpt>
      <trkpt lat="25.27228639461100101470947265625" lon="110.29188307933509349822998046875">
        <ele>154</ele>
        <time>2025-11-15T11:18:56.000Z</time>
        <extensions>
          <ns3:TrackPointExtension>
            <ns3:hr>69</ns3:hr>
          </ns3:TrackPointExtension>
        </extensions>
      </trkpt>
      <trkpt lat="25.27228103019297122955322265625" lon="110.29189079068601131439208984375">
        <ele>154</ele>
        <time>2025-11-15T11:18:57.000Z</time>
        <extensions>
          <ns3:TrackPointExtension>
            <ns3:hr>68</ns3:hr>
          </ns3:TrackPointExtension>
        </extensions>
      </trkpt>
      <trkpt lat="25.27227650396525859832763671875" lon="110.2918960712850093841552734375">
        <ele>154</ele>
        <time>2025-11-15T11:18:58.000Z</time>
        <extensions>
          <ns3:TrackPointExtension>
            <ns3:hr>68</ns3:hr>
          </ns3:TrackPointExtension>
        </extensions>
      </trkpt>
      <trkpt lat="25.27226845733821392059326171875" lon="110.2919017709791660308837890625">
        <ele>154</ele>
        <time>2025-11-15T11:18:59.000Z</time>
        <extensions>
          <ns3:TrackPointExtension>
            <ns3:hr>68</ns3:hr>
          </ns3:TrackPointExtension>
        </extensions>
      </trkpt>
      <trkpt lat="25.272260494530200958251953125" lon="110.29190805740654468536376953125">
        <ele>154</ele>
        <time>2025-11-15T11:19:00.000Z</time>
        <extensions>
          <ns3:TrackPointExtension>
            <ns3:hr>68</ns3:hr>
          </ns3:TrackPointExtension>
        </extensions>
      </trkpt>
      <trkpt lat="25.27225052006542682647705078125" lon="110.29191493056714534759521484375">
        <ele>154</ele>
        <time>2025-11-15T11:19:01.000Z</time>
        <extensions>
          <ns3:TrackPointExtension>
            <ns3:hr>69</ns3:hr>
          </ns3:TrackPointExtension>
        </extensions>
      </trkpt>
      <trkpt lat="25.2722415514290332794189453125" lon="110.29192331247031688690185546875">
        <ele>153.8000030517578125</ele>
        <time>2025-11-15T11:19:02.000Z</time>
        <extensions>
          <ns3:TrackPointExtension>
            <ns3:hr>68</ns3:hr>
          </ns3:TrackPointExtension>
        </extensions>
      </trkpt>
      <trkpt lat="25.27223174460232257843017578125" lon="110.2919302694499492645263671875">
        <ele>153.8000030517578125</ele>
        <time>2025-11-15T11:19:03.000Z</time>
        <extensions>
          <ns3:TrackPointExtension>
            <ns3:hr>68</ns3:hr>
          </ns3:TrackPointExtension>
        </extensions>
      </trkpt>
      <trkpt lat="25.27222822420299053192138671875" lon="110.29193957336246967315673828125">
        <ele>153.8000030517578125</ele>
        <time>2025-11-15T11:19:04.000Z</time>
        <extensions>
          <ns3:TrackPointExtension>
            <ns3:hr>69</ns3:hr>
          </ns3:TrackPointExtension>
        </extensions>
      </trkpt>
      <trkpt lat="25.27222403325140476226806640625" lon="110.2919487096369266510009765625">
        <ele>153.8000030517578125</ele>
        <time>2025-11-15T11:19:05.000Z</time>
        <extensions>
          <ns3:TrackPointExtension>
            <ns3:hr>68</ns3:hr>
          </ns3:TrackPointExtension>
        </extensions>
      </trkpt>
      <trkpt lat="25.27222068049013614654541015625" lon="110.2919554151594638824462890625">
        <ele>153.8000030517578125</ele>
        <time>2025-11-15T11:19:06.000Z</time>
        <extensions>
          <ns3:TrackPointExtension>
            <ns3:hr>68</ns3:hr>
          </ns3:TrackPointExtension>
        </extensions>
      </trkpt>
      <trkpt lat="25.272211544215679168701171875" lon="110.29196505434811115264892578125">
        <ele>153.8000030517578125</ele>
        <time>2025-11-15T11:19:07.000Z</time>
        <extensions>
          <ns3:TrackPointExtension>
            <ns3:hr>67</ns3:hr>
          </ns3:TrackPointExtension>
        </extensions>
      </trkpt>
      <trkpt lat="25.272202156484127044677734375" lon="110.29196974821388721466064453125">
        <ele>153.8000030517578125</ele>
        <time>2025-11-15T11:19:08.000Z</time>
        <extensions>
          <ns3:TrackPointExtension>
            <ns3:hr>67</ns3:hr>
          </ns3:TrackPointExtension>
        </extensions>
      </trkpt>
      <trkpt lat="25.2721904218196868896484375" lon="110.2919658087193965911865234375">
        <ele>153.600006103515625</ele>
        <time>2025-11-15T11:19:09.000Z</time>
        <extensions>
          <ns3:TrackPointExtension>
            <ns3:hr>66</ns3:hr>
          </ns3:TrackPointExtension>
        </extensions>
      </trkpt>
      <trkpt lat="25.27218212373554706573486328125" lon="110.29195725917816162109375">
        <ele>153.600006103515625</ele>
        <time>2025-11-15T11:19:10.000Z</time>
        <extensions>
          <ns3:TrackPointExtension>
            <ns3:hr>66</ns3:hr>
          </ns3:TrackPointExtension>
        </extensions>
      </trkpt>
      <trkpt lat="25.27217374183237552642822265625" lon="110.29195516370236873626708984375">
        <ele>153.600006103515625</ele>
        <time>2025-11-15T11:19:11.000Z</time>
        <extensions>
          <ns3:TrackPointExtension>
            <ns3:hr>66</ns3:hr>
          </ns3:TrackPointExtension>
        </extensions>
      </trkpt>
      <trkpt lat="25.2721681259572505950927734375" lon="110.291956253349781036376953125">
        <ele>153.8000030517578125</ele>
        <time>2025-11-15T11:19:12.000Z</time>
        <extensions>
          <ns3:TrackPointExtension>
            <ns3:hr>66</ns3:hr>
          </ns3:TrackPointExtension>
        </extensions>
      </trkpt>
      <trkpt lat="25.2721627615392208099365234375" lon="110.29196086339652538299560546875">
        <ele>153.8000030517578125</ele>
        <time>2025-11-15T11:19:13.000Z</time>
        <extensions>
          <ns3:TrackPointExtension>
            <ns3:hr>66</ns3:hr>
          </ns3:TrackPointExtension>
        </extensions>
      </trkpt>
      <trkpt lat="25.27216133661568164825439453125" lon="110.29196337796747684478759765625">
        <ele>154</ele>
        <time>2025-11-15T11:19:14.000Z</time>
        <extensions>
          <ns3:TrackPointExtension>
            <ns3:hr>66</ns3:hr>
          </ns3:TrackPointExtension>
        </extensions>
      </trkpt>
      <trkpt lat="25.27216267772018909454345703125" lon="110.2919658087193965911865234375">
        <ele>154.1999969482421875</ele>
        <time>2025-11-15T11:19:15.000Z</time>
        <extensions>
          <ns3:TrackPointExtension>
            <ns3:hr>65</ns3:hr>
          </ns3:TrackPointExtension>
        </extensions>
      </trkpt>
      <trkpt lat="25.27216267772018909454345703125" lon="110.2919658087193965911865234375">
        <ele>154.1999969482421875</ele>
        <time>2025-11-15T11:19:16.000Z</time>
        <extensions>
          <ns3:TrackPointExtension>
            <ns3:hr>66</ns3:hr>
          </ns3:TrackPointExtension>
        </extensions>
      </trkpt>
      <trkpt lat="25.27216267772018909454345703125" lon="110.2919658087193965911865234375">
        <ele>154.1999969482421875</ele>
        <time>2025-11-15T11:19:17.000Z</time>
        <extensions>
          <ns3:TrackPointExtension>
            <ns3:hr>66</ns3:hr>
          </ns3:TrackPointExtension>
        </extensions>
      </trkpt>
      <trkpt lat="25.27216267772018909454345703125" lon="110.2919658087193965911865234375">
        <ele>154.1999969482421875</ele>
        <time>2025-11-15T11:19:18.000Z</time>
        <extensions>
          <ns3:TrackPointExtension>
            <ns3:hr>65</ns3:hr>
          </ns3:TrackPointExtension>
        </extensions>
      </trkpt>
      <trkpt lat="25.27216267772018909454345703125" lon="110.2919658087193965911865234375">
        <ele>154.1999969482421875</ele>
        <time>2025-11-15T11:19:19.000Z</time>
        <extensions>
          <ns3:TrackPointExtension>
            <ns3:hr>65</ns3:hr>
          </ns3:TrackPointExtension>
        </extensions>
      </trkpt>
      <trkpt lat="25.27216267772018909454345703125" lon="110.2919658087193965911865234375">
        <ele>154.1999969482421875</ele>
        <time>2025-11-15T11:19:20.000Z</time>
        <extensions>
          <ns3:TrackPointExtension>
            <ns3:hr>65</ns3:hr>
          </ns3:TrackPointExtension>
        </extensions>
      </trkpt>
      <trkpt lat="25.27216267772018909454345703125" lon="110.2919658087193965911865234375">
        <ele>154</ele>
        <time>2025-11-15T11:19:21.000Z</time>
        <extensions>
          <ns3:TrackPointExtension>
            <ns3:hr>65</ns3:hr>
          </ns3:TrackPointExtension>
        </extensions>
      </trkpt>
      <trkpt lat="25.27216267772018909454345703125" lon="110.2919658087193965911865234375">
        <ele>154</ele>
        <time>2025-11-15T11:19:22.000Z</time>
        <extensions>
          <ns3:TrackPointExtension>
            <ns3:hr>63</ns3:hr>
          </ns3:TrackPointExtension>
        </extensions>
      </trkpt>
      <trkpt lat="25.2721634320914745330810546875" lon="110.29196555726230144500732421875">
        <ele>154</ele>
        <time>2025-11-15T11:19:23.000Z</time>
        <extensions>
          <ns3:TrackPointExtension>
            <ns3:hr>61</ns3:hr>
          </ns3:TrackPointExtension>
        </extensions>
      </trkpt>
      <trkpt lat="25.272172987461090087890625" lon="110.29197058640420436859130859375">
        <ele>154</ele>
        <time>2025-11-15T11:19:24.000Z</time>
        <extensions>
          <ns3:TrackPointExtension>
            <ns3:hr>60</ns3:hr>
          </ns3:TrackPointExtension>
        </extensions>
      </trkpt>
      <trkpt lat="25.27218447066843509674072265625" lon="110.29197142459452152252197265625">
        <ele>154</ele>
        <time>2025-11-15T11:19:25.000Z</time>
        <extensions>
          <ns3:TrackPointExtension>
            <ns3:hr>60</ns3:hr>
          </ns3:TrackPointExtension>
        </extensions>
      </trkpt>
      <trkpt lat="25.2721936069428920745849609375" lon="110.2919773757457733154296875">
        <ele>153.8000030517578125</ele>
        <time>2025-11-15T11:19:26.000Z</time>
        <extensions>
          <ns3:TrackPointExtension>
            <ns3:hr>60</ns3:hr>
          </ns3:TrackPointExtension>
        </extensions>
      </trkpt>
      <trkpt lat="25.27220156975090503692626953125" lon="110.2919854223728179931640625">
        <ele>153.600006103515625</ele>
        <time>2025-11-15T11:19:27.000Z</time>
        <extensions>
          <ns3:TrackPointExtension>
            <ns3:hr>60</ns3:hr>
          </ns3:TrackPointExtension>
        </extensions>
      </trkpt>
      <trkpt lat="25.27221095748245716094970703125" lon="110.29199657030403614044189453125">
        <ele>153.600006103515625</ele>
        <time>2025-11-15T11:19:28.000Z</time>
        <extensions>
          <ns3:TrackPointExtension>
            <ns3:hr>60</ns3:hr>
          </ns3:TrackPointExtension>
        </extensions>
      </trkpt>
      <trkpt lat="25.27221598662436008453369140625" lon="110.2920040301978588104248046875">
        <ele>153.600006103515625</ele>
        <time>2025-11-15T11:19:29.000Z</time>
        <extensions>
          <ns3:TrackPointExtension>
            <ns3:hr>60</ns3:hr>
          </ns3:TrackPointExtension>
        </extensions>
      </trkpt>
      <trkpt lat="25.27222336269915103912353515625" lon="110.2920093946158885955810546875">
        <ele>153.600006103515625</ele>
        <time>2025-11-15T11:19:30.000Z</time>
        <extensions>
          <ns3:TrackPointExtension>
            <ns3:hr>59</ns3:hr>
          </ns3:TrackPointExtension>
        </extensions>
      </trkpt>
      <trkpt lat="25.2722338400781154632568359375" lon="110.292018949985504150390625">
        <ele>153.600006103515625</ele>
        <time>2025-11-15T11:19:31.000Z</time>
        <extensions>
          <ns3:TrackPointExtension>
            <ns3:hr>59</ns3:hr>
          </ns3:TrackPointExtension>
        </extensions>
      </trkpt>
      <trkpt lat="25.2722440659999847412109375" lon="110.292023979127407073974609375">
        <ele>153.600006103515625</ele>
        <time>2025-11-15T11:19:32.000Z</time>
        <extensions>
          <ns3:TrackPointExtension>
            <ns3:hr>59</ns3:hr>
          </ns3:TrackPointExtension>
        </extensions>
      </trkpt>
      <trkpt lat="25.27225521393120288848876953125" lon="110.292026996612548828125">
        <ele>153.600006103515625</ele>
        <time>2025-11-15T11:19:33.000Z</time>
        <extensions>
          <ns3:TrackPointExtension>
            <ns3:hr>59</ns3:hr>
          </ns3:TrackPointExtension>
        </extensions>
      </trkpt>
      <trkpt lat="25.27226694859564304351806640625" lon="110.29202557168900966644287109375">
        <ele>153.600006103515625</ele>
        <time>2025-11-15T11:19:34.000Z</time>
        <extensions>
          <ns3:TrackPointExtension>
            <ns3:hr>60</ns3:hr>
          </ns3:TrackPointExtension>
        </extensions>
      </trkpt>
      <trkpt lat="25.27227801270782947540283203125" lon="110.2920224703848361968994140625">
        <ele>153.600006103515625</ele>
        <time>2025-11-15T11:19:35.000Z</time>
        <extensions>
          <ns3:TrackPointExtension>
            <ns3:hr>58</ns3:hr>
          </ns3:TrackPointExtension>
        </extensions>
      </trkpt>
      <trkpt lat="25.27228790335357189178466796875" lon="110.29201987199485301971435546875">
        <ele>153.600006103515625</ele>
        <time>2025-11-15T11:19:36.000Z</time>
        <extensions>
          <ns3:TrackPointExtension>
            <ns3:hr>57</ns3:hr>
          </ns3:TrackPointExtension>
        </extensions>
      </trkpt>
      <trkpt lat="25.2722972072660923004150390625" lon="110.29202071018517017364501953125">
        <ele>153.600006103515625</ele>
        <time>2025-11-15T11:19:37.000Z</time>
        <extensions>
          <ns3:TrackPointExtension>
            <ns3:hr>57</ns3:hr>
          </ns3:TrackPointExtension>
        </extensions>
      </trkpt>
      <trkpt lat="25.2723049186170101165771484375" lon="110.29201970435678958892822265625">
        <ele>153.600006103515625</ele>
        <time>2025-11-15T11:19:38.000Z</time>
        <extensions>
          <ns3:TrackPointExtension>
            <ns3:hr>58</ns3:hr>
          </ns3:TrackPointExtension>
        </extensions>
      </trkpt>
      <trkpt lat="25.27231179177761077880859375" lon="110.2920197881758213043212890625">
        <ele>153.600006103515625</ele>
        <time>2025-11-15T11:19:39.000Z</time>
        <extensions>
          <ns3:TrackPointExtension>
            <ns3:hr>59</ns3:hr>
          </ns3:TrackPointExtension>
        </extensions>
      </trkpt>
      <trkpt lat="25.2723186649382114410400390625" lon="110.2920207940042018890380859375">
        <ele>153.600006103515625</ele>
        <time>2025-11-15T11:19:40.000Z</time>
        <extensions>
          <ns3:TrackPointExtension>
            <ns3:hr>58</ns3:hr>
          </ns3:TrackPointExtension>
        </extensions>
      </trkpt>
      <trkpt lat="25.2723300643265247344970703125" lon="110.29202163219451904296875">
        <ele>153.600006103515625</ele>
        <time>2025-11-15T11:19:41.000Z</time>
        <extensions>
          <ns3:TrackPointExtension>
            <ns3:hr>58</ns3:hr>
          </ns3:TrackPointExtension>
        </extensions>
      </trkpt>
      <trkpt lat="25.272342301905155181884765625" lon="110.2920278348028659820556640625">
        <ele>153.600006103515625</ele>
        <time>2025-11-15T11:19:42.000Z</time>
        <extensions>
          <ns3:TrackPointExtension>
            <ns3:hr>57</ns3:hr>
          </ns3:TrackPointExtension>
        </extensions>
      </trkpt>
      <trkpt lat="25.272356383502483367919921875" lon="110.29203395359218120574951171875">
        <ele>153.600006103515625</ele>
        <time>2025-11-15T11:19:43.000Z</time>
        <extensions>
          <ns3:TrackPointExtension>
            <ns3:hr>57</ns3:hr>
          </ns3:TrackPointExtension>
        </extensions>
      </trkpt>
      <trkpt lat="25.2723716385662555694580078125" lon="110.29204300604760646820068359375">
        <ele>153.600006103515625</ele>
        <time>2025-11-15T11:19:44.000Z</time>
        <extensions>
          <ns3:TrackPointExtension>
            <ns3:hr>57</ns3:hr>
          </ns3:TrackPointExtension>
        </extensions>
      </trkpt>
      <trkpt lat="25.2723816968500614166259765625" lon="110.2920509688556194305419921875">
        <ele>153.600006103515625</ele>
        <time>2025-11-15T11:19:45.000Z</time>
        <extensions>
          <ns3:TrackPointExtension>
            <ns3:hr>56</ns3:hr>
          </ns3:TrackPointExtension>
        </extensions>
      </trkpt>
      <trkpt lat="25.27238898910582065582275390625" lon="110.29205624945461750030517578125">
        <ele>153.600006103515625</ele>
        <time>2025-11-15T11:19:46.000Z</time>
        <extensions>
          <ns3:TrackPointExtension>
            <ns3:hr>56</ns3:hr>
          </ns3:TrackPointExtension>
        </extensions>
      </trkpt>
      <trkpt lat="25.2723961137235164642333984375" lon="110.29206312261521816253662109375">
        <ele>153.8000030517578125</ele>
        <time>2025-11-15T11:19:47.000Z</time>
        <extensions>
          <ns3:TrackPointExtension>
            <ns3:hr>56</ns3:hr>
          </ns3:TrackPointExtension>
        </extensions>
      </trkpt>
      <trkpt lat="25.2724051661789417266845703125" lon="110.29207016341388225555419921875">
        <ele>153.8000030517578125</ele>
        <time>2025-11-15T11:19:48.000Z</time>
        <extensions>
          <ns3:TrackPointExtension>
            <ns3:hr>56</ns3:hr>
          </ns3:TrackPointExtension>
        </extensions>
      </trkpt>
      <trkpt lat="25.27241832576692104339599609375" lon="110.2920777909457683563232421875">
        <ele>153.8000030517578125</ele>
        <time>2025-11-15T11:19:49.000Z</time>
        <extensions>
          <ns3:TrackPointExtension>
            <ns3:hr>56</ns3:hr>
          </ns3:TrackPointExtension>
        </extensions>
      </trkpt>
      <trkpt lat="25.27242989279329776763916015625" lon="110.29208692722022533416748046875">
        <ele>153.8000030517578125</ele>
        <time>2025-11-15T11:19:50.000Z</time>
        <extensions>
          <ns3:TrackPointExtension>
            <ns3:hr>56</ns3:hr>
          </ns3:TrackPointExtension>
        </extensions>
      </trkpt>
      <trkpt lat="25.27244229800999164581298828125" lon="110.29209530912339687347412109375">
        <ele>153.8000030517578125</ele>
        <time>2025-11-15T11:19:51.000Z</time>
        <extensions>
          <ns3:TrackPointExtension>
            <ns3:hr>55</ns3:hr>
          </ns3:TrackPointExtension>
        </extensions>
      </trkpt>
      <trkpt lat="25.27245637960731983184814453125" lon="110.2920995838940143585205078125">
        <ele>153.8000030517578125</ele>
        <time>2025-11-15T11:19:52.000Z</time>
        <extensions>
          <ns3:TrackPointExtension>
            <ns3:hr>56</ns3:hr>
          </ns3:TrackPointExtension>
        </extensions>
      </trkpt>
      <trkpt lat="25.27246844954788684844970703125" lon="110.29210285283625125885009765625">
        <ele>153.8000030517578125</ele>
        <time>2025-11-15T11:19:53.000Z</time>
        <extensions>
          <ns3:TrackPointExtension>
            <ns3:hr>57</ns3:hr>
          </ns3:TrackPointExtension>
        </extensions>
      </trkpt>
      <trkpt lat="25.27247984893620014190673828125" lon="110.29210687614977359771728515625">
        <ele>153.8000030517578125</ele>
        <time>2025-11-15T11:19:54.000Z</time>
        <extensions>
          <ns3:TrackPointExtension>
            <ns3:hr>57</ns3:hr>
          </ns3:TrackPointExtension>
        </extensions>
      </trkpt>
      <trkpt lat="25.2724899910390377044677734375" lon="110.29211081564426422119140625">
        <ele>153.600006103515625</ele>
        <time>2025-11-15T11:19:55.000Z</time>
        <extensions>
          <ns3:TrackPointExtension>
            <ns3:hr>58</ns3:hr>
          </ns3:TrackPointExtension>
        </extensions>
      </trkpt>
      <trkpt lat="25.27250063605606555938720703125" lon="110.29211173765361309051513671875">
        <ele>153.600006103515625</ele>
        <time>2025-11-15T11:19:56.000Z</time>
        <extensions>
          <ns3:TrackPointExtension>
            <ns3:hr>59</ns3:hr>
          </ns3:TrackPointExtension>
        </extensions>
      </trkpt>
      <trkpt lat="25.27251086197793483734130859375" lon="110.292113833129405975341796875">
        <ele>153.600006103515625</ele>
        <time>2025-11-15T11:19:57.000Z</time>
        <extensions>
          <ns3:TrackPointExtension>
            <ns3:hr>59</ns3:hr>
          </ns3:TrackPointExtension>
        </extensions>
      </trkpt>
      <trkpt lat="25.272519998252391815185546875" lon="110.29211626388132572174072265625">
        <ele>153.600006103515625</ele>
        <time>2025-11-15T11:19:58.000Z</time>
        <extensions>
          <ns3:TrackPointExtension>
            <ns3:hr>58</ns3:hr>
          </ns3:TrackPointExtension>
        </extensions>
      </trkpt>
      <trkpt lat="25.272528044879436492919921875" lon="110.29212146066129207611083984375">
        <ele>153.8000030517578125</ele>
        <time>2025-11-15T11:19:59.000Z</time>
        <extensions>
          <ns3:TrackPointExtension>
            <ns3:hr>58</ns3:hr>
          </ns3:TrackPointExtension>
        </extensions>
      </trkpt>
      <trkpt lat="25.27253667823970317840576171875" lon="110.292127244174480438232421875">
        <ele>153.8000030517578125</ele>
        <time>2025-11-15T11:20:00.000Z</time>
        <extensions>
          <ns3:TrackPointExtension>
            <ns3:hr>59</ns3:hr>
          </ns3:TrackPointExtension>
        </extensions>
      </trkpt>
      <trkpt lat="25.272542797029018402099609375" lon="110.2921317704021930694580078125">
        <ele>153.8000030517578125</ele>
        <time>2025-11-15T11:20:01.000Z</time>
        <extensions>
          <ns3:TrackPointExtension>
            <ns3:hr>59</ns3:hr>
          </ns3:TrackPointExtension>
        </extensions>
      </trkpt>
      <trkpt lat="25.2725496701896190643310546875" lon="110.29213420115411281585693359375">
        <ele>153.8000030517578125</ele>
        <time>2025-11-15T11:20:02.000Z</time>
        <extensions>
          <ns3:TrackPointExtension>
            <ns3:hr>59</ns3:hr>
          </ns3:TrackPointExtension>
        </extensions>
      </trkpt>
      <trkpt lat="25.27255897410213947296142578125" lon="110.29213855974376201629638671875">
        <ele>153.8000030517578125</ele>
        <time>2025-11-15T11:20:03.000Z</time>
        <extensions>
          <ns3:TrackPointExtension>
            <ns3:hr>60</ns3:hr>
          </ns3:TrackPointExtension>
        </extensions>
      </trkpt>
      <trkpt lat="25.27256852947175502777099609375" lon="110.29214358888566493988037109375">
        <ele>153.600006103515625</ele>
        <time>2025-11-15T11:20:04.000Z</time>
        <extensions>
          <ns3:TrackPointExtension>
            <ns3:hr>60</ns3:hr>
          </ns3:TrackPointExtension>
        </extensions>
      </trkpt>
      <trkpt lat="25.27257808484137058258056640625" lon="110.2921475283801555633544921875">
        <ele>153.600006103515625</ele>
        <time>2025-11-15T11:20:05.000Z</time>
        <extensions>
          <ns3:TrackPointExtension>
            <ns3:hr>60</ns3:hr>
          </ns3:TrackPointExtension>
        </extensions>
      </trkpt>
      <trkpt lat="25.2725873887538909912109375" lon="110.2921525575220584869384765625">
        <ele>153.600006103515625</ele>
        <time>2025-11-15T11:20:06.000Z</time>
        <extensions>
          <ns3:TrackPointExtension>
            <ns3:hr>61</ns3:hr>
          </ns3:TrackPointExtension>
        </extensions>
      </trkpt>
      <trkpt lat="25.2725954353809356689453125" lon="110.29215431772172451019287109375">
        <ele>153.600006103515625</ele>
        <time>2025-11-15T11:20:07.000Z</time>
        <extensions>
          <ns3:TrackPointExtension>
            <ns3:hr>62</ns3:hr>
          </ns3:TrackPointExtension>
        </extensions>
      </trkpt>
      <trkpt lat="25.27260758914053440093994140625" lon="110.29215666465461254119873046875">
        <ele>153.600006103515625</ele>
        <time>2025-11-15T11:20:08.000Z</time>
        <extensions>
          <ns3:TrackPointExtension>
            <ns3:hr>62</ns3:hr>
          </ns3:TrackPointExtension>
        </extensions>
      </trkpt>
      <trkpt lat="25.27261714451014995574951171875" lon="110.29215984977781772613525390625">
        <ele>153.600006103515625</ele>
        <time>2025-11-15T11:20:09.000Z</time>
        <extensions>
          <ns3:TrackPointExtension>
            <ns3:hr>63</ns3:hr>
          </ns3:TrackPointExtension>
        </extensions>
      </trkpt>
      <trkpt lat="25.27262602932751178741455078125" lon="110.29216387309134006500244140625">
        <ele>153.600006103515625</ele>
        <time>2025-11-15T11:20:10.000Z</time>
        <extensions>
          <ns3:TrackPointExtension>
            <ns3:hr>64</ns3:hr>
          </ns3:TrackPointExtension>
        </extensions>
      </trkpt>
      <trkpt lat="25.27263508178293704986572265625" lon="110.29216923750936985015869140625">
        <ele>153.600006103515625</ele>
        <time>2025-11-15T11:20:11.000Z</time>
        <extensions>
          <ns3:TrackPointExtension>
            <ns3:hr>64</ns3:hr>
          </ns3:TrackPointExtension>
        </extensions>
      </trkpt>
      <trkpt lat="25.2726465649902820587158203125" lon="110.29217828996479511260986328125">
        <ele>153.600006103515625</ele>
        <time>2025-11-15T11:20:12.000Z</time>
        <extensions>
          <ns3:TrackPointExtension>
            <ns3:hr>65</ns3:hr>
          </ns3:TrackPointExtension>
        </extensions>
      </trkpt>
      <trkpt lat="25.2726576291024684906005859375" lon="110.292188264429569244384765625">
        <ele>153.600006103515625</ele>
        <time>2025-11-15T11:20:13.000Z</time>
        <extensions>
          <ns3:TrackPointExtension>
            <ns3:hr>66</ns3:hr>
          </ns3:TrackPointExtension>
        </extensions>
      </trkpt>
      <trkpt lat="25.2726650051772594451904296875" lon="110.2921973168849945068359375">
        <ele>153.600006103515625</ele>
        <time>2025-11-15T11:20:14.000Z</time>
        <extensions>
          <ns3:TrackPointExtension>
            <ns3:hr>66</ns3:hr>
          </ns3:TrackPointExtension>
        </extensions>
      </trkpt>
      <trkpt lat="25.2726747281849384307861328125" lon="110.292206369340419769287109375">
        <ele>153.399993896484375</ele>
        <time>2025-11-15T11:20:15.000Z</time>
        <extensions>
          <ns3:TrackPointExtension>
            <ns3:hr>66</ns3:hr>
          </ns3:TrackPointExtension>
        </extensions>
      </trkpt>
      <trkpt lat="25.27268302626907825469970703125" lon="110.29221299104392528533935546875">
        <ele>153.399993896484375</ele>
        <time>2025-11-15T11:20:16.000Z</time>
        <extensions>
          <ns3:TrackPointExtension>
            <ns3:hr>66</ns3:hr>
          </ns3:TrackPointExtension>
        </extensions>
      </trkpt>
      <trkpt lat="25.27268973179161548614501953125" lon="110.29221768490970134735107421875">
        <ele>153.399993896484375</ele>
        <time>2025-11-15T11:20:17.000Z</time>
        <extensions>
          <ns3:TrackPointExtension>
            <ns3:hr>65</ns3:hr>
          </ns3:TrackPointExtension>
        </extensions>
      </trkpt>
      <trkpt lat="25.27269694022834300994873046875" lon="110.292221792042255401611328125">
        <ele>153.600006103515625</ele>
        <time>2025-11-15T11:20:18.000Z</time>
        <extensions>
          <ns3:TrackPointExtension>
            <ns3:hr>66</ns3:hr>
          </ns3:TrackPointExtension>
        </extensions>
      </trkpt>
      <trkpt lat="25.2727049030363559722900390625" lon="110.292227156460285186767578125">
        <ele>153.600006103515625</ele>
        <time>2025-11-15T11:20:19.000Z</time>
        <extensions>
          <ns3:TrackPointExtension>
            <ns3:hr>66</ns3:hr>
          </ns3:TrackPointExtension>
        </extensions>
      </trkpt>
      <trkpt lat="25.27271269820630550384521484375" lon="110.29223495163023471832275390625">
        <ele>153.600006103515625</ele>
        <time>2025-11-15T11:20:20.000Z</time>
        <extensions>
          <ns3:TrackPointExtension>
            <ns3:hr>66</ns3:hr>
          </ns3:TrackPointExtension>
        </extensions>
      </trkpt>
      <trkpt lat="25.2727203257381916046142578125" lon="110.2922477759420871734619140625">
        <ele>153.600006103515625</ele>
        <time>2025-11-15T11:20:21.000Z</time>
        <extensions>
          <ns3:TrackPointExtension>
            <ns3:hr>66</ns3:hr>
          </ns3:TrackPointExtension>
        </extensions>
      </trkpt>
      <trkpt lat="25.2727263607084751129150390625" lon="110.292256660759449005126953125">
        <ele>153.600006103515625</ele>
        <time>2025-11-15T11:20:22.000Z</time>
        <extensions>
          <ns3:TrackPointExtension>
            <ns3:hr>66</ns3:hr>
          </ns3:TrackPointExtension>
        </extensions>
      </trkpt>
      <trkpt lat="25.2727347426116466522216796875" lon="110.292268730700016021728515625">
        <ele>153.600006103515625</ele>
        <time>2025-11-15T11:20:23.000Z</time>
        <extensions>
          <ns3:TrackPointExtension>
            <ns3:hr>66</ns3:hr>
          </ns3:TrackPointExtension>
        </extensions>
      </trkpt>
      <trkpt lat="25.27273968793451786041259765625" lon="110.2922796271741390228271484375">
        <ele>153.600006103515625</ele>
        <time>2025-11-15T11:20:24.000Z</time>
        <extensions>
          <ns3:TrackPointExtension>
            <ns3:hr>66</ns3:hr>
          </ns3:TrackPointExtension>
        </extensions>
      </trkpt>
      <trkpt lat="25.2727451361715793609619140625" lon="110.2922883443534374237060546875">
        <ele>153.600006103515625</ele>
        <time>2025-11-15T11:20:25.000Z</time>
        <extensions>
          <ns3:TrackPointExtension>
            <ns3:hr>66</ns3:hr>
          </ns3:TrackPointExtension>
        </extensions>
      </trkpt>
      <trkpt lat="25.27275041677057743072509765625" lon="110.29229295440018177032470703125">
        <ele>153.600006103515625</ele>
        <time>2025-11-15T11:20:26.000Z</time>
        <extensions>
          <ns3:TrackPointExtension>
            <ns3:hr>67</ns3:hr>
          </ns3:TrackPointExtension>
        </extensions>
      </trkpt>
      <trkpt lat="25.27275527827441692352294921875" lon="110.29229848645627498626708984375">
        <ele>153.600006103515625</ele>
        <time>2025-11-15T11:20:27.000Z</time>
        <extensions>
          <ns3:TrackPointExtension>
            <ns3:hr>67</ns3:hr>
          </ns3:TrackPointExtension>
        </extensions>
      </trkpt>
      <trkpt lat="25.27276181615889072418212890625" lon="110.29230418615043163299560546875">
        <ele>153.600006103515625</ele>
        <time>2025-11-15T11:20:28.000Z</time>
        <extensions>
          <ns3:TrackPointExtension>
            <ns3:hr>67</ns3:hr>
          </ns3:TrackPointExtension>
        </extensions>
      </trkpt>
      <trkpt lat="25.27276910841464996337890625" lon="110.29231156222522258758544921875">
        <ele>153.600006103515625</ele>
        <time>2025-11-15T11:20:29.000Z</time>
        <extensions>
          <ns3:TrackPointExtension>
            <ns3:hr>67</ns3:hr>
          </ns3:TrackPointExtension>
        </extensions>
      </trkpt>
      <trkpt lat="25.27277673594653606414794921875" lon="110.29231575317680835723876953125">
        <ele>153.600006103515625</ele>
        <time>2025-11-15T11:20:30.000Z</time>
        <extensions>
          <ns3:TrackPointExtension>
            <ns3:hr>68</ns3:hr>
          </ns3:TrackPointExtension>
        </extensions>
      </trkpt>
      <trkpt lat="25.2727846987545490264892578125" lon="110.292320363223552703857421875">
        <ele>153.600006103515625</ele>
        <time>2025-11-15T11:20:31.000Z</time>
        <extensions>
          <ns3:TrackPointExtension>
            <ns3:hr>68</ns3:hr>
          </ns3:TrackPointExtension>
        </extensions>
      </trkpt>
      <trkpt lat="25.27279601432383060455322265625" lon="110.2923272363841533660888671875">
        <ele>153.600006103515625</ele>
        <time>2025-11-15T11:20:32.000Z</time>
        <extensions>
          <ns3:TrackPointExtension>
            <ns3:hr>68</ns3:hr>
          </ns3:TrackPointExtension>
        </extensions>
      </trkpt>
      <trkpt lat="25.27280221693217754364013671875" lon="110.29233385808765888214111328125">
        <ele>153.600006103515625</ele>
        <time>2025-11-15T11:20:33.000Z</time>
        <extensions>
          <ns3:TrackPointExtension>
            <ns3:hr>67</ns3:hr>
          </ns3:TrackPointExtension>
        </extensions>
      </trkpt>
      <trkpt lat="25.2728101797401905059814453125" lon="110.29234408400952816009521484375">
        <ele>153.600006103515625</ele>
        <time>2025-11-15T11:20:34.000Z</time>
        <extensions>
          <ns3:TrackPointExtension>
            <ns3:hr>68</ns3:hr>
          </ns3:TrackPointExtension>
        </extensions>
      </trkpt>
      <trkpt lat="25.27281831018626689910888671875" lon="110.29235313646495342254638671875">
        <ele>153.600006103515625</ele>
        <time>2025-11-15T11:20:35.000Z</time>
        <extensions>
          <ns3:TrackPointExtension>
            <ns3:hr>68</ns3:hr>
          </ns3:TrackPointExtension>
        </extensions>
      </trkpt>
      <trkpt lat="25.27282484807074069976806640625" lon="110.2923624403774738311767578125">
        <ele>153.600006103515625</ele>
        <time>2025-11-15T11:20:36.000Z</time>
        <extensions>
          <ns3:TrackPointExtension>
            <ns3:hr>68</ns3:hr>
          </ns3:TrackPointExtension>
        </extensions>
      </trkpt>
      <trkpt lat="25.2728302963078022003173828125" lon="110.29237375594675540924072265625">
        <ele>153.600006103515625</ele>
        <time>2025-11-15T11:20:37.000Z</time>
        <extensions>
          <ns3:TrackPointExtension>
            <ns3:hr>68</ns3:hr>
          </ns3:TrackPointExtension>
        </extensions>
      </trkpt>
      <trkpt lat="25.2728353254497051239013671875" lon="110.292386077344417572021484375">
        <ele>153.8000030517578125</ele>
        <time>2025-11-15T11:20:38.000Z</time>
        <extensions>
          <ns3:TrackPointExtension>
            <ns3:hr>68</ns3:hr>
          </ns3:TrackPointExtension>
        </extensions>
      </trkpt>
      <trkpt lat="25.27283976785838603973388671875" lon="110.29239923693239688873291015625">
        <ele>153.8000030517578125</ele>
        <time>2025-11-15T11:20:39.000Z</time>
        <extensions>
          <ns3:TrackPointExtension>
            <ns3:hr>69</ns3:hr>
          </ns3:TrackPointExtension>
        </extensions>
      </trkpt>
      <trkpt lat="25.27284529991447925567626953125" lon="110.29241231270134449005126953125">
        <ele>153.8000030517578125</ele>
        <time>2025-11-15T11:20:40.000Z</time>
        <extensions>
          <ns3:TrackPointExtension>
            <ns3:hr>70</ns3:hr>
          </ns3:TrackPointExtension>
        </extensions>
      </trkpt>
      <trkpt lat="25.27285133488476276397705078125" lon="110.29242538847029209136962890625">
        <ele>153.600006103515625</ele>
        <time>2025-11-15T11:20:41.000Z</time>
        <extensions>
          <ns3:TrackPointExtension>
            <ns3:hr>70</ns3:hr>
          </ns3:TrackPointExtension>
        </extensions>
      </trkpt>
      <trkpt lat="25.27285921387374401092529296875" lon="110.29243963770568370819091796875">
        <ele>153.600006103515625</ele>
        <time>2025-11-15T11:20:42.000Z</time>
        <extensions>
          <ns3:TrackPointExtension>
            <ns3:hr>72</ns3:hr>
          </ns3:TrackPointExtension>
        </extensions>
      </trkpt>
      <trkpt lat="25.27286700904369354248046875" lon="110.2924519591033458709716796875">
        <ele>153.600006103515625</ele>
        <time>2025-11-15T11:20:43.000Z</time>
        <extensions>
          <ns3:TrackPointExtension>
            <ns3:hr>72</ns3:hr>
          </ns3:TrackPointExtension>
        </extensions>
      </trkpt>
      <trkpt lat="25.2728717029094696044921875" lon="110.292463190853595733642578125">
        <ele>153.600006103515625</ele>
        <time>2025-11-15T11:20:44.000Z</time>
        <extensions>
          <ns3:TrackPointExtension>
            <ns3:hr>72</ns3:hr>
          </ns3:TrackPointExtension>
        </extensions>
      </trkpt>
      <trkpt lat="25.2728795818984508514404296875" lon="110.2924714051187038421630859375">
        <ele>153.600006103515625</ele>
        <time>2025-11-15T11:20:45.000Z</time>
        <extensions>
          <ns3:TrackPointExtension>
            <ns3:hr>72</ns3:hr>
          </ns3:TrackPointExtension>
        </extensions>
      </trkpt>
      <trkpt lat="25.27288821525871753692626953125" lon="110.29247517697513103485107421875">
        <ele>153.600006103515625</ele>
        <time>2025-11-15T11:20:46.000Z</time>
        <extensions>
          <ns3:TrackPointExtension>
            <ns3:hr>73</ns3:hr>
          </ns3:TrackPointExtension>
        </extensions>
      </trkpt>
      <trkpt lat="25.27289710007607936859130859375" lon="110.292479284107685089111328125">
        <ele>153.600006103515625</ele>
        <time>2025-11-15T11:20:47.000Z</time>
        <extensions>
          <ns3:TrackPointExtension>
            <ns3:hr>72</ns3:hr>
          </ns3:TrackPointExtension>
        </extensions>
      </trkpt>
      <trkpt lat="25.27290481142699718475341796875" lon="110.2924831397831439971923828125">
        <ele>153.600006103515625</ele>
        <time>2025-11-15T11:20:48.000Z</time>
        <extensions>
          <ns3:TrackPointExtension>
            <ns3:hr>72</ns3:hr>
          </ns3:TrackPointExtension>
        </extensions>
      </trkpt>
      <trkpt lat="25.2729050628840923309326171875" lon="110.292492024600505828857421875">
        <ele>153.600006103515625</ele>
        <time>2025-11-15T11:20:49.000Z</time>
        <extensions>
          <ns3:TrackPointExtension>
            <ns3:hr>72</ns3:hr>
          </ns3:TrackPointExtension>
        </extensions>
      </trkpt>
      <trkpt lat="25.27290078811347484588623046875" lon="110.29250719584524631500244140625">
        <ele>153.600006103515625</ele>
        <time>2025-11-15T11:20:50.000Z</time>
        <extensions>
          <ns3:TrackPointExtension>
            <ns3:hr>72</ns3:hr>
          </ns3:TrackPointExtension>
        </extensions>
      </trkpt>
      <trkpt lat="25.27289827354252338409423828125" lon="110.29251909814774990081787109375">
        <ele>153.600006103515625</ele>
        <time>2025-11-15T11:20:51.000Z</time>
        <extensions>
          <ns3:TrackPointExtension>
            <ns3:hr>72</ns3:hr>
          </ns3:TrackPointExtension>
        </extensions>
      </trkpt>
      <trkpt lat="25.272897519171237945556640625" lon="110.29253066517412662506103515625">
        <ele>153.600006103515625</ele>
        <time>2025-11-15T11:20:52.000Z</time>
        <extensions>
          <ns3:TrackPointExtension>
            <ns3:hr>72</ns3:hr>
          </ns3:TrackPointExtension>
        </extensions>
      </trkpt>
      <trkpt lat="25.27290162630379199981689453125" lon="110.2925424836575984954833984375">
        <ele>153.600006103515625</ele>
        <time>2025-11-15T11:20:53.000Z</time>
        <extensions>
          <ns3:TrackPointExtension>
            <ns3:hr>71</ns3:hr>
          </ns3:TrackPointExtension>
        </extensions>
      </trkpt>
      <trkpt lat="25.27290590107440948486328125" lon="110.29255530796945095062255859375">
        <ele>153.600006103515625</ele>
        <time>2025-11-15T11:20:54.000Z</time>
        <extensions>
          <ns3:TrackPointExtension>
            <ns3:hr>71</ns3:hr>
          </ns3:TrackPointExtension>
        </extensions>
      </trkpt>
      <trkpt lat="25.2729114331305027008056640625" lon="110.29256368987262248992919921875">
        <ele>153.600006103515625</ele>
        <time>2025-11-15T11:20:55.000Z</time>
        <extensions>
          <ns3:TrackPointExtension>
            <ns3:hr>71</ns3:hr>
          </ns3:TrackPointExtension>
        </extensions>
      </trkpt>
      <trkpt lat="25.27291797101497650146484375" lon="110.29257257468998432159423828125">
        <ele>153.600006103515625</ele>
        <time>2025-11-15T11:20:56.000Z</time>
        <extensions>
          <ns3:TrackPointExtension>
            <ns3:hr>71</ns3:hr>
          </ns3:TrackPointExtension>
        </extensions>
      </trkpt>
      <trkpt lat="25.2729226648807525634765625" lon="110.2925793640315532684326171875">
        <ele>153.600006103515625</ele>
        <time>2025-11-15T11:20:57.000Z</time>
        <extensions>
          <ns3:TrackPointExtension>
            <ns3:hr>71</ns3:hr>
          </ns3:TrackPointExtension>
        </extensions>
      </trkpt>
      <trkpt lat="25.272927694022655487060546875" lon="110.29258632101118564605712890625">
        <ele>153.600006103515625</ele>
        <time>2025-11-15T11:20:58.000Z</time>
        <extensions>
          <ns3:TrackPointExtension>
            <ns3:hr>71</ns3:hr>
          </ns3:TrackPointExtension>
        </extensions>
      </trkpt>
      <trkpt lat="25.27293548919260501861572265625" lon="110.2925971336662769317626953125">
        <ele>153.600006103515625</ele>
        <time>2025-11-15T11:20:59.000Z</time>
        <extensions>
          <ns3:TrackPointExtension>
            <ns3:hr>71</ns3:hr>
          </ns3:TrackPointExtension>
        </extensions>
      </trkpt>
      <trkpt lat="25.27294102124869823455810546875" lon="110.29260836541652679443359375">
        <ele>153.399993896484375</ele>
        <time>2025-11-15T11:21:00.000Z</time>
        <extensions>
          <ns3:TrackPointExtension>
            <ns3:hr>71</ns3:hr>
          </ns3:TrackPointExtension>
        </extensions>
      </trkpt>
      <trkpt lat="25.272943787276744842529296875" lon="110.2926185913383960723876953125">
        <ele>153.399993896484375</ele>
        <time>2025-11-15T11:21:01.000Z</time>
        <extensions>
          <ns3:TrackPointExtension>
            <ns3:hr>70</ns3:hr>
          </ns3:TrackPointExtension>
        </extensions>
      </trkpt>
      <trkpt lat="25.27294890023767948150634765625" lon="110.29262688942253589630126953125">
        <ele>153.399993896484375</ele>
        <time>2025-11-15T11:21:02.000Z</time>
        <extensions>
          <ns3:TrackPointExtension>
            <ns3:hr>71</ns3:hr>
          </ns3:TrackPointExtension>
        </extensions>
      </trkpt>
      <trkpt lat="25.27294957078993320465087890625" lon="110.29263242147862911224365234375">
        <ele>153.399993896484375</ele>
        <time>2025-11-15T11:21:03.000Z</time>
        <extensions>
          <ns3:TrackPointExtension>
            <ns3:hr>71</ns3:hr>
          </ns3:TrackPointExtension>
        </extensions>
      </trkpt>
      <trkpt lat="25.27294470928609371185302734375" lon="110.29263258911669254302978515625">
        <ele>153.399993896484375</ele>
        <time>2025-11-15T11:21:04.000Z</time>
        <extensions>
          <ns3:TrackPointExtension>
            <ns3:hr>70</ns3:hr>
          </ns3:TrackPointExtension>
        </extensions>
      </trkpt>
      <trkpt lat="25.27293800376355648040771484375" lon="110.29262856580317020416259765625">
        <ele>153.399993896484375</ele>
        <time>2025-11-15T11:21:05.000Z</time>
        <extensions>
          <ns3:TrackPointExtension>
            <ns3:hr>70</ns3:hr>
          </ns3:TrackPointExtension>
        </extensions>
      </trkpt>
      <trkpt lat="25.27292828075587749481201171875" lon="110.292620100080966949462890625">
        <ele>153.399993896484375</ele>
        <time>2025-11-15T11:21:06.000Z</time>
        <extensions>
          <ns3:TrackPointExtension>
            <ns3:hr>70</ns3:hr>
          </ns3:TrackPointExtension>
        </extensions>
      </trkpt>
      <trkpt lat="25.27291771955788135528564453125" lon="110.2926118858158588409423828125">
        <ele>153.600006103515625</ele>
        <time>2025-11-15T11:21:07.000Z</time>
        <extensions>
          <ns3:TrackPointExtension>
            <ns3:hr>70</ns3:hr>
          </ns3:TrackPointExtension>
        </extensions>
      </trkpt>
      <trkpt lat="25.272910259664058685302734375" lon="110.292598642408847808837890625">
        <ele>153.600006103515625</ele>
        <time>2025-11-15T11:21:08.000Z</time>
        <extensions>
          <ns3:TrackPointExtension>
            <ns3:hr>70</ns3:hr>
          </ns3:TrackPointExtension>
        </extensions>
      </trkpt>
      <trkpt lat="25.27290514670312404632568359375" lon="110.29258296824991703033447265625">
        <ele>153.600006103515625</ele>
        <time>2025-11-15T11:21:09.000Z</time>
        <extensions>
          <ns3:TrackPointExtension>
            <ns3:hr>70</ns3:hr>
          </ns3:TrackPointExtension>
        </extensions>
      </trkpt>
      <trkpt lat="25.27290053665637969970703125" lon="110.2925726585090160369873046875">
        <ele>153.600006103515625</ele>
        <time>2025-11-15T11:21:10.000Z</time>
        <extensions>
          <ns3:TrackPointExtension>
            <ns3:hr>70</ns3:hr>
          </ns3:TrackPointExtension>
        </extensions>
      </trkpt>
      <trkpt lat="25.27289961464703083038330078125" lon="110.29256050474941730499267578125">
        <ele>153.399993896484375</ele>
        <time>2025-11-15T11:21:11.000Z</time>
        <extensions>
          <ns3:TrackPointExtension>
            <ns3:hr>70</ns3:hr>
          </ns3:TrackPointExtension>
        </extensions>
      </trkpt>
      <trkpt lat="25.27289785444736480712890625" lon="110.2925471775233745574951171875">
        <ele>153.399993896484375</ele>
        <time>2025-11-15T11:21:12.000Z</time>
        <extensions>
          <ns3:TrackPointExtension>
            <ns3:hr>70</ns3:hr>
          </ns3:TrackPointExtension>
        </extensions>
      </trkpt>
      <trkpt lat="25.27289810590445995330810546875" lon="110.2925304137170314788818359375">
        <ele>153.399993896484375</ele>
        <time>2025-11-15T11:21:13.000Z</time>
        <extensions>
          <ns3:TrackPointExtension>
            <ns3:hr>70</ns3:hr>
          </ns3:TrackPointExtension>
        </extensions>
      </trkpt>
      <trkpt lat="25.27290296740829944610595703125" lon="110.29251851141452789306640625">
        <ele>153.399993896484375</ele>
        <time>2025-11-15T11:21:14.000Z</time>
        <extensions>
          <ns3:TrackPointExtension>
            <ns3:hr>70</ns3:hr>
          </ns3:TrackPointExtension>
        </extensions>
      </trkpt>
      <trkpt lat="25.2729092538356781005859375" lon="110.2925096265971660614013671875">
        <ele>153.399993896484375</ele>
        <time>2025-11-15T11:21:15.000Z</time>
        <extensions>
          <ns3:TrackPointExtension>
            <ns3:hr>70</ns3:hr>
          </ns3:TrackPointExtension>
        </extensions>
      </trkpt>
      <trkpt lat="25.27291528880596160888671875" lon="110.29250032268464565277099609375">
        <ele>153.399993896484375</ele>
        <time>2025-11-15T11:21:16.000Z</time>
        <extensions>
          <ns3:TrackPointExtension>
            <ns3:hr>70</ns3:hr>
          </ns3:TrackPointExtension>
        </extensions>
      </trkpt>
      <trkpt lat="25.27292442508041858673095703125" lon="110.292490683495998382568359375">
        <ele>153.399993896484375</ele>
        <time>2025-11-15T11:21:17.000Z</time>
        <extensions>
          <ns3:TrackPointExtension>
            <ns3:hr>70</ns3:hr>
          </ns3:TrackPointExtension>
        </extensions>
      </trkpt>
      <trkpt lat="25.27292777784168720245361328125" lon="110.29248372651636600494384765625">
        <ele>153.399993896484375</ele>
        <time>2025-11-15T11:21:18.000Z</time>
        <extensions>
          <ns3:TrackPointExtension>
            <ns3:hr>69</ns3:hr>
          </ns3:TrackPointExtension>
        </extensions>
      </trkpt>
      <trkpt lat="25.27293163351714611053466796875" lon="110.29247886501252651214599609375">
        <ele>153.1999969482421875</ele>
        <time>2025-11-15T11:21:19.000Z</time>
        <extensions>
          <ns3:TrackPointExtension>
            <ns3:hr>70</ns3:hr>
          </ns3:TrackPointExtension>
        </extensions>
      </trkpt>
      <trkpt lat="25.2729365788400173187255859375" lon="110.292471908032894134521484375">
        <ele>153</ele>
        <time>2025-11-15T11:21:20.000Z</time>
        <extensions>
          <ns3:TrackPointExtension>
            <ns3:hr>70</ns3:hr>
          </ns3:TrackPointExtension>
        </extensions>
      </trkpt>
      <trkpt lat="25.27294135652482509613037109375" lon="110.292467214167118072509765625">
        <ele>152.8000030517578125</ele>
        <time>2025-11-15T11:21:21.000Z</time>
        <extensions>
          <ns3:TrackPointExtension>
            <ns3:hr>69</ns3:hr>
          </ns3:TrackPointExtension>
        </extensions>
      </trkpt>
      <trkpt lat="25.27295015752315521240234375" lon="110.2924640290439128875732421875">
        <ele>152.399993896484375</ele>
        <time>2025-11-15T11:21:22.000Z</time>
        <extensions>
          <ns3:TrackPointExtension>
            <ns3:hr>70</ns3:hr>
          </ns3:TrackPointExtension>
        </extensions>
      </trkpt>
      <trkpt lat="25.27295510284602642059326171875" lon="110.29246042482554912567138671875">
        <ele>152.1999969482421875</ele>
        <time>2025-11-15T11:21:23.000Z</time>
        <extensions>
          <ns3:TrackPointExtension>
            <ns3:hr>70</ns3:hr>
          </ns3:TrackPointExtension>
        </extensions>
      </trkpt>
      <trkpt lat="25.27296222746372222900390625" lon="110.2924566529691219329833984375">
        <ele>152</ele>
        <time>2025-11-15T11:21:24.000Z</time>
        <extensions>
          <ns3:TrackPointExtension>
            <ns3:hr>69</ns3:hr>
          </ns3:TrackPointExtension>
        </extensions>
      </trkpt>
      <trkpt lat="25.27296868152916431427001953125" lon="110.29245204292237758636474609375">
        <ele>152</ele>
        <time>2025-11-15T11:21:25.000Z</time>
        <extensions>
          <ns3:TrackPointExtension>
            <ns3:hr>69</ns3:hr>
          </ns3:TrackPointExtension>
        </extensions>
      </trkpt>
      <trkpt lat="25.27297706343233585357666015625" lon="110.29244500212371349334716796875">
        <ele>152</ele>
        <time>2025-11-15T11:21:26.000Z</time>
        <extensions>
          <ns3:TrackPointExtension>
            <ns3:hr>69</ns3:hr>
          </ns3:TrackPointExtension>
        </extensions>
      </trkpt>
      <trkpt lat="25.2729843556880950927734375" lon="110.29243896715342998504638671875">
        <ele>152</ele>
        <time>2025-11-15T11:21:27.000Z</time>
        <extensions>
          <ns3:TrackPointExtension>
            <ns3:hr>69</ns3:hr>
          </ns3:TrackPointExtension>
        </extensions>
      </trkpt>
      <trkpt lat="25.272995419800281524658203125" lon="110.29243511147797107696533203125">
        <ele>152</ele>
        <time>2025-11-15T11:21:28.000Z</time>
        <extensions>
          <ns3:TrackPointExtension>
            <ns3:hr>69</ns3:hr>
          </ns3:TrackPointExtension>
        </extensions>
      </trkpt>
      <trkpt lat="25.2730076573789119720458984375" lon="110.29243611730635166168212890625">
        <ele>152.1999969482421875</ele>
        <time>2025-11-15T11:21:29.000Z</time>
        <extensions>
          <ns3:TrackPointExtension>
            <ns3:hr>69</ns3:hr>
          </ns3:TrackPointExtension>
        </extensions>
      </trkpt>
      <trkpt lat="25.27301511727273464202880859375" lon="110.292435027658939361572265625">
        <ele>152.399993896484375</ele>
        <time>2025-11-15T11:21:30.000Z</time>
        <extensions>
          <ns3:TrackPointExtension>
            <ns3:hr>69</ns3:hr>
          </ns3:TrackPointExtension>
        </extensions>
      </trkpt>
      <trkpt lat="25.273018889129161834716796875" lon="110.29242865741252899169921875">
        <ele>152.600006103515625</ele>
        <time>2025-11-15T11:21:31.000Z</time>
        <extensions>
          <ns3:TrackPointExtension>
            <ns3:hr>69</ns3:hr>
          </ns3:TrackPointExtension>
        </extensions>
      </trkpt>
      <trkpt lat="25.273025929927825927734375" lon="110.29242354445159435272216796875">
        <ele>152.8000030517578125</ele>
        <time>2025-11-15T11:21:32.000Z</time>
        <extensions>
          <ns3:TrackPointExtension>
            <ns3:hr>68</ns3:hr>
          </ns3:TrackPointExtension>
        </extensions>
      </trkpt>
      <trkpt lat="25.27303657494485378265380859375" lon="110.29242421500384807586669921875">
        <ele>153</ele>
        <time>2025-11-15T11:21:33.000Z</time>
        <extensions>
          <ns3:TrackPointExtension>
            <ns3:hr>69</ns3:hr>
          </ns3:TrackPointExtension>
        </extensions>
      </trkpt>
      <trkpt lat="25.2730462141335010528564453125" lon="110.292417593300342559814453125">
        <ele>153.1999969482421875</ele>
        <time>2025-11-15T11:21:34.000Z</time>
        <extensions>
          <ns3:TrackPointExtension>
            <ns3:hr>69</ns3:hr>
          </ns3:TrackPointExtension>
        </extensions>
      </trkpt>
      <trkpt lat="25.27305719442665576934814453125" lon="110.292410887777805328369140625">
        <ele>153.1999969482421875</ele>
        <time>2025-11-15T11:21:35.000Z</time>
        <extensions>
          <ns3:TrackPointExtension>
            <ns3:hr>69</ns3:hr>
          </ns3:TrackPointExtension>
        </extensions>
      </trkpt>
      <trkpt lat="25.27306473813951015472412109375" lon="110.2924065291881561279296875">
        <ele>153.1999969482421875</ele>
        <time>2025-11-15T11:21:36.000Z</time>
        <extensions>
          <ns3:TrackPointExtension>
            <ns3:hr>69</ns3:hr>
          </ns3:TrackPointExtension>
        </extensions>
      </trkpt>
      <trkpt lat="25.27306951582431793212890625" lon="110.292402841150760650634765625">
        <ele>153</ele>
        <time>2025-11-15T11:21:37.000Z</time>
        <extensions>
          <ns3:TrackPointExtension>
            <ns3:hr>69</ns3:hr>
          </ns3:TrackPointExtension>
        </extensions>
      </trkpt>
      <trkpt lat="25.2730743773281574249267578125" lon="110.2923986501991748809814453125">
        <ele>153</ele>
        <time>2025-11-15T11:21:38.000Z</time>
        <extensions>
          <ns3:TrackPointExtension>
            <ns3:hr>69</ns3:hr>
          </ns3:TrackPointExtension>
        </extensions>
      </trkpt>
      <trkpt lat="25.27308016084134578704833984375" lon="110.29239219613373279571533203125">
        <ele>152.8000030517578125</ele>
        <time>2025-11-15T11:21:39.000Z</time>
        <extensions>
          <ns3:TrackPointExtension>
            <ns3:hr>69</ns3:hr>
          </ns3:TrackPointExtension>
        </extensions>
      </trkpt>
      <trkpt lat="25.27308787219226360321044921875" lon="110.29238817282021045684814453125">
        <ele>152.600006103515625</ele>
        <time>2025-11-15T11:21:40.000Z</time>
        <extensions>
          <ns3:TrackPointExtension>
            <ns3:hr>69</ns3:hr>
          </ns3:TrackPointExtension>
        </extensions>
      </trkpt>
      <trkpt lat="25.27309658937156200408935546875" lon="110.29238381423056125640869140625">
        <ele>152.399993896484375</ele>
        <time>2025-11-15T11:21:41.000Z</time>
        <extensions>
          <ns3:TrackPointExtension>
            <ns3:hr>68</ns3:hr>
          </ns3:TrackPointExtension>
        </extensions>
      </trkpt>
      <trkpt lat="25.27310597710311412811279296875" lon="110.2923765219748020172119140625">
        <ele>152.1999969482421875</ele>
        <time>2025-11-15T11:21:42.000Z</time>
        <extensions>
          <ns3:TrackPointExtension>
            <ns3:hr>68</ns3:hr>
          </ns3:TrackPointExtension>
        </extensions>
      </trkpt>
      <trkpt lat="25.27311603538691997528076171875" lon="110.2923708222806453704833984375">
        <ele>152</ele>
        <time>2025-11-15T11:21:43.000Z</time>
        <extensions>
          <ns3:TrackPointExtension>
            <ns3:hr>67</ns3:hr>
          </ns3:TrackPointExtension>
        </extensions>
      </trkpt>
      <trkpt lat="25.27312827296555042266845703125" lon="110.2923688106238842010498046875">
        <ele>152</ele>
        <time>2025-11-15T11:21:44.000Z</time>
        <extensions>
          <ns3:TrackPointExtension>
            <ns3:hr>66</ns3:hr>
          </ns3:TrackPointExtension>
        </extensions>
      </trkpt>
      <trkpt lat="25.2731417678296566009521484375" lon="110.29236520640552043914794921875">
        <ele>152</ele>
        <time>2025-11-15T11:21:45.000Z</time>
        <extensions>
          <ns3:TrackPointExtension>
            <ns3:hr>66</ns3:hr>
          </ns3:TrackPointExtension>
        </extensions>
      </trkpt>
      <trkpt lat="25.2731555141508579254150390625" lon="110.29236403293907642364501953125">
        <ele>152</ele>
        <time>2025-11-15T11:21:46.000Z</time>
        <extensions>
          <ns3:TrackPointExtension>
            <ns3:hr>66</ns3:hr>
          </ns3:TrackPointExtension>
        </extensions>
      </trkpt>
      <trkpt lat="25.273168087005615234375" lon="110.2923624403774738311767578125">
        <ele>152</ele>
        <time>2025-11-15T11:21:47.000Z</time>
        <extensions>
          <ns3:TrackPointExtension>
            <ns3:hr>66</ns3:hr>
          </ns3:TrackPointExtension>
        </extensions>
      </trkpt>
      <trkpt lat="25.2731803245842456817626953125" lon="110.29236218892037868499755859375">
        <ele>152.1999969482421875</ele>
        <time>2025-11-15T11:21:48.000Z</time>
        <extensions>
          <ns3:TrackPointExtension>
            <ns3:hr>66</ns3:hr>
          </ns3:TrackPointExtension>
        </extensions>
      </trkpt>
      <trkpt lat="25.27319398708641529083251953125" lon="110.29236202128231525421142578125">
        <ele>152.1999969482421875</ele>
        <time>2025-11-15T11:21:49.000Z</time>
        <extensions>
          <ns3:TrackPointExtension>
            <ns3:hr>67</ns3:hr>
          </ns3:TrackPointExtension>
        </extensions>
      </trkpt>
      <trkpt lat="25.27320622466504573822021484375" lon="110.29236185364425182342529296875">
        <ele>152.1999969482421875</ele>
        <time>2025-11-15T11:21:50.000Z</time>
        <extensions>
          <ns3:TrackPointExtension>
            <ns3:hr>67</ns3:hr>
          </ns3:TrackPointExtension>
        </extensions>
      </trkpt>
      <trkpt lat="25.27321879751980304718017578125" lon="110.2923664636909961700439453125">
        <ele>152.399993896484375</ele>
        <time>2025-11-15T11:21:51.000Z</time>
        <extensions>
          <ns3:TrackPointExtension>
            <ns3:hr>68</ns3:hr>
          </ns3:TrackPointExtension>
        </extensions>
      </trkpt>
      <trkpt lat="25.273228101432323455810546875" lon="110.2923701517283916473388671875">
        <ele>152.399993896484375</ele>
        <time>2025-11-15T11:21:52.000Z</time>
        <extensions>
          <ns3:TrackPointExtension>
            <ns3:hr>68</ns3:hr>
          </ns3:TrackPointExtension>
        </extensions>
      </trkpt>
      <trkpt lat="25.273238830268383026123046875" lon="110.29237442649900913238525390625">
        <ele>152.600006103515625</ele>
        <time>2025-11-15T11:21:53.000Z</time>
        <extensions>
          <ns3:TrackPointExtension>
            <ns3:hr>68</ns3:hr>
          </ns3:TrackPointExtension>
        </extensions>
      </trkpt>
      <trkpt lat="25.27325936593115329742431640625" lon="110.29238498769700527191162109375">
        <ele>152.600006103515625</ele>
        <time>2025-11-15T11:21:54.000Z</time>
        <extensions>
          <ns3:TrackPointExtension>
            <ns3:hr>68</ns3:hr>
          </ns3:TrackPointExtension>
        </extensions>
      </trkpt>
      <trkpt lat="25.273272357881069183349609375" lon="110.29238968156278133392333984375">
        <ele>152.600006103515625</ele>
        <time>2025-11-15T11:21:55.000Z</time>
        <extensions>
          <ns3:TrackPointExtension>
            <ns3:hr>69</ns3:hr>
          </ns3:TrackPointExtension>
        </extensions>
      </trkpt>
      <trkpt lat="25.273285098373889923095703125" lon="110.29239135794341564178466796875">
        <ele>152.600006103515625</ele>
        <time>2025-11-15T11:21:56.000Z</time>
        <extensions>
          <ns3:TrackPointExtension>
            <ns3:hr>69</ns3:hr>
          </ns3:TrackPointExtension>
        </extensions>
      </trkpt>
      <trkpt lat="25.27329993434250354766845703125" lon="110.29240057803690433502197265625">
        <ele>152.600006103515625</ele>
        <time>2025-11-15T11:21:57.000Z</time>
        <extensions>
          <ns3:TrackPointExtension>
            <ns3:hr>70</ns3:hr>
          </ns3:TrackPointExtension>
        </extensions>
      </trkpt>
      <trkpt lat="25.2733114175498485565185546875" lon="110.292411558330059051513671875">
        <ele>152.399993896484375</ele>
        <time>2025-11-15T11:21:58.000Z</time>
        <extensions>
          <ns3:TrackPointExtension>
            <ns3:hr>70</ns3:hr>
          </ns3:TrackPointExtension>
        </extensions>
      </trkpt>
      <trkpt lat="25.2733228169381618499755859375" lon="110.292420946061611175537109375">
        <ele>152.399993896484375</ele>
        <time>2025-11-15T11:21:59.000Z</time>
        <extensions>
          <ns3:TrackPointExtension>
            <ns3:hr>70</ns3:hr>
          </ns3:TrackPointExtension>
        </extensions>
      </trkpt>
      <trkpt lat="25.27333463542163372039794921875" lon="110.292429663240909576416015625">
        <ele>152.1999969482421875</ele>
        <time>2025-11-15T11:22:00.000Z</time>
        <extensions>
          <ns3:TrackPointExtension>
            <ns3:hr>71</ns3:hr>
          </ns3:TrackPointExtension>
        </extensions>
      </trkpt>
      <trkpt lat="25.27334838174283504486083984375" lon="110.29243879951536655426025390625">
        <ele>152.1999969482421875</ele>
        <time>2025-11-15T11:22:01.000Z</time>
        <extensions>
          <ns3:TrackPointExtension>
            <ns3:hr>71</ns3:hr>
          </ns3:TrackPointExtension>
        </extensions>
      </trkpt>
      <trkpt lat="25.27336028404533863067626953125" lon="110.29244634322822093963623046875">
        <ele>152.1999969482421875</ele>
        <time>2025-11-15T11:22:02.000Z</time>
        <extensions>
          <ns3:TrackPointExtension>
            <ns3:hr>72</ns3:hr>
          </ns3:TrackPointExtension>
        </extensions>
      </trkpt>
      <trkpt lat="25.2733700908720493316650390625" lon="110.29245606623589992523193359375">
        <ele>152.1999969482421875</ele>
        <time>2025-11-15T11:22:03.000Z</time>
        <extensions>
          <ns3:TrackPointExtension>
            <ns3:hr>72</ns3:hr>
          </ns3:TrackPointExtension>
        </extensions>
      </trkpt>
      <trkpt lat="25.2733811549842357635498046875" lon="110.29246696271002292633056640625">
        <ele>152.1999969482421875</ele>
        <time>2025-11-15T11:22:04.000Z</time>
        <extensions>
          <ns3:TrackPointExtension>
            <ns3:hr>72</ns3:hr>
          </ns3:TrackPointExtension>
        </extensions>
      </trkpt>
      <trkpt lat="25.27338844723999500274658203125" lon="110.29247693717479705810546875">
        <ele>152.1999969482421875</ele>
        <time>2025-11-15T11:22:05.000Z</time>
        <extensions>
          <ns3:TrackPointExtension>
            <ns3:hr>73</ns3:hr>
          </ns3:TrackPointExtension>
        </extensions>
      </trkpt>
      <trkpt lat="25.27339674532413482666015625" lon="110.2924888394773006439208984375">
        <ele>152.1999969482421875</ele>
        <time>2025-11-15T11:22:06.000Z</time>
        <extensions>
          <ns3:TrackPointExtension>
            <ns3:hr>74</ns3:hr>
          </ns3:TrackPointExtension>
        </extensions>
      </trkpt>
      <trkpt lat="25.27340588159859180450439453125" lon="110.29250015504658222198486328125">
        <ele>152.1999969482421875</ele>
        <time>2025-11-15T11:22:07.000Z</time>
        <extensions>
          <ns3:TrackPointExtension>
            <ns3:hr>75</ns3:hr>
          </ns3:TrackPointExtension>
        </extensions>
      </trkpt>
      <trkpt lat="25.27341417968273162841796875" lon="110.29250903986394405364990234375">
        <ele>152.1999969482421875</ele>
        <time>2025-11-15T11:22:08.000Z</time>
        <extensions>
          <ns3:TrackPointExtension>
            <ns3:hr>76</ns3:hr>
          </ns3:TrackPointExtension>
        </extensions>
      </trkpt>
      <trkpt lat="25.2734247408807277679443359375" lon="110.29251775704324245452880859375">
        <ele>152.1999969482421875</ele>
        <time>2025-11-15T11:22:09.000Z</time>
        <extensions>
          <ns3:TrackPointExtension>
            <ns3:hr>77</ns3:hr>
          </ns3:TrackPointExtension>
        </extensions>
      </trkpt>
      <trkpt lat="25.27343471534550189971923828125" lon="110.29252664186060428619384765625">
        <ele>152.1999969482421875</ele>
        <time>2025-11-15T11:22:10.000Z</time>
        <extensions>
          <ns3:TrackPointExtension>
            <ns3:hr>77</ns3:hr>
          </ns3:TrackPointExtension>
        </extensions>
      </trkpt>
      <trkpt lat="25.27344477362930774688720703125" lon="110.29253301210701465606689453125">
        <ele>152.1999969482421875</ele>
        <time>2025-11-15T11:22:11.000Z</time>
        <extensions>
          <ns3:TrackPointExtension>
            <ns3:hr>77</ns3:hr>
          </ns3:TrackPointExtension>
        </extensions>
      </trkpt>
      <trkpt lat="25.273455418646335601806640625" lon="110.29253670014441013336181640625">
        <ele>152.1999969482421875</ele>
        <time>2025-11-15T11:22:12.000Z</time>
        <extensions>
          <ns3:TrackPointExtension>
            <ns3:hr>77</ns3:hr>
          </ns3:TrackPointExtension>
        </extensions>
      </trkpt>
      <trkpt lat="25.273465812206268310546875" lon="110.29254206456243991851806640625">
        <ele>152.1999969482421875</ele>
        <time>2025-11-15T11:22:13.000Z</time>
        <extensions>
          <ns3:TrackPointExtension>
            <ns3:hr>77</ns3:hr>
          </ns3:TrackPointExtension>
        </extensions>
      </trkpt>
      <trkpt lat="25.2734760381281375885009765625" lon="110.29254533350467681884765625">
        <ele>152.1999969482421875</ele>
        <time>2025-11-15T11:22:14.000Z</time>
        <extensions>
          <ns3:TrackPointExtension>
            <ns3:hr>77</ns3:hr>
          </ns3:TrackPointExtension>
        </extensions>
      </trkpt>
      <trkpt lat="25.27348869480192661285400390625" lon="110.29255061410367488861083984375">
        <ele>152.1999969482421875</ele>
        <time>2025-11-15T11:22:15.000Z</time>
        <extensions>
          <ns3:TrackPointExtension>
            <ns3:hr>76</ns3:hr>
          </ns3:TrackPointExtension>
        </extensions>
      </trkpt>
      <trkpt lat="25.2735008485615253448486328125" lon="110.29255446977913379669189453125">
        <ele>152.1999969482421875</ele>
        <time>2025-11-15T11:22:16.000Z</time>
        <extensions>
          <ns3:TrackPointExtension>
            <ns3:hr>76</ns3:hr>
          </ns3:TrackPointExtension>
        </extensions>
      </trkpt>
      <trkpt lat="25.2735119126737117767333984375" lon="110.29255983419716358184814453125">
        <ele>152.1999969482421875</ele>
        <time>2025-11-15T11:22:17.000Z</time>
        <extensions>
          <ns3:TrackPointExtension>
            <ns3:hr>76</ns3:hr>
          </ns3:TrackPointExtension>
        </extensions>
      </trkpt>
      <trkpt lat="25.27351970784366130828857421875" lon="110.29256754554808139801025390625">
        <ele>152</ele>
        <time>2025-11-15T11:22:18.000Z</time>
        <extensions>
          <ns3:TrackPointExtension>
            <ns3:hr>76</ns3:hr>
          </ns3:TrackPointExtension>
        </extensions>
      </trkpt>
      <trkpt lat="25.27353026904165744781494140625" lon="110.29257341288030147552490234375">
        <ele>152</ele>
        <time>2025-11-15T11:22:19.000Z</time>
        <extensions>
          <ns3:TrackPointExtension>
            <ns3:hr>77</ns3:hr>
          </ns3:TrackPointExtension>
        </extensions>
      </trkpt>
      <trkpt lat="25.273543260991573333740234375" lon="110.292576849460601806640625">
        <ele>152</ele>
        <time>2025-11-15T11:22:20.000Z</time>
        <extensions>
          <ns3:TrackPointExtension>
            <ns3:hr>76</ns3:hr>
          </ns3:TrackPointExtension>
        </extensions>
      </trkpt>
      <trkpt lat="25.273557342588901519775390625" lon="110.29258196242153644561767578125">
        <ele>152</ele>
        <time>2025-11-15T11:22:21.000Z</time>
        <extensions>
          <ns3:TrackPointExtension>
            <ns3:hr>76</ns3:hr>
          </ns3:TrackPointExtension>
        </extensions>
      </trkpt>
      <trkpt lat="25.27356706559658050537109375" lon="110.29259135015308856964111328125">
        <ele>152</ele>
        <time>2025-11-15T11:22:22.000Z</time>
        <extensions>
          <ns3:TrackPointExtension>
            <ns3:hr>76</ns3:hr>
          </ns3:TrackPointExtension>
        </extensions>
      </trkpt>
      <trkpt lat="25.27357653714716434478759765625" lon="110.292596630752086639404296875">
        <ele>152</ele>
        <time>2025-11-15T11:22:23.000Z</time>
        <extensions>
          <ns3:TrackPointExtension>
            <ns3:hr>77</ns3:hr>
          </ns3:TrackPointExtension>
        </extensions>
      </trkpt>
      <trkpt lat="25.273584835231304168701171875" lon="110.2926038391888141632080078125">
        <ele>152</ele>
        <time>2025-11-15T11:22:24.000Z</time>
        <extensions>
          <ns3:TrackPointExtension>
            <ns3:hr>76</ns3:hr>
          </ns3:TrackPointExtension>
        </extensions>
      </trkpt>
      <trkpt lat="25.27359531261026859283447265625" lon="110.2926118858158588409423828125">
        <ele>152</ele>
        <time>2025-11-15T11:22:25.000Z</time>
        <extensions>
          <ns3:TrackPointExtension>
            <ns3:hr>76</ns3:hr>
          </ns3:TrackPointExtension>
        </extensions>
      </trkpt>
      <trkpt lat="25.27360520325601100921630859375" lon="110.29261766932904720306396484375">
        <ele>152</ele>
        <time>2025-11-15T11:22:26.000Z</time>
        <extensions>
          <ns3:TrackPointExtension>
            <ns3:hr>76</ns3:hr>
          </ns3:TrackPointExtension>
        </extensions>
      </trkpt>
      <trkpt lat="25.27361509390175342559814453125" lon="110.2926236204802989959716796875">
        <ele>152</ele>
        <time>2025-11-15T11:22:27.000Z</time>
        <extensions>
          <ns3:TrackPointExtension>
            <ns3:hr>76</ns3:hr>
          </ns3:TrackPointExtension>
        </extensions>
      </trkpt>
      <trkpt lat="25.2736227214336395263671875" lon="110.29263250529766082763671875">
        <ele>152</ele>
        <time>2025-11-15T11:22:28.000Z</time>
        <extensions>
          <ns3:TrackPointExtension>
            <ns3:hr>76</ns3:hr>
          </ns3:TrackPointExtension>
        </extensions>
      </trkpt>
      <trkpt lat="25.27362934313714504241943359375" lon="110.2926430664956569671630859375">
        <ele>152</ele>
        <time>2025-11-15T11:22:29.000Z</time>
        <extensions>
          <ns3:TrackPointExtension>
            <ns3:hr>75</ns3:hr>
          </ns3:TrackPointExtension>
        </extensions>
      </trkpt>
      <trkpt lat="25.27363504283130168914794921875" lon="110.29265421442687511444091796875">
        <ele>152</ele>
        <time>2025-11-15T11:22:30.000Z</time>
        <extensions>
          <ns3:TrackPointExtension>
            <ns3:hr>74</ns3:hr>
          </ns3:TrackPointExtension>
        </extensions>
      </trkpt>
      <trkpt lat="25.27364158071577548980712890625" lon="110.292667709290981292724609375">
        <ele>152</ele>
        <time>2025-11-15T11:22:31.000Z</time>
        <extensions>
          <ns3:TrackPointExtension>
            <ns3:hr>74</ns3:hr>
          </ns3:TrackPointExtension>
        </extensions>
      </trkpt>
      <trkpt lat="25.273650549352169036865234375" lon="110.2926826290786266326904296875">
        <ele>152.1999969482421875</ele>
        <time>2025-11-15T11:22:32.000Z</time>
        <extensions>
          <ns3:TrackPointExtension>
            <ns3:hr>74</ns3:hr>
          </ns3:TrackPointExtension>
        </extensions>
      </trkpt>
      <trkpt lat="25.273655913770198822021484375" lon="110.292694866657257080078125">
        <ele>152.1999969482421875</ele>
        <time>2025-11-15T11:22:33.000Z</time>
        <extensions>
          <ns3:TrackPointExtension>
            <ns3:hr>74</ns3:hr>
          </ns3:TrackPointExtension>
        </extensions>
      </trkpt>
      <trkpt lat="25.27366136200726032257080078125" lon="110.2927050925791263580322265625">
        <ele>152</ele>
        <time>2025-11-15T11:22:34.000Z</time>
        <extensions>
          <ns3:TrackPointExtension>
            <ns3:hr>74</ns3:hr>
          </ns3:TrackPointExtension>
        </extensions>
      </trkpt>
      <trkpt lat="25.27366672642529010772705078125" lon="110.29272059909999370574951171875">
        <ele>152</ele>
        <time>2025-11-15T11:22:35.000Z</time>
        <extensions>
          <ns3:TrackPointExtension>
            <ns3:hr>74</ns3:hr>
          </ns3:TrackPointExtension>
        </extensions>
      </trkpt>
      <trkpt lat="25.27367276139557361602783203125" lon="110.292734764516353607177734375">
        <ele>152</ele>
        <time>2025-11-15T11:22:36.000Z</time>
        <extensions>
          <ns3:TrackPointExtension>
            <ns3:hr>74</ns3:hr>
          </ns3:TrackPointExtension>
        </extensions>
      </trkpt>
      <trkpt lat="25.2736812271177768707275390625" lon="110.2927470020949840545654296875">
        <ele>152</ele>
        <time>2025-11-15T11:22:37.000Z</time>
        <extensions>
          <ns3:TrackPointExtension>
            <ns3:hr>74</ns3:hr>
          </ns3:TrackPointExtension>
        </extensions>
      </trkpt>
      <trkpt lat="25.2736872620880603790283203125" lon="110.29276032932102680206298828125">
        <ele>152.1999969482421875</ele>
        <time>2025-11-15T11:22:38.000Z</time>
        <extensions>
          <ns3:TrackPointExtension>
            <ns3:hr>74</ns3:hr>
          </ns3:TrackPointExtension>
        </extensions>
      </trkpt>
      <trkpt lat="25.273693464696407318115234375" lon="110.2927744947373867034912109375">
        <ele>152.1999969482421875</ele>
        <time>2025-11-15T11:22:39.000Z</time>
        <extensions>
          <ns3:TrackPointExtension>
            <ns3:hr>74</ns3:hr>
          </ns3:TrackPointExtension>
        </extensions>
      </trkpt>
      <trkpt lat="25.27370025403797626495361328125" lon="110.292785055935382843017578125">
        <ele>152.1999969482421875</ele>
        <time>2025-11-15T11:22:40.000Z</time>
        <extensions>
          <ns3:TrackPointExtension>
            <ns3:hr>74</ns3:hr>
          </ns3:TrackPointExtension>
        </extensions>
      </trkpt>
      <trkpt lat="25.27370679192245006561279296875" lon="110.2927966229617595672607421875">
        <ele>152.1999969482421875</ele>
        <time>2025-11-15T11:22:41.000Z</time>
        <extensions>
          <ns3:TrackPointExtension>
            <ns3:hr>74</ns3:hr>
          </ns3:TrackPointExtension>
        </extensions>
      </trkpt>
      <trkpt lat="25.27371249161660671234130859375" lon="110.292805843055248260498046875">
        <ele>152.1999969482421875</ele>
        <time>2025-11-15T11:22:42.000Z</time>
        <extensions>
          <ns3:TrackPointExtension>
            <ns3:hr>74</ns3:hr>
          </ns3:TrackPointExtension>
        </extensions>
      </trkpt>
      <trkpt lat="25.273722298443317413330078125" lon="110.2928120456635951995849609375">
        <ele>152.1999969482421875</ele>
        <time>2025-11-15T11:22:43.000Z</time>
        <extensions>
          <ns3:TrackPointExtension>
            <ns3:hr>74</ns3:hr>
          </ns3:TrackPointExtension>
        </extensions>
      </trkpt>
      <trkpt lat="25.273731686174869537353515625" lon="110.29282067902386188507080078125">
        <ele>152.1999969482421875</ele>
        <time>2025-11-15T11:22:44.000Z</time>
        <extensions>
          <ns3:TrackPointExtension>
            <ns3:hr>74</ns3:hr>
          </ns3:TrackPointExtension>
        </extensions>
      </trkpt>
      <trkpt lat="25.27373881079256534576416015625" lon="110.2928274683654308319091796875">
        <ele>152.1999969482421875</ele>
        <time>2025-11-15T11:22:45.000Z</time>
        <extensions>
          <ns3:TrackPointExtension>
            <ns3:hr>73</ns3:hr>
          </ns3:TrackPointExtension>
        </extensions>
      </trkpt>
      <trkpt lat="25.27374551631510257720947265625" lon="110.2928358502686023712158203125">
        <ele>152.1999969482421875</ele>
        <time>2025-11-15T11:22:46.000Z</time>
        <extensions>
          <ns3:TrackPointExtension>
            <ns3:hr>72</ns3:hr>
          </ns3:TrackPointExtension>
        </extensions>
      </trkpt>
      <trkpt lat="25.27375406585633754730224609375" lon="110.29283844865858554840087890625">
        <ele>152.1999969482421875</ele>
        <time>2025-11-15T11:22:47.000Z</time>
        <extensions>
          <ns3:TrackPointExtension>
            <ns3:hr>72</ns3:hr>
          </ns3:TrackPointExtension>
        </extensions>
      </trkpt>
      <trkpt lat="25.27376554906368255615234375" lon="110.29284046031534671783447265625">
        <ele>152.1999969482421875</ele>
        <time>2025-11-15T11:22:48.000Z</time>
        <extensions>
          <ns3:TrackPointExtension>
            <ns3:hr>72</ns3:hr>
          </ns3:TrackPointExtension>
        </extensions>
      </trkpt>
      <trkpt lat="25.27377736754715442657470703125" lon="110.292845405638217926025390625">
        <ele>152.1999969482421875</ele>
        <time>2025-11-15T11:22:49.000Z</time>
        <extensions>
          <ns3:TrackPointExtension>
            <ns3:hr>72</ns3:hr>
          </ns3:TrackPointExtension>
        </extensions>
      </trkpt>
      <trkpt lat="25.2737863361835479736328125" lon="110.29285202734172344207763671875">
        <ele>152.1999969482421875</ele>
        <time>2025-11-15T11:22:50.000Z</time>
        <extensions>
          <ns3:TrackPointExtension>
            <ns3:hr>72</ns3:hr>
          </ns3:TrackPointExtension>
        </extensions>
      </trkpt>
      <trkpt lat="25.27379396371543407440185546875" lon="110.2928656898438930511474609375">
        <ele>152.1999969482421875</ele>
        <time>2025-11-15T11:22:51.000Z</time>
        <extensions>
          <ns3:TrackPointExtension>
            <ns3:hr>73</ns3:hr>
          </ns3:TrackPointExtension>
        </extensions>
      </trkpt>
      <trkpt lat="25.27379882521927356719970703125" lon="110.29287985526025295257568359375">
        <ele>152.1999969482421875</ele>
        <time>2025-11-15T11:22:52.000Z</time>
        <extensions>
          <ns3:TrackPointExtension>
            <ns3:hr>73</ns3:hr>
          </ns3:TrackPointExtension>
        </extensions>
      </trkpt>
      <trkpt lat="25.27380100451409816741943359375" lon="110.29289158992469310760498046875">
        <ele>152.1999969482421875</ele>
        <time>2025-11-15T11:22:53.000Z</time>
        <extensions>
          <ns3:TrackPointExtension>
            <ns3:hr>73</ns3:hr>
          </ns3:TrackPointExtension>
        </extensions>
      </trkpt>
      <trkpt lat="25.27379932813346385955810546875" lon="110.29290231876075267791748046875">
        <ele>152.1999969482421875</ele>
        <time>2025-11-15T11:22:54.000Z</time>
        <extensions>
          <ns3:TrackPointExtension>
            <ns3:hr>73</ns3:hr>
          </ns3:TrackPointExtension>
        </extensions>
      </trkpt>
      <trkpt lat="25.27379698120057582855224609375" lon="110.29291422106325626373291015625">
        <ele>152.1999969482421875</ele>
        <time>2025-11-15T11:22:55.000Z</time>
        <extensions>
          <ns3:TrackPointExtension>
            <ns3:hr>72</ns3:hr>
          </ns3:TrackPointExtension>
        </extensions>
      </trkpt>
      <trkpt lat="25.27379983104765415191650390625" lon="110.292921848595142364501953125">
        <ele>152.1999969482421875</ele>
        <time>2025-11-15T11:22:56.000Z</time>
        <extensions>
          <ns3:TrackPointExtension>
            <ns3:hr>73</ns3:hr>
          </ns3:TrackPointExtension>
        </extensions>
      </trkpt>
      <trkpt lat="25.27380452491343021392822265625" lon="110.292930565774440765380859375">
        <ele>152.1999969482421875</ele>
        <time>2025-11-15T11:22:57.000Z</time>
        <extensions>
          <ns3:TrackPointExtension>
            <ns3:hr>73</ns3:hr>
          </ns3:TrackPointExtension>
        </extensions>
      </trkpt>
      <trkpt lat="25.27380720712244510650634765625" lon="110.2929374389350414276123046875">
        <ele>152.1999969482421875</ele>
        <time>2025-11-15T11:22:58.000Z</time>
        <extensions>
          <ns3:TrackPointExtension>
            <ns3:hr>73</ns3:hr>
          </ns3:TrackPointExtension>
        </extensions>
      </trkpt>
      <trkpt lat="25.27380804531276226043701171875" lon="110.29294959269464015960693359375">
        <ele>152.1999969482421875</ele>
        <time>2025-11-15T11:22:59.000Z</time>
        <extensions>
          <ns3:TrackPointExtension>
            <ns3:hr>73</ns3:hr>
          </ns3:TrackPointExtension>
        </extensions>
      </trkpt>
      <trkpt lat="25.2738113142549991607666015625" lon="110.292958058416843414306640625">
        <ele>152.1999969482421875</ele>
        <time>2025-11-15T11:23:00.000Z</time>
        <extensions>
          <ns3:TrackPointExtension>
            <ns3:hr>73</ns3:hr>
          </ns3:TrackPointExtension>
        </extensions>
      </trkpt>
      <trkpt lat="25.273812152445316314697265625" lon="110.29296836815774440765380859375">
        <ele>152.1999969482421875</ele>
        <time>2025-11-15T11:23:01.000Z</time>
        <extensions>
          <ns3:TrackPointExtension>
            <ns3:hr>72</ns3:hr>
          </ns3:TrackPointExtension>
        </extensions>
      </trkpt>
      <trkpt lat="25.273813493549823760986328125" lon="110.29297842644155025482177734375">
        <ele>152.1999969482421875</ele>
        <time>2025-11-15T11:23:02.000Z</time>
        <extensions>
          <ns3:TrackPointExtension>
            <ns3:hr>73</ns3:hr>
          </ns3:TrackPointExtension>
        </extensions>
      </trkpt>
      <trkpt lat="25.2738131582736968994140625" lon="110.29299351386725902557373046875">
        <ele>152.1999969482421875</ele>
        <time>2025-11-15T11:23:03.000Z</time>
        <extensions>
          <ns3:TrackPointExtension>
            <ns3:hr>73</ns3:hr>
          </ns3:TrackPointExtension>
        </extensions>
      </trkpt>
      <trkpt lat="25.273813493549823760986328125" lon="110.2930100262165069580078125">
        <ele>152.1999969482421875</ele>
        <time>2025-11-15T11:23:04.000Z</time>
        <extensions>
          <ns3:TrackPointExtension>
            <ns3:hr>73</ns3:hr>
          </ns3:TrackPointExtension>
        </extensions>
      </trkpt>
      <trkpt lat="25.27381106279790401458740234375" lon="110.293023772537708282470703125">
        <ele>152.1999969482421875</ele>
        <time>2025-11-15T11:23:05.000Z</time>
        <extensions>
          <ns3:TrackPointExtension>
            <ns3:hr>73</ns3:hr>
          </ns3:TrackPointExtension>
        </extensions>
      </trkpt>
      <trkpt lat="25.27380771003663539886474609375" lon="110.29303617775440216064453125">
        <ele>152.1999969482421875</ele>
        <time>2025-11-15T11:23:06.000Z</time>
        <extensions>
          <ns3:TrackPointExtension>
            <ns3:hr>73</ns3:hr>
          </ns3:TrackPointExtension>
        </extensions>
      </trkpt>
      <trkpt lat="25.2738072909414768218994140625" lon="110.29304816387593746185302734375">
        <ele>152.1999969482421875</ele>
        <time>2025-11-15T11:23:07.000Z</time>
        <extensions>
          <ns3:TrackPointExtension>
            <ns3:hr>73</ns3:hr>
          </ns3:TrackPointExtension>
        </extensions>
      </trkpt>
      <trkpt lat="25.273813493549823760986328125" lon="110.2930611558258533477783203125">
        <ele>152.1999969482421875</ele>
        <time>2025-11-15T11:23:08.000Z</time>
        <extensions>
          <ns3:TrackPointExtension>
            <ns3:hr>73</ns3:hr>
          </ns3:TrackPointExtension>
        </extensions>
      </trkpt>
      <trkpt lat="25.27382321655750274658203125" lon="110.29307247139513492584228515625">
        <ele>152.1999969482421875</ele>
        <time>2025-11-15T11:23:09.000Z</time>
        <extensions>
          <ns3:TrackPointExtension>
            <ns3:hr>73</ns3:hr>
          </ns3:TrackPointExtension>
        </extensions>
      </trkpt>
      <trkpt lat="25.2738280780613422393798828125" lon="110.2930859662592411041259765625">
        <ele>152.1999969482421875</ele>
        <time>2025-11-15T11:23:10.000Z</time>
        <extensions>
          <ns3:TrackPointExtension>
            <ns3:hr>72</ns3:hr>
          </ns3:TrackPointExtension>
        </extensions>
      </trkpt>
      <trkpt lat="25.273834951221942901611328125" lon="110.29309644363820552825927734375">
        <ele>152.1999969482421875</ele>
        <time>2025-11-15T11:23:11.000Z</time>
        <extensions>
          <ns3:TrackPointExtension>
            <ns3:hr>73</ns3:hr>
          </ns3:TrackPointExtension>
        </extensions>
      </trkpt>
      <trkpt lat="25.2738424949347972869873046875" lon="110.293111614882946014404296875">
        <ele>152.1999969482421875</ele>
        <time>2025-11-15T11:23:12.000Z</time>
        <extensions>
          <ns3:TrackPointExtension>
            <ns3:hr>73</ns3:hr>
          </ns3:TrackPointExtension>
        </extensions>
      </trkpt>
      <trkpt lat="25.2738475240767002105712890625" lon="110.2931215055286884307861328125">
        <ele>152.1999969482421875</ele>
        <time>2025-11-15T11:23:13.000Z</time>
        <extensions>
          <ns3:TrackPointExtension>
            <ns3:hr>73</ns3:hr>
          </ns3:TrackPointExtension>
        </extensions>
      </trkpt>
      <trkpt lat="25.273853056132793426513671875" lon="110.29313064180314540863037109375">
        <ele>152.1999969482421875</ele>
        <time>2025-11-15T11:23:14.000Z</time>
        <extensions>
          <ns3:TrackPointExtension>
            <ns3:hr>73</ns3:hr>
          </ns3:TrackPointExtension>
        </extensions>
      </trkpt>
      <trkpt lat="25.2738555707037448883056640625" lon="110.2931416220963001251220703125">
        <ele>152.1999969482421875</ele>
        <time>2025-11-15T11:23:15.000Z</time>
        <extensions>
          <ns3:TrackPointExtension>
            <ns3:hr>74</ns3:hr>
          </ns3:TrackPointExtension>
        </extensions>
      </trkpt>
      <trkpt lat="25.27385850436985492706298828125" lon="110.29315293766558170318603515625">
        <ele>152.1999969482421875</ele>
        <time>2025-11-15T11:23:16.000Z</time>
        <extensions>
          <ns3:TrackPointExtension>
            <ns3:hr>73</ns3:hr>
          </ns3:TrackPointExtension>
        </extensions>
      </trkpt>
      <trkpt lat="25.273857414722442626953125" lon="110.29316425323486328125">
        <ele>152.1999969482421875</ele>
        <time>2025-11-15T11:23:17.000Z</time>
        <extensions>
          <ns3:TrackPointExtension>
            <ns3:hr>73</ns3:hr>
          </ns3:TrackPointExtension>
        </extensions>
      </trkpt>
      <trkpt lat="25.27385682798922061920166015625" lon="110.2931790053844451904296875">
        <ele>152.1999969482421875</ele>
        <time>2025-11-15T11:23:18.000Z</time>
        <extensions>
          <ns3:TrackPointExtension>
            <ns3:hr>73</ns3:hr>
          </ns3:TrackPointExtension>
        </extensions>
      </trkpt>
      <trkpt lat="25.27385833673179149627685546875" lon="110.29319283552467823028564453125">
        <ele>152.1999969482421875</ele>
        <time>2025-11-15T11:23:19.000Z</time>
        <extensions>
          <ns3:TrackPointExtension>
            <ns3:hr>73</ns3:hr>
          </ns3:TrackPointExtension>
        </extensions>
      </trkpt>
      <trkpt lat="25.2738619409501552581787109375" lon="110.29320591129362583160400390625">
        <ele>152</ele>
        <time>2025-11-15T11:23:20.000Z</time>
        <extensions>
          <ns3:TrackPointExtension>
            <ns3:hr>73</ns3:hr>
          </ns3:TrackPointExtension>
        </extensions>
      </trkpt>
      <trkpt lat="25.27386613190174102783203125" lon="110.293218232691287994384765625">
        <ele>152</ele>
        <time>2025-11-15T11:23:21.000Z</time>
        <extensions>
          <ns3:TrackPointExtension>
            <ns3:hr>73</ns3:hr>
          </ns3:TrackPointExtension>
        </extensions>
      </trkpt>
      <trkpt lat="25.27386940084397792816162109375" lon="110.29322954826056957244873046875">
        <ele>152</ele>
        <time>2025-11-15T11:23:22.000Z</time>
        <extensions>
          <ns3:TrackPointExtension>
            <ns3:hr>72</ns3:hr>
          </ns3:TrackPointExtension>
        </extensions>
      </trkpt>
      <trkpt lat="25.273873172700405120849609375" lon="110.2932415343821048736572265625">
        <ele>152</ele>
        <time>2025-11-15T11:23:23.000Z</time>
        <extensions>
          <ns3:TrackPointExtension>
            <ns3:hr>73</ns3:hr>
          </ns3:TrackPointExtension>
        </extensions>
      </trkpt>
      <trkpt lat="25.27387660928070545196533203125" lon="110.2932519279420375823974609375">
        <ele>152</ele>
        <time>2025-11-15T11:23:24.000Z</time>
        <extensions>
          <ns3:TrackPointExtension>
            <ns3:hr>72</ns3:hr>
          </ns3:TrackPointExtension>
        </extensions>
      </trkpt>
      <trkpt lat="25.27388633228838443756103515625" lon="110.29325754381716251373291015625">
        <ele>152</ele>
        <time>2025-11-15T11:23:25.000Z</time>
        <extensions>
          <ns3:TrackPointExtension>
            <ns3:hr>72</ns3:hr>
          </ns3:TrackPointExtension>
        </extensions>
      </trkpt>
      <trkpt lat="25.2738954685628414154052734375" lon="110.29326424933969974517822265625">
        <ele>152</ele>
        <time>2025-11-15T11:23:26.000Z</time>
        <extensions>
          <ns3:TrackPointExtension>
            <ns3:hr>72</ns3:hr>
          </ns3:TrackPointExtension>
        </extensions>
      </trkpt>
      <trkpt lat="25.2739031799137592315673828125" lon="110.293272547423839569091796875">
        <ele>152</ele>
        <time>2025-11-15T11:23:27.000Z</time>
        <extensions>
          <ns3:TrackPointExtension>
            <ns3:hr>73</ns3:hr>
          </ns3:TrackPointExtension>
        </extensions>
      </trkpt>
      <trkpt lat="25.2739082090556621551513671875" lon="110.2932831086218357086181640625">
        <ele>152</ele>
        <time>2025-11-15T11:23:28.000Z</time>
        <extensions>
          <ns3:TrackPointExtension>
            <ns3:hr>72</ns3:hr>
          </ns3:TrackPointExtension>
        </extensions>
      </trkpt>
      <trkpt lat="25.273915417492389678955078125" lon="110.2932847850024700164794921875">
        <ele>152</ele>
        <time>2025-11-15T11:23:29.000Z</time>
        <extensions>
          <ns3:TrackPointExtension>
            <ns3:hr>72</ns3:hr>
          </ns3:TrackPointExtension>
        </extensions>
      </trkpt>
      <trkpt lat="25.27392379939556121826171875" lon="110.293290317058563232421875">
        <ele>152</ele>
        <time>2025-11-15T11:23:30.000Z</time>
        <extensions>
          <ns3:TrackPointExtension>
            <ns3:hr>72</ns3:hr>
          </ns3:TrackPointExtension>
        </extensions>
      </trkpt>
      <trkpt lat="25.27393008582293987274169921875" lon="110.29329098761081695556640625">
        <ele>152</ele>
        <time>2025-11-15T11:23:31.000Z</time>
        <extensions>
          <ns3:TrackPointExtension>
            <ns3:hr>71</ns3:hr>
          </ns3:TrackPointExtension>
        </extensions>
      </trkpt>
      <trkpt lat="25.27393947355449199676513671875" lon="110.2932945080101490020751953125">
        <ele>152</ele>
        <time>2025-11-15T11:23:32.000Z</time>
        <extensions>
          <ns3:TrackPointExtension>
            <ns3:hr>71</ns3:hr>
          </ns3:TrackPointExtension>
        </extensions>
      </trkpt>
      <trkpt lat="25.27394735254347324371337890625" lon="110.2933032251894474029541015625">
        <ele>152</ele>
        <time>2025-11-15T11:23:33.000Z</time>
        <extensions>
          <ns3:TrackPointExtension>
            <ns3:hr>70</ns3:hr>
          </ns3:TrackPointExtension>
        </extensions>
      </trkpt>
      <trkpt lat="25.27395338751375675201416015625" lon="110.293311774730682373046875">
        <ele>152</ele>
        <time>2025-11-15T11:23:34.000Z</time>
        <extensions>
          <ns3:TrackPointExtension>
            <ns3:hr>70</ns3:hr>
          </ns3:TrackPointExtension>
        </extensions>
      </trkpt>
      <trkpt lat="25.27395841665565967559814453125" lon="110.2933209948241710662841796875">
        <ele>152</ele>
        <time>2025-11-15T11:23:35.000Z</time>
        <extensions>
          <ns3:TrackPointExtension>
            <ns3:hr>70</ns3:hr>
          </ns3:TrackPointExtension>
        </extensions>
      </trkpt>
      <trkpt lat="25.273966379463672637939453125" lon="110.29333063401281833648681640625">
        <ele>152</ele>
        <time>2025-11-15T11:23:36.000Z</time>
        <extensions>
          <ns3:TrackPointExtension>
            <ns3:hr>69</ns3:hr>
          </ns3:TrackPointExtension>
        </extensions>
      </trkpt>
      <trkpt lat="25.2739725820720195770263671875" lon="110.2933357469737529754638671875">
        <ele>152</ele>
        <time>2025-11-15T11:23:37.000Z</time>
        <extensions>
          <ns3:TrackPointExtension>
            <ns3:hr>69</ns3:hr>
          </ns3:TrackPointExtension>
        </extensions>
      </trkpt>
      <trkpt lat="25.27397476136684417724609375" lon="110.29332862235605716705322265625">
        <ele>152</ele>
        <time>2025-11-15T11:23:38.000Z</time>
        <extensions>
          <ns3:TrackPointExtension>
            <ns3:hr>69</ns3:hr>
          </ns3:TrackPointExtension>
        </extensions>
      </trkpt>
      <trkpt lat="25.27398071251809597015380859375" lon="110.293334908783435821533203125">
        <ele>152</ele>
        <time>2025-11-15T11:23:39.000Z</time>
        <extensions>
          <ns3:TrackPointExtension>
            <ns3:hr>69</ns3:hr>
          </ns3:TrackPointExtension>
        </extensions>
      </trkpt>
      <trkpt lat="25.27398792095482349395751953125" lon="110.29334060847759246826171875">
        <ele>152</ele>
        <time>2025-11-15T11:23:40.000Z</time>
        <extensions>
          <ns3:TrackPointExtension>
            <ns3:hr>69</ns3:hr>
          </ns3:TrackPointExtension>
        </extensions>
      </trkpt>
      <trkpt lat="25.27398892678320407867431640625" lon="110.29334454797208309173583984375">
        <ele>152</ele>
        <time>2025-11-15T11:23:41.000Z</time>
        <extensions>
          <ns3:TrackPointExtension>
            <ns3:hr>68</ns3:hr>
          </ns3:TrackPointExtension>
        </extensions>
      </trkpt>
      <trkpt lat="25.27399278245866298675537109375" lon="110.2933555282652378082275390625">
        <ele>152</ele>
        <time>2025-11-15T11:23:42.000Z</time>
        <extensions>
          <ns3:TrackPointExtension>
            <ns3:hr>68</ns3:hr>
          </ns3:TrackPointExtension>
        </extensions>
      </trkpt>
      <trkpt lat="25.27400158345699310302734375" lon="110.29336214996874332427978515625">
        <ele>152</ele>
        <time>2025-11-15T11:23:43.000Z</time>
        <extensions>
          <ns3:TrackPointExtension>
            <ns3:hr>68</ns3:hr>
          </ns3:TrackPointExtension>
        </extensions>
      </trkpt>
      <trkpt lat="25.274008624255657196044921875" lon="110.2933669276535511016845703125">
        <ele>152</ele>
        <time>2025-11-15T11:23:44.000Z</time>
        <extensions>
          <ns3:TrackPointExtension>
            <ns3:hr>68</ns3:hr>
          </ns3:TrackPointExtension>
        </extensions>
      </trkpt>
      <trkpt lat="25.2740138210356235504150390625" lon="110.29336952604353427886962890625">
        <ele>152</ele>
        <time>2025-11-15T11:23:45.000Z</time>
        <extensions>
          <ns3:TrackPointExtension>
            <ns3:hr>68</ns3:hr>
          </ns3:TrackPointExtension>
        </extensions>
      </trkpt>
      <trkpt lat="25.27402061037719249725341796875" lon="110.2933706156909465789794921875">
        <ele>152</ele>
        <time>2025-11-15T11:23:46.000Z</time>
        <extensions>
          <ns3:TrackPointExtension>
            <ns3:hr>67</ns3:hr>
          </ns3:TrackPointExtension>
        </extensions>
      </trkpt>
      <trkpt lat="25.2740299142897129058837890625" lon="110.293367765843868255615234375">
        <ele>152</ele>
        <time>2025-11-15T11:23:47.000Z</time>
        <extensions>
          <ns3:TrackPointExtension>
            <ns3:hr>67</ns3:hr>
          </ns3:TrackPointExtension>
        </extensions>
      </trkpt>
      <trkpt lat="25.2740416489541530609130859375" lon="110.2933659218251705169677734375">
        <ele>152</ele>
        <time>2025-11-15T11:23:48.000Z</time>
        <extensions>
          <ns3:TrackPointExtension>
            <ns3:hr>67</ns3:hr>
          </ns3:TrackPointExtension>
        </extensions>
      </trkpt>
      <trkpt lat="25.2740426547825336456298828125" lon="110.2933689393103122711181640625">
        <ele>152</ele>
        <time>2025-11-15T11:23:49.000Z</time>
        <extensions>
          <ns3:TrackPointExtension>
            <ns3:hr>67</ns3:hr>
          </ns3:TrackPointExtension>
        </extensions>
      </trkpt>
      <trkpt lat="25.274042822420597076416015625" lon="110.29336877167224884033203125">
        <ele>151.8000030517578125</ele>
        <time>2025-11-15T11:23:50.000Z</time>
        <extensions>
          <ns3:TrackPointExtension>
            <ns3:hr>66</ns3:hr>
          </ns3:TrackPointExtension>
        </extensions>
      </trkpt>
      <trkpt lat="25.27405598200857639312744140625" lon="110.29336919076740741729736328125">
        <ele>151.8000030517578125</ele>
        <time>2025-11-15T11:23:51.000Z</time>
        <extensions>
          <ns3:TrackPointExtension>
            <ns3:hr>66</ns3:hr>
          </ns3:TrackPointExtension>
        </extensions>
      </trkpt>
      <trkpt lat="25.27406788431107997894287109375" lon="110.2933659218251705169677734375">
        <ele>151.8000030517578125</ele>
        <time>2025-11-15T11:23:52.000Z</time>
        <extensions>
          <ns3:TrackPointExtension>
            <ns3:hr>66</ns3:hr>
          </ns3:TrackPointExtension>
        </extensions>
      </trkpt>
      <trkpt lat="25.27407961897552013397216796875" lon="110.29336231760680675506591796875">
        <ele>151.8000030517578125</ele>
        <time>2025-11-15T11:23:53.000Z</time>
        <extensions>
          <ns3:TrackPointExtension>
            <ns3:hr>66</ns3:hr>
          </ns3:TrackPointExtension>
        </extensions>
      </trkpt>
      <trkpt lat="25.27408548630774021148681640625" lon="110.29335645027458667755126953125">
        <ele>151.600006103515625</ele>
        <time>2025-11-15T11:23:54.000Z</time>
        <extensions>
          <ns3:TrackPointExtension>
            <ns3:hr>66</ns3:hr>
          </ns3:TrackPointExtension>
        </extensions>
      </trkpt>
      <trkpt lat="25.27409370057284832000732421875" lon="110.29335125349462032318115234375">
        <ele>151.600006103515625</ele>
        <time>2025-11-15T11:23:55.000Z</time>
        <extensions>
          <ns3:TrackPointExtension>
            <ns3:hr>65</ns3:hr>
          </ns3:TrackPointExtension>
        </extensions>
      </trkpt>
      <trkpt lat="25.2740999870002269744873046875" lon="110.29334924183785915374755859375">
        <ele>151.600006103515625</ele>
        <time>2025-11-15T11:23:56.000Z</time>
        <extensions>
          <ns3:TrackPointExtension>
            <ns3:hr>66</ns3:hr>
          </ns3:TrackPointExtension>
        </extensions>
      </trkpt>
      <trkpt lat="25.27410744689404964447021484375" lon="110.29334194958209991455078125">
        <ele>151.600006103515625</ele>
        <time>2025-11-15T11:23:57.000Z</time>
        <extensions>
          <ns3:TrackPointExtension>
            <ns3:hr>66</ns3:hr>
          </ns3:TrackPointExtension>
        </extensions>
      </trkpt>
      <trkpt lat="25.274111889302730560302734375" lon="110.293338261544704437255859375">
        <ele>151.600006103515625</ele>
        <time>2025-11-15T11:23:58.000Z</time>
        <extensions>
          <ns3:TrackPointExtension>
            <ns3:hr>66</ns3:hr>
          </ns3:TrackPointExtension>
        </extensions>
      </trkpt>
      <trkpt lat="25.27411800809204578399658203125" lon="110.29333214275538921356201171875">
        <ele>151.600006103515625</ele>
        <time>2025-11-15T11:23:59.000Z</time>
        <extensions>
          <ns3:TrackPointExtension>
            <ns3:hr>66</ns3:hr>
          </ns3:TrackPointExtension>
        </extensions>
      </trkpt>
      <trkpt lat="25.2741177566349506378173828125" lon="110.29332719743251800537109375">
        <ele>151.8000030517578125</ele>
        <time>2025-11-15T11:24:00.000Z</time>
        <extensions>
          <ns3:TrackPointExtension>
            <ns3:hr>66</ns3:hr>
          </ns3:TrackPointExtension>
        </extensions>
      </trkpt>
      <trkpt lat="25.2741147391498088836669921875" lon="110.29332258738577365875244140625">
        <ele>151.8000030517578125</ele>
        <time>2025-11-15T11:24:01.000Z</time>
        <extensions>
          <ns3:TrackPointExtension>
            <ns3:hr>66</ns3:hr>
          </ns3:TrackPointExtension>
        </extensions>
      </trkpt>
      <trkpt lat="25.274109877645969390869140625" lon="110.293318815529346466064453125">
        <ele>151.8000030517578125</ele>
        <time>2025-11-15T11:24:02.000Z</time>
        <extensions>
          <ns3:TrackPointExtension>
            <ns3:hr>66</ns3:hr>
          </ns3:TrackPointExtension>
        </extensions>
      </trkpt>
      <trkpt lat="25.27410560287535190582275390625" lon="110.29330548830330371856689453125">
        <ele>151.8000030517578125</ele>
        <time>2025-11-15T11:24:03.000Z</time>
        <extensions>
          <ns3:TrackPointExtension>
            <ns3:hr>66</ns3:hr>
          </ns3:TrackPointExtension>
        </extensions>
      </trkpt>
      <trkpt lat="25.274101160466670989990234375" lon="110.2932997047901153564453125">
        <ele>151.8000030517578125</ele>
        <time>2025-11-15T11:24:04.000Z</time>
        <extensions>
          <ns3:TrackPointExtension>
            <ns3:hr>66</ns3:hr>
          </ns3:TrackPointExtension>
        </extensions>
      </trkpt>
      <trkpt lat="25.27410174719989299774169921875" lon="110.2932961843907833099365234375">
        <ele>151.8000030517578125</ele>
        <time>2025-11-15T11:24:05.000Z</time>
        <extensions>
          <ns3:TrackPointExtension>
            <ns3:hr>65</ns3:hr>
          </ns3:TrackPointExtension>
        </extensions>
      </trkpt>
      <trkpt lat="25.27409889735281467437744140625" lon="110.29328738339245319366455078125">
        <ele>151.8000030517578125</ele>
        <time>2025-11-15T11:24:06.000Z</time>
        <extensions>
          <ns3:TrackPointExtension>
            <ns3:hr>65</ns3:hr>
          </ns3:TrackPointExtension>
        </extensions>
      </trkpt>
      <trkpt lat="25.27409504167735576629638671875" lon="110.293275900185108184814453125">
        <ele>151.8000030517578125</ele>
        <time>2025-11-15T11:24:07.000Z</time>
        <extensions>
          <ns3:TrackPointExtension>
            <ns3:hr>66</ns3:hr>
          </ns3:TrackPointExtension>
        </extensions>
      </trkpt>
      <trkpt lat="25.27409638278186321258544921875" lon="110.29326743446290493011474609375">
        <ele>151.8000030517578125</ele>
        <time>2025-11-15T11:24:08.000Z</time>
        <extensions>
          <ns3:TrackPointExtension>
            <ns3:hr>66</ns3:hr>
          </ns3:TrackPointExtension>
        </extensions>
      </trkpt>
      <trkpt lat="25.27409755624830722808837890625" lon="110.29325880110263824462890625">
        <ele>151.8000030517578125</ele>
        <time>2025-11-15T11:24:09.000Z</time>
        <extensions>
          <ns3:TrackPointExtension>
            <ns3:hr>66</ns3:hr>
          </ns3:TrackPointExtension>
        </extensions>
      </trkpt>
      <trkpt lat="25.2741063572466373443603515625" lon="110.29324941337108612060546875">
        <ele>151.8000030517578125</ele>
        <time>2025-11-15T11:24:10.000Z</time>
        <extensions>
          <ns3:TrackPointExtension>
            <ns3:hr>66</ns3:hr>
          </ns3:TrackPointExtension>
        </extensions>
      </trkpt>
      <trkpt lat="25.2741154097020626068115234375" lon="110.2932368405163288116455078125">
        <ele>151.8000030517578125</ele>
        <time>2025-11-15T11:24:11.000Z</time>
        <extensions>
          <ns3:TrackPointExtension>
            <ns3:hr>66</ns3:hr>
          </ns3:TrackPointExtension>
        </extensions>
      </trkpt>
      <trkpt lat="25.2741207741200923919677734375" lon="110.29322686605155467987060546875">
        <ele>152</ele>
        <time>2025-11-15T11:24:12.000Z</time>
        <extensions>
          <ns3:TrackPointExtension>
            <ns3:hr>65</ns3:hr>
          </ns3:TrackPointExtension>
        </extensions>
      </trkpt>
      <trkpt lat="25.2741244621574878692626953125" lon="110.29322284273803234100341796875">
        <ele>152</ele>
        <time>2025-11-15T11:24:13.000Z</time>
        <extensions>
          <ns3:TrackPointExtension>
            <ns3:hr>66</ns3:hr>
          </ns3:TrackPointExtension>
        </extensions>
      </trkpt>
      <trkpt lat="25.27412622235715389251708984375" lon="110.29321881942451000213623046875">
        <ele>152</ele>
        <time>2025-11-15T11:24:14.000Z</time>
        <extensions>
          <ns3:TrackPointExtension>
            <ns3:hr>65</ns3:hr>
          </ns3:TrackPointExtension>
        </extensions>
      </trkpt>
      <trkpt lat="25.27412571944296360015869140625" lon="110.2932103537023067474365234375">
        <ele>152</ele>
        <time>2025-11-15T11:24:15.000Z</time>
        <extensions>
          <ns3:TrackPointExtension>
            <ns3:hr>65</ns3:hr>
          </ns3:TrackPointExtension>
        </extensions>
      </trkpt>
      <trkpt lat="25.27412270195782184600830078125" lon="110.29320356436073780059814453125">
        <ele>152</ele>
        <time>2025-11-15T11:24:16.000Z</time>
        <extensions>
          <ns3:TrackPointExtension>
            <ns3:hr>65</ns3:hr>
          </ns3:TrackPointExtension>
        </extensions>
      </trkpt>
      <trkpt lat="25.274119935929775238037109375" lon="110.2931992895901203155517578125">
        <ele>152</ele>
        <time>2025-11-15T11:24:17.000Z</time>
        <extensions>
          <ns3:TrackPointExtension>
            <ns3:hr>65</ns3:hr>
          </ns3:TrackPointExtension>
        </extensions>
      </trkpt>
      <trkpt lat="25.27412354014813899993896484375" lon="110.29318478889763355255126953125">
        <ele>152</ele>
        <time>2025-11-15T11:24:18.000Z</time>
        <extensions>
          <ns3:TrackPointExtension>
            <ns3:hr>66</ns3:hr>
          </ns3:TrackPointExtension>
        </extensions>
      </trkpt>
      <trkpt lat="25.2741258032619953155517578125" lon="110.293178670108318328857421875">
        <ele>152</ele>
        <time>2025-11-15T11:24:19.000Z</time>
        <extensions>
          <ns3:TrackPointExtension>
            <ns3:hr>66</ns3:hr>
          </ns3:TrackPointExtension>
        </extensions>
      </trkpt>
      <trkpt lat="25.274125970900058746337890625" lon="110.2931768260896205902099609375">
        <ele>152</ele>
        <time>2025-11-15T11:24:20.000Z</time>
        <extensions>
          <ns3:TrackPointExtension>
            <ns3:hr>66</ns3:hr>
          </ns3:TrackPointExtension>
        </extensions>
      </trkpt>
      <trkpt lat="25.27412588708102703094482421875" lon="110.29317674227058887481689453125">
        <ele>152</ele>
        <time>2025-11-15T11:24:21.000Z</time>
        <extensions>
          <ns3:TrackPointExtension>
            <ns3:hr>66</ns3:hr>
          </ns3:TrackPointExtension>
        </extensions>
      </trkpt>
      <trkpt lat="25.27412362396717071533203125" lon="110.2931667678058147430419921875">
        <ele>152</ele>
        <time>2025-11-15T11:24:22.000Z</time>
        <extensions>
          <ns3:TrackPointExtension>
            <ns3:hr>66</ns3:hr>
          </ns3:TrackPointExtension>
        </extensions>
      </trkpt>
      <trkpt lat="25.2741227857768535614013671875" lon="110.29315528459846973419189453125">
        <ele>152</ele>
        <time>2025-11-15T11:24:23.000Z</time>
        <extensions>
          <ns3:TrackPointExtension>
            <ns3:hr>66</ns3:hr>
          </ns3:TrackPointExtension>
        </extensions>
      </trkpt>
      <trkpt lat="25.2741231210529804229736328125" lon="110.2931489981710910797119140625">
        <ele>152</ele>
        <time>2025-11-15T11:24:24.000Z</time>
        <extensions>
          <ns3:TrackPointExtension>
            <ns3:hr>65</ns3:hr>
          </ns3:TrackPointExtension>
        </extensions>
      </trkpt>
      <trkpt lat="25.27412270195782184600830078125" lon="110.2931375987827777862548828125">
        <ele>152</ele>
        <time>2025-11-15T11:24:25.000Z</time>
        <extensions>
          <ns3:TrackPointExtension>
            <ns3:hr>66</ns3:hr>
          </ns3:TrackPointExtension>
        </extensions>
      </trkpt>
      <trkpt lat="25.27412630617618560791015625" lon="110.2931226789951324462890625">
        <ele>152</ele>
        <time>2025-11-15T11:24:26.000Z</time>
        <extensions>
          <ns3:TrackPointExtension>
            <ns3:hr>66</ns3:hr>
          </ns3:TrackPointExtension>
        </extensions>
      </trkpt>
      <trkpt lat="25.27412806637585163116455078125" lon="110.2931084297597408294677734375">
        <ele>152</ele>
        <time>2025-11-15T11:24:27.000Z</time>
        <extensions>
          <ns3:TrackPointExtension>
            <ns3:hr>66</ns3:hr>
          </ns3:TrackPointExtension>
        </extensions>
      </trkpt>
      <trkpt lat="25.2741318382322788238525390625" lon="110.29309929348528385162353515625">
        <ele>152</ele>
        <time>2025-11-15T11:24:28.000Z</time>
        <extensions>
          <ns3:TrackPointExtension>
            <ns3:hr>66</ns3:hr>
          </ns3:TrackPointExtension>
        </extensions>
      </trkpt>
      <trkpt lat="25.2741304971277713775634765625" lon="110.29310298152267932891845703125">
        <ele>152</ele>
        <time>2025-11-15T11:24:29.000Z</time>
        <extensions>
          <ns3:TrackPointExtension>
            <ns3:hr>65</ns3:hr>
          </ns3:TrackPointExtension>
        </extensions>
      </trkpt>
      <trkpt lat="25.27413041330873966217041015625" lon="110.29310314916074275970458984375">
        <ele>152</ele>
        <time>2025-11-15T11:24:30.000Z</time>
        <extensions>
          <ns3:TrackPointExtension>
            <ns3:hr>65</ns3:hr>
          </ns3:TrackPointExtension>
        </extensions>
      </trkpt>
      <trkpt lat="25.27413024567067623138427734375" lon="110.2931034006178379058837890625">
        <ele>152</ele>
        <time>2025-11-15T11:24:31.000Z</time>
        <extensions>
          <ns3:TrackPointExtension>
            <ns3:hr>65</ns3:hr>
          </ns3:TrackPointExtension>
        </extensions>
      </trkpt>
      <trkpt lat="25.274120606482028961181640625" lon="110.29311320744454860687255859375">
        <ele>152</ele>
        <time>2025-11-15T11:24:32.000Z</time>
        <extensions>
          <ns3:TrackPointExtension>
            <ns3:hr>65</ns3:hr>
          </ns3:TrackPointExtension>
        </extensions>
      </trkpt>
      <trkpt lat="25.274119265377521514892578125" lon="110.2931168116629123687744140625">
        <ele>152</ele>
        <time>2025-11-15T11:24:33.000Z</time>
        <extensions>
          <ns3:TrackPointExtension>
            <ns3:hr>66</ns3:hr>
          </ns3:TrackPointExtension>
        </extensions>
      </trkpt>
      <trkpt lat="25.2741140685975551605224609375" lon="110.29312041588127613067626953125">
        <ele>152</ele>
        <time>2025-11-15T11:24:34.000Z</time>
        <extensions>
          <ns3:TrackPointExtension>
            <ns3:hr>66</ns3:hr>
          </ns3:TrackPointExtension>
        </extensions>
      </trkpt>
      <trkpt lat="25.27410509996116161346435546875" lon="110.29312544502317905426025390625">
        <ele>152</ele>
        <time>2025-11-15T11:24:35.000Z</time>
        <extensions>
          <ns3:TrackPointExtension>
            <ns3:hr>66</ns3:hr>
          </ns3:TrackPointExtension>
        </extensions>
      </trkpt>
      <trkpt lat="25.27409135363996028900146484375" lon="110.293131731450557708740234375">
        <ele>152</ele>
        <time>2025-11-15T11:24:36.000Z</time>
        <extensions>
          <ns3:TrackPointExtension>
            <ns3:hr>66</ns3:hr>
          </ns3:TrackPointExtension>
        </extensions>
      </trkpt>
      <trkpt lat="25.27407878078520298004150390625" lon="110.293134413659572601318359375">
        <ele>152</ele>
        <time>2025-11-15T11:24:37.000Z</time>
        <extensions>
          <ns3:TrackPointExtension>
            <ns3:hr>65</ns3:hr>
          </ns3:TrackPointExtension>
        </extensions>
      </trkpt>
      <trkpt lat="25.274072326719760894775390625" lon="110.29313198290765285491943359375">
        <ele>152</ele>
        <time>2025-11-15T11:24:38.000Z</time>
        <extensions>
          <ns3:TrackPointExtension>
            <ns3:hr>65</ns3:hr>
          </ns3:TrackPointExtension>
        </extensions>
      </trkpt>
      <trkpt lat="25.27406319044530391693115234375" lon="110.2931339107453823089599609375">
        <ele>152</ele>
        <time>2025-11-15T11:24:39.000Z</time>
        <extensions>
          <ns3:TrackPointExtension>
            <ns3:hr>65</ns3:hr>
          </ns3:TrackPointExtension>
        </extensions>
      </trkpt>
      <trkpt lat="25.27405329979956150054931640625" lon="110.2931339107453823089599609375">
        <ele>152</ele>
        <time>2025-11-15T11:24:40.000Z</time>
        <extensions>
          <ns3:TrackPointExtension>
            <ns3:hr>66</ns3:hr>
          </ns3:TrackPointExtension>
        </extensions>
      </trkpt>
      <trkpt lat="25.27404609136283397674560546875" lon="110.29312360100448131561279296875">
        <ele>152</ele>
        <time>2025-11-15T11:24:41.000Z</time>
        <extensions>
          <ns3:TrackPointExtension>
            <ns3:hr>66</ns3:hr>
          </ns3:TrackPointExtension>
        </extensions>
      </trkpt>
      <trkpt lat="25.27403670363128185272216796875" lon="110.2931154705584049224853515625">
        <ele>152</ele>
        <time>2025-11-15T11:24:42.000Z</time>
        <extensions>
          <ns3:TrackPointExtension>
            <ns3:hr>66</ns3:hr>
          </ns3:TrackPointExtension>
        </extensions>
      </trkpt>
      <trkpt lat="25.2740282379090785980224609375" lon="110.2931114472448825836181640625">
        <ele>152</ele>
        <time>2025-11-15T11:24:43.000Z</time>
        <extensions>
          <ns3:TrackPointExtension>
            <ns3:hr>66</ns3:hr>
          </ns3:TrackPointExtension>
        </extensions>
      </trkpt>
      <trkpt lat="25.2740178443491458892822265625" lon="110.2931114472448825836181640625">
        <ele>152</ele>
        <time>2025-11-15T11:24:44.000Z</time>
        <extensions>
          <ns3:TrackPointExtension>
            <ns3:hr>65</ns3:hr>
          </ns3:TrackPointExtension>
        </extensions>
      </trkpt>
      <trkpt lat="25.27400921098887920379638671875" lon="110.29311035759747028350830078125">
        <ele>152</ele>
        <time>2025-11-15T11:24:45.000Z</time>
        <extensions>
          <ns3:TrackPointExtension>
            <ns3:hr>66</ns3:hr>
          </ns3:TrackPointExtension>
        </extensions>
      </trkpt>
      <trkpt lat="25.273998565971851348876953125" lon="110.29310859739780426025390625">
        <ele>151.8000030517578125</ele>
        <time>2025-11-15T11:24:46.000Z</time>
        <extensions>
          <ns3:TrackPointExtension>
            <ns3:hr>66</ns3:hr>
          </ns3:TrackPointExtension>
        </extensions>
      </trkpt>
      <trkpt lat="25.2739896811544895172119140625" lon="110.2931020595133304595947265625">
        <ele>151.8000030517578125</ele>
        <time>2025-11-15T11:24:47.000Z</time>
        <extensions>
          <ns3:TrackPointExtension>
            <ns3:hr>66</ns3:hr>
          </ns3:TrackPointExtension>
        </extensions>
      </trkpt>
      <trkpt lat="25.27398305945098400115966796875" lon="110.29309359379112720489501953125">
        <ele>151.600006103515625</ele>
        <time>2025-11-15T11:24:48.000Z</time>
        <extensions>
          <ns3:TrackPointExtension>
            <ns3:hr>66</ns3:hr>
          </ns3:TrackPointExtension>
        </extensions>
      </trkpt>
      <trkpt lat="25.273975096642971038818359375" lon="110.2930851280689239501953125">
        <ele>151.600006103515625</ele>
        <time>2025-11-15T11:24:49.000Z</time>
        <extensions>
          <ns3:TrackPointExtension>
            <ns3:hr>67</ns3:hr>
          </ns3:TrackPointExtension>
        </extensions>
      </trkpt>
      <trkpt lat="25.27396998368203639984130859375" lon="110.29308018274605274200439453125">
        <ele>151.600006103515625</ele>
        <time>2025-11-15T11:24:50.000Z</time>
        <extensions>
          <ns3:TrackPointExtension>
            <ns3:hr>67</ns3:hr>
          </ns3:TrackPointExtension>
        </extensions>
      </trkpt>
      <trkpt lat="25.27397082187235355377197265625" lon="110.2930816076695919036865234375">
        <ele>151.600006103515625</ele>
        <time>2025-11-15T11:24:51.000Z</time>
        <extensions>
          <ns3:TrackPointExtension>
            <ns3:hr>67</ns3:hr>
          </ns3:TrackPointExtension>
        </extensions>
      </trkpt>
      <trkpt lat="25.27397031895816326141357421875" lon="110.29308185912668704986572265625">
        <ele>151.600006103515625</ele>
        <time>2025-11-15T11:24:52.000Z</time>
        <extensions>
          <ns3:TrackPointExtension>
            <ns3:hr>67</ns3:hr>
          </ns3:TrackPointExtension>
        </extensions>
      </trkpt>
      <trkpt lat="25.273970067501068115234375" lon="110.29308177530765533447265625">
        <ele>151.8000030517578125</ele>
        <time>2025-11-15T11:24:53.000Z</time>
        <extensions>
          <ns3:TrackPointExtension>
            <ns3:hr>67</ns3:hr>
          </ns3:TrackPointExtension>
        </extensions>
      </trkpt>
      <trkpt lat="25.273958332836627960205078125" lon="110.29307548888027667999267578125">
        <ele>151.8000030517578125</ele>
        <time>2025-11-15T11:24:54.000Z</time>
        <extensions>
          <ns3:TrackPointExtension>
            <ns3:hr>66</ns3:hr>
          </ns3:TrackPointExtension>
        </extensions>
      </trkpt>
      <trkpt lat="25.2739491127431392669677734375" lon="110.293066687881946563720703125">
        <ele>151.8000030517578125</ele>
        <time>2025-11-15T11:24:55.000Z</time>
        <extensions>
          <ns3:TrackPointExtension>
            <ns3:hr>67</ns3:hr>
          </ns3:TrackPointExtension>
        </extensions>
      </trkpt>
      <trkpt lat="25.273942239582538604736328125" lon="110.2930554561316967010498046875">
        <ele>151.8000030517578125</ele>
        <time>2025-11-15T11:24:56.000Z</time>
        <extensions>
          <ns3:TrackPointExtension>
            <ns3:hr>67</ns3:hr>
          </ns3:TrackPointExtension>
        </extensions>
      </trkpt>
      <trkpt lat="25.273935534060001373291015625" lon="110.293046571314334869384765625">
        <ele>151.8000030517578125</ele>
        <time>2025-11-15T11:24:57.000Z</time>
        <extensions>
          <ns3:TrackPointExtension>
            <ns3:hr>66</ns3:hr>
          </ns3:TrackPointExtension>
        </extensions>
      </trkpt>
      <trkpt lat="25.27392757125198841094970703125" lon="110.2930368483066558837890625">
        <ele>151.8000030517578125</ele>
        <time>2025-11-15T11:24:58.000Z</time>
        <extensions>
          <ns3:TrackPointExtension>
            <ns3:hr>66</ns3:hr>
          </ns3:TrackPointExtension>
        </extensions>
      </trkpt>
      <trkpt lat="25.27391910552978515625" lon="110.2930309809744358062744140625">
        <ele>151.8000030517578125</ele>
        <time>2025-11-15T11:24:59.000Z</time>
        <extensions>
          <ns3:TrackPointExtension>
            <ns3:hr>66</ns3:hr>
          </ns3:TrackPointExtension>
        </extensions>
      </trkpt>
      <trkpt lat="25.27391013689339160919189453125" lon="110.29302368871867656707763671875">
        <ele>151.8000030517578125</ele>
        <time>2025-11-15T11:25:00.000Z</time>
        <extensions>
          <ns3:TrackPointExtension>
            <ns3:hr>67</ns3:hr>
          </ns3:TrackPointExtension>
        </extensions>
      </trkpt>
      <trkpt lat="25.2739038504660129547119140625" lon="110.29301815666258335113525390625">
        <ele>151.8000030517578125</ele>
        <time>2025-11-15T11:25:01.000Z</time>
        <extensions>
          <ns3:TrackPointExtension>
            <ns3:hr>67</ns3:hr>
          </ns3:TrackPointExtension>
        </extensions>
      </trkpt>
      <trkpt lat="25.2738994918763637542724609375" lon="110.2930175699293613433837890625">
        <ele>151.8000030517578125</ele>
        <time>2025-11-15T11:25:02.000Z</time>
        <extensions>
          <ns3:TrackPointExtension>
            <ns3:hr>67</ns3:hr>
          </ns3:TrackPointExtension>
        </extensions>
      </trkpt>
      <trkpt lat="25.27389404363930225372314453125" lon="110.293011032044887542724609375">
        <ele>151.8000030517578125</ele>
        <time>2025-11-15T11:25:03.000Z</time>
        <extensions>
          <ns3:TrackPointExtension>
            <ns3:hr>67</ns3:hr>
          </ns3:TrackPointExtension>
        </extensions>
      </trkpt>
      <trkpt lat="25.273889601230621337890625" lon="110.29299971647560596466064453125">
        <ele>151.8000030517578125</ele>
        <time>2025-11-15T11:25:04.000Z</time>
        <extensions>
          <ns3:TrackPointExtension>
            <ns3:hr>66</ns3:hr>
          </ns3:TrackPointExtension>
        </extensions>
      </trkpt>
      <trkpt lat="25.2738854102790355682373046875" lon="110.292986892163753509521484375">
        <ele>151.8000030517578125</ele>
        <time>2025-11-15T11:25:05.000Z</time>
        <extensions>
          <ns3:TrackPointExtension>
            <ns3:hr>66</ns3:hr>
          </ns3:TrackPointExtension>
        </extensions>
      </trkpt>
      <trkpt lat="25.27387979440391063690185546875" lon="110.29297322966158390045166015625">
        <ele>151.600006103515625</ele>
        <time>2025-11-15T11:25:06.000Z</time>
        <extensions>
          <ns3:TrackPointExtension>
            <ns3:hr>66</ns3:hr>
          </ns3:TrackPointExtension>
        </extensions>
      </trkpt>
      <trkpt lat="25.2738773636519908905029296875" lon="110.2929625846445560455322265625">
        <ele>151.600006103515625</ele>
        <time>2025-11-15T11:25:07.000Z</time>
        <extensions>
          <ns3:TrackPointExtension>
            <ns3:hr>65</ns3:hr>
          </ns3:TrackPointExtension>
        </extensions>
      </trkpt>
      <trkpt lat="25.273874513804912567138671875" lon="110.292954035103321075439453125">
        <ele>151.600006103515625</ele>
        <time>2025-11-15T11:25:08.000Z</time>
        <extensions>
          <ns3:TrackPointExtension>
            <ns3:hr>65</ns3:hr>
          </ns3:TrackPointExtension>
        </extensions>
      </trkpt>
      <trkpt lat="25.27386805973947048187255859375" lon="110.29294498264789581298828125">
        <ele>151.600006103515625</ele>
        <time>2025-11-15T11:25:09.000Z</time>
        <extensions>
          <ns3:TrackPointExtension>
            <ns3:hr>65</ns3:hr>
          </ns3:TrackPointExtension>
        </extensions>
      </trkpt>
      <trkpt lat="25.27386018075048923492431640625" lon="110.29293886385858058929443359375">
        <ele>151.600006103515625</ele>
        <time>2025-11-15T11:25:10.000Z</time>
        <extensions>
          <ns3:TrackPointExtension>
            <ns3:hr>65</ns3:hr>
          </ns3:TrackPointExtension>
        </extensions>
      </trkpt>
      <trkpt lat="25.27385381050407886505126953125" lon="110.2929330803453922271728515625">
        <ele>151.600006103515625</ele>
        <time>2025-11-15T11:25:11.000Z</time>
        <extensions>
          <ns3:TrackPointExtension>
            <ns3:hr>65</ns3:hr>
          </ns3:TrackPointExtension>
        </extensions>
      </trkpt>
      <trkpt lat="25.27385029010474681854248046875" lon="110.2929203398525714874267578125">
        <ele>151.600006103515625</ele>
        <time>2025-11-15T11:25:12.000Z</time>
        <extensions>
          <ns3:TrackPointExtension>
            <ns3:hr>65</ns3:hr>
          </ns3:TrackPointExtension>
        </extensions>
      </trkpt>
      <trkpt lat="25.27384760789573192596435546875" lon="110.29290952719748020172119140625">
        <ele>151.600006103515625</ele>
        <time>2025-11-15T11:25:13.000Z</time>
        <extensions>
          <ns3:TrackPointExtension>
            <ns3:hr>65</ns3:hr>
          </ns3:TrackPointExtension>
        </extensions>
      </trkpt>
      <trkpt lat="25.2738480269908905029296875" lon="110.29289896599948406219482421875">
        <ele>151.8000030517578125</ele>
        <time>2025-11-15T11:25:14.000Z</time>
        <extensions>
          <ns3:TrackPointExtension>
            <ns3:hr>65</ns3:hr>
          </ns3:TrackPointExtension>
        </extensions>
      </trkpt>
      <trkpt lat="25.2738485299050807952880859375" lon="110.2928893268108367919921875">
        <ele>151.8000030517578125</ele>
        <time>2025-11-15T11:25:15.000Z</time>
        <extensions>
          <ns3:TrackPointExtension>
            <ns3:hr>64</ns3:hr>
          </ns3:TrackPointExtension>
        </extensions>
      </trkpt>
      <trkpt lat="25.27384961955249309539794921875" lon="110.29287968762218952178955078125">
        <ele>151.8000030517578125</ele>
        <time>2025-11-15T11:25:16.000Z</time>
        <extensions>
          <ns3:TrackPointExtension>
            <ns3:hr>65</ns3:hr>
          </ns3:TrackPointExtension>
        </extensions>
      </trkpt>
      <trkpt lat="25.27384542860090732574462890625" lon="110.292867533862590789794921875">
        <ele>151.8000030517578125</ele>
        <time>2025-11-15T11:25:17.000Z</time>
        <extensions>
          <ns3:TrackPointExtension>
            <ns3:hr>65</ns3:hr>
          </ns3:TrackPointExtension>
        </extensions>
      </trkpt>
      <trkpt lat="25.27384291402995586395263671875" lon="110.2928549610078334808349609375">
        <ele>151.8000030517578125</ele>
        <time>2025-11-15T11:25:18.000Z</time>
        <extensions>
          <ns3:TrackPointExtension>
            <ns3:hr>65</ns3:hr>
          </ns3:TrackPointExtension>
        </extensions>
      </trkpt>
      <trkpt lat="25.2738372981548309326171875" lon="110.292838029563426971435546875">
        <ele>151.600006103515625</ele>
        <time>2025-11-15T11:25:19.000Z</time>
        <extensions>
          <ns3:TrackPointExtension>
            <ns3:hr>65</ns3:hr>
          </ns3:TrackPointExtension>
        </extensions>
      </trkpt>
      <trkpt lat="25.27383704669773578643798828125" lon="110.2928284741938114166259765625">
        <ele>151.399993896484375</ele>
        <time>2025-11-15T11:25:20.000Z</time>
        <extensions>
          <ns3:TrackPointExtension>
            <ns3:hr>65</ns3:hr>
          </ns3:TrackPointExtension>
        </extensions>
      </trkpt>
      <trkpt lat="25.2738374657928943634033203125" lon="110.2928164042532444000244140625">
        <ele>151.399993896484375</ele>
        <time>2025-11-15T11:25:21.000Z</time>
        <extensions>
          <ns3:TrackPointExtension>
            <ns3:hr>65</ns3:hr>
          </ns3:TrackPointExtension>
        </extensions>
      </trkpt>
      <trkpt lat="25.27383402921259403228759765625" lon="110.2928050048649311065673828125">
        <ele>151.399993896484375</ele>
        <time>2025-11-15T11:25:22.000Z</time>
        <extensions>
          <ns3:TrackPointExtension>
            <ns3:hr>65</ns3:hr>
          </ns3:TrackPointExtension>
        </extensions>
      </trkpt>
      <trkpt lat="25.2738331072032451629638671875" lon="110.292793773114681243896484375">
        <ele>151.399993896484375</ele>
        <time>2025-11-15T11:25:23.000Z</time>
        <extensions>
          <ns3:TrackPointExtension>
            <ns3:hr>66</ns3:hr>
          </ns3:TrackPointExtension>
        </extensions>
      </trkpt>
      <trkpt lat="25.27383486740291118621826171875" lon="110.29278807342052459716796875">
        <ele>151.399993896484375</ele>
        <time>2025-11-15T11:25:24.000Z</time>
        <extensions>
          <ns3:TrackPointExtension>
            <ns3:hr>67</ns3:hr>
          </ns3:TrackPointExtension>
        </extensions>
      </trkpt>
      <trkpt lat="25.2738351188600063323974609375" lon="110.2927766740322113037109375">
        <ele>151.399993896484375</ele>
        <time>2025-11-15T11:25:25.000Z</time>
        <extensions>
          <ns3:TrackPointExtension>
            <ns3:hr>68</ns3:hr>
          </ns3:TrackPointExtension>
        </extensions>
      </trkpt>
      <trkpt lat="25.27383386157453060150146484375" lon="110.2927657775580883026123046875">
        <ele>151.399993896484375</ele>
        <time>2025-11-15T11:25:26.000Z</time>
        <extensions>
          <ns3:TrackPointExtension>
            <ns3:hr>69</ns3:hr>
          </ns3:TrackPointExtension>
        </extensions>
      </trkpt>
      <trkpt lat="25.27383520267903804779052734375" lon="110.29275228269398212432861328125">
        <ele>151.1999969482421875</ele>
        <time>2025-11-15T11:25:27.000Z</time>
        <extensions>
          <ns3:TrackPointExtension>
            <ns3:hr>69</ns3:hr>
          </ns3:TrackPointExtension>
        </extensions>
      </trkpt>
      <trkpt lat="25.27383822016417980194091796875" lon="110.2927389554679393768310546875">
        <ele>151.1999969482421875</ele>
        <time>2025-11-15T11:25:28.000Z</time>
        <extensions>
          <ns3:TrackPointExtension>
            <ns3:hr>69</ns3:hr>
          </ns3:TrackPointExtension>
        </extensions>
      </trkpt>
      <trkpt lat="25.2738488651812076568603515625" lon="110.29272378422319889068603515625">
        <ele>151.1999969482421875</ele>
        <time>2025-11-15T11:25:29.000Z</time>
        <extensions>
          <ns3:TrackPointExtension>
            <ns3:hr>69</ns3:hr>
          </ns3:TrackPointExtension>
        </extensions>
      </trkpt>
      <trkpt lat="25.273857079446315765380859375" lon="110.29271389357745647430419921875">
        <ele>151.1999969482421875</ele>
        <time>2025-11-15T11:25:30.000Z</time>
        <extensions>
          <ns3:TrackPointExtension>
            <ns3:hr>68</ns3:hr>
          </ns3:TrackPointExtension>
        </extensions>
      </trkpt>
      <trkpt lat="25.273865126073360443115234375" lon="110.29270299710333347320556640625">
        <ele>151.1999969482421875</ele>
        <time>2025-11-15T11:25:31.000Z</time>
        <extensions>
          <ns3:TrackPointExtension>
            <ns3:hr>68</ns3:hr>
          </ns3:TrackPointExtension>
        </extensions>
      </trkpt>
      <trkpt lat="25.2738703228533267974853515625" lon="110.29269310645759105682373046875">
        <ele>151.1999969482421875</ele>
        <time>2025-11-15T11:25:32.000Z</time>
        <extensions>
          <ns3:TrackPointExtension>
            <ns3:hr>68</ns3:hr>
          </ns3:TrackPointExtension>
        </extensions>
      </trkpt>
      <trkpt lat="25.27387493290007114410400390625" lon="110.29268204234540462493896484375">
        <ele>151.1999969482421875</ele>
        <time>2025-11-15T11:25:33.000Z</time>
        <extensions>
          <ns3:TrackPointExtension>
            <ns3:hr>68</ns3:hr>
          </ns3:TrackPointExtension>
        </extensions>
      </trkpt>
      <trkpt lat="25.2738828957080841064453125" lon="110.292672403156757354736328125">
        <ele>151.1999969482421875</ele>
        <time>2025-11-15T11:25:34.000Z</time>
        <extensions>
          <ns3:TrackPointExtension>
            <ns3:hr>68</ns3:hr>
          </ns3:TrackPointExtension>
        </extensions>
      </trkpt>
      <trkpt lat="25.2738924510776996612548828125" lon="110.29266343452036380767822265625">
        <ele>151.1999969482421875</ele>
        <time>2025-11-15T11:25:35.000Z</time>
        <extensions>
          <ns3:TrackPointExtension>
            <ns3:hr>68</ns3:hr>
          </ns3:TrackPointExtension>
        </extensions>
      </trkpt>
      <trkpt lat="25.273900330066680908203125" lon="110.292654968798160552978515625">
        <ele>151.1999969482421875</ele>
        <time>2025-11-15T11:25:36.000Z</time>
        <extensions>
          <ns3:TrackPointExtension>
            <ns3:hr>68</ns3:hr>
          </ns3:TrackPointExtension>
        </extensions>
      </trkpt>
      <trkpt lat="25.27390896342694759368896484375" lon="110.292644239962100982666015625">
        <ele>151.1999969482421875</ele>
        <time>2025-11-15T11:25:37.000Z</time>
        <extensions>
          <ns3:TrackPointExtension>
            <ns3:hr>68</ns3:hr>
          </ns3:TrackPointExtension>
        </extensions>
      </trkpt>
      <trkpt lat="25.27391818352043628692626953125" lon="110.2926343493163585662841796875">
        <ele>151.1999969482421875</ele>
        <time>2025-11-15T11:25:38.000Z</time>
        <extensions>
          <ns3:TrackPointExtension>
            <ns3:hr>69</ns3:hr>
          </ns3:TrackPointExtension>
        </extensions>
      </trkpt>
      <trkpt lat="25.27392740361392498016357421875" lon="110.29262823052704334259033203125">
        <ele>151.1999969482421875</ele>
        <time>2025-11-15T11:25:39.000Z</time>
        <extensions>
          <ns3:TrackPointExtension>
            <ns3:hr>69</ns3:hr>
          </ns3:TrackPointExtension>
        </extensions>
      </trkpt>
      <trkpt lat="25.2739392220973968505859375" lon="110.29262202791869640350341796875">
        <ele>151.1999969482421875</ele>
        <time>2025-11-15T11:25:40.000Z</time>
        <extensions>
          <ns3:TrackPointExtension>
            <ns3:hr>70</ns3:hr>
          </ns3:TrackPointExtension>
        </extensions>
      </trkpt>
      <trkpt lat="25.27395104058086872100830078125" lon="110.2926226146519184112548828125">
        <ele>151.1999969482421875</ele>
        <time>2025-11-15T11:25:41.000Z</time>
        <extensions>
          <ns3:TrackPointExtension>
            <ns3:hr>71</ns3:hr>
          </ns3:TrackPointExtension>
        </extensions>
      </trkpt>
      <trkpt lat="25.27395556680858135223388671875" lon="110.2926219440996646881103515625">
        <ele>151.1999969482421875</ele>
        <time>2025-11-15T11:25:42.000Z</time>
        <extensions>
          <ns3:TrackPointExtension>
            <ns3:hr>71</ns3:hr>
          </ns3:TrackPointExtension>
        </extensions>
      </trkpt>
      <trkpt lat="25.27396495454013347625732421875" lon="110.29262303374707698822021484375">
        <ele>151.1999969482421875</ele>
        <time>2025-11-15T11:25:43.000Z</time>
        <extensions>
          <ns3:TrackPointExtension>
            <ns3:hr>71</ns3:hr>
          </ns3:TrackPointExtension>
        </extensions>
      </trkpt>
      <trkpt lat="25.2739755995571613311767578125" lon="110.29262571595609188079833984375">
        <ele>151.1999969482421875</ele>
        <time>2025-11-15T11:25:44.000Z</time>
        <extensions>
          <ns3:TrackPointExtension>
            <ns3:hr>71</ns3:hr>
          </ns3:TrackPointExtension>
        </extensions>
      </trkpt>
      <trkpt lat="25.2739848196506500244140625" lon="110.29262688942253589630126953125">
        <ele>151.1999969482421875</ele>
        <time>2025-11-15T11:25:45.000Z</time>
        <extensions>
          <ns3:TrackPointExtension>
            <ns3:hr>72</ns3:hr>
          </ns3:TrackPointExtension>
        </extensions>
      </trkpt>
      <trkpt lat="25.27399714104831218719482421875" lon="110.2926303260028362274169921875">
        <ele>151.1999969482421875</ele>
        <time>2025-11-15T11:25:46.000Z</time>
        <extensions>
          <ns3:TrackPointExtension>
            <ns3:hr>72</ns3:hr>
          </ns3:TrackPointExtension>
        </extensions>
      </trkpt>
      <trkpt lat="25.274008624255657196044921875" lon="110.29263384640216827392578125">
        <ele>151.1999969482421875</ele>
        <time>2025-11-15T11:25:47.000Z</time>
        <extensions>
          <ns3:TrackPointExtension>
            <ns3:hr>71</ns3:hr>
          </ns3:TrackPointExtension>
        </extensions>
      </trkpt>
      <trkpt lat="25.27402035892009735107421875" lon="110.2926371991634368896484375">
        <ele>151.1999969482421875</ele>
        <time>2025-11-15T11:25:48.000Z</time>
        <extensions>
          <ns3:TrackPointExtension>
            <ns3:hr>71</ns3:hr>
          </ns3:TrackPointExtension>
        </extensions>
      </trkpt>
      <trkpt lat="25.2740309201180934906005859375" lon="110.29264298267662525177001953125">
        <ele>151.1999969482421875</ele>
        <time>2025-11-15T11:25:49.000Z</time>
        <extensions>
          <ns3:TrackPointExtension>
            <ns3:hr>70</ns3:hr>
          </ns3:TrackPointExtension>
        </extensions>
      </trkpt>
      <trkpt lat="25.27404340915381908416748046875" lon="110.2926484309136867523193359375">
        <ele>151.1999969482421875</ele>
        <time>2025-11-15T11:25:50.000Z</time>
        <extensions>
          <ns3:TrackPointExtension>
            <ns3:hr>70</ns3:hr>
          </ns3:TrackPointExtension>
        </extensions>
      </trkpt>
      <trkpt lat="25.274052210152149200439453125" lon="110.29265798628330230712890625">
        <ele>151.1999969482421875</ele>
        <time>2025-11-15T11:25:51.000Z</time>
        <extensions>
          <ns3:TrackPointExtension>
            <ns3:hr>70</ns3:hr>
          </ns3:TrackPointExtension>
        </extensions>
      </trkpt>
      <trkpt lat="25.27406352572143077850341796875" lon="110.2926685474812984466552734375">
        <ele>151.1999969482421875</ele>
        <time>2025-11-15T11:25:52.000Z</time>
        <extensions>
          <ns3:TrackPointExtension>
            <ns3:hr>70</ns3:hr>
          </ns3:TrackPointExtension>
        </extensions>
      </trkpt>
      <trkpt lat="25.2740751765668392181396484375" lon="110.29267684556543827056884765625">
        <ele>151.1999969482421875</ele>
        <time>2025-11-15T11:25:53.000Z</time>
        <extensions>
          <ns3:TrackPointExtension>
            <ns3:hr>70</ns3:hr>
          </ns3:TrackPointExtension>
        </extensions>
      </trkpt>
      <trkpt lat="25.27408473193645477294921875" lon="110.2926829643547534942626953125">
        <ele>151.1999969482421875</ele>
        <time>2025-11-15T11:25:54.000Z</time>
        <extensions>
          <ns3:TrackPointExtension>
            <ns3:hr>70</ns3:hr>
          </ns3:TrackPointExtension>
        </extensions>
      </trkpt>
      <trkpt lat="25.27409613132476806640625" lon="110.29269008897244930267333984375">
        <ele>151.1999969482421875</ele>
        <time>2025-11-15T11:25:55.000Z</time>
        <extensions>
          <ns3:TrackPointExtension>
            <ns3:hr>71</ns3:hr>
          </ns3:TrackPointExtension>
        </extensions>
      </trkpt>
      <trkpt lat="25.2741055190563201904296875" lon="110.2926980517804622650146484375">
        <ele>151.1999969482421875</ele>
        <time>2025-11-15T11:25:56.000Z</time>
        <extensions>
          <ns3:TrackPointExtension>
            <ns3:hr>71</ns3:hr>
          </ns3:TrackPointExtension>
        </extensions>
      </trkpt>
      <trkpt lat="25.27411264367401599884033203125" lon="110.2927034161984920501708984375">
        <ele>151.399993896484375</ele>
        <time>2025-11-15T11:25:57.000Z</time>
        <extensions>
          <ns3:TrackPointExtension>
            <ns3:hr>71</ns3:hr>
          </ns3:TrackPointExtension>
        </extensions>
      </trkpt>
      <trkpt lat="25.27412387542426586151123046875" lon="110.29271171428263187408447265625">
        <ele>151.399993896484375</ele>
        <time>2025-11-15T11:25:58.000Z</time>
        <extensions>
          <ns3:TrackPointExtension>
            <ns3:hr>71</ns3:hr>
          </ns3:TrackPointExtension>
        </extensions>
      </trkpt>
      <trkpt lat="25.27413309551775455474853515625" lon="110.29272009618580341339111328125">
        <ele>151.1999969482421875</ele>
        <time>2025-11-15T11:25:59.000Z</time>
        <extensions>
          <ns3:TrackPointExtension>
            <ns3:hr>71</ns3:hr>
          </ns3:TrackPointExtension>
        </extensions>
      </trkpt>
      <trkpt lat="25.274139381945133209228515625" lon="110.2927325852215290069580078125">
        <ele>151.1999969482421875</ele>
        <time>2025-11-15T11:26:00.000Z</time>
        <extensions>
          <ns3:TrackPointExtension>
            <ns3:hr>71</ns3:hr>
          </ns3:TrackPointExtension>
        </extensions>
      </trkpt>
      <trkpt lat="25.2741472609341144561767578125" lon="110.29274473898112773895263671875">
        <ele>151.1999969482421875</ele>
        <time>2025-11-15T11:26:01.000Z</time>
        <extensions>
          <ns3:TrackPointExtension>
            <ns3:hr>71</ns3:hr>
          </ns3:TrackPointExtension>
        </extensions>
      </trkpt>
      <trkpt lat="25.27415807358920574188232421875" lon="110.29275077395141124725341796875">
        <ele>151.1999969482421875</ele>
        <time>2025-11-15T11:26:02.000Z</time>
        <extensions>
          <ns3:TrackPointExtension>
            <ns3:hr>71</ns3:hr>
          </ns3:TrackPointExtension>
        </extensions>
      </trkpt>
      <trkpt lat="25.2741714008152484893798828125" lon="110.29275127686560153961181640625">
        <ele>151.1999969482421875</ele>
        <time>2025-11-15T11:26:03.000Z</time>
        <extensions>
          <ns3:TrackPointExtension>
            <ns3:hr>72</ns3:hr>
          </ns3:TrackPointExtension>
        </extensions>
      </trkpt>
      <trkpt lat="25.27418673969805240631103515625" lon="110.2927523665130138397216796875">
        <ele>151.1999969482421875</ele>
        <time>2025-11-15T11:26:04.000Z</time>
        <extensions>
          <ns3:TrackPointExtension>
            <ns3:hr>72</ns3:hr>
          </ns3:TrackPointExtension>
        </extensions>
      </trkpt>
      <trkpt lat="25.2742009051144123077392578125" lon="110.29275278560817241668701171875">
        <ele>151.1999969482421875</ele>
        <time>2025-11-15T11:26:05.000Z</time>
        <extensions>
          <ns3:TrackPointExtension>
            <ns3:hr>72</ns3:hr>
          </ns3:TrackPointExtension>
        </extensions>
      </trkpt>
      <trkpt lat="25.274213142693042755126953125" lon="110.29275194741785526275634765625">
        <ele>151</ele>
        <time>2025-11-15T11:26:06.000Z</time>
        <extensions>
          <ns3:TrackPointExtension>
            <ns3:hr>72</ns3:hr>
          </ns3:TrackPointExtension>
        </extensions>
      </trkpt>
      <trkpt lat="25.27422646991908550262451171875" lon="110.292752869427204132080078125">
        <ele>151</ele>
        <time>2025-11-15T11:26:07.000Z</time>
        <extensions>
          <ns3:TrackPointExtension>
            <ns3:hr>72</ns3:hr>
          </ns3:TrackPointExtension>
        </extensions>
      </trkpt>
      <trkpt lat="25.27423451654613018035888671875" lon="110.292756557464599609375">
        <ele>151</ele>
        <time>2025-11-15T11:26:08.000Z</time>
        <extensions>
          <ns3:TrackPointExtension>
            <ns3:hr>73</ns3:hr>
          </ns3:TrackPointExtension>
        </extensions>
      </trkpt>
      <trkpt lat="25.27424306608736515045166015625" lon="110.29276267625391483306884765625">
        <ele>151</ele>
        <time>2025-11-15T11:26:09.000Z</time>
        <extensions>
          <ns3:TrackPointExtension>
            <ns3:hr>74</ns3:hr>
          </ns3:TrackPointExtension>
        </extensions>
      </trkpt>
      <trkpt lat="25.2742488496005535125732421875" lon="110.29277021996676921844482421875">
        <ele>150.8000030517578125</ele>
        <time>2025-11-15T11:26:10.000Z</time>
        <extensions>
          <ns3:TrackPointExtension>
            <ns3:hr>74</ns3:hr>
          </ns3:TrackPointExtension>
        </extensions>
      </trkpt>
      <trkpt lat="25.27425530366599559783935546875" lon="110.29278161935508251190185546875">
        <ele>150.8000030517578125</ele>
        <time>2025-11-15T11:26:11.000Z</time>
        <extensions>
          <ns3:TrackPointExtension>
            <ns3:hr>74</ns3:hr>
          </ns3:TrackPointExtension>
        </extensions>
      </trkpt>
      <trkpt lat="25.27426318265497684478759765625" lon="110.2927929349243640899658203125">
        <ele>150.600006103515625</ele>
        <time>2025-11-15T11:26:12.000Z</time>
        <extensions>
          <ns3:TrackPointExtension>
            <ns3:hr>74</ns3:hr>
          </ns3:TrackPointExtension>
        </extensions>
      </trkpt>
      <trkpt lat="25.2742713131010532379150390625" lon="110.292800478637218475341796875">
        <ele>150.600006103515625</ele>
        <time>2025-11-15T11:26:13.000Z</time>
        <extensions>
          <ns3:TrackPointExtension>
            <ns3:hr>74</ns3:hr>
          </ns3:TrackPointExtension>
        </extensions>
      </trkpt>
      <trkpt lat="25.27428061701357364654541015625" lon="110.29281087219715118408203125">
        <ele>150.600006103515625</ele>
        <time>2025-11-15T11:26:14.000Z</time>
        <extensions>
          <ns3:TrackPointExtension>
            <ns3:hr>74</ns3:hr>
          </ns3:TrackPointExtension>
        </extensions>
      </trkpt>
      <trkpt lat="25.2742905914783477783203125" lon="110.292818583548069000244140625">
        <ele>150.600006103515625</ele>
        <time>2025-11-15T11:26:15.000Z</time>
        <extensions>
          <ns3:TrackPointExtension>
            <ns3:hr>74</ns3:hr>
          </ns3:TrackPointExtension>
        </extensions>
      </trkpt>
      <trkpt lat="25.27430090121924877166748046875" lon="110.29282520525157451629638671875">
        <ele>150.8000030517578125</ele>
        <time>2025-11-15T11:26:16.000Z</time>
        <extensions>
          <ns3:TrackPointExtension>
            <ns3:hr>74</ns3:hr>
          </ns3:TrackPointExtension>
        </extensions>
      </trkpt>
      <trkpt lat="25.27431246824562549591064453125" lon="110.29283476062119007110595703125">
        <ele>150.600006103515625</ele>
        <time>2025-11-15T11:26:17.000Z</time>
        <extensions>
          <ns3:TrackPointExtension>
            <ns3:hr>73</ns3:hr>
          </ns3:TrackPointExtension>
        </extensions>
      </trkpt>
      <trkpt lat="25.2743227779865264892578125" lon="110.29284431599080562591552734375">
        <ele>150.600006103515625</ele>
        <time>2025-11-15T11:26:18.000Z</time>
        <extensions>
          <ns3:TrackPointExtension>
            <ns3:hr>74</ns3:hr>
          </ns3:TrackPointExtension>
        </extensions>
      </trkpt>
      <trkpt lat="25.27432973496615886688232421875" lon="110.29285253025591373443603515625">
        <ele>150.600006103515625</ele>
        <time>2025-11-15T11:26:19.000Z</time>
        <extensions>
          <ns3:TrackPointExtension>
            <ns3:hr>74</ns3:hr>
          </ns3:TrackPointExtension>
        </extensions>
      </trkpt>
      <trkpt lat="25.2743366919457912445068359375" lon="110.29285739175975322723388671875">
        <ele>150.600006103515625</ele>
        <time>2025-11-15T11:26:20.000Z</time>
        <extensions>
          <ns3:TrackPointExtension>
            <ns3:hr>73</ns3:hr>
          </ns3:TrackPointExtension>
        </extensions>
      </trkpt>
      <trkpt lat="25.2743464149534702301025390625" lon="110.2928646840155124664306640625">
        <ele>150.600006103515625</ele>
        <time>2025-11-15T11:26:21.000Z</time>
        <extensions>
          <ns3:TrackPointExtension>
            <ns3:hr>73</ns3:hr>
          </ns3:TrackPointExtension>
        </extensions>
      </trkpt>
      <trkpt lat="25.2743531204760074615478515625" lon="110.29287080280482769012451171875">
        <ele>150.600006103515625</ele>
        <time>2025-11-15T11:26:22.000Z</time>
        <extensions>
          <ns3:TrackPointExtension>
            <ns3:hr>73</ns3:hr>
          </ns3:TrackPointExtension>
        </extensions>
      </trkpt>
      <trkpt lat="25.2743601612746715545654296875" lon="110.29287784360349178314208984375">
        <ele>150.600006103515625</ele>
        <time>2025-11-15T11:26:23.000Z</time>
        <extensions>
          <ns3:TrackPointExtension>
            <ns3:hr>73</ns3:hr>
          </ns3:TrackPointExtension>
        </extensions>
      </trkpt>
      <trkpt lat="25.27436762116849422454833984375" lon="110.292884968221187591552734375">
        <ele>150.600006103515625</ele>
        <time>2025-11-15T11:26:24.000Z</time>
        <extensions>
          <ns3:TrackPointExtension>
            <ns3:hr>73</ns3:hr>
          </ns3:TrackPointExtension>
        </extensions>
      </trkpt>
      <trkpt lat="25.27436778880655765533447265625" lon="110.29289544560015201568603515625">
        <ele>150.600006103515625</ele>
        <time>2025-11-15T11:26:25.000Z</time>
        <extensions>
          <ns3:TrackPointExtension>
            <ns3:hr>72</ns3:hr>
          </ns3:TrackPointExtension>
        </extensions>
      </trkpt>
      <trkpt lat="25.27437181212007999420166015625" lon="110.2929102815687656402587890625">
        <ele>150.600006103515625</ele>
        <time>2025-11-15T11:26:26.000Z</time>
        <extensions>
          <ns3:TrackPointExtension>
            <ns3:hr>72</ns3:hr>
          </ns3:TrackPointExtension>
        </extensions>
      </trkpt>
      <trkpt lat="25.27437918819487094879150390625" lon="110.2929196693003177642822265625">
        <ele>150.600006103515625</ele>
        <time>2025-11-15T11:26:27.000Z</time>
        <extensions>
          <ns3:TrackPointExtension>
            <ns3:hr>72</ns3:hr>
          </ns3:TrackPointExtension>
        </extensions>
      </trkpt>
      <trkpt lat="25.27438555844128131866455078125" lon="110.29293425381183624267578125">
        <ele>150.600006103515625</ele>
        <time>2025-11-15T11:26:28.000Z</time>
        <extensions>
          <ns3:TrackPointExtension>
            <ns3:hr>72</ns3:hr>
          </ns3:TrackPointExtension>
        </extensions>
      </trkpt>
      <trkpt lat="25.27438824065029621124267578125" lon="110.2929501794278621673583984375">
        <ele>150.600006103515625</ele>
        <time>2025-11-15T11:26:29.000Z</time>
        <extensions>
          <ns3:TrackPointExtension>
            <ns3:hr>72</ns3:hr>
          </ns3:TrackPointExtension>
        </extensions>
      </trkpt>
      <trkpt lat="25.27439310215413570404052734375" lon="110.2929609082639217376708984375">
        <ele>150.600006103515625</ele>
        <time>2025-11-15T11:26:30.000Z</time>
        <extensions>
          <ns3:TrackPointExtension>
            <ns3:hr>72</ns3:hr>
          </ns3:TrackPointExtension>
        </extensions>
      </trkpt>
      <trkpt lat="25.27439394034445285797119140625" lon="110.2929751574993133544921875">
        <ele>150.600006103515625</ele>
        <time>2025-11-15T11:26:31.000Z</time>
        <extensions>
          <ns3:TrackPointExtension>
            <ns3:hr>72</ns3:hr>
          </ns3:TrackPointExtension>
        </extensions>
      </trkpt>
      <trkpt lat="25.27439318597316741943359375" lon="110.292991586029529571533203125">
        <ele>150.600006103515625</ele>
        <time>2025-11-15T11:26:32.000Z</time>
        <extensions>
          <ns3:TrackPointExtension>
            <ns3:hr>72</ns3:hr>
          </ns3:TrackPointExtension>
        </extensions>
      </trkpt>
      <trkpt lat="25.274394191801548004150390625" lon="110.29300675727427005767822265625">
        <ele>150.600006103515625</ele>
        <time>2025-11-15T11:26:33.000Z</time>
        <extensions>
          <ns3:TrackPointExtension>
            <ns3:hr>73</ns3:hr>
          </ns3:TrackPointExtension>
        </extensions>
      </trkpt>
      <trkpt lat="25.2743970416486263275146484375" lon="110.293021760880947113037109375">
        <ele>150.600006103515625</ele>
        <time>2025-11-15T11:26:34.000Z</time>
        <extensions>
          <ns3:TrackPointExtension>
            <ns3:hr>73</ns3:hr>
          </ns3:TrackPointExtension>
        </extensions>
      </trkpt>
      <trkpt lat="25.27440148405730724334716796875" lon="110.293036513030529022216796875">
        <ele>150.600006103515625</ele>
        <time>2025-11-15T11:26:35.000Z</time>
        <extensions>
          <ns3:TrackPointExtension>
            <ns3:hr>73</ns3:hr>
          </ns3:TrackPointExtension>
        </extensions>
      </trkpt>
      <trkpt lat="25.2744086086750030517578125" lon="110.29304564930498600006103515625">
        <ele>150.600006103515625</ele>
        <time>2025-11-15T11:26:36.000Z</time>
        <extensions>
          <ns3:TrackPointExtension>
            <ns3:hr>72</ns3:hr>
          </ns3:TrackPointExtension>
        </extensions>
      </trkpt>
      <trkpt lat="25.274414308369159698486328125" lon="110.29305336065590381622314453125">
        <ele>150.600006103515625</ele>
        <time>2025-11-15T11:26:37.000Z</time>
        <extensions>
          <ns3:TrackPointExtension>
            <ns3:hr>72</ns3:hr>
          </ns3:TrackPointExtension>
        </extensions>
      </trkpt>
      <trkpt lat="25.2744168229401111602783203125" lon="110.29306341893970966339111328125">
        <ele>150.600006103515625</ele>
        <time>2025-11-15T11:26:38.000Z</time>
        <extensions>
          <ns3:TrackPointExtension>
            <ns3:hr>72</ns3:hr>
          </ns3:TrackPointExtension>
        </extensions>
      </trkpt>
      <trkpt lat="25.27441673912107944488525390625" lon="110.293072722852230072021484375">
        <ele>150.600006103515625</ele>
        <time>2025-11-15T11:26:39.000Z</time>
        <extensions>
          <ns3:TrackPointExtension>
            <ns3:hr>72</ns3:hr>
          </ns3:TrackPointExtension>
        </extensions>
      </trkpt>
      <trkpt lat="25.2744174934923648834228515625" lon="110.29308320023119449615478515625">
        <ele>150.600006103515625</ele>
        <time>2025-11-15T11:26:40.000Z</time>
        <extensions>
          <ns3:TrackPointExtension>
            <ns3:hr>72</ns3:hr>
          </ns3:TrackPointExtension>
        </extensions>
      </trkpt>
      <trkpt lat="25.2744195051491260528564453125" lon="110.29309761710464954376220703125">
        <ele>150.600006103515625</ele>
        <time>2025-11-15T11:26:41.000Z</time>
        <extensions>
          <ns3:TrackPointExtension>
            <ns3:hr>72</ns3:hr>
          </ns3:TrackPointExtension>
        </extensions>
      </trkpt>
      <trkpt lat="25.27442428283393383026123046875" lon="110.29310868121683597564697265625">
        <ele>150.600006103515625</ele>
        <time>2025-11-15T11:26:42.000Z</time>
        <extensions>
          <ns3:TrackPointExtension>
            <ns3:hr>72</ns3:hr>
          </ns3:TrackPointExtension>
        </extensions>
      </trkpt>
      <trkpt lat="25.2744247019290924072265625" lon="110.2931218408048152923583984375">
        <ele>150.600006103515625</ele>
        <time>2025-11-15T11:26:43.000Z</time>
        <extensions>
          <ns3:TrackPointExtension>
            <ns3:hr>72</ns3:hr>
          </ns3:TrackPointExtension>
        </extensions>
      </trkpt>
      <trkpt lat="25.27442059479653835296630859375" lon="110.29313701204955577850341796875">
        <ele>150.600006103515625</ele>
        <time>2025-11-15T11:26:44.000Z</time>
        <extensions>
          <ns3:TrackPointExtension>
            <ns3:hr>71</ns3:hr>
          </ns3:TrackPointExtension>
        </extensions>
      </trkpt>
      <trkpt lat="25.2744193375110626220703125" lon="110.2931496687233448028564453125">
        <ele>150.600006103515625</ele>
        <time>2025-11-15T11:26:45.000Z</time>
        <extensions>
          <ns3:TrackPointExtension>
            <ns3:hr>72</ns3:hr>
          </ns3:TrackPointExtension>
        </extensions>
      </trkpt>
      <trkpt lat="25.27442294172942638397216796875" lon="110.293163247406482696533203125">
        <ele>150.600006103515625</ele>
        <time>2025-11-15T11:26:46.000Z</time>
        <extensions>
          <ns3:TrackPointExtension>
            <ns3:hr>72</ns3:hr>
          </ns3:TrackPointExtension>
        </extensions>
      </trkpt>
      <trkpt lat="25.27442872524261474609375" lon="110.2931711263954639434814453125">
        <ele>150.600006103515625</ele>
        <time>2025-11-15T11:26:47.000Z</time>
        <extensions>
          <ns3:TrackPointExtension>
            <ns3:hr>72</ns3:hr>
          </ns3:TrackPointExtension>
        </extensions>
      </trkpt>
      <trkpt lat="25.274433083832263946533203125" lon="110.2931805141270160675048828125">
        <ele>150.600006103515625</ele>
        <time>2025-11-15T11:26:48.000Z</time>
        <extensions>
          <ns3:TrackPointExtension>
            <ns3:hr>72</ns3:hr>
          </ns3:TrackPointExtension>
        </extensions>
      </trkpt>
      <trkpt lat="25.2744362689554691314697265625" lon="110.29318797402083873748779296875">
        <ele>150.8000030517578125</ele>
        <time>2025-11-15T11:26:49.000Z</time>
        <extensions>
          <ns3:TrackPointExtension>
            <ns3:hr>72</ns3:hr>
          </ns3:TrackPointExtension>
        </extensions>
      </trkpt>
      <trkpt lat="25.2744381129741668701171875" lon="110.2931989543139934539794921875">
        <ele>150.8000030517578125</ele>
        <time>2025-11-15T11:26:50.000Z</time>
        <extensions>
          <ns3:TrackPointExtension>
            <ns3:hr>72</ns3:hr>
          </ns3:TrackPointExtension>
        </extensions>
      </trkpt>
      <trkpt lat="25.27443735860288143157958984375" lon="110.29320926405489444732666015625">
        <ele>151</ele>
        <time>2025-11-15T11:26:51.000Z</time>
        <extensions>
          <ns3:TrackPointExtension>
            <ns3:hr>73</ns3:hr>
          </ns3:TrackPointExtension>
        </extensions>
      </trkpt>
      <trkpt lat="25.27443702332675457000732421875" lon="110.29321311973035335540771484375">
        <ele>151</ele>
        <time>2025-11-15T11:26:52.000Z</time>
        <extensions>
          <ns3:TrackPointExtension>
            <ns3:hr>73</ns3:hr>
          </ns3:TrackPointExtension>
        </extensions>
      </trkpt>
      <trkpt lat="25.27444071136415004730224609375" lon="110.29321965761482715606689453125">
        <ele>151</ele>
        <time>2025-11-15T11:26:53.000Z</time>
        <extensions>
          <ns3:TrackPointExtension>
            <ns3:hr>74</ns3:hr>
          </ns3:TrackPointExtension>
        </extensions>
      </trkpt>
      <trkpt lat="25.27444238774478435516357421875" lon="110.29322871007025241851806640625">
        <ele>151</ele>
        <time>2025-11-15T11:26:54.000Z</time>
        <extensions>
          <ns3:TrackPointExtension>
            <ns3:hr>73</ns3:hr>
          </ns3:TrackPointExtension>
        </extensions>
      </trkpt>
      <trkpt lat="25.27443970553576946258544921875" lon="110.2932408638298511505126953125">
        <ele>151</ele>
        <time>2025-11-15T11:26:55.000Z</time>
        <extensions>
          <ns3:TrackPointExtension>
            <ns3:hr>73</ns3:hr>
          </ns3:TrackPointExtension>
        </extensions>
      </trkpt>
      <trkpt lat="25.27443853206932544708251953125" lon="110.29325284995138645172119140625">
        <ele>151</ele>
        <time>2025-11-15T11:26:56.000Z</time>
        <extensions>
          <ns3:TrackPointExtension>
            <ns3:hr>73</ns3:hr>
          </ns3:TrackPointExtension>
        </extensions>
      </trkpt>
      <trkpt lat="25.2744352631270885467529296875" lon="110.29326508753001689910888671875">
        <ele>151</ele>
        <time>2025-11-15T11:26:57.000Z</time>
        <extensions>
          <ns3:TrackPointExtension>
            <ns3:hr>73</ns3:hr>
          </ns3:TrackPointExtension>
        </extensions>
      </trkpt>
      <trkpt lat="25.2744288928806781768798828125" lon="110.293275229632854461669921875">
        <ele>151</ele>
        <time>2025-11-15T11:26:58.000Z</time>
        <extensions>
          <ns3:TrackPointExtension>
            <ns3:hr>73</ns3:hr>
          </ns3:TrackPointExtension>
        </extensions>
      </trkpt>
      <trkpt lat="25.27442562393844127655029296875" lon="110.29328721575438976287841796875">
        <ele>151</ele>
        <time>2025-11-15T11:26:59.000Z</time>
        <extensions>
          <ns3:TrackPointExtension>
            <ns3:hr>73</ns3:hr>
          </ns3:TrackPointExtension>
        </extensions>
      </trkpt>
      <trkpt lat="25.27442009188234806060791015625" lon="110.29330062679946422576904296875">
        <ele>151</ele>
        <time>2025-11-15T11:27:00.000Z</time>
        <extensions>
          <ns3:TrackPointExtension>
            <ns3:hr>72</ns3:hr>
          </ns3:TrackPointExtension>
        </extensions>
      </trkpt>
      <trkpt lat="25.2744086086750030517578125" lon="110.29330967925488948822021484375">
        <ele>151.1999969482421875</ele>
        <time>2025-11-15T11:27:01.000Z</time>
        <extensions>
          <ns3:TrackPointExtension>
            <ns3:hr>72</ns3:hr>
          </ns3:TrackPointExtension>
        </extensions>
      </trkpt>
      <trkpt lat="25.27440525591373443603515625" lon="110.29332141391932964324951171875">
        <ele>151.1999969482421875</ele>
        <time>2025-11-15T11:27:02.000Z</time>
        <extensions>
          <ns3:TrackPointExtension>
            <ns3:hr>72</ns3:hr>
          </ns3:TrackPointExtension>
        </extensions>
      </trkpt>
      <trkpt lat="25.27441137470304965972900390625" lon="110.2933307178318500518798828125">
        <ele>151.1999969482421875</ele>
        <time>2025-11-15T11:27:03.000Z</time>
        <extensions>
          <ns3:TrackPointExtension>
            <ns3:hr>72</ns3:hr>
          </ns3:TrackPointExtension>
        </extensions>
      </trkpt>
      <trkpt lat="25.27441062033176422119140625" lon="110.293343625962734222412109375">
        <ele>151.1999969482421875</ele>
        <time>2025-11-15T11:27:04.000Z</time>
        <extensions>
          <ns3:TrackPointExtension>
            <ns3:hr>72</ns3:hr>
          </ns3:TrackPointExtension>
        </extensions>
      </trkpt>
      <trkpt lat="25.27440986596047878265380859375" lon="110.293348319828510284423828125">
        <ele>151.1999969482421875</ele>
        <time>2025-11-15T11:27:05.000Z</time>
        <extensions>
          <ns3:TrackPointExtension>
            <ns3:hr>72</ns3:hr>
          </ns3:TrackPointExtension>
        </extensions>
      </trkpt>
      <trkpt lat="25.274409614503383636474609375" lon="110.29335829429328441619873046875">
        <ele>151</ele>
        <time>2025-11-15T11:27:06.000Z</time>
        <extensions>
          <ns3:TrackPointExtension>
            <ns3:hr>72</ns3:hr>
          </ns3:TrackPointExtension>
        </extensions>
      </trkpt>
      <trkpt lat="25.2744084410369396209716796875" lon="110.293371789157390594482421875">
        <ele>151</ele>
        <time>2025-11-15T11:27:07.000Z</time>
        <extensions>
          <ns3:TrackPointExtension>
            <ns3:hr>72</ns3:hr>
          </ns3:TrackPointExtension>
        </extensions>
      </trkpt>
      <trkpt lat="25.27440517209470272064208984375" lon="110.2933836914598941802978515625">
        <ele>151</ele>
        <time>2025-11-15T11:27:08.000Z</time>
        <extensions>
          <ns3:TrackPointExtension>
            <ns3:hr>72</ns3:hr>
          </ns3:TrackPointExtension>
        </extensions>
      </trkpt>
      <trkpt lat="25.27440148405730724334716796875" lon="110.29339425265789031982421875">
        <ele>151</ele>
        <time>2025-11-15T11:27:09.000Z</time>
        <extensions>
          <ns3:TrackPointExtension>
            <ns3:hr>72</ns3:hr>
          </ns3:TrackPointExtension>
        </extensions>
      </trkpt>
      <trkpt lat="25.27440366335213184356689453125" lon="110.29340506531298160552978515625">
        <ele>151</ele>
        <time>2025-11-15T11:27:10.000Z</time>
        <extensions>
          <ns3:TrackPointExtension>
            <ns3:hr>72</ns3:hr>
          </ns3:TrackPointExtension>
        </extensions>
      </trkpt>
      <trkpt lat="25.2744027413427829742431640625" lon="110.29342099092900753021240234375">
        <ele>151</ele>
        <time>2025-11-15T11:27:11.000Z</time>
        <extensions>
          <ns3:TrackPointExtension>
            <ns3:hr>72</ns3:hr>
          </ns3:TrackPointExtension>
        </extensions>
      </trkpt>
      <trkpt lat="25.27440533973276615142822265625" lon="110.29343507252633571624755859375">
        <ele>151</ele>
        <time>2025-11-15T11:27:12.000Z</time>
        <extensions>
          <ns3:TrackPointExtension>
            <ns3:hr>72</ns3:hr>
          </ns3:TrackPointExtension>
        </extensions>
      </trkpt>
      <trkpt lat="25.2744054235517978668212890625" lon="110.2934507466852664947509765625">
        <ele>151</ele>
        <time>2025-11-15T11:27:13.000Z</time>
        <extensions>
          <ns3:TrackPointExtension>
            <ns3:hr>72</ns3:hr>
          </ns3:TrackPointExtension>
        </extensions>
      </trkpt>
      <trkpt lat="25.27440148405730724334716796875" lon="110.29346390627324581146240234375">
        <ele>151</ele>
        <time>2025-11-15T11:27:14.000Z</time>
        <extensions>
          <ns3:TrackPointExtension>
            <ns3:hr>72</ns3:hr>
          </ns3:TrackPointExtension>
        </extensions>
      </trkpt>
      <trkpt lat="25.27439720928668975830078125" lon="110.2934795804321765899658203125">
        <ele>151</ele>
        <time>2025-11-15T11:27:15.000Z</time>
        <extensions>
          <ns3:TrackPointExtension>
            <ns3:hr>72</ns3:hr>
          </ns3:TrackPointExtension>
        </extensions>
      </trkpt>
      <trkpt lat="25.27439528144896030426025390625" lon="110.2934928238391876220703125">
        <ele>151</ele>
        <time>2025-11-15T11:27:16.000Z</time>
        <extensions>
          <ns3:TrackPointExtension>
            <ns3:hr>71</ns3:hr>
          </ns3:TrackPointExtension>
        </extensions>
      </trkpt>
      <trkpt lat="25.2743960358202457427978515625" lon="110.29350497759878635406494140625">
        <ele>151</ele>
        <time>2025-11-15T11:27:17.000Z</time>
        <extensions>
          <ns3:TrackPointExtension>
            <ns3:hr>71</ns3:hr>
          </ns3:TrackPointExtension>
        </extensions>
      </trkpt>
      <trkpt lat="25.27440131641924381256103515625" lon="110.2935208193957805633544921875">
        <ele>151</ele>
        <time>2025-11-15T11:27:18.000Z</time>
        <extensions>
          <ns3:TrackPointExtension>
            <ns3:hr>72</ns3:hr>
          </ns3:TrackPointExtension>
        </extensions>
      </trkpt>
      <trkpt lat="25.2744064293801784515380859375" lon="110.2935322187840938568115234375">
        <ele>151</ele>
        <time>2025-11-15T11:27:19.000Z</time>
        <extensions>
          <ns3:TrackPointExtension>
            <ns3:hr>72</ns3:hr>
          </ns3:TrackPointExtension>
        </extensions>
      </trkpt>
      <trkpt lat="25.27441321872174739837646484375" lon="110.2935439534485340118408203125">
        <ele>151</ele>
        <time>2025-11-15T11:27:20.000Z</time>
        <extensions>
          <ns3:TrackPointExtension>
            <ns3:hr>72</ns3:hr>
          </ns3:TrackPointExtension>
        </extensions>
      </trkpt>
      <trkpt lat="25.27441799640655517578125" lon="110.2935543470084667205810546875">
        <ele>151.1999969482421875</ele>
        <time>2025-11-15T11:27:21.000Z</time>
        <extensions>
          <ns3:TrackPointExtension>
            <ns3:hr>72</ns3:hr>
          </ns3:TrackPointExtension>
        </extensions>
      </trkpt>
      <trkpt lat="25.27442679740488529205322265625" lon="110.29356163926422595977783203125">
        <ele>151.399993896484375</ele>
        <time>2025-11-15T11:27:22.000Z</time>
        <extensions>
          <ns3:TrackPointExtension>
            <ns3:hr>72</ns3:hr>
          </ns3:TrackPointExtension>
        </extensions>
      </trkpt>
      <trkpt lat="25.27443467639386653900146484375" lon="110.29356951825320720672607421875">
        <ele>151.600006103515625</ele>
        <time>2025-11-15T11:27:23.000Z</time>
        <extensions>
          <ns3:TrackPointExtension>
            <ns3:hr>71</ns3:hr>
          </ns3:TrackPointExtension>
        </extensions>
      </trkpt>
      <trkpt lat="25.27444171719253063201904296875" lon="110.29356884770095348358154296875">
        <ele>152</ele>
        <time>2025-11-15T11:27:24.000Z</time>
        <extensions>
          <ns3:TrackPointExtension>
            <ns3:hr>72</ns3:hr>
          </ns3:TrackPointExtension>
        </extensions>
      </trkpt>
      <trkpt lat="25.2744446508586406707763671875" lon="110.2935670875012874603271484375">
        <ele>152.1999969482421875</ele>
        <time>2025-11-15T11:27:25.000Z</time>
        <extensions>
          <ns3:TrackPointExtension>
            <ns3:hr>72</ns3:hr>
          </ns3:TrackPointExtension>
        </extensions>
      </trkpt>
      <trkpt lat="25.274446494877338409423828125" lon="110.29357421211898326873779296875">
        <ele>152.600006103515625</ele>
        <time>2025-11-15T11:27:26.000Z</time>
        <extensions>
          <ns3:TrackPointExtension>
            <ns3:hr>72</ns3:hr>
          </ns3:TrackPointExtension>
        </extensions>
      </trkpt>
      <trkpt lat="25.274449177086353302001953125" lon="110.2935771457850933074951171875">
        <ele>152.8000030517578125</ele>
        <time>2025-11-15T11:27:27.000Z</time>
        <extensions>
          <ns3:TrackPointExtension>
            <ns3:hr>73</ns3:hr>
          </ns3:TrackPointExtension>
        </extensions>
      </trkpt>
      <trkpt lat="25.2744530327618122100830078125" lon="110.2935811690986156463623046875">
        <ele>153</ele>
        <time>2025-11-15T11:27:28.000Z</time>
        <extensions>
          <ns3:TrackPointExtension>
            <ns3:hr>74</ns3:hr>
          </ns3:TrackPointExtension>
        </extensions>
      </trkpt>
      <trkpt lat="25.27445831336081027984619140625" lon="110.2935794927179813385009765625">
        <ele>153</ele>
        <time>2025-11-15T11:27:29.000Z</time>
        <extensions>
          <ns3:TrackPointExtension>
            <ns3:hr>74</ns3:hr>
          </ns3:TrackPointExtension>
        </extensions>
      </trkpt>
      <trkpt lat="25.27446568943560123443603515625" lon="110.29357924126088619232177734375">
        <ele>153</ele>
        <time>2025-11-15T11:27:30.000Z</time>
        <extensions>
          <ns3:TrackPointExtension>
            <ns3:hr>76</ns3:hr>
          </ns3:TrackPointExtension>
        </extensions>
      </trkpt>
      <trkpt lat="25.2744718082249164581298828125" lon="110.2935794927179813385009765625">
        <ele>153</ele>
        <time>2025-11-15T11:27:31.000Z</time>
        <extensions>
          <ns3:TrackPointExtension>
            <ns3:hr>77</ns3:hr>
          </ns3:TrackPointExtension>
        </extensions>
      </trkpt>
      <trkpt lat="25.2744788490235805511474609375" lon="110.2935825102031230926513671875">
        <ele>153</ele>
        <time>2025-11-15T11:27:32.000Z</time>
        <extensions>
          <ns3:TrackPointExtension>
            <ns3:hr>78</ns3:hr>
          </ns3:TrackPointExtension>
        </extensions>
      </trkpt>
      <trkpt lat="25.274486728012561798095703125" lon="110.2935841865837574005126953125">
        <ele>153.1999969482421875</ele>
        <time>2025-11-15T11:27:33.000Z</time>
        <extensions>
          <ns3:TrackPointExtension>
            <ns3:hr>79</ns3:hr>
          </ns3:TrackPointExtension>
        </extensions>
      </trkpt>
      <trkpt lat="25.27449687011539936065673828125" lon="110.29359030537307262420654296875">
        <ele>153.1999969482421875</ele>
        <time>2025-11-15T11:27:34.000Z</time>
        <extensions>
          <ns3:TrackPointExtension>
            <ns3:hr>78</ns3:hr>
          </ns3:TrackPointExtension>
        </extensions>
      </trkpt>
      <trkpt lat="25.2745073474943637847900390625" lon="110.29359432868659496307373046875">
        <ele>153.399993896484375</ele>
        <time>2025-11-15T11:27:35.000Z</time>
        <extensions>
          <ns3:TrackPointExtension>
            <ns3:hr>78</ns3:hr>
          </ns3:TrackPointExtension>
        </extensions>
      </trkpt>
      <trkpt lat="25.274520255625247955322265625" lon="110.29360019601881504058837890625">
        <ele>153.399993896484375</ele>
        <time>2025-11-15T11:27:36.000Z</time>
        <extensions>
          <ns3:TrackPointExtension>
            <ns3:hr>78</ns3:hr>
          </ns3:TrackPointExtension>
        </extensions>
      </trkpt>
      <trkpt lat="25.27453266084194183349609375" lon="110.29360539279878139495849609375">
        <ele>153.600006103515625</ele>
        <time>2025-11-15T11:27:37.000Z</time>
        <extensions>
          <ns3:TrackPointExtension>
            <ns3:hr>78</ns3:hr>
          </ns3:TrackPointExtension>
        </extensions>
      </trkpt>
      <trkpt lat="25.27454204857349395751953125" lon="110.29360773973166942596435546875">
        <ele>153.600006103515625</ele>
        <time>2025-11-15T11:27:38.000Z</time>
        <extensions>
          <ns3:TrackPointExtension>
            <ns3:hr>78</ns3:hr>
          </ns3:TrackPointExtension>
        </extensions>
      </trkpt>
      <trkpt lat="25.27455319650471210479736328125" lon="110.29360757209360599517822265625">
        <ele>153.600006103515625</ele>
        <time>2025-11-15T11:27:39.000Z</time>
        <extensions>
          <ns3:TrackPointExtension>
            <ns3:hr>77</ns3:hr>
          </ns3:TrackPointExtension>
        </extensions>
      </trkpt>
      <trkpt lat="25.274563841521739959716796875" lon="110.2936096675693988800048828125">
        <ele>153.399993896484375</ele>
        <time>2025-11-15T11:27:40.000Z</time>
        <extensions>
          <ns3:TrackPointExtension>
            <ns3:hr>77</ns3:hr>
          </ns3:TrackPointExtension>
        </extensions>
      </trkpt>
      <trkpt lat="25.27457515709102153778076171875" lon="110.2936126850545406341552734375">
        <ele>153.399993896484375</ele>
        <time>2025-11-15T11:27:41.000Z</time>
        <extensions>
          <ns3:TrackPointExtension>
            <ns3:hr>77</ns3:hr>
          </ns3:TrackPointExtension>
        </extensions>
      </trkpt>
      <trkpt lat="25.274584628641605377197265625" lon="110.29361293651163578033447265625">
        <ele>153.399993896484375</ele>
        <time>2025-11-15T11:27:42.000Z</time>
        <extensions>
          <ns3:TrackPointExtension>
            <ns3:hr>77</ns3:hr>
          </ns3:TrackPointExtension>
        </extensions>
      </trkpt>
      <trkpt lat="25.2745938487350940704345703125" lon="110.2936150319874286651611328125">
        <ele>153.399993896484375</ele>
        <time>2025-11-15T11:27:43.000Z</time>
        <extensions>
          <ns3:TrackPointExtension>
            <ns3:hr>76</ns3:hr>
          </ns3:TrackPointExtension>
        </extensions>
      </trkpt>
      <trkpt lat="25.27460315264761447906494140625" lon="110.2936183847486972808837890625">
        <ele>153.399993896484375</ele>
        <time>2025-11-15T11:27:44.000Z</time>
        <extensions>
          <ns3:TrackPointExtension>
            <ns3:hr>77</ns3:hr>
          </ns3:TrackPointExtension>
        </extensions>
      </trkpt>
      <trkpt lat="25.27461304329335689544677734375" lon="110.29362400062382221221923828125">
        <ele>153.1999969482421875</ele>
        <time>2025-11-15T11:27:45.000Z</time>
        <extensions>
          <ns3:TrackPointExtension>
            <ns3:hr>77</ns3:hr>
          </ns3:TrackPointExtension>
        </extensions>
      </trkpt>
      <trkpt lat="25.2746220119297504425048828125" lon="110.293631963431835174560546875">
        <ele>153.1999969482421875</ele>
        <time>2025-11-15T11:27:46.000Z</time>
        <extensions>
          <ns3:TrackPointExtension>
            <ns3:hr>77</ns3:hr>
          </ns3:TrackPointExtension>
        </extensions>
      </trkpt>
      <trkpt lat="25.2746307291090488433837890625" lon="110.29364428482949733734130859375">
        <ele>153.399993896484375</ele>
        <time>2025-11-15T11:27:47.000Z</time>
        <extensions>
          <ns3:TrackPointExtension>
            <ns3:hr>77</ns3:hr>
          </ns3:TrackPointExtension>
        </extensions>
      </trkpt>
      <trkpt lat="25.27464103884994983673095703125" lon="110.29364763759076595306396484375">
        <ele>153.399993896484375</ele>
        <time>2025-11-15T11:27:48.000Z</time>
        <extensions>
          <ns3:TrackPointExtension>
            <ns3:hr>78</ns3:hr>
          </ns3:TrackPointExtension>
        </extensions>
      </trkpt>
      <trkpt lat="25.2746511809527873992919921875" lon="110.29364964924752712249755859375">
        <ele>153.399993896484375</ele>
        <time>2025-11-15T11:27:49.000Z</time>
        <extensions>
          <ns3:TrackPointExtension>
            <ns3:hr>78</ns3:hr>
          </ns3:TrackPointExtension>
        </extensions>
      </trkpt>
      <trkpt lat="25.2746639214456081390380859375" lon="110.29364881105720996856689453125">
        <ele>153.399993896484375</ele>
        <time>2025-11-15T11:27:50.000Z</time>
        <extensions>
          <ns3:TrackPointExtension>
            <ns3:hr>78</ns3:hr>
          </ns3:TrackPointExtension>
        </extensions>
      </trkpt>
      <trkpt lat="25.27467456646263599395751953125" lon="110.29364847578108310699462890625">
        <ele>153.399993896484375</ele>
        <time>2025-11-15T11:27:51.000Z</time>
        <extensions>
          <ns3:TrackPointExtension>
            <ns3:hr>79</ns3:hr>
          </ns3:TrackPointExtension>
        </extensions>
      </trkpt>
      <trkpt lat="25.27468479238450527191162109375" lon="110.29365015216171741485595703125">
        <ele>153.399993896484375</ele>
        <time>2025-11-15T11:27:52.000Z</time>
        <extensions>
          <ns3:TrackPointExtension>
            <ns3:hr>79</ns3:hr>
          </ns3:TrackPointExtension>
        </extensions>
      </trkpt>
      <trkpt lat="25.2746947668492794036865234375" lon="110.29365367256104946136474609375">
        <ele>153.399993896484375</ele>
        <time>2025-11-15T11:27:53.000Z</time>
        <extensions>
          <ns3:TrackPointExtension>
            <ns3:hr>79</ns3:hr>
          </ns3:TrackPointExtension>
        </extensions>
      </trkpt>
      <trkpt lat="25.27470457367599010467529296875" lon="110.29365652240812778472900390625">
        <ele>153.399993896484375</ele>
        <time>2025-11-15T11:27:54.000Z</time>
        <extensions>
          <ns3:TrackPointExtension>
            <ns3:hr>79</ns3:hr>
          </ns3:TrackPointExtension>
        </extensions>
      </trkpt>
      <trkpt lat="25.27471278794109821319580078125" lon="110.2936609648168087005615234375">
        <ele>153.399993896484375</ele>
        <time>2025-11-15T11:27:55.000Z</time>
        <extensions>
          <ns3:TrackPointExtension>
            <ns3:hr>79</ns3:hr>
          </ns3:TrackPointExtension>
        </extensions>
      </trkpt>
      <trkpt lat="25.274719409644603729248046875" lon="110.2936698496341705322265625">
        <ele>153.399993896484375</ele>
        <time>2025-11-15T11:27:56.000Z</time>
        <extensions>
          <ns3:TrackPointExtension>
            <ns3:hr>79</ns3:hr>
          </ns3:TrackPointExtension>
        </extensions>
      </trkpt>
      <trkpt lat="25.2747266180813312530517578125" lon="110.29368393123149871826171875">
        <ele>153.600006103515625</ele>
        <time>2025-11-15T11:27:57.000Z</time>
        <extensions>
          <ns3:TrackPointExtension>
            <ns3:hr>79</ns3:hr>
          </ns3:TrackPointExtension>
        </extensions>
      </trkpt>
      <trkpt lat="25.27473206631839275360107421875" lon="110.2936911396682262420654296875">
        <ele>153.600006103515625</ele>
        <time>2025-11-15T11:27:58.000Z</time>
        <extensions>
          <ns3:TrackPointExtension>
            <ns3:hr>79</ns3:hr>
          </ns3:TrackPointExtension>
        </extensions>
      </trkpt>
      <trkpt lat="25.27474011294543743133544921875" lon="110.29369591735303401947021484375">
        <ele>153.600006103515625</ele>
        <time>2025-11-15T11:27:59.000Z</time>
        <extensions>
          <ns3:TrackPointExtension>
            <ns3:hr>79</ns3:hr>
          </ns3:TrackPointExtension>
        </extensions>
      </trkpt>
      <trkpt lat="25.27474723756313323974609375" lon="110.2937099151313304901123046875">
        <ele>153.600006103515625</ele>
        <time>2025-11-15T11:28:00.000Z</time>
        <extensions>
          <ns3:TrackPointExtension>
            <ns3:hr>78</ns3:hr>
          </ns3:TrackPointExtension>
        </extensions>
      </trkpt>
      <trkpt lat="25.27474950067698955535888671875" lon="110.2937189675867557525634765625">
        <ele>153.8000030517578125</ele>
        <time>2025-11-15T11:28:01.000Z</time>
        <extensions>
          <ns3:TrackPointExtension>
            <ns3:hr>79</ns3:hr>
          </ns3:TrackPointExtension>
        </extensions>
      </trkpt>
      <trkpt lat="25.27475520037114620208740234375" lon="110.293732546269893646240234375">
        <ele>153.8000030517578125</ele>
        <time>2025-11-15T11:28:02.000Z</time>
        <extensions>
          <ns3:TrackPointExtension>
            <ns3:hr>79</ns3:hr>
          </ns3:TrackPointExtension>
        </extensions>
      </trkpt>
      <trkpt lat="25.27476467192173004150390625" lon="110.29374570585787296295166015625">
        <ele>153.600006103515625</ele>
        <time>2025-11-15T11:28:03.000Z</time>
        <extensions>
          <ns3:TrackPointExtension>
            <ns3:hr>78</ns3:hr>
          </ns3:TrackPointExtension>
        </extensions>
      </trkpt>
      <trkpt lat="25.27476928196847438812255859375" lon="110.29375190846621990203857421875">
        <ele>153.600006103515625</ele>
        <time>2025-11-15T11:28:04.000Z</time>
        <extensions>
          <ns3:TrackPointExtension>
            <ns3:hr>79</ns3:hr>
          </ns3:TrackPointExtension>
        </extensions>
      </trkpt>
      <trkpt lat="25.2747712098062038421630859375" lon="110.29375492595136165618896484375">
        <ele>153.399993896484375</ele>
        <time>2025-11-15T11:28:05.000Z</time>
        <extensions>
          <ns3:TrackPointExtension>
            <ns3:hr>79</ns3:hr>
          </ns3:TrackPointExtension>
        </extensions>
      </trkpt>
      <trkpt lat="25.27477380819618701934814453125" lon="110.29376305639743804931640625">
        <ele>153.399993896484375</ele>
        <time>2025-11-15T11:28:06.000Z</time>
        <extensions>
          <ns3:TrackPointExtension>
            <ns3:hr>78</ns3:hr>
          </ns3:TrackPointExtension>
        </extensions>
      </trkpt>
      <trkpt lat="25.27477397583425045013427734375" lon="110.29376842081546783447265625">
        <ele>153.1999969482421875</ele>
        <time>2025-11-15T11:28:07.000Z</time>
        <extensions>
          <ns3:TrackPointExtension>
            <ns3:hr>78</ns3:hr>
          </ns3:TrackPointExtension>
        </extensions>
      </trkpt>
      <trkpt lat="25.27477950789034366607666015625" lon="110.29377621598541736602783203125">
        <ele>153.1999969482421875</ele>
        <time>2025-11-15T11:28:08.000Z</time>
        <extensions>
          <ns3:TrackPointExtension>
            <ns3:hr>78</ns3:hr>
          </ns3:TrackPointExtension>
        </extensions>
      </trkpt>
      <trkpt lat="25.27478017844259738922119140625" lon="110.29377671889960765838623046875">
        <ele>153.1999969482421875</ele>
        <time>2025-11-15T11:28:09.000Z</time>
        <extensions>
          <ns3:TrackPointExtension>
            <ns3:hr>77</ns3:hr>
          </ns3:TrackPointExtension>
        </extensions>
      </trkpt>
      <trkpt lat="25.27478403411805629730224609375" lon="110.29377889819443225860595703125">
        <ele>153.1999969482421875</ele>
        <time>2025-11-15T11:28:10.000Z</time>
        <extensions>
          <ns3:TrackPointExtension>
            <ns3:hr>77</ns3:hr>
          </ns3:TrackPointExtension>
        </extensions>
      </trkpt>
      <trkpt lat="25.27478990145027637481689453125" lon="110.29376967810094356536865234375">
        <ele>153.1999969482421875</ele>
        <time>2025-11-15T11:28:11.000Z</time>
        <extensions>
          <ns3:TrackPointExtension>
            <ns3:hr>76</ns3:hr>
          </ns3:TrackPointExtension>
        </extensions>
      </trkpt>
      <trkpt lat="25.274798870086669921875" lon="110.2937588654458522796630859375">
        <ele>153.1999969482421875</ele>
        <time>2025-11-15T11:28:12.000Z</time>
        <extensions>
          <ns3:TrackPointExtension>
            <ns3:hr>75</ns3:hr>
          </ns3:TrackPointExtension>
        </extensions>
      </trkpt>
      <trkpt lat="25.2748107723891735076904296875" lon="110.2937508188188076019287109375">
        <ele>153.1999969482421875</ele>
        <time>2025-11-15T11:28:13.000Z</time>
        <extensions>
          <ns3:TrackPointExtension>
            <ns3:hr>75</ns3:hr>
          </ns3:TrackPointExtension>
        </extensions>
      </trkpt>
      <trkpt lat="25.27482225559651851654052734375" lon="110.29374159872531890869140625">
        <ele>153</ele>
        <time>2025-11-15T11:28:14.000Z</time>
        <extensions>
          <ns3:TrackPointExtension>
            <ns3:hr>74</ns3:hr>
          </ns3:TrackPointExtension>
        </extensions>
      </trkpt>
      <trkpt lat="25.27483818121254444122314453125" lon="110.29373531229794025421142578125">
        <ele>153</ele>
        <time>2025-11-15T11:28:15.000Z</time>
        <extensions>
          <ns3:TrackPointExtension>
            <ns3:hr>73</ns3:hr>
          </ns3:TrackPointExtension>
        </extensions>
      </trkpt>
      <trkpt lat="25.27485159225761890411376953125" lon="110.2937290258705615997314453125">
        <ele>153</ele>
        <time>2025-11-15T11:28:16.000Z</time>
        <extensions>
          <ns3:TrackPointExtension>
            <ns3:hr>73</ns3:hr>
          </ns3:TrackPointExtension>
        </extensions>
      </trkpt>
      <trkpt lat="25.27486148290336132049560546875" lon="110.29371988959610462188720703125">
        <ele>153</ele>
        <time>2025-11-15T11:28:17.000Z</time>
        <extensions>
          <ns3:TrackPointExtension>
            <ns3:hr>72</ns3:hr>
          </ns3:TrackPointExtension>
        </extensions>
      </trkpt>
      <trkpt lat="25.2748701162636280059814453125" lon="110.2937125973403453826904296875">
        <ele>153</ele>
        <time>2025-11-15T11:28:18.000Z</time>
        <extensions>
          <ns3:TrackPointExtension>
            <ns3:hr>72</ns3:hr>
          </ns3:TrackPointExtension>
        </extensions>
      </trkpt>
      <trkpt lat="25.2748795039951801300048828125" lon="110.293703712522983551025390625">
        <ele>153</ele>
        <time>2025-11-15T11:28:19.000Z</time>
        <extensions>
          <ns3:TrackPointExtension>
            <ns3:hr>72</ns3:hr>
          </ns3:TrackPointExtension>
        </extensions>
      </trkpt>
      <trkpt lat="25.27488796971738338470458984375" lon="110.29369876720011234283447265625">
        <ele>153</ele>
        <time>2025-11-15T11:28:20.000Z</time>
        <extensions>
          <ns3:TrackPointExtension>
            <ns3:hr>72</ns3:hr>
          </ns3:TrackPointExtension>
        </extensions>
      </trkpt>
      <trkpt lat="25.2748954296112060546875" lon="110.2936981804668903350830078125">
        <ele>153</ele>
        <time>2025-11-15T11:28:21.000Z</time>
        <extensions>
          <ns3:TrackPointExtension>
            <ns3:hr>72</ns3:hr>
          </ns3:TrackPointExtension>
        </extensions>
      </trkpt>
      <trkpt lat="25.27489970438182353973388671875" lon="110.29370446689426898956298828125">
        <ele>153</ele>
        <time>2025-11-15T11:28:22.000Z</time>
        <extensions>
          <ns3:TrackPointExtension>
            <ns3:hr>71</ns3:hr>
          </ns3:TrackPointExtension>
        </extensions>
      </trkpt>
      <trkpt lat="25.274902470409870147705078125" lon="110.293712429702281951904296875">
        <ele>153</ele>
        <time>2025-11-15T11:28:23.000Z</time>
        <extensions>
          <ns3:TrackPointExtension>
            <ns3:hr>71</ns3:hr>
          </ns3:TrackPointExtension>
        </extensions>
      </trkpt>
      <trkpt lat="25.2748972736299037933349609375" lon="110.293717123568058013916015625">
        <ele>153</ele>
        <time>2025-11-15T11:28:24.000Z</time>
        <extensions>
          <ns3:TrackPointExtension>
            <ns3:hr>71</ns3:hr>
          </ns3:TrackPointExtension>
        </extensions>
      </trkpt>
      <trkpt lat="25.27489115484058856964111328125" lon="110.293724499642848968505859375">
        <ele>153</ele>
        <time>2025-11-15T11:28:25.000Z</time>
        <extensions>
          <ns3:TrackPointExtension>
            <ns3:hr>71</ns3:hr>
          </ns3:TrackPointExtension>
        </extensions>
      </trkpt>
      <trkpt lat="25.2748841978609561920166015625" lon="110.29373363591730594635009765625">
        <ele>153</ele>
        <time>2025-11-15T11:28:26.000Z</time>
        <extensions>
          <ns3:TrackPointExtension>
            <ns3:hr>71</ns3:hr>
          </ns3:TrackPointExtension>
        </extensions>
      </trkpt>
      <trkpt lat="25.27487807907164096832275390625" lon="110.29374470002949237823486328125">
        <ele>153</ele>
        <time>2025-11-15T11:28:27.000Z</time>
        <extensions>
          <ns3:TrackPointExtension>
            <ns3:hr>70</ns3:hr>
          </ns3:TrackPointExtension>
        </extensions>
      </trkpt>
      <trkpt lat="25.27486936189234256744384765625" lon="110.29375609941780567169189453125">
        <ele>153</ele>
        <time>2025-11-15T11:28:28.000Z</time>
        <extensions>
          <ns3:TrackPointExtension>
            <ns3:hr>70</ns3:hr>
          </ns3:TrackPointExtension>
        </extensions>
      </trkpt>
      <trkpt lat="25.2748620696365833282470703125" lon="110.29377034865319728851318359375">
        <ele>153</ele>
        <time>2025-11-15T11:28:29.000Z</time>
        <extensions>
          <ns3:TrackPointExtension>
            <ns3:hr>70</ns3:hr>
          </ns3:TrackPointExtension>
        </extensions>
      </trkpt>
      <trkpt lat="25.27485745958983898162841796875" lon="110.29378510080277919769287109375">
        <ele>153</ele>
        <time>2025-11-15T11:28:30.000Z</time>
        <extensions>
          <ns3:TrackPointExtension>
            <ns3:hr>70</ns3:hr>
          </ns3:TrackPointExtension>
        </extensions>
      </trkpt>
      <trkpt lat="25.274854861199855804443359375" lon="110.2938011102378368377685546875">
        <ele>153</ele>
        <time>2025-11-15T11:28:31.000Z</time>
        <extensions>
          <ns3:TrackPointExtension>
            <ns3:hr>69</ns3:hr>
          </ns3:TrackPointExtension>
        </extensions>
      </trkpt>
      <trkpt lat="25.27485578320920467376708984375" lon="110.29381510801613330841064453125">
        <ele>153</ele>
        <time>2025-11-15T11:28:32.000Z</time>
        <extensions>
          <ns3:TrackPointExtension>
            <ns3:hr>69</ns3:hr>
          </ns3:TrackPointExtension>
        </extensions>
      </trkpt>
      <trkpt lat="25.2748592197895050048828125" lon="110.29382751323282718658447265625">
        <ele>152.8000030517578125</ele>
        <time>2025-11-15T11:28:33.000Z</time>
        <extensions>
          <ns3:TrackPointExtension>
            <ns3:hr>69</ns3:hr>
          </ns3:TrackPointExtension>
        </extensions>
      </trkpt>
      <trkpt lat="25.2748650871217250823974609375" lon="110.2938400022685527801513671875">
        <ele>152.8000030517578125</ele>
        <time>2025-11-15T11:28:34.000Z</time>
        <extensions>
          <ns3:TrackPointExtension>
            <ns3:hr>69</ns3:hr>
          </ns3:TrackPointExtension>
        </extensions>
      </trkpt>
      <trkpt lat="25.27487288229167461395263671875" lon="110.2938495576381683349609375">
        <ele>152.8000030517578125</ele>
        <time>2025-11-15T11:28:35.000Z</time>
        <extensions>
          <ns3:TrackPointExtension>
            <ns3:hr>68</ns3:hr>
          </ns3:TrackPointExtension>
        </extensions>
      </trkpt>
      <trkpt lat="25.27488109655678272247314453125" lon="110.29385969974100589752197265625">
        <ele>152.8000030517578125</ele>
        <time>2025-11-15T11:28:36.000Z</time>
        <extensions>
          <ns3:TrackPointExtension>
            <ns3:hr>68</ns3:hr>
          </ns3:TrackPointExtension>
        </extensions>
      </trkpt>
      <trkpt lat="25.274887718260288238525390625" lon="110.29386766254901885986328125">
        <ele>152.8000030517578125</ele>
        <time>2025-11-15T11:28:37.000Z</time>
        <extensions>
          <ns3:TrackPointExtension>
            <ns3:hr>68</ns3:hr>
          </ns3:TrackPointExtension>
        </extensions>
      </trkpt>
      <trkpt lat="25.27489635162055492401123046875" lon="110.2938775531947612762451171875">
        <ele>152.8000030517578125</ele>
        <time>2025-11-15T11:28:38.000Z</time>
        <extensions>
          <ns3:TrackPointExtension>
            <ns3:hr>68</ns3:hr>
          </ns3:TrackPointExtension>
        </extensions>
      </trkpt>
      <trkpt lat="25.27490406297147274017333984375" lon="110.293885767459869384765625">
        <ele>152.8000030517578125</ele>
        <time>2025-11-15T11:28:39.000Z</time>
        <extensions>
          <ns3:TrackPointExtension>
            <ns3:hr>68</ns3:hr>
          </ns3:TrackPointExtension>
        </extensions>
      </trkpt>
      <trkpt lat="25.27491353452205657958984375" lon="110.2938929758965969085693359375">
        <ele>152.8000030517578125</ele>
        <time>2025-11-15T11:28:40.000Z</time>
        <extensions>
          <ns3:TrackPointExtension>
            <ns3:hr>67</ns3:hr>
          </ns3:TrackPointExtension>
        </extensions>
      </trkpt>
      <trkpt lat="25.2749200724065303802490234375" lon="110.29389926232397556304931640625">
        <ele>152.8000030517578125</ele>
        <time>2025-11-15T11:28:41.000Z</time>
        <extensions>
          <ns3:TrackPointExtension>
            <ns3:hr>67</ns3:hr>
          </ns3:TrackPointExtension>
        </extensions>
      </trkpt>
      <trkpt lat="25.27493038214743137359619140625" lon="110.293907225131988525390625">
        <ele>152.8000030517578125</ele>
        <time>2025-11-15T11:28:42.000Z</time>
        <extensions>
          <ns3:TrackPointExtension>
            <ns3:hr>67</ns3:hr>
          </ns3:TrackPointExtension>
        </extensions>
      </trkpt>
      <trkpt lat="25.27493725530803203582763671875" lon="110.2939151041209697723388671875">
        <ele>152.8000030517578125</ele>
        <time>2025-11-15T11:28:43.000Z</time>
        <extensions>
          <ns3:TrackPointExtension>
            <ns3:hr>67</ns3:hr>
          </ns3:TrackPointExtension>
        </extensions>
      </trkpt>
      <trkpt lat="25.27493893168866634368896484375" lon="110.2939281798899173736572265625">
        <ele>152.8000030517578125</ele>
        <time>2025-11-15T11:28:44.000Z</time>
        <extensions>
          <ns3:TrackPointExtension>
            <ns3:hr>67</ns3:hr>
          </ns3:TrackPointExtension>
        </extensions>
      </trkpt>
      <trkpt lat="25.27492987923324108123779296875" lon="110.29393664561212062835693359375">
        <ele>152.8000030517578125</ele>
        <time>2025-11-15T11:28:45.000Z</time>
        <extensions>
          <ns3:TrackPointExtension>
            <ns3:hr>68</ns3:hr>
          </ns3:TrackPointExtension>
        </extensions>
      </trkpt>
      <trkpt lat="25.2749316394329071044921875" lon="110.2939493022859096527099609375">
        <ele>153</ele>
        <time>2025-11-15T11:28:46.000Z</time>
        <extensions>
          <ns3:TrackPointExtension>
            <ns3:hr>67</ns3:hr>
          </ns3:TrackPointExtension>
        </extensions>
      </trkpt>
      <trkpt lat="25.2749334834516048431396484375" lon="110.2939586900174617767333984375">
        <ele>153.1999969482421875</ele>
        <time>2025-11-15T11:28:47.000Z</time>
        <extensions>
          <ns3:TrackPointExtension>
            <ns3:hr>67</ns3:hr>
          </ns3:TrackPointExtension>
        </extensions>
      </trkpt>
      <trkpt lat="25.27493775822222232818603515625" lon="110.2939586900174617767333984375">
        <ele>153.1999969482421875</ele>
        <time>2025-11-15T11:28:48.000Z</time>
        <extensions>
          <ns3:TrackPointExtension>
            <ns3:hr>67</ns3:hr>
          </ns3:TrackPointExtension>
        </extensions>
      </trkpt>
      <trkpt lat="25.27494647540152072906494140625" lon="110.293968580663204193115234375">
        <ele>153.1999969482421875</ele>
        <time>2025-11-15T11:28:49.000Z</time>
        <extensions>
          <ns3:TrackPointExtension>
            <ns3:hr>67</ns3:hr>
          </ns3:TrackPointExtension>
        </extensions>
      </trkpt>
      <trkpt lat="25.2749556116759777069091796875" lon="110.29397838748991489410400390625">
        <ele>153</ele>
        <time>2025-11-15T11:28:50.000Z</time>
        <extensions>
          <ns3:TrackPointExtension>
            <ns3:hr>67</ns3:hr>
          </ns3:TrackPointExtension>
        </extensions>
      </trkpt>
      <trkpt lat="25.27496491558849811553955078125" lon="110.29398794285953044891357421875">
        <ele>153</ele>
        <time>2025-11-15T11:28:51.000Z</time>
        <extensions>
          <ns3:TrackPointExtension>
            <ns3:hr>67</ns3:hr>
          </ns3:TrackPointExtension>
        </extensions>
      </trkpt>
      <trkpt lat="25.27497631497681140899658203125" lon="110.29399582184851169586181640625">
        <ele>152.8000030517578125</ele>
        <time>2025-11-15T11:28:52.000Z</time>
        <extensions>
          <ns3:TrackPointExtension>
            <ns3:hr>67</ns3:hr>
          </ns3:TrackPointExtension>
        </extensions>
      </trkpt>
      <trkpt lat="25.27498729526996612548828125" lon="110.2940016053617000579833984375">
        <ele>152.8000030517578125</ele>
        <time>2025-11-15T11:28:53.000Z</time>
        <extensions>
          <ns3:TrackPointExtension>
            <ns3:hr>67</ns3:hr>
          </ns3:TrackPointExtension>
        </extensions>
      </trkpt>
      <trkpt lat="25.2749981917440891265869140625" lon="110.2940089814364910125732421875">
        <ele>152.8000030517578125</ele>
        <time>2025-11-15T11:28:54.000Z</time>
        <extensions>
          <ns3:TrackPointExtension>
            <ns3:hr>67</ns3:hr>
          </ns3:TrackPointExtension>
        </extensions>
      </trkpt>
      <trkpt lat="25.2750082500278949737548828125" lon="110.2940160222351551055908203125">
        <ele>152.8000030517578125</ele>
        <time>2025-11-15T11:28:55.000Z</time>
        <extensions>
          <ns3:TrackPointExtension>
            <ns3:hr>67</ns3:hr>
          </ns3:TrackPointExtension>
        </extensions>
      </trkpt>
      <trkpt lat="25.27501705102622509002685546875" lon="110.294022895395755767822265625">
        <ele>152.8000030517578125</ele>
        <time>2025-11-15T11:28:56.000Z</time>
        <extensions>
          <ns3:TrackPointExtension>
            <ns3:hr>68</ns3:hr>
          </ns3:TrackPointExtension>
        </extensions>
      </trkpt>
      <trkpt lat="25.27502861805260181427001953125" lon="110.29402767308056354522705078125">
        <ele>152.8000030517578125</ele>
        <time>2025-11-15T11:28:57.000Z</time>
        <extensions>
          <ns3:TrackPointExtension>
            <ns3:hr>69</ns3:hr>
          </ns3:TrackPointExtension>
        </extensions>
      </trkpt>
      <trkpt lat="25.27504035271704196929931640625" lon="110.29403387568891048431396484375">
        <ele>152.8000030517578125</ele>
        <time>2025-11-15T11:28:58.000Z</time>
        <extensions>
          <ns3:TrackPointExtension>
            <ns3:hr>71</ns3:hr>
          </ns3:TrackPointExtension>
        </extensions>
      </trkpt>
      <trkpt lat="25.27505158446729183197021484375" lon="110.29404058121144771575927734375">
        <ele>152.8000030517578125</ele>
        <time>2025-11-15T11:28:59.000Z</time>
        <extensions>
          <ns3:TrackPointExtension>
            <ns3:hr>71</ns3:hr>
          </ns3:TrackPointExtension>
        </extensions>
      </trkpt>
      <trkpt lat="25.27506373822689056396484375" lon="110.29404711909592151641845703125">
        <ele>152.8000030517578125</ele>
        <time>2025-11-15T11:29:00.000Z</time>
        <extensions>
          <ns3:TrackPointExtension>
            <ns3:hr>71</ns3:hr>
          </ns3:TrackPointExtension>
        </extensions>
      </trkpt>
      <trkpt lat="25.2750692702829837799072265625" lon="110.29405013658106327056884765625">
        <ele>152.8000030517578125</ele>
        <time>2025-11-15T11:29:01.000Z</time>
        <extensions>
          <ns3:TrackPointExtension>
            <ns3:hr>71</ns3:hr>
          </ns3:TrackPointExtension>
        </extensions>
      </trkpt>
      <trkpt lat="25.27507354505360126495361328125" lon="110.29405415989458560943603515625">
        <ele>152.8000030517578125</ele>
        <time>2025-11-15T11:29:02.000Z</time>
        <extensions>
          <ns3:TrackPointExtension>
            <ns3:hr>71</ns3:hr>
          </ns3:TrackPointExtension>
        </extensions>
      </trkpt>
      <trkpt lat="25.27507790364325046539306640625" lon="110.2940575964748859405517578125">
        <ele>152.8000030517578125</ele>
        <time>2025-11-15T11:29:03.000Z</time>
        <extensions>
          <ns3:TrackPointExtension>
            <ns3:hr>71</ns3:hr>
          </ns3:TrackPointExtension>
        </extensions>
      </trkpt>
      <trkpt lat="25.27508058585226535797119140625" lon="110.294060446321964263916015625">
        <ele>152.8000030517578125</ele>
        <time>2025-11-15T11:29:04.000Z</time>
        <extensions>
          <ns3:TrackPointExtension>
            <ns3:hr>71</ns3:hr>
          </ns3:TrackPointExtension>
        </extensions>
      </trkpt>
      <trkpt lat="25.2750806696712970733642578125" lon="110.2940606139600276947021484375">
        <ele>152.600006103515625</ele>
        <time>2025-11-15T11:29:05.000Z</time>
        <extensions>
          <ns3:TrackPointExtension>
            <ns3:hr>71</ns3:hr>
          </ns3:TrackPointExtension>
        </extensions>
      </trkpt>
      <trkpt lat="25.275084190070629119873046875" lon="110.29406539164483547210693359375">
        <ele>152.600006103515625</ele>
        <time>2025-11-15T11:29:06.000Z</time>
        <extensions>
          <ns3:TrackPointExtension>
            <ns3:hr>71</ns3:hr>
          </ns3:TrackPointExtension>
        </extensions>
      </trkpt>
      <trkpt lat="25.275086872279644012451171875" lon="110.2940736897289752960205078125">
        <ele>152.600006103515625</ele>
        <time>2025-11-15T11:29:07.000Z</time>
        <extensions>
          <ns3:TrackPointExtension>
            <ns3:hr>70</ns3:hr>
          </ns3:TrackPointExtension>
        </extensions>
      </trkpt>
      <trkpt lat="25.2750950865447521209716796875" lon="110.2940787188708782196044921875">
        <ele>152.600006103515625</ele>
        <time>2025-11-15T11:29:08.000Z</time>
        <extensions>
          <ns3:TrackPointExtension>
            <ns3:hr>70</ns3:hr>
          </ns3:TrackPointExtension>
        </extensions>
      </trkpt>
      <trkpt lat="25.2751038037240505218505859375" lon="110.29408316127955913543701171875">
        <ele>152.600006103515625</ele>
        <time>2025-11-15T11:29:09.000Z</time>
        <extensions>
          <ns3:TrackPointExtension>
            <ns3:hr>70</ns3:hr>
          </ns3:TrackPointExtension>
        </extensions>
      </trkpt>
      <trkpt lat="25.275112688541412353515625" lon="110.29408467002213001251220703125">
        <ele>152.600006103515625</ele>
        <time>2025-11-15T11:29:10.000Z</time>
        <extensions>
          <ns3:TrackPointExtension>
            <ns3:hr>71</ns3:hr>
          </ns3:TrackPointExtension>
        </extensions>
      </trkpt>
      <trkpt lat="25.2751188911497592926025390625" lon="110.29408617876470088958740234375">
        <ele>152.600006103515625</ele>
        <time>2025-11-15T11:29:11.000Z</time>
        <extensions>
          <ns3:TrackPointExtension>
            <ns3:hr>70</ns3:hr>
          </ns3:TrackPointExtension>
        </extensions>
      </trkpt>
      <trkpt lat="25.27512609958648681640625" lon="110.2940882742404937744140625">
        <ele>152.600006103515625</ele>
        <time>2025-11-15T11:29:12.000Z</time>
        <extensions>
          <ns3:TrackPointExtension>
            <ns3:hr>70</ns3:hr>
          </ns3:TrackPointExtension>
        </extensions>
      </trkpt>
      <trkpt lat="25.2751323021948337554931640625" lon="110.2940909564495086669921875">
        <ele>152.600006103515625</ele>
        <time>2025-11-15T11:29:13.000Z</time>
        <extensions>
          <ns3:TrackPointExtension>
            <ns3:hr>70</ns3:hr>
          </ns3:TrackPointExtension>
        </extensions>
      </trkpt>
      <trkpt lat="25.27514026500284671783447265625" lon="110.2940958179533481597900390625">
        <ele>152.600006103515625</ele>
        <time>2025-11-15T11:29:14.000Z</time>
        <extensions>
          <ns3:TrackPointExtension>
            <ns3:hr>71</ns3:hr>
          </ns3:TrackPointExtension>
        </extensions>
      </trkpt>
      <trkpt lat="25.27515049092471599578857421875" lon="110.29410478658974170684814453125">
        <ele>152.600006103515625</ele>
        <time>2025-11-15T11:29:15.000Z</time>
        <extensions>
          <ns3:TrackPointExtension>
            <ns3:hr>70</ns3:hr>
          </ns3:TrackPointExtension>
        </extensions>
      </trkpt>
      <trkpt lat="25.275159291923046112060546875" lon="110.29411249794065952301025390625">
        <ele>152.600006103515625</ele>
        <time>2025-11-15T11:29:16.000Z</time>
        <extensions>
          <ns3:TrackPointExtension>
            <ns3:hr>70</ns3:hr>
          </ns3:TrackPointExtension>
        </extensions>
      </trkpt>
      <trkpt lat="25.2751661650836467742919921875" lon="110.2941179461777210235595703125">
        <ele>152.600006103515625</ele>
        <time>2025-11-15T11:29:17.000Z</time>
        <extensions>
          <ns3:TrackPointExtension>
            <ns3:hr>69</ns3:hr>
          </ns3:TrackPointExtension>
        </extensions>
      </trkpt>
      <trkpt lat="25.2751691825687885284423828125" lon="110.29412289150059223175048828125">
        <ele>152.600006103515625</ele>
        <time>2025-11-15T11:29:18.000Z</time>
        <extensions>
          <ns3:TrackPointExtension>
            <ns3:hr>69</ns3:hr>
          </ns3:TrackPointExtension>
        </extensions>
      </trkpt>
      <trkpt lat="25.27517161332070827484130859375" lon="110.29412792064249515533447265625">
        <ele>152.600006103515625</ele>
        <time>2025-11-15T11:29:19.000Z</time>
        <extensions>
          <ns3:TrackPointExtension>
            <ns3:hr>68</ns3:hr>
          </ns3:TrackPointExtension>
        </extensions>
      </trkpt>
      <trkpt lat="25.2751772291958332061767578125" lon="110.294127501547336578369140625">
        <ele>152.600006103515625</ele>
        <time>2025-11-15T11:29:20.000Z</time>
        <extensions>
          <ns3:TrackPointExtension>
            <ns3:hr>68</ns3:hr>
          </ns3:TrackPointExtension>
        </extensions>
      </trkpt>
      <trkpt lat="25.27517965994775295257568359375" lon="110.29412976466119289398193359375">
        <ele>152.600006103515625</ele>
        <time>2025-11-15T11:29:21.000Z</time>
        <extensions>
          <ns3:TrackPointExtension>
            <ns3:hr>67</ns3:hr>
          </ns3:TrackPointExtension>
        </extensions>
      </trkpt>
      <trkpt lat="25.2751805819571018218994140625" lon="110.2941326983273029327392578125">
        <ele>152.600006103515625</ele>
        <time>2025-11-15T11:29:22.000Z</time>
        <extensions>
          <ns3:TrackPointExtension>
            <ns3:hr>67</ns3:hr>
          </ns3:TrackPointExtension>
        </extensions>
      </trkpt>
      <trkpt lat="25.2751837670803070068359375" lon="110.29413496144115924835205078125">
        <ele>152.600006103515625</ele>
        <time>2025-11-15T11:29:23.000Z</time>
        <extensions>
          <ns3:TrackPointExtension>
            <ns3:hr>67</ns3:hr>
          </ns3:TrackPointExtension>
        </extensions>
      </trkpt>
      <trkpt lat="25.27518535964190959930419921875" lon="110.29413982294499874114990234375">
        <ele>152.600006103515625</ele>
        <time>2025-11-15T11:29:24.000Z</time>
        <extensions>
          <ns3:TrackPointExtension>
            <ns3:hr>66</ns3:hr>
          </ns3:TrackPointExtension>
        </extensions>
      </trkpt>
      <trkpt lat="25.27518980205059051513671875" lon="110.29414116404950618743896484375">
        <ele>152.600006103515625</ele>
        <time>2025-11-15T11:29:25.000Z</time>
        <extensions>
          <ns3:TrackPointExtension>
            <ns3:hr>66</ns3:hr>
          </ns3:TrackPointExtension>
        </extensions>
      </trkpt>
      <trkpt lat="25.27518980205059051513671875" lon="110.29414116404950618743896484375">
        <ele>152.600006103515625</ele>
        <time>2025-11-15T11:29:26.000Z</time>
        <extensions>
          <ns3:TrackPointExtension>
            <ns3:hr>66</ns3:hr>
          </ns3:TrackPointExtension>
        </extensions>
      </trkpt>
      <trkpt lat="25.27518980205059051513671875" lon="110.29414116404950618743896484375">
        <ele>152.600006103515625</ele>
        <time>2025-11-15T11:29:27.000Z</time>
        <extensions>
          <ns3:TrackPointExtension>
            <ns3:hr>66</ns3:hr>
          </ns3:TrackPointExtension>
        </extensions>
      </trkpt>
      <trkpt lat="25.27518980205059051513671875" lon="110.29414116404950618743896484375">
        <ele>152.600006103515625</ele>
        <time>2025-11-15T11:29:28.000Z</time>
        <extensions>
          <ns3:TrackPointExtension>
            <ns3:hr>66</ns3:hr>
          </ns3:TrackPointExtension>
        </extensions>
      </trkpt>
      <trkpt lat="25.27518980205059051513671875" lon="110.29414116404950618743896484375">
        <ele>152.8000030517578125</ele>
        <time>2025-11-15T11:29:29.000Z</time>
        <extensions>
          <ns3:TrackPointExtension>
            <ns3:hr>66</ns3:hr>
          </ns3:TrackPointExtension>
        </extensions>
      </trkpt>
      <trkpt lat="25.27518980205059051513671875" lon="110.29414116404950618743896484375">
        <ele>152.8000030517578125</ele>
        <time>2025-11-15T11:29:30.000Z</time>
        <extensions>
          <ns3:TrackPointExtension>
            <ns3:hr>66</ns3:hr>
          </ns3:TrackPointExtension>
        </extensions>
      </trkpt>
      <trkpt lat="25.275190807878971099853515625" lon="110.29414200223982334136962890625">
        <ele>152.8000030517578125</ele>
        <time>2025-11-15T11:29:31.000Z</time>
        <extensions>
          <ns3:TrackPointExtension>
            <ns3:hr>66</ns3:hr>
          </ns3:TrackPointExtension>
        </extensions>
      </trkpt>
      <trkpt lat="25.27520061470568180084228515625" lon="110.29415088705718517303466796875">
        <ele>152.8000030517578125</ele>
        <time>2025-11-15T11:29:32.000Z</time>
        <extensions>
          <ns3:TrackPointExtension>
            <ns3:hr>66</ns3:hr>
          </ns3:TrackPointExtension>
        </extensions>
      </trkpt>
      <trkpt lat="25.2752047218382358551025390625" lon="110.2941558323800563812255859375">
        <ele>152.8000030517578125</ele>
        <time>2025-11-15T11:29:33.000Z</time>
        <extensions>
          <ns3:TrackPointExtension>
            <ns3:hr>67</ns3:hr>
          </ns3:TrackPointExtension>
        </extensions>
      </trkpt>
      <trkpt lat="25.27520899660885334014892578125" lon="110.294155664741992950439453125">
        <ele>152.8000030517578125</ele>
        <time>2025-11-15T11:29:34.000Z</time>
        <extensions>
          <ns3:TrackPointExtension>
            <ns3:hr>66</ns3:hr>
          </ns3:TrackPointExtension>
        </extensions>
      </trkpt>
      <trkpt lat="25.2752100862562656402587890625" lon="110.2941578440368175506591796875">
        <ele>152.8000030517578125</ele>
        <time>2025-11-15T11:29:35.000Z</time>
        <extensions>
          <ns3:TrackPointExtension>
            <ns3:hr>66</ns3:hr>
          </ns3:TrackPointExtension>
        </extensions>
      </trkpt>
      <trkpt lat="25.275210253894329071044921875" lon="110.29415792785584926605224609375">
        <ele>152.600006103515625</ele>
        <time>2025-11-15T11:29:36.000Z</time>
        <extensions>
          <ns3:TrackPointExtension>
            <ns3:hr>67</ns3:hr>
          </ns3:TrackPointExtension>
        </extensions>
      </trkpt>
      <trkpt lat="25.2752104215323925018310546875" lon="110.29415809549391269683837890625">
        <ele>152.600006103515625</ele>
        <time>2025-11-15T11:29:37.000Z</time>
        <extensions>
          <ns3:TrackPointExtension>
            <ns3:hr>66</ns3:hr>
          </ns3:TrackPointExtension>
        </extensions>
      </trkpt>
      <trkpt lat="25.2752198092639446258544921875" lon="110.2941622026264667510986328125">
        <ele>152.600006103515625</ele>
        <time>2025-11-15T11:29:38.000Z</time>
        <extensions>
          <ns3:TrackPointExtension>
            <ns3:hr>66</ns3:hr>
          </ns3:TrackPointExtension>
        </extensions>
      </trkpt>
      <trkpt lat="25.27522391639649868011474609375" lon="110.2941662259399890899658203125">
        <ele>152.600006103515625</ele>
        <time>2025-11-15T11:29:39.000Z</time>
        <extensions>
          <ns3:TrackPointExtension>
            <ns3:hr>66</ns3:hr>
          </ns3:TrackPointExtension>
        </extensions>
      </trkpt>
      <trkpt lat="25.27523271739482879638671875" lon="110.2941749431192874908447265625">
        <ele>152.8000030517578125</ele>
        <time>2025-11-15T11:29:40.000Z</time>
        <extensions>
          <ns3:TrackPointExtension>
            <ns3:hr>66</ns3:hr>
          </ns3:TrackPointExtension>
        </extensions>
      </trkpt>
      <trkpt lat="25.2752427756786346435546875" lon="110.2941793017089366912841796875">
        <ele>152.8000030517578125</ele>
        <time>2025-11-15T11:29:41.000Z</time>
        <extensions>
          <ns3:TrackPointExtension>
            <ns3:hr>66</ns3:hr>
          </ns3:TrackPointExtension>
        </extensions>
      </trkpt>
      <trkpt lat="25.275247804820537567138671875" lon="110.294175781309604644775390625">
        <ele>152.8000030517578125</ele>
        <time>2025-11-15T11:29:42.000Z</time>
        <extensions>
          <ns3:TrackPointExtension>
            <ns3:hr>65</ns3:hr>
          </ns3:TrackPointExtension>
        </extensions>
      </trkpt>
      <trkpt lat="25.275256521999835968017578125" lon="110.2941769547760486602783203125">
        <ele>152.8000030517578125</ele>
        <time>2025-11-15T11:29:43.000Z</time>
        <extensions>
          <ns3:TrackPointExtension>
            <ns3:hr>65</ns3:hr>
          </ns3:TrackPointExtension>
        </extensions>
      </trkpt>
      <trkpt lat="25.2752623893320560455322265625" lon="110.2941829897463321685791015625">
        <ele>152.8000030517578125</ele>
        <time>2025-11-15T11:29:44.000Z</time>
        <extensions>
          <ns3:TrackPointExtension>
            <ns3:hr>65</ns3:hr>
          </ns3:TrackPointExtension>
        </extensions>
      </trkpt>
      <trkpt lat="25.275267250835895538330078125" lon="110.29419128783047199249267578125">
        <ele>152.8000030517578125</ele>
        <time>2025-11-15T11:29:45.000Z</time>
        <extensions>
          <ns3:TrackPointExtension>
            <ns3:hr>65</ns3:hr>
          </ns3:TrackPointExtension>
        </extensions>
      </trkpt>
      <trkpt lat="25.275276638567447662353515625" lon="110.2941930480301380157470703125">
        <ele>152.600006103515625</ele>
        <time>2025-11-15T11:29:46.000Z</time>
        <extensions>
          <ns3:TrackPointExtension>
            <ns3:hr>65</ns3:hr>
          </ns3:TrackPointExtension>
        </extensions>
      </trkpt>
      <trkpt lat="25.27528527192771434783935546875" lon="110.2941977418959140777587890625">
        <ele>152.600006103515625</ele>
        <time>2025-11-15T11:29:47.000Z</time>
        <extensions>
          <ns3:TrackPointExtension>
            <ns3:hr>64</ns3:hr>
          </ns3:TrackPointExtension>
        </extensions>
      </trkpt>
      <trkpt lat="25.2752949111163616180419921875" lon="110.29420536942780017852783203125">
        <ele>152.600006103515625</ele>
        <time>2025-11-15T11:29:48.000Z</time>
        <extensions>
          <ns3:TrackPointExtension>
            <ns3:hr>64</ns3:hr>
          </ns3:TrackPointExtension>
        </extensions>
      </trkpt>
      <trkpt lat="25.27530379593372344970703125" lon="110.2942128293216228485107421875">
        <ele>152.600006103515625</ele>
        <time>2025-11-15T11:29:49.000Z</time>
        <extensions>
          <ns3:TrackPointExtension>
            <ns3:hr>64</ns3:hr>
          </ns3:TrackPointExtension>
        </extensions>
      </trkpt>
      <trkpt lat="25.27530957944691181182861328125" lon="110.29421978630125522613525390625">
        <ele>152.600006103515625</ele>
        <time>2025-11-15T11:29:50.000Z</time>
        <extensions>
          <ns3:TrackPointExtension>
            <ns3:hr>64</ns3:hr>
          </ns3:TrackPointExtension>
        </extensions>
      </trkpt>
      <trkpt lat="25.27531645260751247406005859375" lon="110.29422699473798274993896484375">
        <ele>152.600006103515625</ele>
        <time>2025-11-15T11:29:51.000Z</time>
        <extensions>
          <ns3:TrackPointExtension>
            <ns3:hr>64</ns3:hr>
          </ns3:TrackPointExtension>
        </extensions>
      </trkpt>
      <trkpt lat="25.27533053420484066009521484375" lon="110.29423135332763195037841796875">
        <ele>152.600006103515625</ele>
        <time>2025-11-15T11:29:52.000Z</time>
        <extensions>
          <ns3:TrackPointExtension>
            <ns3:hr>64</ns3:hr>
          </ns3:TrackPointExtension>
        </extensions>
      </trkpt>
      <trkpt lat="25.27533774264156818389892578125" lon="110.29424183070659637451171875">
        <ele>152.600006103515625</ele>
        <time>2025-11-15T11:29:53.000Z</time>
        <extensions>
          <ns3:TrackPointExtension>
            <ns3:hr>65</ns3:hr>
          </ns3:TrackPointExtension>
        </extensions>
      </trkpt>
      <trkpt lat="25.2753478847444057464599609375" lon="110.294250212609767913818359375">
        <ele>152.600006103515625</ele>
        <time>2025-11-15T11:29:54.000Z</time>
        <extensions>
          <ns3:TrackPointExtension>
            <ns3:hr>65</ns3:hr>
          </ns3:TrackPointExtension>
        </extensions>
      </trkpt>
      <trkpt lat="25.27535500936210155487060546875" lon="110.294252224266529083251953125">
        <ele>152.600006103515625</ele>
        <time>2025-11-15T11:29:55.000Z</time>
        <extensions>
          <ns3:TrackPointExtension>
            <ns3:hr>65</ns3:hr>
          </ns3:TrackPointExtension>
        </extensions>
      </trkpt>
      <trkpt lat="25.275365151464939117431640625" lon="110.2942554093897342681884765625">
        <ele>152.600006103515625</ele>
        <time>2025-11-15T11:29:56.000Z</time>
        <extensions>
          <ns3:TrackPointExtension>
            <ns3:hr>66</ns3:hr>
          </ns3:TrackPointExtension>
        </extensions>
      </trkpt>
      <trkpt lat="25.27537261135876178741455078125" lon="110.29426555149257183074951171875">
        <ele>152.8000030517578125</ele>
        <time>2025-11-15T11:29:57.000Z</time>
        <extensions>
          <ns3:TrackPointExtension>
            <ns3:hr>66</ns3:hr>
          </ns3:TrackPointExtension>
        </extensions>
      </trkpt>
      <trkpt lat="25.27538199909031391143798828125" lon="110.2942701615393161773681640625">
        <ele>152.8000030517578125</ele>
        <time>2025-11-15T11:29:58.000Z</time>
        <extensions>
          <ns3:TrackPointExtension>
            <ns3:hr>67</ns3:hr>
          </ns3:TrackPointExtension>
        </extensions>
      </trkpt>
      <trkpt lat="25.2753901295363903045654296875" lon="110.29427275992929935455322265625">
        <ele>152.600006103515625</ele>
        <time>2025-11-15T11:29:59.000Z</time>
        <extensions>
          <ns3:TrackPointExtension>
            <ns3:hr>67</ns3:hr>
          </ns3:TrackPointExtension>
        </extensions>
      </trkpt>
      <trkpt lat="25.27539976872503757476806640625" lon="110.294277705252170562744140625">
        <ele>152.600006103515625</ele>
        <time>2025-11-15T11:30:00.000Z</time>
        <extensions>
          <ns3:TrackPointExtension>
            <ns3:hr>68</ns3:hr>
          </ns3:TrackPointExtension>
        </extensions>
      </trkpt>
      <trkpt lat="25.27540865354239940643310546875" lon="110.29427996836602687835693359375">
        <ele>152.600006103515625</ele>
        <time>2025-11-15T11:30:01.000Z</time>
        <extensions>
          <ns3:TrackPointExtension>
            <ns3:hr>68</ns3:hr>
          </ns3:TrackPointExtension>
        </extensions>
      </trkpt>
      <trkpt lat="25.27541552670300006866455078125" lon="110.2942808903753757476806640625">
        <ele>152.600006103515625</ele>
        <time>2025-11-15T11:30:02.000Z</time>
        <extensions>
          <ns3:TrackPointExtension>
            <ns3:hr>68</ns3:hr>
          </ns3:TrackPointExtension>
        </extensions>
      </trkpt>
      <trkpt lat="25.2754233218729496002197265625" lon="110.29428700916469097137451171875">
        <ele>152.600006103515625</ele>
        <time>2025-11-15T11:30:03.000Z</time>
        <extensions>
          <ns3:TrackPointExtension>
            <ns3:hr>68</ns3:hr>
          </ns3:TrackPointExtension>
        </extensions>
      </trkpt>
      <trkpt lat="25.27543388307094573974609375" lon="110.2942946366965770721435546875">
        <ele>152.600006103515625</ele>
        <time>2025-11-15T11:30:04.000Z</time>
        <extensions>
          <ns3:TrackPointExtension>
            <ns3:hr>68</ns3:hr>
          </ns3:TrackPointExtension>
        </extensions>
      </trkpt>
      <trkpt lat="25.27544419281184673309326171875" lon="110.2943013422191143035888671875">
        <ele>152.600006103515625</ele>
        <time>2025-11-15T11:30:05.000Z</time>
        <extensions>
          <ns3:TrackPointExtension>
            <ns3:hr>68</ns3:hr>
          </ns3:TrackPointExtension>
        </extensions>
      </trkpt>
      <trkpt lat="25.27545575983822345733642578125" lon="110.2943070419132709503173828125">
        <ele>152.600006103515625</ele>
        <time>2025-11-15T11:30:06.000Z</time>
        <extensions>
          <ns3:TrackPointExtension>
            <ns3:hr>68</ns3:hr>
          </ns3:TrackPointExtension>
        </extensions>
      </trkpt>
      <trkpt lat="25.27546598576009273529052734375" lon="110.29431081376969814300537109375">
        <ele>152.600006103515625</ele>
        <time>2025-11-15T11:30:07.000Z</time>
        <extensions>
          <ns3:TrackPointExtension>
            <ns3:hr>68</ns3:hr>
          </ns3:TrackPointExtension>
        </extensions>
      </trkpt>
      <trkpt lat="25.2754779718816280364990234375" lon="110.29431852512061595916748046875">
        <ele>152.600006103515625</ele>
        <time>2025-11-15T11:30:08.000Z</time>
        <extensions>
          <ns3:TrackPointExtension>
            <ns3:hr>68</ns3:hr>
          </ns3:TrackPointExtension>
        </extensions>
      </trkpt>
      <trkpt lat="25.27548928745090961456298828125" lon="110.2943216264247894287109375">
        <ele>152.8000030517578125</ele>
        <time>2025-11-15T11:30:09.000Z</time>
        <extensions>
          <ns3:TrackPointExtension>
            <ns3:hr>68</ns3:hr>
          </ns3:TrackPointExtension>
        </extensions>
      </trkpt>
      <trkpt lat="25.27549968101084232330322265625" lon="110.294321291148662567138671875">
        <ele>152.600006103515625</ele>
        <time>2025-11-15T11:30:10.000Z</time>
        <extensions>
          <ns3:TrackPointExtension>
            <ns3:hr>68</ns3:hr>
          </ns3:TrackPointExtension>
        </extensions>
      </trkpt>
      <trkpt lat="25.27550554834306240081787109375" lon="110.294321291148662567138671875">
        <ele>152.600006103515625</ele>
        <time>2025-11-15T11:30:11.000Z</time>
        <extensions>
          <ns3:TrackPointExtension>
            <ns3:hr>68</ns3:hr>
          </ns3:TrackPointExtension>
        </extensions>
      </trkpt>
      <trkpt lat="25.27551032602787017822265625" lon="110.29432372190058231353759765625">
        <ele>152.8000030517578125</ele>
        <time>2025-11-15T11:30:12.000Z</time>
        <extensions>
          <ns3:TrackPointExtension>
            <ns3:hr>68</ns3:hr>
          </ns3:TrackPointExtension>
        </extensions>
      </trkpt>
      <trkpt lat="25.2755145169794559478759765625" lon="110.2943352051079273223876953125">
        <ele>152.8000030517578125</ele>
        <time>2025-11-15T11:30:13.000Z</time>
        <extensions>
          <ns3:TrackPointExtension>
            <ns3:hr>68</ns3:hr>
          </ns3:TrackPointExtension>
        </extensions>
      </trkpt>
      <trkpt lat="25.27552147395908832550048828125" lon="110.29433914460241794586181640625">
        <ele>152.600006103515625</ele>
        <time>2025-11-15T11:30:14.000Z</time>
        <extensions>
          <ns3:TrackPointExtension>
            <ns3:hr>69</ns3:hr>
          </ns3:TrackPointExtension>
        </extensions>
      </trkpt>
      <trkpt lat="25.275531448423862457275390625" lon="110.29434367083013057708740234375">
        <ele>152.600006103515625</ele>
        <time>2025-11-15T11:30:15.000Z</time>
        <extensions>
          <ns3:TrackPointExtension>
            <ns3:hr>68</ns3:hr>
          </ns3:TrackPointExtension>
        </extensions>
      </trkpt>
      <trkpt lat="25.275541506707668304443359375" lon="110.2943526394665241241455078125">
        <ele>152.600006103515625</ele>
        <time>2025-11-15T11:30:16.000Z</time>
        <extensions>
          <ns3:TrackPointExtension>
            <ns3:hr>69</ns3:hr>
          </ns3:TrackPointExtension>
        </extensions>
      </trkpt>
      <trkpt lat="25.2755517326295375823974609375" lon="110.29435574077069759368896484375">
        <ele>152.600006103515625</ele>
        <time>2025-11-15T11:30:17.000Z</time>
        <extensions>
          <ns3:TrackPointExtension>
            <ns3:hr>69</ns3:hr>
          </ns3:TrackPointExtension>
        </extensions>
      </trkpt>
      <trkpt lat="25.2755604498088359832763671875" lon="110.29435758478939533233642578125">
        <ele>152.600006103515625</ele>
        <time>2025-11-15T11:30:18.000Z</time>
        <extensions>
          <ns3:TrackPointExtension>
            <ns3:hr>69</ns3:hr>
          </ns3:TrackPointExtension>
        </extensions>
      </trkpt>
      <trkpt lat="25.27556807734072208404541015625" lon="110.2943600155413150787353515625">
        <ele>152.600006103515625</ele>
        <time>2025-11-15T11:30:19.000Z</time>
        <extensions>
          <ns3:TrackPointExtension>
            <ns3:hr>69</ns3:hr>
          </ns3:TrackPointExtension>
        </extensions>
      </trkpt>
      <trkpt lat="25.27557545341551303863525390625" lon="110.2943640388548374176025390625">
        <ele>152.600006103515625</ele>
        <time>2025-11-15T11:30:20.000Z</time>
        <extensions>
          <ns3:TrackPointExtension>
            <ns3:hr>69</ns3:hr>
          </ns3:TrackPointExtension>
        </extensions>
      </trkpt>
      <trkpt lat="25.27558182366192340850830078125" lon="110.29436965472996234893798828125">
        <ele>152.600006103515625</ele>
        <time>2025-11-15T11:30:21.000Z</time>
        <extensions>
          <ns3:TrackPointExtension>
            <ns3:hr>69</ns3:hr>
          </ns3:TrackPointExtension>
        </extensions>
      </trkpt>
      <trkpt lat="25.27558936737477779388427734375" lon="110.2943781204521656036376953125">
        <ele>152.600006103515625</ele>
        <time>2025-11-15T11:30:22.000Z</time>
        <extensions>
          <ns3:TrackPointExtension>
            <ns3:hr>70</ns3:hr>
          </ns3:TrackPointExtension>
        </extensions>
      </trkpt>
      <trkpt lat="25.27559858746826648712158203125" lon="110.2943885140120983123779296875">
        <ele>152.600006103515625</ele>
        <time>2025-11-15T11:30:23.000Z</time>
        <extensions>
          <ns3:TrackPointExtension>
            <ns3:hr>70</ns3:hr>
          </ns3:TrackPointExtension>
        </extensions>
      </trkpt>
      <trkpt lat="25.2756070531904697418212890625" lon="110.29440217651426792144775390625">
        <ele>152.600006103515625</ele>
        <time>2025-11-15T11:30:24.000Z</time>
        <extensions>
          <ns3:TrackPointExtension>
            <ns3:hr>70</ns3:hr>
          </ns3:TrackPointExtension>
        </extensions>
      </trkpt>
      <trkpt lat="25.27561761438846588134765625" lon="110.2944029308855533599853515625">
        <ele>152.600006103515625</ele>
        <time>2025-11-15T11:30:25.000Z</time>
        <extensions>
          <ns3:TrackPointExtension>
            <ns3:hr>69</ns3:hr>
          </ns3:TrackPointExtension>
        </extensions>
      </trkpt>
      <trkpt lat="25.27562809176743030548095703125" lon="110.2943935431540012359619140625">
        <ele>152.600006103515625</ele>
        <time>2025-11-15T11:30:26.000Z</time>
        <extensions>
          <ns3:TrackPointExtension>
            <ns3:hr>70</ns3:hr>
          </ns3:TrackPointExtension>
        </extensions>
      </trkpt>
      <trkpt lat="25.27562943287193775177001953125" lon="110.29438926838338375091552734375">
        <ele>152.600006103515625</ele>
        <time>2025-11-15T11:30:27.000Z</time>
        <extensions>
          <ns3:TrackPointExtension>
            <ns3:hr>70</ns3:hr>
          </ns3:TrackPointExtension>
        </extensions>
      </trkpt>
      <trkpt lat="25.27563211508095264434814453125" lon="110.29438222758471965789794921875">
        <ele>152.600006103515625</ele>
        <time>2025-11-15T11:30:28.000Z</time>
        <extensions>
          <ns3:TrackPointExtension>
            <ns3:hr>70</ns3:hr>
          </ns3:TrackPointExtension>
        </extensions>
      </trkpt>
      <trkpt lat="25.27562960051000118255615234375" lon="110.294375605881214141845703125">
        <ele>152.600006103515625</ele>
        <time>2025-11-15T11:30:29.000Z</time>
        <extensions>
          <ns3:TrackPointExtension>
            <ns3:hr>70</ns3:hr>
          </ns3:TrackPointExtension>
        </extensions>
      </trkpt>
      <trkpt lat="25.2756258286535739898681640625" lon="110.29436948709189891815185546875">
        <ele>152.600006103515625</ele>
        <time>2025-11-15T11:30:30.000Z</time>
        <extensions>
          <ns3:TrackPointExtension>
            <ns3:hr>71</ns3:hr>
          </ns3:TrackPointExtension>
        </extensions>
      </trkpt>
      <trkpt lat="25.27562163770198822021484375" lon="110.2943606860935688018798828125">
        <ele>152.600006103515625</ele>
        <time>2025-11-15T11:30:31.000Z</time>
        <extensions>
          <ns3:TrackPointExtension>
            <ns3:hr>71</ns3:hr>
          </ns3:TrackPointExtension>
        </extensions>
      </trkpt>
      <trkpt lat="25.2756261639297008514404296875" lon="110.29435205273330211639404296875">
        <ele>152.600006103515625</ele>
        <time>2025-11-15T11:30:32.000Z</time>
        <extensions>
          <ns3:TrackPointExtension>
            <ns3:hr>71</ns3:hr>
          </ns3:TrackPointExtension>
        </extensions>
      </trkpt>
      <trkpt lat="25.27563245035707950592041015625" lon="110.29434283263981342315673828125">
        <ele>152.600006103515625</ele>
        <time>2025-11-15T11:30:33.000Z</time>
        <extensions>
          <ns3:TrackPointExtension>
            <ns3:hr>71</ns3:hr>
          </ns3:TrackPointExtension>
        </extensions>
      </trkpt>
      <trkpt lat="25.27564167045056819915771484375" lon="110.294334031641483306884765625">
        <ele>152.600006103515625</ele>
        <time>2025-11-15T11:30:34.000Z</time>
        <extensions>
          <ns3:TrackPointExtension>
            <ns3:hr>72</ns3:hr>
          </ns3:TrackPointExtension>
        </extensions>
      </trkpt>
      <trkpt lat="25.27565038762986660003662109375" lon="110.29432497918605804443359375">
        <ele>152.600006103515625</ele>
        <time>2025-11-15T11:30:35.000Z</time>
        <extensions>
          <ns3:TrackPointExtension>
            <ns3:hr>72</ns3:hr>
          </ns3:TrackPointExtension>
        </extensions>
      </trkpt>
      <trkpt lat="25.275659523904323577880859375" lon="110.29431433416903018951416015625">
        <ele>152.600006103515625</ele>
        <time>2025-11-15T11:30:36.000Z</time>
        <extensions>
          <ns3:TrackPointExtension>
            <ns3:hr>72</ns3:hr>
          </ns3:TrackPointExtension>
        </extensions>
      </trkpt>
      <trkpt lat="25.2756679058074951171875" lon="110.294304192066192626953125">
        <ele>152.600006103515625</ele>
        <time>2025-11-15T11:30:37.000Z</time>
        <extensions>
          <ns3:TrackPointExtension>
            <ns3:hr>72</ns3:hr>
          </ns3:TrackPointExtension>
        </extensions>
      </trkpt>
      <trkpt lat="25.27567888610064983367919921875" lon="110.2942973189055919647216796875">
        <ele>152.600006103515625</ele>
        <time>2025-11-15T11:30:38.000Z</time>
        <extensions>
          <ns3:TrackPointExtension>
            <ns3:hr>72</ns3:hr>
          </ns3:TrackPointExtension>
        </extensions>
      </trkpt>
      <trkpt lat="25.2756893634796142578125" lon="110.29429354704916477203369140625">
        <ele>152.600006103515625</ele>
        <time>2025-11-15T11:30:39.000Z</time>
        <extensions>
          <ns3:TrackPointExtension>
            <ns3:hr>72</ns3:hr>
          </ns3:TrackPointExtension>
        </extensions>
      </trkpt>
      <trkpt lat="25.2756955660879611968994140625" lon="110.29428985901176929473876953125">
        <ele>152.600006103515625</ele>
        <time>2025-11-15T11:30:40.000Z</time>
        <extensions>
          <ns3:TrackPointExtension>
            <ns3:hr>72</ns3:hr>
          </ns3:TrackPointExtension>
        </extensions>
      </trkpt>
      <trkpt lat="25.2756969071924686431884765625" lon="110.29427996836602687835693359375">
        <ele>152.8000030517578125</ele>
        <time>2025-11-15T11:30:41.000Z</time>
        <extensions>
          <ns3:TrackPointExtension>
            <ns3:hr>71</ns3:hr>
          </ns3:TrackPointExtension>
        </extensions>
      </trkpt>
      <trkpt lat="25.2756999246776103973388671875" lon="110.2942738495767116546630859375">
        <ele>152.8000030517578125</ele>
        <time>2025-11-15T11:30:42.000Z</time>
        <extensions>
          <ns3:TrackPointExtension>
            <ns3:hr>71</ns3:hr>
          </ns3:TrackPointExtension>
        </extensions>
      </trkpt>
      <trkpt lat="25.27570478618144989013671875" lon="110.294266976416110992431640625">
        <ele>153</ele>
        <time>2025-11-15T11:30:43.000Z</time>
        <extensions>
          <ns3:TrackPointExtension>
            <ns3:hr>71</ns3:hr>
          </ns3:TrackPointExtension>
        </extensions>
      </trkpt>
      <trkpt lat="25.275709144771099090576171875" lon="110.29426303692162036895751953125">
        <ele>153.1999969482421875</ele>
        <time>2025-11-15T11:30:44.000Z</time>
        <extensions>
          <ns3:TrackPointExtension>
            <ns3:hr>71</ns3:hr>
          </ns3:TrackPointExtension>
        </extensions>
      </trkpt>
      <trkpt lat="25.275712497532367706298828125" lon="110.294261611998081207275390625">
        <ele>153.1999969482421875</ele>
        <time>2025-11-15T11:30:45.000Z</time>
        <extensions>
          <ns3:TrackPointExtension>
            <ns3:hr>72</ns3:hr>
          </ns3:TrackPointExtension>
        </extensions>
      </trkpt>
      <trkpt lat="25.27571056969463825225830078125" lon="110.29425733722746372222900390625">
        <ele>153.1999969482421875</ele>
        <time>2025-11-15T11:30:46.000Z</time>
        <extensions>
          <ns3:TrackPointExtension>
            <ns3:hr>72</ns3:hr>
          </ns3:TrackPointExtension>
        </extensions>
      </trkpt>
      <trkpt lat="25.275711156427860260009765625" lon="110.294252894818782806396484375">
        <ele>153.1999969482421875</ele>
        <time>2025-11-15T11:30:47.000Z</time>
        <extensions>
          <ns3:TrackPointExtension>
            <ns3:hr>72</ns3:hr>
          </ns3:TrackPointExtension>
        </extensions>
      </trkpt>
      <trkpt lat="25.27571023441851139068603515625" lon="110.294250547885894775390625">
        <ele>153.1999969482421875</ele>
        <time>2025-11-15T11:30:48.000Z</time>
        <extensions>
          <ns3:TrackPointExtension>
            <ns3:hr>72</ns3:hr>
          </ns3:TrackPointExtension>
        </extensions>
      </trkpt>
      <trkpt lat="25.27570453472435474395751953125" lon="110.29425649903714656829833984375">
        <ele>153.1999969482421875</ele>
        <time>2025-11-15T11:30:49.000Z</time>
        <extensions>
          <ns3:TrackPointExtension>
            <ns3:hr>72</ns3:hr>
          </ns3:TrackPointExtension>
        </extensions>
      </trkpt>
      <trkpt lat="25.27569900266826152801513671875" lon="110.2942574210464954376220703125">
        <ele>153</ele>
        <time>2025-11-15T11:30:50.000Z</time>
        <extensions>
          <ns3:TrackPointExtension>
            <ns3:hr>72</ns3:hr>
          </ns3:TrackPointExtension>
        </extensions>
      </trkpt>
      <trkpt lat="25.27568827383220195770263671875" lon="110.29425230808556079864501953125">
        <ele>153</ele>
        <time>2025-11-15T11:30:51.000Z</time>
        <extensions>
          <ns3:TrackPointExtension>
            <ns3:hr>72</ns3:hr>
          </ns3:TrackPointExtension>
        </extensions>
      </trkpt>
      <trkpt lat="25.275676958262920379638671875" lon="110.294245183467864990234375">
        <ele>152.8000030517578125</ele>
        <time>2025-11-15T11:30:52.000Z</time>
        <extensions>
          <ns3:TrackPointExtension>
            <ns3:hr>72</ns3:hr>
          </ns3:TrackPointExtension>
        </extensions>
      </trkpt>
      <trkpt lat="25.2756697498261928558349609375" lon="110.2942357957363128662109375">
        <ele>152.8000030517578125</ele>
        <time>2025-11-15T11:30:53.000Z</time>
        <extensions>
          <ns3:TrackPointExtension>
            <ns3:hr>72</ns3:hr>
          </ns3:TrackPointExtension>
        </extensions>
      </trkpt>
      <trkpt lat="25.2756610326468944549560546875" lon="110.29422196559607982635498046875">
        <ele>152.8000030517578125</ele>
        <time>2025-11-15T11:30:54.000Z</time>
        <extensions>
          <ns3:TrackPointExtension>
            <ns3:hr>72</ns3:hr>
          </ns3:TrackPointExtension>
        </extensions>
      </trkpt>
      <trkpt lat="25.275651477277278900146484375" lon="110.29421626590192317962646484375">
        <ele>152.8000030517578125</ele>
        <time>2025-11-15T11:30:55.000Z</time>
        <extensions>
          <ns3:TrackPointExtension>
            <ns3:hr>71</ns3:hr>
          </ns3:TrackPointExtension>
        </extensions>
      </trkpt>
      <trkpt lat="25.27564384974539279937744140625" lon="110.29421894811093807220458984375">
        <ele>152.8000030517578125</ele>
        <time>2025-11-15T11:30:56.000Z</time>
        <extensions>
          <ns3:TrackPointExtension>
            <ns3:hr>71</ns3:hr>
          </ns3:TrackPointExtension>
        </extensions>
      </trkpt>
      <trkpt lat="25.2756355516612529754638671875" lon="110.2942165173590183258056640625">
        <ele>152.8000030517578125</ele>
        <time>2025-11-15T11:30:57.000Z</time>
        <extensions>
          <ns3:TrackPointExtension>
            <ns3:hr>71</ns3:hr>
          </ns3:TrackPointExtension>
        </extensions>
      </trkpt>
      <trkpt lat="25.275627337396144866943359375" lon="110.29420972801744937896728515625">
        <ele>152.8000030517578125</ele>
        <time>2025-11-15T11:30:58.000Z</time>
        <extensions>
          <ns3:TrackPointExtension>
            <ns3:hr>70</ns3:hr>
          </ns3:TrackPointExtension>
        </extensions>
      </trkpt>
      <trkpt lat="25.275619961321353912353515625" lon="110.29420285485684871673583984375">
        <ele>152.8000030517578125</ele>
        <time>2025-11-15T11:30:59.000Z</time>
        <extensions>
          <ns3:TrackPointExtension>
            <ns3:hr>70</ns3:hr>
          </ns3:TrackPointExtension>
        </extensions>
      </trkpt>
      <trkpt lat="25.275605209171772003173828125" lon="110.29418122954666614532470703125">
        <ele>152.8000030517578125</ele>
        <time>2025-11-15T11:31:00.000Z</time>
        <extensions>
          <ns3:TrackPointExtension>
            <ns3:hr>70</ns3:hr>
          </ns3:TrackPointExtension>
        </extensions>
      </trkpt>
    </trkseg>
  </trk>
</gpx>
