<gpx xmlns:ns3="http://www.garmin.com/xmlschemas/TrackPointExtension/v1" xmlns="http://www.topografix.com/GPX/1/1" xmlns:xsi="http://www.w3.org/2001/XMLSchema-instance" xmlns:ns2="http://www.garmin.com/xmlschemas/GpxExtensions/v3" creator="Garmin Connect" version="1.1" xsi:schemaLocation="http://www.topografix.com/GPX/1/1 http://www.topografix.com/GPX/11.xsd">
  <extensions>
<distance>3647.62</distance>
<average_hr>80.0</average_hr>
<average_speed>1.1169999837875366</average_speed>
<start_time>2026-01-17T06:29:47+00:00</start_time>
<end_time>2026-01-17T07:24:11.287000+00:00</end_time>
<moving_time>2651.0</moving_time>
<elapsed_time>3329.557</elapsed_time>
</extensions>
<metadata>
    <link href="connect.garmin.com">
      <text>Garmin Connect</text>
    </link>
    <time>2026-01-17T06:29:47.000Z</time>
  </metadata>
  <trk>
    <name>港马领物步行回酒店</name>
    <desc/>
    <type>walking</type>
    <trkseg>
      <trkpt lat="22.32943338342010974884033203125" lon="114.1985204257071018218994140625">
        <ele>11.80000019073486328125</ele>
        <time>2026-01-17T06:29:47.000Z</time>
        <extensions>
          <ns3:TrackPointExtension>
            <ns3:hr>72</ns3:hr>
          </ns3:TrackPointExtension>
        </extensions>
      </trkpt>
      <trkpt lat="22.32943187467753887176513671875" lon="114.198522605001926422119140625">
        <ele>11.80000019073486328125</ele>
        <time>2026-01-17T06:29:48.000Z</time>
        <extensions>
          <ns3:TrackPointExtension>
            <ns3:hr>72</ns3:hr>
          </ns3:TrackPointExtension>
        </extensions>
      </trkpt>
      <trkpt lat="22.329430617392063140869140625" lon="114.19852604158222675323486328125">
        <ele>11.80000019073486328125</ele>
        <time>2026-01-17T06:29:49.000Z</time>
        <extensions>
          <ns3:TrackPointExtension>
            <ns3:hr>72</ns3:hr>
          </ns3:TrackPointExtension>
        </extensions>
      </trkpt>
      <trkpt lat="22.3294297792017459869384765625" lon="114.19852805323898792266845703125">
        <ele>11.6000003814697265625</ele>
        <time>2026-01-17T06:29:50.000Z</time>
        <extensions>
          <ns3:TrackPointExtension>
            <ns3:hr>72</ns3:hr>
          </ns3:TrackPointExtension>
        </extensions>
      </trkpt>
      <trkpt lat="22.32942651025950908660888671875" lon="114.19853107072412967681884765625">
        <ele>11.6000003814697265625</ele>
        <time>2026-01-17T06:29:51.000Z</time>
        <extensions>
          <ns3:TrackPointExtension>
            <ns3:hr>72</ns3:hr>
          </ns3:TrackPointExtension>
        </extensions>
      </trkpt>
      <trkpt lat="22.32941963709890842437744140625" lon="114.1985368542373180389404296875">
        <ele>11.6000003814697265625</ele>
        <time>2026-01-17T06:29:52.000Z</time>
        <extensions>
          <ns3:TrackPointExtension>
            <ns3:hr>73</ns3:hr>
          </ns3:TrackPointExtension>
        </extensions>
      </trkpt>
      <trkpt lat="22.32941175810992717742919921875" lon="114.1985385306179523468017578125">
        <ele>11.6000003814697265625</ele>
        <time>2026-01-17T06:29:53.000Z</time>
        <extensions>
          <ns3:TrackPointExtension>
            <ns3:hr>73</ns3:hr>
          </ns3:TrackPointExtension>
        </extensions>
      </trkpt>
      <trkpt lat="22.32940102927386760711669921875" lon="114.19853827916085720062255859375">
        <ele>11.6000003814697265625</ele>
        <time>2026-01-17T06:29:54.000Z</time>
        <extensions>
          <ns3:TrackPointExtension>
            <ns3:hr>74</ns3:hr>
          </ns3:TrackPointExtension>
        </extensions>
      </trkpt>
      <trkpt lat="22.32938912697136402130126953125" lon="114.1985368542373180389404296875">
        <ele>11.6000003814697265625</ele>
        <time>2026-01-17T06:29:55.000Z</time>
        <extensions>
          <ns3:TrackPointExtension>
            <ns3:hr>75</ns3:hr>
          </ns3:TrackPointExtension>
        </extensions>
      </trkpt>
      <trkpt lat="22.3293774761259555816650390625" lon="114.1985341720283031463623046875">
        <ele>11.80000019073486328125</ele>
        <time>2026-01-17T06:29:56.000Z</time>
        <extensions>
          <ns3:TrackPointExtension>
            <ns3:hr>75</ns3:hr>
          </ns3:TrackPointExtension>
        </extensions>
      </trkpt>
      <trkpt lat="22.3293645679950714111328125" lon="114.19852956198155879974365234375">
        <ele>11.6000003814697265625</ele>
        <time>2026-01-17T06:29:57.000Z</time>
        <extensions>
          <ns3:TrackPointExtension>
            <ns3:hr>75</ns3:hr>
          </ns3:TrackPointExtension>
        </extensions>
      </trkpt>
      <trkpt lat="22.32935358770191669464111328125" lon="114.1985244490206241607666015625">
        <ele>11.6000003814697265625</ele>
        <time>2026-01-17T06:29:58.000Z</time>
        <extensions>
          <ns3:TrackPointExtension>
            <ns3:hr>76</ns3:hr>
          </ns3:TrackPointExtension>
        </extensions>
      </trkpt>
      <trkpt lat="22.32934369705617427825927734375" lon="114.19851715676486492156982421875">
        <ele>11.6000003814697265625</ele>
        <time>2026-01-17T06:29:59.000Z</time>
        <extensions>
          <ns3:TrackPointExtension>
            <ns3:hr>78</ns3:hr>
          </ns3:TrackPointExtension>
        </extensions>
      </trkpt>
      <trkpt lat="22.32933280058205127716064453125" lon="114.1985075175762176513671875">
        <ele>11.6000003814697265625</ele>
        <time>2026-01-17T06:30:00.000Z</time>
        <extensions>
          <ns3:TrackPointExtension>
            <ns3:hr>79</ns3:hr>
          </ns3:TrackPointExtension>
        </extensions>
      </trkpt>
      <trkpt lat="22.32932307757437229156494140625" lon="114.19849704019725322723388671875">
        <ele>11.6000003814697265625</ele>
        <time>2026-01-17T06:30:01.000Z</time>
        <extensions>
          <ns3:TrackPointExtension>
            <ns3:hr>79</ns3:hr>
          </ns3:TrackPointExtension>
        </extensions>
      </trkpt>
      <trkpt lat="22.329313941299915313720703125" lon="114.1984862275421619415283203125">
        <ele>11.6000003814697265625</ele>
        <time>2026-01-17T06:30:02.000Z</time>
        <extensions>
          <ns3:TrackPointExtension>
            <ns3:hr>78</ns3:hr>
          </ns3:TrackPointExtension>
        </extensions>
      </trkpt>
      <trkpt lat="22.32930488884449005126953125" lon="114.19847642071545124053955078125">
        <ele>11.6000003814697265625</ele>
        <time>2026-01-17T06:30:03.000Z</time>
        <extensions>
          <ns3:TrackPointExtension>
            <ns3:hr>78</ns3:hr>
          </ns3:TrackPointExtension>
        </extensions>
      </trkpt>
      <trkpt lat="22.32929541729390621185302734375" lon="114.19846753589808940887451171875">
        <ele>11.6000003814697265625</ele>
        <time>2026-01-17T06:30:04.000Z</time>
        <extensions>
          <ns3:TrackPointExtension>
            <ns3:hr>78</ns3:hr>
          </ns3:TrackPointExtension>
        </extensions>
      </trkpt>
      <trkpt lat="22.329284437000751495361328125" lon="114.198458231985569000244140625">
        <ele>11.6000003814697265625</ele>
        <time>2026-01-17T06:30:05.000Z</time>
        <extensions>
          <ns3:TrackPointExtension>
            <ns3:hr>78</ns3:hr>
          </ns3:TrackPointExtension>
        </extensions>
      </trkpt>
      <trkpt lat="22.32927412725985050201416015625" lon="114.198450185358524322509765625">
        <ele>11.6000003814697265625</ele>
        <time>2026-01-17T06:30:06.000Z</time>
        <extensions>
          <ns3:TrackPointExtension>
            <ns3:hr>79</ns3:hr>
          </ns3:TrackPointExtension>
        </extensions>
      </trkpt>
      <trkpt lat="22.32926373369991779327392578125" lon="114.1984429769217967987060546875">
        <ele>11.6000003814697265625</ele>
        <time>2026-01-17T06:30:07.000Z</time>
        <extensions>
          <ns3:TrackPointExtension>
            <ns3:hr>79</ns3:hr>
          </ns3:TrackPointExtension>
        </extensions>
      </trkpt>
      <trkpt lat="22.3292551003396511077880859375" lon="114.19843769632279872894287109375">
        <ele>11.80000019073486328125</ele>
        <time>2026-01-17T06:30:08.000Z</time>
        <extensions>
          <ns3:TrackPointExtension>
            <ns3:hr>79</ns3:hr>
          </ns3:TrackPointExtension>
        </extensions>
      </trkpt>
      <trkpt lat="22.3292450420558452606201171875" lon="114.198431074619293212890625">
        <ele>11.80000019073486328125</ele>
        <time>2026-01-17T06:30:09.000Z</time>
        <extensions>
          <ns3:TrackPointExtension>
            <ns3:hr>79</ns3:hr>
          </ns3:TrackPointExtension>
        </extensions>
      </trkpt>
      <trkpt lat="22.32923448085784912109375" lon="114.1984252072870731353759765625">
        <ele>11.80000019073486328125</ele>
        <time>2026-01-17T06:30:10.000Z</time>
        <extensions>
          <ns3:TrackPointExtension>
            <ns3:hr>80</ns3:hr>
          </ns3:TrackPointExtension>
        </extensions>
      </trkpt>
      <trkpt lat="22.32922442257404327392578125" lon="114.1984174959361553192138671875">
        <ele>11.80000019073486328125</ele>
        <time>2026-01-17T06:30:11.000Z</time>
        <extensions>
          <ns3:TrackPointExtension>
            <ns3:hr>80</ns3:hr>
          </ns3:TrackPointExtension>
        </extensions>
      </trkpt>
      <trkpt lat="22.3292141966521739959716796875" lon="114.1984087787568569183349609375">
        <ele>11.6000003814697265625</ele>
        <time>2026-01-17T06:30:12.000Z</time>
        <extensions>
          <ns3:TrackPointExtension>
            <ns3:hr>80</ns3:hr>
          </ns3:TrackPointExtension>
        </extensions>
      </trkpt>
      <trkpt lat="22.32920556329190731048583984375" lon="114.198401235044002532958984375">
        <ele>11.6000003814697265625</ele>
        <time>2026-01-17T06:30:13.000Z</time>
        <extensions>
          <ns3:TrackPointExtension>
            <ns3:hr>80</ns3:hr>
          </ns3:TrackPointExtension>
        </extensions>
      </trkpt>
      <trkpt lat="22.32919684611260890960693359375" lon="114.198391847312450408935546875">
        <ele>11.6000003814697265625</ele>
        <time>2026-01-17T06:30:14.000Z</time>
        <extensions>
          <ns3:TrackPointExtension>
            <ns3:hr>81</ns3:hr>
          </ns3:TrackPointExtension>
        </extensions>
      </trkpt>
      <trkpt lat="22.32918846420943737030029296875" lon="114.1983843035995960235595703125">
        <ele>11.6000003814697265625</ele>
        <time>2026-01-17T06:30:15.000Z</time>
        <extensions>
          <ns3:TrackPointExtension>
            <ns3:hr>81</ns3:hr>
          </ns3:TrackPointExtension>
        </extensions>
      </trkpt>
      <trkpt lat="22.32917941175401210784912109375" lon="114.19837474822998046875">
        <ele>11.3999996185302734375</ele>
        <time>2026-01-17T06:30:16.000Z</time>
        <extensions>
          <ns3:TrackPointExtension>
            <ns3:hr>81</ns3:hr>
          </ns3:TrackPointExtension>
        </extensions>
      </trkpt>
      <trkpt lat="22.3291712813079357147216796875" lon="114.19836326502263545989990234375">
        <ele>11.3999996185302734375</ele>
        <time>2026-01-17T06:30:17.000Z</time>
        <extensions>
          <ns3:TrackPointExtension>
            <ns3:hr>81</ns3:hr>
          </ns3:TrackPointExtension>
        </extensions>
      </trkpt>
      <trkpt lat="22.3291635699570178985595703125" lon="114.198350608348846435546875">
        <ele>11.3999996185302734375</ele>
        <time>2026-01-17T06:30:18.000Z</time>
        <extensions>
          <ns3:TrackPointExtension>
            <ns3:hr>82</ns3:hr>
          </ns3:TrackPointExtension>
        </extensions>
      </trkpt>
      <trkpt lat="22.32915577478706836700439453125" lon="114.19833795167505741119384765625">
        <ele>11.3999996185302734375</ele>
        <time>2026-01-17T06:30:19.000Z</time>
        <extensions>
          <ns3:TrackPointExtension>
            <ns3:hr>82</ns3:hr>
          </ns3:TrackPointExtension>
        </extensions>
      </trkpt>
      <trkpt lat="22.32914655469357967376708984375" lon="114.19832269661128520965576171875">
        <ele>11.3999996185302734375</ele>
        <time>2026-01-17T06:30:20.000Z</time>
        <extensions>
          <ns3:TrackPointExtension>
            <ns3:hr>83</ns3:hr>
          </ns3:TrackPointExtension>
        </extensions>
      </trkpt>
      <trkpt lat="22.3291377536952495574951171875" lon="114.1983085311949253082275390625">
        <ele>11.3999996185302734375</ele>
        <time>2026-01-17T06:30:21.000Z</time>
        <extensions>
          <ns3:TrackPointExtension>
            <ns3:hr>82</ns3:hr>
          </ns3:TrackPointExtension>
        </extensions>
      </trkpt>
      <trkpt lat="22.32912945561110973358154296875" lon="114.198295287787914276123046875">
        <ele>11.3999996185302734375</ele>
        <time>2026-01-17T06:30:22.000Z</time>
        <extensions>
          <ns3:TrackPointExtension>
            <ns3:hr>83</ns3:hr>
          </ns3:TrackPointExtension>
        </extensions>
      </trkpt>
      <trkpt lat="22.32912124134600162506103515625" lon="114.19828397221863269805908203125">
        <ele>11.3999996185302734375</ele>
        <time>2026-01-17T06:30:23.000Z</time>
        <extensions>
          <ns3:TrackPointExtension>
            <ns3:hr>83</ns3:hr>
          </ns3:TrackPointExtension>
        </extensions>
      </trkpt>
      <trkpt lat="22.32911269180476665496826171875" lon="114.1982726566493511199951171875">
        <ele>11.3999996185302734375</ele>
        <time>2026-01-17T06:30:24.000Z</time>
        <extensions>
          <ns3:TrackPointExtension>
            <ns3:hr>84</ns3:hr>
          </ns3:TrackPointExtension>
        </extensions>
      </trkpt>
      <trkpt lat="22.3291035555303096771240234375" lon="114.19826276600360870361328125">
        <ele>11.3999996185302734375</ele>
        <time>2026-01-17T06:30:25.000Z</time>
        <extensions>
          <ns3:TrackPointExtension>
            <ns3:hr>84</ns3:hr>
          </ns3:TrackPointExtension>
        </extensions>
      </trkpt>
      <trkpt lat="22.32909408397972583770751953125" lon="114.198253042995929718017578125">
        <ele>11.3999996185302734375</ele>
        <time>2026-01-17T06:30:26.000Z</time>
        <extensions>
          <ns3:TrackPointExtension>
            <ns3:hr>84</ns3:hr>
          </ns3:TrackPointExtension>
        </extensions>
      </trkpt>
      <trkpt lat="22.32908519916236400604248046875" lon="114.198243319988250732421875">
        <ele>11.3999996185302734375</ele>
        <time>2026-01-17T06:30:27.000Z</time>
        <extensions>
          <ns3:TrackPointExtension>
            <ns3:hr>84</ns3:hr>
          </ns3:TrackPointExtension>
        </extensions>
      </trkpt>
      <trkpt lat="22.32907690107822418212890625" lon="114.19823535718023777008056640625">
        <ele>11.19999980926513671875</ele>
        <time>2026-01-17T06:30:28.000Z</time>
        <extensions>
          <ns3:TrackPointExtension>
            <ns3:hr>84</ns3:hr>
          </ns3:TrackPointExtension>
        </extensions>
      </trkpt>
      <trkpt lat="22.32906877063214778900146484375" lon="114.19822714291512966156005859375">
        <ele>11.19999980926513671875</ele>
        <time>2026-01-17T06:30:29.000Z</time>
        <extensions>
          <ns3:TrackPointExtension>
            <ns3:hr>84</ns3:hr>
          </ns3:TrackPointExtension>
        </extensions>
      </trkpt>
      <trkpt lat="22.32905904762446880340576171875" lon="114.19821624644100666046142578125">
        <ele>11.19999980926513671875</ele>
        <time>2026-01-17T06:30:30.000Z</time>
        <extensions>
          <ns3:TrackPointExtension>
            <ns3:hr>84</ns3:hr>
          </ns3:TrackPointExtension>
        </extensions>
      </trkpt>
      <trkpt lat="22.3290495760738849639892578125" lon="114.1982044279575347900390625">
        <ele>11.19999980926513671875</ele>
        <time>2026-01-17T06:30:31.000Z</time>
        <extensions>
          <ns3:TrackPointExtension>
            <ns3:hr>84</ns3:hr>
          </ns3:TrackPointExtension>
        </extensions>
      </trkpt>
      <trkpt lat="22.32904295437037944793701171875" lon="114.19819428585469722747802734375">
        <ele>11.19999980926513671875</ele>
        <time>2026-01-17T06:30:32.000Z</time>
        <extensions>
          <ns3:TrackPointExtension>
            <ns3:hr>84</ns3:hr>
          </ns3:TrackPointExtension>
        </extensions>
      </trkpt>
      <trkpt lat="22.32903800904750823974609375" lon="114.1981824673712253570556640625">
        <ele>11.19999980926513671875</ele>
        <time>2026-01-17T06:30:33.000Z</time>
        <extensions>
          <ns3:TrackPointExtension>
            <ns3:hr>84</ns3:hr>
          </ns3:TrackPointExtension>
        </extensions>
      </trkpt>
      <trkpt lat="22.32903624884784221649169921875" lon="114.198170565068721771240234375">
        <ele>11.19999980926513671875</ele>
        <time>2026-01-17T06:30:34.000Z</time>
        <extensions>
          <ns3:TrackPointExtension>
            <ns3:hr>84</ns3:hr>
          </ns3:TrackPointExtension>
        </extensions>
      </trkpt>
      <trkpt lat="22.32903842814266681671142578125" lon="114.19816176407039165496826171875">
        <ele>11.19999980926513671875</ele>
        <time>2026-01-17T06:30:35.000Z</time>
        <extensions>
          <ns3:TrackPointExtension>
            <ns3:hr>83</ns3:hr>
          </ns3:TrackPointExtension>
        </extensions>
      </trkpt>
      <trkpt lat="22.3290378414094448089599609375" lon="114.19815036468207836151123046875">
        <ele>11.3999996185302734375</ele>
        <time>2026-01-17T06:30:36.000Z</time>
        <extensions>
          <ns3:TrackPointExtension>
            <ns3:hr>83</ns3:hr>
          </ns3:TrackPointExtension>
        </extensions>
      </trkpt>
      <trkpt lat="22.32903398573398590087890625" lon="114.198138378560543060302734375">
        <ele>11.3999996185302734375</ele>
        <time>2026-01-17T06:30:37.000Z</time>
        <extensions>
          <ns3:TrackPointExtension>
            <ns3:hr>83</ns3:hr>
          </ns3:TrackPointExtension>
        </extensions>
      </trkpt>
      <trkpt lat="22.32902786694467067718505859375" lon="114.1981266438961029052734375">
        <ele>11.3999996185302734375</ele>
        <time>2026-01-17T06:30:38.000Z</time>
        <extensions>
          <ns3:TrackPointExtension>
            <ns3:hr>83</ns3:hr>
          </ns3:TrackPointExtension>
        </extensions>
      </trkpt>
      <trkpt lat="22.3290187306702136993408203125" lon="114.19811792671680450439453125">
        <ele>11.6000003814697265625</ele>
        <time>2026-01-17T06:30:39.000Z</time>
        <extensions>
          <ns3:TrackPointExtension>
            <ns3:hr>83</ns3:hr>
          </ns3:TrackPointExtension>
        </extensions>
      </trkpt>
      <trkpt lat="22.32901252806186676025390625" lon="114.19811164028942584991455078125">
        <ele>11.6000003814697265625</ele>
        <time>2026-01-17T06:30:40.000Z</time>
        <extensions>
          <ns3:TrackPointExtension>
            <ns3:hr>82</ns3:hr>
          </ns3:TrackPointExtension>
        </extensions>
      </trkpt>
      <trkpt lat="22.32900607399642467498779296875" lon="114.19810610823333263397216796875">
        <ele>11.6000003814697265625</ele>
        <time>2026-01-17T06:30:41.000Z</time>
        <extensions>
          <ns3:TrackPointExtension>
            <ns3:hr>82</ns3:hr>
          </ns3:TrackPointExtension>
        </extensions>
      </trkpt>
      <trkpt lat="22.32899853028357028961181640625" lon="114.1980971395969390869140625">
        <ele>11.6000003814697265625</ele>
        <time>2026-01-17T06:30:42.000Z</time>
        <extensions>
          <ns3:TrackPointExtension>
            <ns3:hr>82</ns3:hr>
          </ns3:TrackPointExtension>
        </extensions>
      </trkpt>
      <trkpt lat="22.3289888910949230194091796875" lon="114.19808582402765750885009765625">
        <ele>11.6000003814697265625</ele>
        <time>2026-01-17T06:30:43.000Z</time>
        <extensions>
          <ns3:TrackPointExtension>
            <ns3:hr>82</ns3:hr>
          </ns3:TrackPointExtension>
        </extensions>
      </trkpt>
      <trkpt lat="22.3289798386394977569580078125" lon="114.198074676096439361572265625">
        <ele>11.6000003814697265625</ele>
        <time>2026-01-17T06:30:44.000Z</time>
        <extensions>
          <ns3:TrackPointExtension>
            <ns3:hr>82</ns3:hr>
          </ns3:TrackPointExtension>
        </extensions>
      </trkpt>
      <trkpt lat="22.328971289098262786865234375" lon="114.19806336052715778350830078125">
        <ele>11.6000003814697265625</ele>
        <time>2026-01-17T06:30:45.000Z</time>
        <extensions>
          <ns3:TrackPointExtension>
            <ns3:hr>82</ns3:hr>
          </ns3:TrackPointExtension>
        </extensions>
      </trkpt>
      <trkpt lat="22.32896114699542522430419921875" lon="114.1980503685772418975830078125">
        <ele>11.6000003814697265625</ele>
        <time>2026-01-17T06:30:46.000Z</time>
        <extensions>
          <ns3:TrackPointExtension>
            <ns3:hr>82</ns3:hr>
          </ns3:TrackPointExtension>
        </extensions>
      </trkpt>
      <trkpt lat="22.3289520107209682464599609375" lon="114.198039136826992034912109375">
        <ele>11.3999996185302734375</ele>
        <time>2026-01-17T06:30:47.000Z</time>
        <extensions>
          <ns3:TrackPointExtension>
            <ns3:hr>82</ns3:hr>
          </ns3:TrackPointExtension>
        </extensions>
      </trkpt>
      <trkpt lat="22.32894320972263813018798828125" lon="114.19802966527640819549560546875">
        <ele>11.3999996185302734375</ele>
        <time>2026-01-17T06:30:48.000Z</time>
        <extensions>
          <ns3:TrackPointExtension>
            <ns3:hr>83</ns3:hr>
          </ns3:TrackPointExtension>
        </extensions>
      </trkpt>
      <trkpt lat="22.32893449254333972930908203125" lon="114.1980225406587123870849609375">
        <ele>11.3999996185302734375</ele>
        <time>2026-01-17T06:30:49.000Z</time>
        <extensions>
          <ns3:TrackPointExtension>
            <ns3:hr>83</ns3:hr>
          </ns3:TrackPointExtension>
        </extensions>
      </trkpt>
      <trkpt lat="22.32892577536404132843017578125" lon="114.19801441021263599395751953125">
        <ele>11.3999996185302734375</ele>
        <time>2026-01-17T06:30:50.000Z</time>
        <extensions>
          <ns3:TrackPointExtension>
            <ns3:hr>83</ns3:hr>
          </ns3:TrackPointExtension>
        </extensions>
      </trkpt>
      <trkpt lat="22.328915633261203765869140625" lon="114.198005609214305877685546875">
        <ele>11.3999996185302734375</ele>
        <time>2026-01-17T06:30:51.000Z</time>
        <extensions>
          <ns3:TrackPointExtension>
            <ns3:hr>83</ns3:hr>
          </ns3:TrackPointExtension>
        </extensions>
      </trkpt>
      <trkpt lat="22.32890515588223934173583984375" lon="114.1979963891208171844482421875">
        <ele>11.3999996185302734375</ele>
        <time>2026-01-17T06:30:52.000Z</time>
        <extensions>
          <ns3:TrackPointExtension>
            <ns3:hr>83</ns3:hr>
          </ns3:TrackPointExtension>
        </extensions>
      </trkpt>
      <trkpt lat="22.3288946785032749176025390625" lon="114.1979880072176456451416015625">
        <ele>11.3999996185302734375</ele>
        <time>2026-01-17T06:30:53.000Z</time>
        <extensions>
          <ns3:TrackPointExtension>
            <ns3:hr>83</ns3:hr>
          </ns3:TrackPointExtension>
        </extensions>
      </trkpt>
      <trkpt lat="22.3288846202194690704345703125" lon="114.19797836802899837493896484375">
        <ele>11.3999996185302734375</ele>
        <time>2026-01-17T06:30:54.000Z</time>
        <extensions>
          <ns3:TrackPointExtension>
            <ns3:hr>82</ns3:hr>
          </ns3:TrackPointExtension>
        </extensions>
      </trkpt>
      <trkpt lat="22.32887615449726581573486328125" lon="114.19796914793550968170166015625">
        <ele>11.3999996185302734375</ele>
        <time>2026-01-17T06:30:55.000Z</time>
        <extensions>
          <ns3:TrackPointExtension>
            <ns3:hr>83</ns3:hr>
          </ns3:TrackPointExtension>
        </extensions>
      </trkpt>
      <trkpt lat="22.32886768877506256103515625" lon="114.197959005832672119140625">
        <ele>11.3999996185302734375</ele>
        <time>2026-01-17T06:30:56.000Z</time>
        <extensions>
          <ns3:TrackPointExtension>
            <ns3:hr>83</ns3:hr>
          </ns3:TrackPointExtension>
        </extensions>
      </trkpt>
      <trkpt lat="22.32886006124317646026611328125" lon="114.19794819317758083343505859375">
        <ele>11.19999980926513671875</ele>
        <time>2026-01-17T06:30:57.000Z</time>
        <extensions>
          <ns3:TrackPointExtension>
            <ns3:hr>83</ns3:hr>
          </ns3:TrackPointExtension>
        </extensions>
      </trkpt>
      <trkpt lat="22.32885184697806835174560546875" lon="114.19793729670345783233642578125">
        <ele>11.19999980926513671875</ele>
        <time>2026-01-17T06:30:58.000Z</time>
        <extensions>
          <ns3:TrackPointExtension>
            <ns3:hr>83</ns3:hr>
          </ns3:TrackPointExtension>
        </extensions>
      </trkpt>
      <trkpt lat="22.32884380035102367401123046875" lon="114.19792774133384227752685546875">
        <ele>11</ele>
        <time>2026-01-17T06:30:59.000Z</time>
        <extensions>
          <ns3:TrackPointExtension>
            <ns3:hr>84</ns3:hr>
          </ns3:TrackPointExtension>
        </extensions>
      </trkpt>
      <trkpt lat="22.3288334906101226806640625" lon="114.1979189403355121612548828125">
        <ele>11</ele>
        <time>2026-01-17T06:31:00.000Z</time>
        <extensions>
          <ns3:TrackPointExtension>
            <ns3:hr>85</ns3:hr>
          </ns3:TrackPointExtension>
        </extensions>
      </trkpt>
      <trkpt lat="22.32882284559309482574462890625" lon="114.197910726070404052734375">
        <ele>11</ele>
        <time>2026-01-17T06:31:01.000Z</time>
        <extensions>
          <ns3:TrackPointExtension>
            <ns3:hr>85</ns3:hr>
          </ns3:TrackPointExtension>
        </extensions>
      </trkpt>
      <trkpt lat="22.32881094329059123992919921875" lon="114.19790008105337619781494140625">
        <ele>11</ele>
        <time>2026-01-17T06:31:02.000Z</time>
        <extensions>
          <ns3:TrackPointExtension>
            <ns3:hr>86</ns3:hr>
          </ns3:TrackPointExtension>
        </extensions>
      </trkpt>
      <trkpt lat="22.32879937626421451568603515625" lon="114.1978887654840946197509765625">
        <ele>11</ele>
        <time>2026-01-17T06:31:03.000Z</time>
        <extensions>
          <ns3:TrackPointExtension>
            <ns3:hr>86</ns3:hr>
          </ns3:TrackPointExtension>
        </extensions>
      </trkpt>
      <trkpt lat="22.32878780923783779144287109375" lon="114.1978773660957813262939453125">
        <ele>11</ele>
        <time>2026-01-17T06:31:04.000Z</time>
        <extensions>
          <ns3:TrackPointExtension>
            <ns3:hr>86</ns3:hr>
          </ns3:TrackPointExtension>
        </extensions>
      </trkpt>
      <trkpt lat="22.32877649366855621337890625" lon="114.19786672107875347137451171875">
        <ele>10.80000019073486328125</ele>
        <time>2026-01-17T06:31:05.000Z</time>
        <extensions>
          <ns3:TrackPointExtension>
            <ns3:hr>87</ns3:hr>
          </ns3:TrackPointExtension>
        </extensions>
      </trkpt>
      <trkpt lat="22.32876576483249664306640625" lon="114.19785582460463047027587890625">
        <ele>10.80000019073486328125</ele>
        <time>2026-01-17T06:31:06.000Z</time>
        <extensions>
          <ns3:TrackPointExtension>
            <ns3:hr>87</ns3:hr>
          </ns3:TrackPointExtension>
        </extensions>
      </trkpt>
      <trkpt lat="22.328756041824817657470703125" lon="114.19784610159695148468017578125">
        <ele>10.80000019073486328125</ele>
        <time>2026-01-17T06:31:07.000Z</time>
        <extensions>
          <ns3:TrackPointExtension>
            <ns3:hr>87</ns3:hr>
          </ns3:TrackPointExtension>
        </extensions>
      </trkpt>
      <trkpt lat="22.328745983541011810302734375" lon="114.1978364624083042144775390625">
        <ele>10.80000019073486328125</ele>
        <time>2026-01-17T06:31:08.000Z</time>
        <extensions>
          <ns3:TrackPointExtension>
            <ns3:hr>87</ns3:hr>
          </ns3:TrackPointExtension>
        </extensions>
      </trkpt>
      <trkpt lat="22.32873651199042797088623046875" lon="114.1978274099528789520263671875">
        <ele>10.80000019073486328125</ele>
        <time>2026-01-17T06:31:09.000Z</time>
        <extensions>
          <ns3:TrackPointExtension>
            <ns3:hr>87</ns3:hr>
          </ns3:TrackPointExtension>
        </extensions>
      </trkpt>
      <trkpt lat="22.32872745953500270843505859375" lon="114.19781693257391452789306640625">
        <ele>10.80000019073486328125</ele>
        <time>2026-01-17T06:31:10.000Z</time>
        <extensions>
          <ns3:TrackPointExtension>
            <ns3:hr>88</ns3:hr>
          </ns3:TrackPointExtension>
        </extensions>
      </trkpt>
      <trkpt lat="22.3287186585366725921630859375" lon="114.19780804775655269622802734375">
        <ele>10.80000019073486328125</ele>
        <time>2026-01-17T06:31:11.000Z</time>
        <extensions>
          <ns3:TrackPointExtension>
            <ns3:hr>88</ns3:hr>
          </ns3:TrackPointExtension>
        </extensions>
      </trkpt>
      <trkpt lat="22.32871036045253276824951171875" lon="114.19779849238693714141845703125">
        <ele>11</ele>
        <time>2026-01-17T06:31:12.000Z</time>
        <extensions>
          <ns3:TrackPointExtension>
            <ns3:hr>88</ns3:hr>
          </ns3:TrackPointExtension>
        </extensions>
      </trkpt>
      <trkpt lat="22.3287020623683929443359375" lon="114.19778994284570217132568359375">
        <ele>11</ele>
        <time>2026-01-17T06:31:13.000Z</time>
        <extensions>
          <ns3:TrackPointExtension>
            <ns3:hr>87</ns3:hr>
          </ns3:TrackPointExtension>
        </extensions>
      </trkpt>
      <trkpt lat="22.3286938481032848358154296875" lon="114.197781980037689208984375">
        <ele>11</ele>
        <time>2026-01-17T06:31:14.000Z</time>
        <extensions>
          <ns3:TrackPointExtension>
            <ns3:hr>88</ns3:hr>
          </ns3:TrackPointExtension>
        </extensions>
      </trkpt>
      <trkpt lat="22.3286851309239864349365234375" lon="114.19777167029678821563720703125">
        <ele>10.80000019073486328125</ele>
        <time>2026-01-17T06:31:15.000Z</time>
        <extensions>
          <ns3:TrackPointExtension>
            <ns3:hr>88</ns3:hr>
          </ns3:TrackPointExtension>
        </extensions>
      </trkpt>
      <trkpt lat="22.3286760784685611724853515625" lon="114.19776119291782379150390625">
        <ele>11</ele>
        <time>2026-01-17T06:31:16.000Z</time>
        <extensions>
          <ns3:TrackPointExtension>
            <ns3:hr>88</ns3:hr>
          </ns3:TrackPointExtension>
        </extensions>
      </trkpt>
      <trkpt lat="22.3286670260131359100341796875" lon="114.19775105081498622894287109375">
        <ele>11</ele>
        <time>2026-01-17T06:31:17.000Z</time>
        <extensions>
          <ns3:TrackPointExtension>
            <ns3:hr>88</ns3:hr>
          </ns3:TrackPointExtension>
        </extensions>
      </trkpt>
      <trkpt lat="22.328658141195774078369140625" lon="114.1977404057979583740234375">
        <ele>11</ele>
        <time>2026-01-17T06:31:18.000Z</time>
        <extensions>
          <ns3:TrackPointExtension>
            <ns3:hr>89</ns3:hr>
          </ns3:TrackPointExtension>
        </extensions>
      </trkpt>
      <trkpt lat="22.3286492563784122467041015625" lon="114.1977295093238353729248046875">
        <ele>11</ele>
        <time>2026-01-17T06:31:19.000Z</time>
        <extensions>
          <ns3:TrackPointExtension>
            <ns3:hr>88</ns3:hr>
          </ns3:TrackPointExtension>
        </extensions>
      </trkpt>
      <trkpt lat="22.3286388628184795379638671875" lon="114.19771785847842693328857421875">
        <ele>11</ele>
        <time>2026-01-17T06:31:20.000Z</time>
        <extensions>
          <ns3:TrackPointExtension>
            <ns3:hr>88</ns3:hr>
          </ns3:TrackPointExtension>
        </extensions>
      </trkpt>
      <trkpt lat="22.32862989418208599090576171875" lon="114.1977067105472087860107421875">
        <ele>11</ele>
        <time>2026-01-17T06:31:21.000Z</time>
        <extensions>
          <ns3:TrackPointExtension>
            <ns3:hr>88</ns3:hr>
          </ns3:TrackPointExtension>
        </extensions>
      </trkpt>
      <trkpt lat="22.32862134464085102081298828125" lon="114.1976956464350223541259765625">
        <ele>11</ele>
        <time>2026-01-17T06:31:22.000Z</time>
        <extensions>
          <ns3:TrackPointExtension>
            <ns3:hr>88</ns3:hr>
          </ns3:TrackPointExtension>
        </extensions>
      </trkpt>
      <trkpt lat="22.3286113701760768890380859375" lon="114.19768701307475566864013671875">
        <ele>11</ele>
        <time>2026-01-17T06:31:23.000Z</time>
        <extensions>
          <ns3:TrackPointExtension>
            <ns3:hr>87</ns3:hr>
          </ns3:TrackPointExtension>
        </extensions>
      </trkpt>
      <trkpt lat="22.32859971933066844940185546875" lon="114.19767611660063266754150390625">
        <ele>11</ele>
        <time>2026-01-17T06:31:24.000Z</time>
        <extensions>
          <ns3:TrackPointExtension>
            <ns3:hr>87</ns3:hr>
          </ns3:TrackPointExtension>
        </extensions>
      </trkpt>
      <trkpt lat="22.32858932577073574066162109375" lon="114.19766723178327083587646484375">
        <ele>11</ele>
        <time>2026-01-17T06:31:25.000Z</time>
        <extensions>
          <ns3:TrackPointExtension>
            <ns3:hr>86</ns3:hr>
          </ns3:TrackPointExtension>
        </extensions>
      </trkpt>
      <trkpt lat="22.32857809402048587799072265625" lon="114.19765792787075042724609375">
        <ele>11</ele>
        <time>2026-01-17T06:31:26.000Z</time>
        <extensions>
          <ns3:TrackPointExtension>
            <ns3:hr>86</ns3:hr>
          </ns3:TrackPointExtension>
        </extensions>
      </trkpt>
      <trkpt lat="22.32856669463217258453369140625" lon="114.1976483725011348724365234375">
        <ele>11</ele>
        <time>2026-01-17T06:31:27.000Z</time>
        <extensions>
          <ns3:TrackPointExtension>
            <ns3:hr>85</ns3:hr>
          </ns3:TrackPointExtension>
        </extensions>
      </trkpt>
      <trkpt lat="22.32855579815804958343505859375" lon="114.19763839803636074066162109375">
        <ele>11</ele>
        <time>2026-01-17T06:31:28.000Z</time>
        <extensions>
          <ns3:TrackPointExtension>
            <ns3:hr>85</ns3:hr>
          </ns3:TrackPointExtension>
        </extensions>
      </trkpt>
      <trkpt lat="22.32854506932199001312255859375" lon="114.1976282559335231781005859375">
        <ele>11</ele>
        <time>2026-01-17T06:31:29.000Z</time>
        <extensions>
          <ns3:TrackPointExtension>
            <ns3:hr>85</ns3:hr>
          </ns3:TrackPointExtension>
        </extensions>
      </trkpt>
      <trkpt lat="22.32853534631431102752685546875" lon="114.1976188682019710540771484375">
        <ele>11</ele>
        <time>2026-01-17T06:31:30.000Z</time>
        <extensions>
          <ns3:TrackPointExtension>
            <ns3:hr>85</ns3:hr>
          </ns3:TrackPointExtension>
        </extensions>
      </trkpt>
      <trkpt lat="22.328523695468902587890625" lon="114.1976084746420383453369140625">
        <ele>11</ele>
        <time>2026-01-17T06:31:31.000Z</time>
        <extensions>
          <ns3:TrackPointExtension>
            <ns3:hr>86</ns3:hr>
          </ns3:TrackPointExtension>
        </extensions>
      </trkpt>
      <trkpt lat="22.32851254753768444061279296875" lon="114.1975980810821056365966796875">
        <ele>11</ele>
        <time>2026-01-17T06:31:32.000Z</time>
        <extensions>
          <ns3:TrackPointExtension>
            <ns3:hr>85</ns3:hr>
          </ns3:TrackPointExtension>
        </extensions>
      </trkpt>
      <trkpt lat="22.32850215397775173187255859375" lon="114.197586514055728912353515625">
        <ele>11</ele>
        <time>2026-01-17T06:31:33.000Z</time>
        <extensions>
          <ns3:TrackPointExtension>
            <ns3:hr>86</ns3:hr>
          </ns3:TrackPointExtension>
        </extensions>
      </trkpt>
      <trkpt lat="22.32849217951297760009765625" lon="114.19757477939128875732421875">
        <ele>11</ele>
        <time>2026-01-17T06:31:34.000Z</time>
        <extensions>
          <ns3:TrackPointExtension>
            <ns3:hr>86</ns3:hr>
          </ns3:TrackPointExtension>
        </extensions>
      </trkpt>
      <trkpt lat="22.32848279178142547607421875" lon="114.19756279326975345611572265625">
        <ele>11</ele>
        <time>2026-01-17T06:31:35.000Z</time>
        <extensions>
          <ns3:TrackPointExtension>
            <ns3:hr>86</ns3:hr>
          </ns3:TrackPointExtension>
        </extensions>
      </trkpt>
      <trkpt lat="22.3284739069640636444091796875" lon="114.19755022041499614715576171875">
        <ele>11</ele>
        <time>2026-01-17T06:31:36.000Z</time>
        <extensions>
          <ns3:TrackPointExtension>
            <ns3:hr>85</ns3:hr>
          </ns3:TrackPointExtension>
        </extensions>
      </trkpt>
      <trkpt lat="22.328465022146701812744140625" lon="114.19753722846508026123046875">
        <ele>11</ele>
        <time>2026-01-17T06:31:37.000Z</time>
        <extensions>
          <ns3:TrackPointExtension>
            <ns3:hr>86</ns3:hr>
          </ns3:TrackPointExtension>
        </extensions>
      </trkpt>
      <trkpt lat="22.32845588587224483489990234375" lon="114.19752490706741809844970703125">
        <ele>11</ele>
        <time>2026-01-17T06:31:38.000Z</time>
        <extensions>
          <ns3:TrackPointExtension>
            <ns3:hr>86</ns3:hr>
          </ns3:TrackPointExtension>
        </extensions>
      </trkpt>
      <trkpt lat="22.32844633050262928009033203125" lon="114.19751266948878765106201171875">
        <ele>11</ele>
        <time>2026-01-17T06:31:39.000Z</time>
        <extensions>
          <ns3:TrackPointExtension>
            <ns3:hr>85</ns3:hr>
          </ns3:TrackPointExtension>
        </extensions>
      </trkpt>
      <trkpt lat="22.32843694277107715606689453125" lon="114.19750143773853778839111328125">
        <ele>11</ele>
        <time>2026-01-17T06:31:40.000Z</time>
        <extensions>
          <ns3:TrackPointExtension>
            <ns3:hr>85</ns3:hr>
          </ns3:TrackPointExtension>
        </extensions>
      </trkpt>
      <trkpt lat="22.32842721976339817047119140625" lon="114.19749205000698566436767578125">
        <ele>11</ele>
        <time>2026-01-17T06:31:41.000Z</time>
        <extensions>
          <ns3:TrackPointExtension>
            <ns3:hr>85</ns3:hr>
          </ns3:TrackPointExtension>
        </extensions>
      </trkpt>
      <trkpt lat="22.3284172452986240386962890625" lon="114.1974844224750995635986328125">
        <ele>11</ele>
        <time>2026-01-17T06:31:42.000Z</time>
        <extensions>
          <ns3:TrackPointExtension>
            <ns3:hr>84</ns3:hr>
          </ns3:TrackPointExtension>
        </extensions>
      </trkpt>
      <trkpt lat="22.32840710319578647613525390625" lon="114.1974780522286891937255859375">
        <ele>11</ele>
        <time>2026-01-17T06:31:43.000Z</time>
        <extensions>
          <ns3:TrackPointExtension>
            <ns3:hr>84</ns3:hr>
          </ns3:TrackPointExtension>
        </extensions>
      </trkpt>
      <trkpt lat="22.32839696109294891357421875" lon="114.1974720172584056854248046875">
        <ele>11</ele>
        <time>2026-01-17T06:31:44.000Z</time>
        <extensions>
          <ns3:TrackPointExtension>
            <ns3:hr>84</ns3:hr>
          </ns3:TrackPointExtension>
        </extensions>
      </trkpt>
      <trkpt lat="22.3283874057233333587646484375" lon="114.19746539555490016937255859375">
        <ele>11</ele>
        <time>2026-01-17T06:31:45.000Z</time>
        <extensions>
          <ns3:TrackPointExtension>
            <ns3:hr>84</ns3:hr>
          </ns3:TrackPointExtension>
        </extensions>
      </trkpt>
      <trkpt lat="22.3283776827156543731689453125" lon="114.19745852239429950714111328125">
        <ele>10.80000019073486328125</ele>
        <time>2026-01-17T06:31:46.000Z</time>
        <extensions>
          <ns3:TrackPointExtension>
            <ns3:hr>84</ns3:hr>
          </ns3:TrackPointExtension>
        </extensions>
      </trkpt>
      <trkpt lat="22.32836754061281681060791015625" lon="114.1974495537579059600830078125">
        <ele>10.80000019073486328125</ele>
        <time>2026-01-17T06:31:47.000Z</time>
        <extensions>
          <ns3:TrackPointExtension>
            <ns3:hr>83</ns3:hr>
          </ns3:TrackPointExtension>
        </extensions>
      </trkpt>
      <trkpt lat="22.328357398509979248046875" lon="114.197440333664417266845703125">
        <ele>10.80000019073486328125</ele>
        <time>2026-01-17T06:31:48.000Z</time>
        <extensions>
          <ns3:TrackPointExtension>
            <ns3:hr>83</ns3:hr>
          </ns3:TrackPointExtension>
        </extensions>
      </trkpt>
      <trkpt lat="22.32834658585488796234130859375" lon="114.1974287666380405426025390625">
        <ele>10.80000019073486328125</ele>
        <time>2026-01-17T06:31:49.000Z</time>
        <extensions>
          <ns3:TrackPointExtension>
            <ns3:hr>84</ns3:hr>
          </ns3:TrackPointExtension>
        </extensions>
      </trkpt>
      <trkpt lat="22.32833518646657466888427734375" lon="114.19741652905941009521484375">
        <ele>10.80000019073486328125</ele>
        <time>2026-01-17T06:31:50.000Z</time>
        <extensions>
          <ns3:TrackPointExtension>
            <ns3:hr>84</ns3:hr>
          </ns3:TrackPointExtension>
        </extensions>
      </trkpt>
      <trkpt lat="22.32832646928727626800537109375" lon="114.1974049620330333709716796875">
        <ele>10.80000019073486328125</ele>
        <time>2026-01-17T06:31:51.000Z</time>
        <extensions>
          <ns3:TrackPointExtension>
            <ns3:hr>84</ns3:hr>
          </ns3:TrackPointExtension>
        </extensions>
      </trkpt>
      <trkpt lat="22.32831724919378757476806640625" lon="114.19739305973052978515625">
        <ele>10.80000019073486328125</ele>
        <time>2026-01-17T06:31:52.000Z</time>
        <extensions>
          <ns3:TrackPointExtension>
            <ns3:hr>84</ns3:hr>
          </ns3:TrackPointExtension>
        </extensions>
      </trkpt>
      <trkpt lat="22.32830802910029888153076171875" lon="114.19738325290381908416748046875">
        <ele>10.80000019073486328125</ele>
        <time>2026-01-17T06:31:53.000Z</time>
        <extensions>
          <ns3:TrackPointExtension>
            <ns3:hr>84</ns3:hr>
          </ns3:TrackPointExtension>
        </extensions>
      </trkpt>
      <trkpt lat="22.32829864136874675750732421875" lon="114.19737470336258411407470703125">
        <ele>10.80000019073486328125</ele>
        <time>2026-01-17T06:31:54.000Z</time>
        <extensions>
          <ns3:TrackPointExtension>
            <ns3:hr>84</ns3:hr>
          </ns3:TrackPointExtension>
        </extensions>
      </trkpt>
      <trkpt lat="22.32828791253268718719482421875" lon="114.19736833311617374420166015625">
        <ele>10.80000019073486328125</ele>
        <time>2026-01-17T06:31:55.000Z</time>
        <extensions>
          <ns3:TrackPointExtension>
            <ns3:hr>84</ns3:hr>
          </ns3:TrackPointExtension>
        </extensions>
      </trkpt>
      <trkpt lat="22.32827701605856418609619140625" lon="114.197360537946224212646484375">
        <ele>10.80000019073486328125</ele>
        <time>2026-01-17T06:31:56.000Z</time>
        <extensions>
          <ns3:TrackPointExtension>
            <ns3:hr>84</ns3:hr>
          </ns3:TrackPointExtension>
        </extensions>
      </trkpt>
      <trkpt lat="22.328265868127346038818359375" lon="114.19735081493854522705078125">
        <ele>10.80000019073486328125</ele>
        <time>2026-01-17T06:31:57.000Z</time>
        <extensions>
          <ns3:TrackPointExtension>
            <ns3:hr>84</ns3:hr>
          </ns3:TrackPointExtension>
        </extensions>
      </trkpt>
      <trkpt lat="22.3282546363770961761474609375" lon="114.19734117574989795684814453125">
        <ele>10.80000019073486328125</ele>
        <time>2026-01-17T06:31:58.000Z</time>
        <extensions>
          <ns3:TrackPointExtension>
            <ns3:hr>84</ns3:hr>
          </ns3:TrackPointExtension>
        </extensions>
      </trkpt>
      <trkpt lat="22.328243069350719451904296875" lon="114.1973301954567432403564453125">
        <ele>10.80000019073486328125</ele>
        <time>2026-01-17T06:31:59.000Z</time>
        <extensions>
          <ns3:TrackPointExtension>
            <ns3:hr>84</ns3:hr>
          </ns3:TrackPointExtension>
        </extensions>
      </trkpt>
      <trkpt lat="22.32823292724788188934326171875" lon="114.19732022099196910858154296875">
        <ele>10.6000003814697265625</ele>
        <time>2026-01-17T06:32:00.000Z</time>
        <extensions>
          <ns3:TrackPointExtension>
            <ns3:hr>85</ns3:hr>
          </ns3:TrackPointExtension>
        </extensions>
      </trkpt>
      <trkpt lat="22.3282227851450443267822265625" lon="114.19731033034622669219970703125">
        <ele>10.6000003814697265625</ele>
        <time>2026-01-17T06:32:01.000Z</time>
        <extensions>
          <ns3:TrackPointExtension>
            <ns3:hr>85</ns3:hr>
          </ns3:TrackPointExtension>
        </extensions>
      </trkpt>
      <trkpt lat="22.3282130621373653411865234375" lon="114.19730111025273799896240234375">
        <ele>10.6000003814697265625</ele>
        <time>2026-01-17T06:32:02.000Z</time>
        <extensions>
          <ns3:TrackPointExtension>
            <ns3:hr>86</ns3:hr>
          </ns3:TrackPointExtension>
        </extensions>
      </trkpt>
      <trkpt lat="22.3282019980251789093017578125" lon="114.19729088433086872100830078125">
        <ele>10.6000003814697265625</ele>
        <time>2026-01-17T06:32:03.000Z</time>
        <extensions>
          <ns3:TrackPointExtension>
            <ns3:hr>86</ns3:hr>
          </ns3:TrackPointExtension>
        </extensions>
      </trkpt>
      <trkpt lat="22.3281899280846118927001953125" lon="114.1972802393138408660888671875">
        <ele>10.6000003814697265625</ele>
        <time>2026-01-17T06:32:04.000Z</time>
        <extensions>
          <ns3:TrackPointExtension>
            <ns3:hr>86</ns3:hr>
          </ns3:TrackPointExtension>
        </extensions>
      </trkpt>
      <trkpt lat="22.328178025782108306884765625" lon="114.19726842083036899566650390625">
        <ele>10.6000003814697265625</ele>
        <time>2026-01-17T06:32:05.000Z</time>
        <extensions>
          <ns3:TrackPointExtension>
            <ns3:hr>86</ns3:hr>
          </ns3:TrackPointExtension>
        </extensions>
      </trkpt>
      <trkpt lat="22.32816587202250957489013671875" lon="114.197256602346897125244140625">
        <ele>10.80000019073486328125</ele>
        <time>2026-01-17T06:32:06.000Z</time>
        <extensions>
          <ns3:TrackPointExtension>
            <ns3:hr>85</ns3:hr>
          </ns3:TrackPointExtension>
        </extensions>
      </trkpt>
      <trkpt lat="22.3281537182629108428955078125" lon="114.19724495150148868560791015625">
        <ele>10.80000019073486328125</ele>
        <time>2026-01-17T06:32:07.000Z</time>
        <extensions>
          <ns3:TrackPointExtension>
            <ns3:hr>86</ns3:hr>
          </ns3:TrackPointExtension>
        </extensions>
      </trkpt>
      <trkpt lat="22.32814206741750240325927734375" lon="114.19723355211317539215087890625">
        <ele>10.80000019073486328125</ele>
        <time>2026-01-17T06:32:08.000Z</time>
        <extensions>
          <ns3:TrackPointExtension>
            <ns3:hr>86</ns3:hr>
          </ns3:TrackPointExtension>
        </extensions>
      </trkpt>
      <trkpt lat="22.32813142240047454833984375" lon="114.1972235776484012603759765625">
        <ele>10.80000019073486328125</ele>
        <time>2026-01-17T06:32:09.000Z</time>
        <extensions>
          <ns3:TrackPointExtension>
            <ns3:hr>86</ns3:hr>
          </ns3:TrackPointExtension>
        </extensions>
      </trkpt>
      <trkpt lat="22.32812111265957355499267578125" lon="114.19721402227878570556640625">
        <ele>10.80000019073486328125</ele>
        <time>2026-01-17T06:32:10.000Z</time>
        <extensions>
          <ns3:TrackPointExtension>
            <ns3:hr>85</ns3:hr>
          </ns3:TrackPointExtension>
        </extensions>
      </trkpt>
      <trkpt lat="22.32811138965189456939697265625" lon="114.1972054727375507354736328125">
        <ele>10.80000019073486328125</ele>
        <time>2026-01-17T06:32:11.000Z</time>
        <extensions>
          <ns3:TrackPointExtension>
            <ns3:hr>86</ns3:hr>
          </ns3:TrackPointExtension>
        </extensions>
      </trkpt>
      <trkpt lat="22.32810116373002529144287109375" lon="114.197197593748569488525390625">
        <ele>10.80000019073486328125</ele>
        <time>2026-01-17T06:32:12.000Z</time>
        <extensions>
          <ns3:TrackPointExtension>
            <ns3:hr>87</ns3:hr>
          </ns3:TrackPointExtension>
        </extensions>
      </trkpt>
      <trkpt lat="22.32809093780815601348876953125" lon="114.19718996621668338775634765625">
        <ele>10.80000019073486328125</ele>
        <time>2026-01-17T06:32:13.000Z</time>
        <extensions>
          <ns3:TrackPointExtension>
            <ns3:hr>87</ns3:hr>
          </ns3:TrackPointExtension>
        </extensions>
      </trkpt>
      <trkpt lat="22.32808004133403301239013671875" lon="114.19718326069414615631103515625">
        <ele>10.80000019073486328125</ele>
        <time>2026-01-17T06:32:14.000Z</time>
        <extensions>
          <ns3:TrackPointExtension>
            <ns3:hr>87</ns3:hr>
          </ns3:TrackPointExtension>
        </extensions>
      </trkpt>
      <trkpt lat="22.32806797139346599578857421875" lon="114.1971742920577526092529296875">
        <ele>10.80000019073486328125</ele>
        <time>2026-01-17T06:32:15.000Z</time>
        <extensions>
          <ns3:TrackPointExtension>
            <ns3:hr>87</ns3:hr>
          </ns3:TrackPointExtension>
        </extensions>
      </trkpt>
      <trkpt lat="22.3280558176338672637939453125" lon="114.19716532342135906219482421875">
        <ele>10.80000019073486328125</ele>
        <time>2026-01-17T06:32:16.000Z</time>
        <extensions>
          <ns3:TrackPointExtension>
            <ns3:hr>87</ns3:hr>
          </ns3:TrackPointExtension>
        </extensions>
      </trkpt>
      <trkpt lat="22.32804450206458568572998046875" lon="114.19715509749948978424072265625">
        <ele>10.80000019073486328125</ele>
        <time>2026-01-17T06:32:17.000Z</time>
        <extensions>
          <ns3:TrackPointExtension>
            <ns3:hr>87</ns3:hr>
          </ns3:TrackPointExtension>
        </extensions>
      </trkpt>
      <trkpt lat="22.32803427614271640777587890625" lon="114.1971437819302082061767578125">
        <ele>10.80000019073486328125</ele>
        <time>2026-01-17T06:32:18.000Z</time>
        <extensions>
          <ns3:TrackPointExtension>
            <ns3:hr>87</ns3:hr>
          </ns3:TrackPointExtension>
        </extensions>
      </trkpt>
      <trkpt lat="22.32802455313503742218017578125" lon="114.1971317119896411895751953125">
        <ele>10.80000019073486328125</ele>
        <time>2026-01-17T06:32:19.000Z</time>
        <extensions>
          <ns3:TrackPointExtension>
            <ns3:hr>87</ns3:hr>
          </ns3:TrackPointExtension>
        </extensions>
      </trkpt>
      <trkpt lat="22.32801499776542186737060546875" lon="114.197119809687137603759765625">
        <ele>10.80000019073486328125</ele>
        <time>2026-01-17T06:32:20.000Z</time>
        <extensions>
          <ns3:TrackPointExtension>
            <ns3:hr>87</ns3:hr>
          </ns3:TrackPointExtension>
        </extensions>
      </trkpt>
      <trkpt lat="22.328005693852901458740234375" lon="114.1971085779368877410888671875">
        <ele>10.80000019073486328125</ele>
        <time>2026-01-17T06:32:21.000Z</time>
        <extensions>
          <ns3:TrackPointExtension>
            <ns3:hr>88</ns3:hr>
          </ns3:TrackPointExtension>
        </extensions>
      </trkpt>
      <trkpt lat="22.3279958032071590423583984375" lon="114.19709625653922557830810546875">
        <ele>10.80000019073486328125</ele>
        <time>2026-01-17T06:32:22.000Z</time>
        <extensions>
          <ns3:TrackPointExtension>
            <ns3:hr>88</ns3:hr>
          </ns3:TrackPointExtension>
        </extensions>
      </trkpt>
      <trkpt lat="22.32798499055206775665283203125" lon="114.19708536006510257720947265625">
        <ele>10.6000003814697265625</ele>
        <time>2026-01-17T06:32:23.000Z</time>
        <extensions>
          <ns3:TrackPointExtension>
            <ns3:hr>88</ns3:hr>
          </ns3:TrackPointExtension>
        </extensions>
      </trkpt>
      <trkpt lat="22.32797543518245220184326171875" lon="114.19707647524774074554443359375">
        <ele>10.6000003814697265625</ele>
        <time>2026-01-17T06:32:24.000Z</time>
        <extensions>
          <ns3:TrackPointExtension>
            <ns3:hr>88</ns3:hr>
          </ns3:TrackPointExtension>
        </extensions>
      </trkpt>
      <trkpt lat="22.32796470634639263153076171875" lon="114.19706691987812519073486328125">
        <ele>10.6000003814697265625</ele>
        <time>2026-01-17T06:32:25.000Z</time>
        <extensions>
          <ns3:TrackPointExtension>
            <ns3:hr>88</ns3:hr>
          </ns3:TrackPointExtension>
        </extensions>
      </trkpt>
      <trkpt lat="22.32795439660549163818359375" lon="114.1970572806894779205322265625">
        <ele>10.6000003814697265625</ele>
        <time>2026-01-17T06:32:26.000Z</time>
        <extensions>
          <ns3:TrackPointExtension>
            <ns3:hr>88</ns3:hr>
          </ns3:TrackPointExtension>
        </extensions>
      </trkpt>
      <trkpt lat="22.327942661941051483154296875" lon="114.197046048939228057861328125">
        <ele>10.6000003814697265625</ele>
        <time>2026-01-17T06:32:27.000Z</time>
        <extensions>
          <ns3:TrackPointExtension>
            <ns3:hr>88</ns3:hr>
          </ns3:TrackPointExtension>
        </extensions>
      </trkpt>
      <trkpt lat="22.32793201692402362823486328125" lon="114.19703657738864421844482421875">
        <ele>10.6000003814697265625</ele>
        <time>2026-01-17T06:32:28.000Z</time>
        <extensions>
          <ns3:TrackPointExtension>
            <ns3:hr>88</ns3:hr>
          </ns3:TrackPointExtension>
        </extensions>
      </trkpt>
      <trkpt lat="22.32792112044990062713623046875" lon="114.1970261000096797943115234375">
        <ele>10.80000019073486328125</ele>
        <time>2026-01-17T06:32:29.000Z</time>
        <extensions>
          <ns3:TrackPointExtension>
            <ns3:hr>88</ns3:hr>
          </ns3:TrackPointExtension>
        </extensions>
      </trkpt>
      <trkpt lat="22.3279103077948093414306640625" lon="114.19701444916427135467529296875">
        <ele>10.80000019073486328125</ele>
        <time>2026-01-17T06:32:30.000Z</time>
        <extensions>
          <ns3:TrackPointExtension>
            <ns3:hr>88</ns3:hr>
          </ns3:TrackPointExtension>
        </extensions>
      </trkpt>
      <trkpt lat="22.3279000818729400634765625" lon="114.19700304977595806121826171875">
        <ele>10.80000019073486328125</ele>
        <time>2026-01-17T06:32:31.000Z</time>
        <extensions>
          <ns3:TrackPointExtension>
            <ns3:hr>88</ns3:hr>
          </ns3:TrackPointExtension>
        </extensions>
      </trkpt>
      <trkpt lat="22.327890694141387939453125" lon="114.19699232093989849090576171875">
        <ele>10.80000019073486328125</ele>
        <time>2026-01-17T06:32:32.000Z</time>
        <extensions>
          <ns3:TrackPointExtension>
            <ns3:hr>88</ns3:hr>
          </ns3:TrackPointExtension>
        </extensions>
      </trkpt>
      <trkpt lat="22.32788172550499439239501953125" lon="114.196981675922870635986328125">
        <ele>11</ele>
        <time>2026-01-17T06:32:33.000Z</time>
        <extensions>
          <ns3:TrackPointExtension>
            <ns3:hr>88</ns3:hr>
          </ns3:TrackPointExtension>
        </extensions>
      </trkpt>
      <trkpt lat="22.32787300832569599151611328125" lon="114.1969721205532550811767578125">
        <ele>11</ele>
        <time>2026-01-17T06:32:34.000Z</time>
        <extensions>
          <ns3:TrackPointExtension>
            <ns3:hr>88</ns3:hr>
          </ns3:TrackPointExtension>
        </extensions>
      </trkpt>
      <trkpt lat="22.32786211185157299041748046875" lon="114.19696348719298839569091796875">
        <ele>11</ele>
        <time>2026-01-17T06:32:35.000Z</time>
        <extensions>
          <ns3:TrackPointExtension>
            <ns3:hr>88</ns3:hr>
          </ns3:TrackPointExtension>
        </extensions>
      </trkpt>
      <trkpt lat="22.32785054482519626617431640625" lon="114.1969560272991657257080078125">
        <ele>11</ele>
        <time>2026-01-17T06:32:36.000Z</time>
        <extensions>
          <ns3:TrackPointExtension>
            <ns3:hr>88</ns3:hr>
          </ns3:TrackPointExtension>
        </extensions>
      </trkpt>
      <trkpt lat="22.32783906161785125732421875" lon="114.1969499923288822174072265625">
        <ele>11</ele>
        <time>2026-01-17T06:32:37.000Z</time>
        <extensions>
          <ns3:TrackPointExtension>
            <ns3:hr>88</ns3:hr>
          </ns3:TrackPointExtension>
        </extensions>
      </trkpt>
      <trkpt lat="22.327827326953411102294921875" lon="114.19694437645375728607177734375">
        <ele>11</ele>
        <time>2026-01-17T06:32:38.000Z</time>
        <extensions>
          <ns3:TrackPointExtension>
            <ns3:hr>88</ns3:hr>
          </ns3:TrackPointExtension>
        </extensions>
      </trkpt>
      <trkpt lat="22.32781550846993923187255859375" lon="114.19693834148347377777099609375">
        <ele>11</ele>
        <time>2026-01-17T06:32:39.000Z</time>
        <extensions>
          <ns3:TrackPointExtension>
            <ns3:hr>88</ns3:hr>
          </ns3:TrackPointExtension>
        </extensions>
      </trkpt>
      <trkpt lat="22.32780343852937221527099609375" lon="114.1969318874180316925048828125">
        <ele>11</ele>
        <time>2026-01-17T06:32:40.000Z</time>
        <extensions>
          <ns3:TrackPointExtension>
            <ns3:hr>87</ns3:hr>
          </ns3:TrackPointExtension>
        </extensions>
      </trkpt>
      <trkpt lat="22.32779212296009063720703125" lon="114.196923673152923583984375">
        <ele>11</ele>
        <time>2026-01-17T06:32:41.000Z</time>
        <extensions>
          <ns3:TrackPointExtension>
            <ns3:hr>87</ns3:hr>
          </ns3:TrackPointExtension>
        </extensions>
      </trkpt>
      <trkpt lat="22.32778005301952362060546875" lon="114.196913950145244598388671875">
        <ele>11</ele>
        <time>2026-01-17T06:32:42.000Z</time>
        <extensions>
          <ns3:TrackPointExtension>
            <ns3:hr>87</ns3:hr>
          </ns3:TrackPointExtension>
        </extensions>
      </trkpt>
      <trkpt lat="22.32776840217411518096923828125" lon="114.1969043947756290435791015625">
        <ele>11.19999980926513671875</ele>
        <time>2026-01-17T06:32:43.000Z</time>
        <extensions>
          <ns3:TrackPointExtension>
            <ns3:hr>87</ns3:hr>
          </ns3:TrackPointExtension>
        </extensions>
      </trkpt>
      <trkpt lat="22.327757589519023895263671875" lon="114.19689442031085491180419921875">
        <ele>11.19999980926513671875</ele>
        <time>2026-01-17T06:32:44.000Z</time>
        <extensions>
          <ns3:TrackPointExtension>
            <ns3:hr>87</ns3:hr>
          </ns3:TrackPointExtension>
        </extensions>
      </trkpt>
      <trkpt lat="22.32774711214005947113037109375" lon="114.1968842782080173492431640625">
        <ele>11.19999980926513671875</ele>
        <time>2026-01-17T06:32:45.000Z</time>
        <extensions>
          <ns3:TrackPointExtension>
            <ns3:hr>87</ns3:hr>
          </ns3:TrackPointExtension>
        </extensions>
      </trkpt>
      <trkpt lat="22.3277356289327144622802734375" lon="114.1968735493719577789306640625">
        <ele>11</ele>
        <time>2026-01-17T06:32:46.000Z</time>
        <extensions>
          <ns3:TrackPointExtension>
            <ns3:hr>87</ns3:hr>
          </ns3:TrackPointExtension>
        </extensions>
      </trkpt>
      <trkpt lat="22.32772330753505229949951171875" lon="114.19686323963105678558349609375">
        <ele>11</ele>
        <time>2026-01-17T06:32:47.000Z</time>
        <extensions>
          <ns3:TrackPointExtension>
            <ns3:hr>87</ns3:hr>
          </ns3:TrackPointExtension>
        </extensions>
      </trkpt>
      <trkpt lat="22.32771165668964385986328125" lon="114.1968530975282192230224609375">
        <ele>11</ele>
        <time>2026-01-17T06:32:48.000Z</time>
        <extensions>
          <ns3:TrackPointExtension>
            <ns3:hr>87</ns3:hr>
          </ns3:TrackPointExtension>
        </extensions>
      </trkpt>
      <trkpt lat="22.32770034112036228179931640625" lon="114.1968445479869842529296875">
        <ele>11</ele>
        <time>2026-01-17T06:32:49.000Z</time>
        <extensions>
          <ns3:TrackPointExtension>
            <ns3:hr>87</ns3:hr>
          </ns3:TrackPointExtension>
        </extensions>
      </trkpt>
      <trkpt lat="22.32768776826560497283935546875" lon="114.19683490879833698272705078125">
        <ele>11</ele>
        <time>2026-01-17T06:32:50.000Z</time>
        <extensions>
          <ns3:TrackPointExtension>
            <ns3:hr>88</ns3:hr>
          </ns3:TrackPointExtension>
        </extensions>
      </trkpt>
      <trkpt lat="22.327675782144069671630859375" lon="114.1968262754380702972412109375">
        <ele>11</ele>
        <time>2026-01-17T06:32:51.000Z</time>
        <extensions>
          <ns3:TrackPointExtension>
            <ns3:hr>88</ns3:hr>
          </ns3:TrackPointExtension>
        </extensions>
      </trkpt>
      <trkpt lat="22.32766429893672466278076171875" lon="114.19681864790618419647216796875">
        <ele>11</ele>
        <time>2026-01-17T06:32:52.000Z</time>
        <extensions>
          <ns3:TrackPointExtension>
            <ns3:hr>88</ns3:hr>
          </ns3:TrackPointExtension>
        </extensions>
      </trkpt>
      <trkpt lat="22.3276519775390625" lon="114.1968111880123615264892578125">
        <ele>11.19999980926513671875</ele>
        <time>2026-01-17T06:32:53.000Z</time>
        <extensions>
          <ns3:TrackPointExtension>
            <ns3:hr>88</ns3:hr>
          </ns3:TrackPointExtension>
        </extensions>
      </trkpt>
      <trkpt lat="22.32763915322721004486083984375" lon="114.1968034766614437103271484375">
        <ele>11.19999980926513671875</ele>
        <time>2026-01-17T06:32:54.000Z</time>
        <extensions>
          <ns3:TrackPointExtension>
            <ns3:hr>88</ns3:hr>
          </ns3:TrackPointExtension>
        </extensions>
      </trkpt>
      <trkpt lat="22.3276264965534210205078125" lon="114.19679501093924045562744140625">
        <ele>11.19999980926513671875</ele>
        <time>2026-01-17T06:32:55.000Z</time>
        <extensions>
          <ns3:TrackPointExtension>
            <ns3:hr>88</ns3:hr>
          </ns3:TrackPointExtension>
        </extensions>
      </trkpt>
      <trkpt lat="22.32761367224156856536865234375" lon="114.1967857070267200469970703125">
        <ele>11.19999980926513671875</ele>
        <time>2026-01-17T06:32:56.000Z</time>
        <extensions>
          <ns3:TrackPointExtension>
            <ns3:hr>89</ns3:hr>
          </ns3:TrackPointExtension>
        </extensions>
      </trkpt>
      <trkpt lat="22.327601015567779541015625" lon="114.19677522964775562286376953125">
        <ele>11.19999980926513671875</ele>
        <time>2026-01-17T06:32:57.000Z</time>
        <extensions>
          <ns3:TrackPointExtension>
            <ns3:hr>88</ns3:hr>
          </ns3:TrackPointExtension>
        </extensions>
      </trkpt>
      <trkpt lat="22.327589280903339385986328125" lon="114.1967640817165374755859375">
        <ele>11.19999980926513671875</ele>
        <time>2026-01-17T06:32:58.000Z</time>
        <extensions>
          <ns3:TrackPointExtension>
            <ns3:hr>88</ns3:hr>
          </ns3:TrackPointExtension>
        </extensions>
      </trkpt>
      <trkpt lat="22.3275773786008358001708984375" lon="114.1967531852424144744873046875">
        <ele>11.19999980926513671875</ele>
        <time>2026-01-17T06:32:59.000Z</time>
        <extensions>
          <ns3:TrackPointExtension>
            <ns3:hr>88</ns3:hr>
          </ns3:TrackPointExtension>
        </extensions>
      </trkpt>
      <trkpt lat="22.3275653086602687835693359375" lon="114.1967448033392429351806640625">
        <ele>11.19999980926513671875</ele>
        <time>2026-01-17T06:33:00.000Z</time>
        <extensions>
          <ns3:TrackPointExtension>
            <ns3:hr>88</ns3:hr>
          </ns3:TrackPointExtension>
        </extensions>
      </trkpt>
      <trkpt lat="22.327554412186145782470703125" lon="114.19673751108348369598388671875">
        <ele>11.19999980926513671875</ele>
        <time>2026-01-17T06:33:01.000Z</time>
        <extensions>
          <ns3:TrackPointExtension>
            <ns3:hr>88</ns3:hr>
          </ns3:TrackPointExtension>
        </extensions>
      </trkpt>
      <trkpt lat="22.32754142023622989654541015625" lon="114.19672854244709014892578125">
        <ele>11.19999980926513671875</ele>
        <time>2026-01-17T06:33:02.000Z</time>
        <extensions>
          <ns3:TrackPointExtension>
            <ns3:hr>87</ns3:hr>
          </ns3:TrackPointExtension>
        </extensions>
      </trkpt>
      <trkpt lat="22.32752817682921886444091796875" lon="114.1967206634581089019775390625">
        <ele>11.19999980926513671875</ele>
        <time>2026-01-17T06:33:03.000Z</time>
        <extensions>
          <ns3:TrackPointExtension>
            <ns3:hr>89</ns3:hr>
          </ns3:TrackPointExtension>
        </extensions>
      </trkpt>
      <trkpt lat="22.3275150172412395477294921875" lon="114.196714460849761962890625">
        <ele>11.19999980926513671875</ele>
        <time>2026-01-17T06:33:04.000Z</time>
        <extensions>
          <ns3:TrackPointExtension>
            <ns3:hr>89</ns3:hr>
          </ns3:TrackPointExtension>
        </extensions>
      </trkpt>
      <trkpt lat="22.3275009356439113616943359375" lon="114.1967077553272247314453125">
        <ele>11</ele>
        <time>2026-01-17T06:33:05.000Z</time>
        <extensions>
          <ns3:TrackPointExtension>
            <ns3:hr>89</ns3:hr>
          </ns3:TrackPointExtension>
        </extensions>
      </trkpt>
      <trkpt lat="22.3274875245988368988037109375" lon="114.19670063070952892303466796875">
        <ele>11</ele>
        <time>2026-01-17T06:33:06.000Z</time>
        <extensions>
          <ns3:TrackPointExtension>
            <ns3:hr>89</ns3:hr>
          </ns3:TrackPointExtension>
        </extensions>
      </trkpt>
      <trkpt lat="22.32747537083923816680908203125" lon="114.19669275172054767608642578125">
        <ele>11</ele>
        <time>2026-01-17T06:33:07.000Z</time>
        <extensions>
          <ns3:TrackPointExtension>
            <ns3:hr>89</ns3:hr>
          </ns3:TrackPointExtension>
        </extensions>
      </trkpt>
      <trkpt lat="22.327462546527385711669921875" lon="114.196684621274471282958984375">
        <ele>11</ele>
        <time>2026-01-17T06:33:08.000Z</time>
        <extensions>
          <ns3:TrackPointExtension>
            <ns3:hr>89</ns3:hr>
          </ns3:TrackPointExtension>
        </extensions>
      </trkpt>
      <trkpt lat="22.32744921930134296417236328125" lon="114.1966755688190460205078125">
        <ele>11</ele>
        <time>2026-01-17T06:33:09.000Z</time>
        <extensions>
          <ns3:TrackPointExtension>
            <ns3:hr>89</ns3:hr>
          </ns3:TrackPointExtension>
        </extensions>
      </trkpt>
      <trkpt lat="22.3274372331798076629638671875" lon="114.196666516363620758056640625">
        <ele>11</ele>
        <time>2026-01-17T06:33:10.000Z</time>
        <extensions>
          <ns3:TrackPointExtension>
            <ns3:hr>89</ns3:hr>
          </ns3:TrackPointExtension>
        </extensions>
      </trkpt>
      <trkpt lat="22.32742625288665294647216796875" lon="114.19665704481303691864013671875">
        <ele>11</ele>
        <time>2026-01-17T06:33:11.000Z</time>
        <extensions>
          <ns3:TrackPointExtension>
            <ns3:hr>89</ns3:hr>
          </ns3:TrackPointExtension>
        </extensions>
      </trkpt>
      <trkpt lat="22.327414937317371368408203125" lon="114.19664715416729450225830078125">
        <ele>11</ele>
        <time>2026-01-17T06:33:12.000Z</time>
        <extensions>
          <ns3:TrackPointExtension>
            <ns3:hr>89</ns3:hr>
          </ns3:TrackPointExtension>
        </extensions>
      </trkpt>
      <trkpt lat="22.327403537929058074951171875" lon="114.19663977809250354766845703125">
        <ele>11</ele>
        <time>2026-01-17T06:33:13.000Z</time>
        <extensions>
          <ns3:TrackPointExtension>
            <ns3:hr>88</ns3:hr>
          </ns3:TrackPointExtension>
        </extensions>
      </trkpt>
      <trkpt lat="22.32739171944558620452880859375" lon="114.19663173146545886993408203125">
        <ele>11</ele>
        <time>2026-01-17T06:33:14.000Z</time>
        <extensions>
          <ns3:TrackPointExtension>
            <ns3:hr>88</ns3:hr>
          </ns3:TrackPointExtension>
        </extensions>
      </trkpt>
      <trkpt lat="22.327381074428558349609375" lon="114.19662435539066791534423828125">
        <ele>11</ele>
        <time>2026-01-17T06:33:15.000Z</time>
        <extensions>
          <ns3:TrackPointExtension>
            <ns3:hr>88</ns3:hr>
          </ns3:TrackPointExtension>
        </extensions>
      </trkpt>
      <trkpt lat="22.32737026177346706390380859375" lon="114.1966160573065280914306640625">
        <ele>11</ele>
        <time>2026-01-17T06:33:16.000Z</time>
        <extensions>
          <ns3:TrackPointExtension>
            <ns3:hr>88</ns3:hr>
          </ns3:TrackPointExtension>
        </extensions>
      </trkpt>
      <trkpt lat="22.3273577727377414703369140625" lon="114.19660809449851512908935546875">
        <ele>11</ele>
        <time>2026-01-17T06:33:17.000Z</time>
        <extensions>
          <ns3:TrackPointExtension>
            <ns3:hr>88</ns3:hr>
          </ns3:TrackPointExtension>
        </extensions>
      </trkpt>
      <trkpt lat="22.3273436911404132843017578125" lon="114.1966031491756439208984375">
        <ele>11</ele>
        <time>2026-01-17T06:33:18.000Z</time>
        <extensions>
          <ns3:TrackPointExtension>
            <ns3:hr>88</ns3:hr>
          </ns3:TrackPointExtension>
        </extensions>
      </trkpt>
      <trkpt lat="22.3273249156773090362548828125" lon="114.196604155004024505615234375">
        <ele>10.80000019073486328125</ele>
        <time>2026-01-17T06:33:19.000Z</time>
        <extensions>
          <ns3:TrackPointExtension>
            <ns3:hr>88</ns3:hr>
          </ns3:TrackPointExtension>
        </extensions>
      </trkpt>
      <trkpt lat="22.3273031227290630340576171875" lon="114.196607507765293121337890625">
        <ele>10.80000019073486328125</ele>
        <time>2026-01-17T06:33:20.000Z</time>
        <extensions>
          <ns3:TrackPointExtension>
            <ns3:hr>88</ns3:hr>
          </ns3:TrackPointExtension>
        </extensions>
      </trkpt>
      <trkpt lat="22.3272850178182125091552734375" lon="114.19660507701337337493896484375">
        <ele>10.80000019073486328125</ele>
        <time>2026-01-17T06:33:21.000Z</time>
        <extensions>
          <ns3:TrackPointExtension>
            <ns3:hr>87</ns3:hr>
          </ns3:TrackPointExtension>
        </extensions>
      </trkpt>
      <trkpt lat="22.327270768582820892333984375" lon="114.19659979641437530517578125">
        <ele>11</ele>
        <time>2026-01-17T06:33:22.000Z</time>
        <extensions>
          <ns3:TrackPointExtension>
            <ns3:hr>88</ns3:hr>
          </ns3:TrackPointExtension>
        </extensions>
      </trkpt>
      <trkpt lat="22.32725408859550952911376953125" lon="114.19659418053925037384033203125">
        <ele>11</ele>
        <time>2026-01-17T06:33:23.000Z</time>
        <extensions>
          <ns3:TrackPointExtension>
            <ns3:hr>88</ns3:hr>
          </ns3:TrackPointExtension>
        </extensions>
      </trkpt>
      <trkpt lat="22.32723849825561046600341796875" lon="114.196585714817047119140625">
        <ele>11.19999980926513671875</ele>
        <time>2026-01-17T06:33:24.000Z</time>
        <extensions>
          <ns3:TrackPointExtension>
            <ns3:hr>87</ns3:hr>
          </ns3:TrackPointExtension>
        </extensions>
      </trkpt>
      <trkpt lat="22.32722223736345767974853515625" lon="114.196578003466129302978515625">
        <ele>11.19999980926513671875</ele>
        <time>2026-01-17T06:33:25.000Z</time>
        <extensions>
          <ns3:TrackPointExtension>
            <ns3:hr>87</ns3:hr>
          </ns3:TrackPointExtension>
        </extensions>
      </trkpt>
      <trkpt lat="22.32720497064292430877685546875" lon="114.19657171703875064849853515625">
        <ele>11.19999980926513671875</ele>
        <time>2026-01-17T06:33:26.000Z</time>
        <extensions>
          <ns3:TrackPointExtension>
            <ns3:hr>87</ns3:hr>
          </ns3:TrackPointExtension>
        </extensions>
      </trkpt>
      <trkpt lat="22.3271867819130420684814453125" lon="114.19656568206846714019775390625">
        <ele>11.19999980926513671875</ele>
        <time>2026-01-17T06:33:27.000Z</time>
        <extensions>
          <ns3:TrackPointExtension>
            <ns3:hr>87</ns3:hr>
          </ns3:TrackPointExtension>
        </extensions>
      </trkpt>
      <trkpt lat="22.3271750472486019134521484375" lon="114.1965516842901706695556640625">
        <ele>11</ele>
        <time>2026-01-17T06:33:28.000Z</time>
        <extensions>
          <ns3:TrackPointExtension>
            <ns3:hr>86</ns3:hr>
          </ns3:TrackPointExtension>
        </extensions>
      </trkpt>
      <trkpt lat="22.32716339640319347381591796875" lon="114.19654305092990398406982421875">
        <ele>11</ele>
        <time>2026-01-17T06:33:29.000Z</time>
        <extensions>
          <ns3:TrackPointExtension>
            <ns3:hr>85</ns3:hr>
          </ns3:TrackPointExtension>
        </extensions>
      </trkpt>
      <trkpt lat="22.3271544277667999267578125" lon="114.19653316028416156768798828125">
        <ele>11</ele>
        <time>2026-01-17T06:33:30.000Z</time>
        <extensions>
          <ns3:TrackPointExtension>
            <ns3:hr>84</ns3:hr>
          </ns3:TrackPointExtension>
        </extensions>
      </trkpt>
      <trkpt lat="22.32714730314910411834716796875" lon="114.19652335345745086669921875">
        <ele>11</ele>
        <time>2026-01-17T06:33:31.000Z</time>
        <extensions>
          <ns3:TrackPointExtension>
            <ns3:hr>84</ns3:hr>
          </ns3:TrackPointExtension>
        </extensions>
      </trkpt>
      <trkpt lat="22.32714042998850345611572265625" lon="114.19651421718299388885498046875">
        <ele>11</ele>
        <time>2026-01-17T06:33:32.000Z</time>
        <extensions>
          <ns3:TrackPointExtension>
            <ns3:hr>85</ns3:hr>
          </ns3:TrackPointExtension>
        </extensions>
      </trkpt>
      <trkpt lat="22.3271341435611248016357421875" lon="114.1965050809085369110107421875">
        <ele>11</ele>
        <time>2026-01-17T06:33:33.000Z</time>
        <extensions>
          <ns3:TrackPointExtension>
            <ns3:hr>85</ns3:hr>
          </ns3:TrackPointExtension>
        </extensions>
      </trkpt>
      <trkpt lat="22.3271281085908412933349609375" lon="114.1964946873486042022705078125">
        <ele>11.19999980926513671875</ele>
        <time>2026-01-17T06:33:34.000Z</time>
        <extensions>
          <ns3:TrackPointExtension>
            <ns3:hr>86</ns3:hr>
          </ns3:TrackPointExtension>
        </extensions>
      </trkpt>
      <trkpt lat="22.32712249271571636199951171875" lon="114.19648622162640094757080078125">
        <ele>11.19999980926513671875</ele>
        <time>2026-01-17T06:33:35.000Z</time>
        <extensions>
          <ns3:TrackPointExtension>
            <ns3:hr>86</ns3:hr>
          </ns3:TrackPointExtension>
        </extensions>
      </trkpt>
      <trkpt lat="22.32711494900286197662353515625" lon="114.1964757442474365234375">
        <ele>11.19999980926513671875</ele>
        <time>2026-01-17T06:33:36.000Z</time>
        <extensions>
          <ns3:TrackPointExtension>
            <ns3:hr>87</ns3:hr>
          </ns3:TrackPointExtension>
        </extensions>
      </trkpt>
      <trkpt lat="22.32710681855678558349609375" lon="114.1964658536016941070556640625">
        <ele>11.19999980926513671875</ele>
        <time>2026-01-17T06:33:37.000Z</time>
        <extensions>
          <ns3:TrackPointExtension>
            <ns3:hr>87</ns3:hr>
          </ns3:TrackPointExtension>
        </extensions>
      </trkpt>
      <trkpt lat="22.3270962573587894439697265625" lon="114.1964524425566196441650390625">
        <ele>11</ele>
        <time>2026-01-17T06:33:38.000Z</time>
        <extensions>
          <ns3:TrackPointExtension>
            <ns3:hr>87</ns3:hr>
          </ns3:TrackPointExtension>
        </extensions>
      </trkpt>
      <trkpt lat="22.32708527706563472747802734375" lon="114.196435511112213134765625">
        <ele>11</ele>
        <time>2026-01-17T06:33:39.000Z</time>
        <extensions>
          <ns3:TrackPointExtension>
            <ns3:hr>87</ns3:hr>
          </ns3:TrackPointExtension>
        </extensions>
      </trkpt>
      <trkpt lat="22.3270758055150508880615234375" lon="114.196419417858123779296875">
        <ele>10.80000019073486328125</ele>
        <time>2026-01-17T06:33:40.000Z</time>
        <extensions>
          <ns3:TrackPointExtension>
            <ns3:hr>87</ns3:hr>
          </ns3:TrackPointExtension>
        </extensions>
      </trkpt>
      <trkpt lat="22.32706851325929164886474609375" lon="114.19640189968049526214599609375">
        <ele>10.80000019073486328125</ele>
        <time>2026-01-17T06:33:41.000Z</time>
        <extensions>
          <ns3:TrackPointExtension>
            <ns3:hr>86</ns3:hr>
          </ns3:TrackPointExtension>
        </extensions>
      </trkpt>
      <trkpt lat="22.3270620591938495635986328125" lon="114.19638362713158130645751953125">
        <ele>10.80000019073486328125</ele>
        <time>2026-01-17T06:33:42.000Z</time>
        <extensions>
          <ns3:TrackPointExtension>
            <ns3:hr>86</ns3:hr>
          </ns3:TrackPointExtension>
        </extensions>
      </trkpt>
      <trkpt lat="22.327056191861629486083984375" lon="114.1963697969913482666015625">
        <ele>10.80000019073486328125</ele>
        <time>2026-01-17T06:33:43.000Z</time>
        <extensions>
          <ns3:TrackPointExtension>
            <ns3:hr>86</ns3:hr>
          </ns3:TrackPointExtension>
        </extensions>
      </trkpt>
      <trkpt lat="22.32704973779618740081787109375" lon="114.19635781086981296539306640625">
        <ele>10.80000019073486328125</ele>
        <time>2026-01-17T06:33:44.000Z</time>
        <extensions>
          <ns3:TrackPointExtension>
            <ns3:hr>85</ns3:hr>
          </ns3:TrackPointExtension>
        </extensions>
      </trkpt>
      <trkpt lat="22.3270426131784915924072265625" lon="114.196345992386341094970703125">
        <ele>10.80000019073486328125</ele>
        <time>2026-01-17T06:33:45.000Z</time>
        <extensions>
          <ns3:TrackPointExtension>
            <ns3:hr>86</ns3:hr>
          </ns3:TrackPointExtension>
        </extensions>
      </trkpt>
      <trkpt lat="22.32703515328466892242431640625" lon="114.19633400626480579376220703125">
        <ele>10.80000019073486328125</ele>
        <time>2026-01-17T06:33:46.000Z</time>
        <extensions>
          <ns3:TrackPointExtension>
            <ns3:hr>86</ns3:hr>
          </ns3:TrackPointExtension>
        </extensions>
      </trkpt>
      <trkpt lat="22.32702635228633880615234375" lon="114.1963183321058750152587890625">
        <ele>10.80000019073486328125</ele>
        <time>2026-01-17T06:33:47.000Z</time>
        <extensions>
          <ns3:TrackPointExtension>
            <ns3:hr>86</ns3:hr>
          </ns3:TrackPointExtension>
        </extensions>
      </trkpt>
      <trkpt lat="22.32701788656413555145263671875" lon="114.196296036243438720703125">
        <ele>10.80000019073486328125</ele>
        <time>2026-01-17T06:33:48.000Z</time>
        <extensions>
          <ns3:TrackPointExtension>
            <ns3:hr>86</ns3:hr>
          </ns3:TrackPointExtension>
        </extensions>
      </trkpt>
      <trkpt lat="22.3270104266703128814697265625" lon="114.196275584399700164794921875">
        <ele>10.80000019073486328125</ele>
        <time>2026-01-17T06:33:49.000Z</time>
        <extensions>
          <ns3:TrackPointExtension>
            <ns3:hr>86</ns3:hr>
          </ns3:TrackPointExtension>
        </extensions>
      </trkpt>
      <trkpt lat="22.32700263150036334991455078125" lon="114.19625923968851566314697265625">
        <ele>10.80000019073486328125</ele>
        <time>2026-01-17T06:33:50.000Z</time>
        <extensions>
          <ns3:TrackPointExtension>
            <ns3:hr>86</ns3:hr>
          </ns3:TrackPointExtension>
        </extensions>
      </trkpt>
      <trkpt lat="22.32699542306363582611083984375" lon="114.19624750502407550811767578125">
        <ele>10.80000019073486328125</ele>
        <time>2026-01-17T06:33:51.000Z</time>
        <extensions>
          <ns3:TrackPointExtension>
            <ns3:hr>86</ns3:hr>
          </ns3:TrackPointExtension>
        </extensions>
      </trkpt>
      <trkpt lat="22.3269899748265743255615234375" lon="114.19623778201639652252197265625">
        <ele>10.80000019073486328125</ele>
        <time>2026-01-17T06:33:52.000Z</time>
        <extensions>
          <ns3:TrackPointExtension>
            <ns3:hr>86</ns3:hr>
          </ns3:TrackPointExtension>
        </extensions>
      </trkpt>
      <trkpt lat="22.326985113322734832763671875" lon="114.1962288133800029754638671875">
        <ele>11</ele>
        <time>2026-01-17T06:33:53.000Z</time>
        <extensions>
          <ns3:TrackPointExtension>
            <ns3:hr>86</ns3:hr>
          </ns3:TrackPointExtension>
        </extensions>
      </trkpt>
      <trkpt lat="22.32698234729468822479248046875" lon="114.196219928562641143798828125">
        <ele>11</ele>
        <time>2026-01-17T06:33:54.000Z</time>
        <extensions>
          <ns3:TrackPointExtension>
            <ns3:hr>87</ns3:hr>
          </ns3:TrackPointExtension>
        </extensions>
      </trkpt>
      <trkpt lat="22.32697899453341960906982421875" lon="114.1962090320885181427001953125">
        <ele>11</ele>
        <time>2026-01-17T06:33:55.000Z</time>
        <extensions>
          <ns3:TrackPointExtension>
            <ns3:hr>87</ns3:hr>
          </ns3:TrackPointExtension>
        </extensions>
      </trkpt>
      <trkpt lat="22.32697270810604095458984375" lon="114.1961959563195705413818359375">
        <ele>10.80000019073486328125</ele>
        <time>2026-01-17T06:33:56.000Z</time>
        <extensions>
          <ns3:TrackPointExtension>
            <ns3:hr>87</ns3:hr>
          </ns3:TrackPointExtension>
        </extensions>
      </trkpt>
      <trkpt lat="22.3269661702215671539306640625" lon="114.1961832158267498016357421875">
        <ele>10.80000019073486328125</ele>
        <time>2026-01-17T06:33:57.000Z</time>
        <extensions>
          <ns3:TrackPointExtension>
            <ns3:hr>88</ns3:hr>
          </ns3:TrackPointExtension>
        </extensions>
      </trkpt>
      <trkpt lat="22.326959632337093353271484375" lon="114.19617089442908763885498046875">
        <ele>10.80000019073486328125</ele>
        <time>2026-01-17T06:33:58.000Z</time>
        <extensions>
          <ns3:TrackPointExtension>
            <ns3:hr>88</ns3:hr>
          </ns3:TrackPointExtension>
        </extensions>
      </trkpt>
      <trkpt lat="22.32695200480520725250244140625" lon="114.19615698046982288360595703125">
        <ele>10.80000019073486328125</ele>
        <time>2026-01-17T06:33:59.000Z</time>
        <extensions>
          <ns3:TrackPointExtension>
            <ns3:hr>87</ns3:hr>
          </ns3:TrackPointExtension>
        </extensions>
      </trkpt>
      <trkpt lat="22.326945550739765167236328125" lon="114.19614516198635101318359375">
        <ele>10.80000019073486328125</ele>
        <time>2026-01-17T06:34:00.000Z</time>
        <extensions>
          <ns3:TrackPointExtension>
            <ns3:hr>87</ns3:hr>
          </ns3:TrackPointExtension>
        </extensions>
      </trkpt>
      <trkpt lat="22.32693892903625965118408203125" lon="114.196135438978672027587890625">
        <ele>10.80000019073486328125</ele>
        <time>2026-01-17T06:34:01.000Z</time>
        <extensions>
          <ns3:TrackPointExtension>
            <ns3:hr>87</ns3:hr>
          </ns3:TrackPointExtension>
        </extensions>
      </trkpt>
      <trkpt lat="22.32693172059953212738037109375" lon="114.19612638652324676513671875">
        <ele>10.80000019073486328125</ele>
        <time>2026-01-17T06:34:02.000Z</time>
        <extensions>
          <ns3:TrackPointExtension>
            <ns3:hr>87</ns3:hr>
          </ns3:TrackPointExtension>
        </extensions>
      </trkpt>
      <trkpt lat="22.3269242607057094573974609375" lon="114.196117334067821502685546875">
        <ele>10.80000019073486328125</ele>
        <time>2026-01-17T06:34:03.000Z</time>
        <extensions>
          <ns3:TrackPointExtension>
            <ns3:hr>87</ns3:hr>
          </ns3:TrackPointExtension>
        </extensions>
      </trkpt>
      <trkpt lat="22.32691696844995021820068359375" lon="114.19610735960304737091064453125">
        <ele>11</ele>
        <time>2026-01-17T06:34:04.000Z</time>
        <extensions>
          <ns3:TrackPointExtension>
            <ns3:hr>87</ns3:hr>
          </ns3:TrackPointExtension>
        </extensions>
      </trkpt>
      <trkpt lat="22.32691009528934955596923828125" lon="114.1960963793098926544189453125">
        <ele>11</ele>
        <time>2026-01-17T06:34:05.000Z</time>
        <extensions>
          <ns3:TrackPointExtension>
            <ns3:hr>87</ns3:hr>
          </ns3:TrackPointExtension>
        </extensions>
      </trkpt>
      <trkpt lat="22.32690204866230487823486328125" lon="114.19608539901673793792724609375">
        <ele>11</ele>
        <time>2026-01-17T06:34:06.000Z</time>
        <extensions>
          <ns3:TrackPointExtension>
            <ns3:hr>87</ns3:hr>
          </ns3:TrackPointExtension>
        </extensions>
      </trkpt>
      <trkpt lat="22.32689500786364078521728515625" lon="114.19607668183743953704833984375">
        <ele>11</ele>
        <time>2026-01-17T06:34:07.000Z</time>
        <extensions>
          <ns3:TrackPointExtension>
            <ns3:hr>87</ns3:hr>
          </ns3:TrackPointExtension>
        </extensions>
      </trkpt>
      <trkpt lat="22.32688629068434238433837890625" lon="114.19606679119169712066650390625">
        <ele>11</ele>
        <time>2026-01-17T06:34:08.000Z</time>
        <extensions>
          <ns3:TrackPointExtension>
            <ns3:hr>87</ns3:hr>
          </ns3:TrackPointExtension>
        </extensions>
      </trkpt>
      <trkpt lat="22.32687740586698055267333984375" lon="114.1960564814507961273193359375">
        <ele>11</ele>
        <time>2026-01-17T06:34:09.000Z</time>
        <extensions>
          <ns3:TrackPointExtension>
            <ns3:hr>87</ns3:hr>
          </ns3:TrackPointExtension>
        </extensions>
      </trkpt>
      <trkpt lat="22.3268682695925235748291015625" lon="114.19604550115764141082763671875">
        <ele>11</ele>
        <time>2026-01-17T06:34:10.000Z</time>
        <extensions>
          <ns3:TrackPointExtension>
            <ns3:hr>87</ns3:hr>
          </ns3:TrackPointExtension>
        </extensions>
      </trkpt>
      <trkpt lat="22.32685946859419345855712890625" lon="114.19603250920772552490234375">
        <ele>11</ele>
        <time>2026-01-17T06:34:11.000Z</time>
        <extensions>
          <ns3:TrackPointExtension>
            <ns3:hr>87</ns3:hr>
          </ns3:TrackPointExtension>
        </extensions>
      </trkpt>
      <trkpt lat="22.3268518410623073577880859375" lon="114.19601775705814361572265625">
        <ele>11</ele>
        <time>2026-01-17T06:34:12.000Z</time>
        <extensions>
          <ns3:TrackPointExtension>
            <ns3:hr>87</ns3:hr>
          </ns3:TrackPointExtension>
        </extensions>
      </trkpt>
      <trkpt lat="22.3268464766442775726318359375" lon="114.196003340184688568115234375">
        <ele>11</ele>
        <time>2026-01-17T06:34:13.000Z</time>
        <extensions>
          <ns3:TrackPointExtension>
            <ns3:hr>87</ns3:hr>
          </ns3:TrackPointExtension>
        </extensions>
      </trkpt>
      <trkpt lat="22.32684102840721607208251953125" lon="114.1959890909492969512939453125">
        <ele>11</ele>
        <time>2026-01-17T06:34:14.000Z</time>
        <extensions>
          <ns3:TrackPointExtension>
            <ns3:hr>87</ns3:hr>
          </ns3:TrackPointExtension>
        </extensions>
      </trkpt>
      <trkpt lat="22.326834909617900848388671875" lon="114.19597894884645938873291015625">
        <ele>11</ele>
        <time>2026-01-17T06:34:15.000Z</time>
        <extensions>
          <ns3:TrackPointExtension>
            <ns3:hr>87</ns3:hr>
          </ns3:TrackPointExtension>
        </extensions>
      </trkpt>
      <trkpt lat="22.32682644389569759368896484375" lon="114.19596922583878040313720703125">
        <ele>10.80000019073486328125</ele>
        <time>2026-01-17T06:34:16.000Z</time>
        <extensions>
          <ns3:TrackPointExtension>
            <ns3:hr>87</ns3:hr>
          </ns3:TrackPointExtension>
        </extensions>
      </trkpt>
      <trkpt lat="22.32681705616414546966552734375" lon="114.1959595866501331329345703125">
        <ele>10.80000019073486328125</ele>
        <time>2026-01-17T06:34:17.000Z</time>
        <extensions>
          <ns3:TrackPointExtension>
            <ns3:hr>87</ns3:hr>
          </ns3:TrackPointExtension>
        </extensions>
      </trkpt>
      <trkpt lat="22.32680716551840305328369140625" lon="114.19595145620405673980712890625">
        <ele>11</ele>
        <time>2026-01-17T06:34:18.000Z</time>
        <extensions>
          <ns3:TrackPointExtension>
            <ns3:hr>87</ns3:hr>
          </ns3:TrackPointExtension>
        </extensions>
      </trkpt>
      <trkpt lat="22.3267965205013751983642578125" lon="114.1959444992244243621826171875">
        <ele>10.80000019073486328125</ele>
        <time>2026-01-17T06:34:19.000Z</time>
        <extensions>
          <ns3:TrackPointExtension>
            <ns3:hr>87</ns3:hr>
          </ns3:TrackPointExtension>
        </extensions>
      </trkpt>
      <trkpt lat="22.3267854563891887664794921875" lon="114.19593653641641139984130859375">
        <ele>11</ele>
        <time>2026-01-17T06:34:20.000Z</time>
        <extensions>
          <ns3:TrackPointExtension>
            <ns3:hr>86</ns3:hr>
          </ns3:TrackPointExtension>
        </extensions>
      </trkpt>
      <trkpt lat="22.32677556574344635009765625" lon="114.19592798687517642974853515625">
        <ele>10.80000019073486328125</ele>
        <time>2026-01-17T06:34:21.000Z</time>
        <extensions>
          <ns3:TrackPointExtension>
            <ns3:hr>87</ns3:hr>
          </ns3:TrackPointExtension>
        </extensions>
      </trkpt>
      <trkpt lat="22.326765172183513641357421875" lon="114.19591717422008514404296875">
        <ele>10.80000019073486328125</ele>
        <time>2026-01-17T06:34:22.000Z</time>
        <extensions>
          <ns3:TrackPointExtension>
            <ns3:hr>87</ns3:hr>
          </ns3:TrackPointExtension>
        </extensions>
      </trkpt>
      <trkpt lat="22.32675620354712009429931640625" lon="114.195907451212406158447265625">
        <ele>10.80000019073486328125</ele>
        <time>2026-01-17T06:34:23.000Z</time>
        <extensions>
          <ns3:TrackPointExtension>
            <ns3:hr>87</ns3:hr>
          </ns3:TrackPointExtension>
        </extensions>
      </trkpt>
      <trkpt lat="22.32674849219620227813720703125" lon="114.1958972252905368804931640625">
        <ele>10.80000019073486328125</ele>
        <time>2026-01-17T06:34:24.000Z</time>
        <extensions>
          <ns3:TrackPointExtension>
            <ns3:hr>87</ns3:hr>
          </ns3:TrackPointExtension>
        </extensions>
      </trkpt>
      <trkpt lat="22.32673943974077701568603515625" lon="114.195883981883525848388671875">
        <ele>10.80000019073486328125</ele>
        <time>2026-01-17T06:34:25.000Z</time>
        <extensions>
          <ns3:TrackPointExtension>
            <ns3:hr>87</ns3:hr>
          </ns3:TrackPointExtension>
        </extensions>
      </trkpt>
      <trkpt lat="22.326730303466320037841796875" lon="114.1958717443048954010009765625">
        <ele>11</ele>
        <time>2026-01-17T06:34:26.000Z</time>
        <extensions>
          <ns3:TrackPointExtension>
            <ns3:hr>87</ns3:hr>
          </ns3:TrackPointExtension>
        </extensions>
      </trkpt>
      <trkpt lat="22.32672083191573619842529296875" lon="114.19586009345948696136474609375">
        <ele>11</ele>
        <time>2026-01-17T06:34:27.000Z</time>
        <extensions>
          <ns3:TrackPointExtension>
            <ns3:hr>87</ns3:hr>
          </ns3:TrackPointExtension>
        </extensions>
      </trkpt>
      <trkpt lat="22.32671119272708892822265625" lon="114.195851124823093414306640625">
        <ele>11</ele>
        <time>2026-01-17T06:34:28.000Z</time>
        <extensions>
          <ns3:TrackPointExtension>
            <ns3:hr>87</ns3:hr>
          </ns3:TrackPointExtension>
        </extensions>
      </trkpt>
      <trkpt lat="22.32670054771006107330322265625" lon="114.19584265910089015960693359375">
        <ele>11</ele>
        <time>2026-01-17T06:34:29.000Z</time>
        <extensions>
          <ns3:TrackPointExtension>
            <ns3:hr>86</ns3:hr>
          </ns3:TrackPointExtension>
        </extensions>
      </trkpt>
      <trkpt lat="22.3266882263123989105224609375" lon="114.19583494774997234344482421875">
        <ele>11</ele>
        <time>2026-01-17T06:34:30.000Z</time>
        <extensions>
          <ns3:TrackPointExtension>
            <ns3:hr>87</ns3:hr>
          </ns3:TrackPointExtension>
        </extensions>
      </trkpt>
      <trkpt lat="22.32667607255280017852783203125" lon="114.19582840986549854278564453125">
        <ele>11</ele>
        <time>2026-01-17T06:34:31.000Z</time>
        <extensions>
          <ns3:TrackPointExtension>
            <ns3:hr>87</ns3:hr>
          </ns3:TrackPointExtension>
        </extensions>
      </trkpt>
      <trkpt lat="22.32666601426899433135986328125" lon="114.19582254253327846527099609375">
        <ele>11</ele>
        <time>2026-01-17T06:34:32.000Z</time>
        <extensions>
          <ns3:TrackPointExtension>
            <ns3:hr>87</ns3:hr>
          </ns3:TrackPointExtension>
        </extensions>
      </trkpt>
      <trkpt lat="22.32665444724261760711669921875" lon="114.19581499882042407989501953125">
        <ele>11</ele>
        <time>2026-01-17T06:34:33.000Z</time>
        <extensions>
          <ns3:TrackPointExtension>
            <ns3:hr>87</ns3:hr>
          </ns3:TrackPointExtension>
        </extensions>
      </trkpt>
      <trkpt lat="22.32664271257817745208740234375" lon="114.19580963440239429473876953125">
        <ele>11</ele>
        <time>2026-01-17T06:34:34.000Z</time>
        <extensions>
          <ns3:TrackPointExtension>
            <ns3:hr>87</ns3:hr>
          </ns3:TrackPointExtension>
        </extensions>
      </trkpt>
      <trkpt lat="22.32663131318986415863037109375" lon="114.1958030126988887786865234375">
        <ele>11</ele>
        <time>2026-01-17T06:34:35.000Z</time>
        <extensions>
          <ns3:TrackPointExtension>
            <ns3:hr>88</ns3:hr>
          </ns3:TrackPointExtension>
        </extensions>
      </trkpt>
      <trkpt lat="22.32662175782024860382080078125" lon="114.19579572044312953948974609375">
        <ele>11</ele>
        <time>2026-01-17T06:34:36.000Z</time>
        <extensions>
          <ns3:TrackPointExtension>
            <ns3:hr>88</ns3:hr>
          </ns3:TrackPointExtension>
        </extensions>
      </trkpt>
      <trkpt lat="22.32661169953644275665283203125" lon="114.19578750617802143096923828125">
        <ele>11</ele>
        <time>2026-01-17T06:34:37.000Z</time>
        <extensions>
          <ns3:TrackPointExtension>
            <ns3:hr>88</ns3:hr>
          </ns3:TrackPointExtension>
        </extensions>
      </trkpt>
      <trkpt lat="22.326604239642620086669921875" lon="114.1957832314074039459228515625">
        <ele>11</ele>
        <time>2026-01-17T06:34:38.000Z</time>
        <extensions>
          <ns3:TrackPointExtension>
            <ns3:hr>88</ns3:hr>
          </ns3:TrackPointExtension>
        </extensions>
      </trkpt>
      <trkpt lat="22.32659644447267055511474609375" lon="114.19577744789421558380126953125">
        <ele>11</ele>
        <time>2026-01-17T06:34:39.000Z</time>
        <extensions>
          <ns3:TrackPointExtension>
            <ns3:hr>88</ns3:hr>
          </ns3:TrackPointExtension>
        </extensions>
      </trkpt>
      <trkpt lat="22.32658755965530872344970703125" lon="114.1957725025713443756103515625">
        <ele>11</ele>
        <time>2026-01-17T06:34:40.000Z</time>
        <extensions>
          <ns3:TrackPointExtension>
            <ns3:hr>88</ns3:hr>
          </ns3:TrackPointExtension>
        </extensions>
      </trkpt>
      <trkpt lat="22.326578088104724884033203125" lon="114.19576697051525115966796875">
        <ele>11</ele>
        <time>2026-01-17T06:34:41.000Z</time>
        <extensions>
          <ns3:TrackPointExtension>
            <ns3:hr>89</ns3:hr>
          </ns3:TrackPointExtension>
        </extensions>
      </trkpt>
      <trkpt lat="22.32656962238252162933349609375" lon="114.19576101936399936676025390625">
        <ele>11</ele>
        <time>2026-01-17T06:34:42.000Z</time>
        <extensions>
          <ns3:TrackPointExtension>
            <ns3:hr>88</ns3:hr>
          </ns3:TrackPointExtension>
        </extensions>
      </trkpt>
      <trkpt lat="22.3265608213841915130615234375" lon="114.19575548730790615081787109375">
        <ele>11</ele>
        <time>2026-01-17T06:34:43.000Z</time>
        <extensions>
          <ns3:TrackPointExtension>
            <ns3:hr>88</ns3:hr>
          </ns3:TrackPointExtension>
        </extensions>
      </trkpt>
      <trkpt lat="22.3265510983765125274658203125" lon="114.19575012288987636566162109375">
        <ele>10.80000019073486328125</ele>
        <time>2026-01-17T06:34:44.000Z</time>
        <extensions>
          <ns3:TrackPointExtension>
            <ns3:hr>88</ns3:hr>
          </ns3:TrackPointExtension>
        </extensions>
      </trkpt>
      <trkpt lat="22.32654078863561153411865234375" lon="114.19574358500540256500244140625">
        <ele>10.80000019073486328125</ele>
        <time>2026-01-17T06:34:45.000Z</time>
        <extensions>
          <ns3:TrackPointExtension>
            <ns3:hr>88</ns3:hr>
          </ns3:TrackPointExtension>
        </extensions>
      </trkpt>
      <trkpt lat="22.32653148472309112548828125" lon="114.19573612511157989501953125">
        <ele>10.80000019073486328125</ele>
        <time>2026-01-17T06:34:46.000Z</time>
        <extensions>
          <ns3:TrackPointExtension>
            <ns3:hr>88</ns3:hr>
          </ns3:TrackPointExtension>
        </extensions>
      </trkpt>
      <trkpt lat="22.3265214264392852783203125" lon="114.195729084312915802001953125">
        <ele>10.80000019073486328125</ele>
        <time>2026-01-17T06:34:47.000Z</time>
        <extensions>
          <ns3:TrackPointExtension>
            <ns3:hr>87</ns3:hr>
          </ns3:TrackPointExtension>
        </extensions>
      </trkpt>
      <trkpt lat="22.326510362327098846435546875" lon="114.19572128914296627044677734375">
        <ele>10.80000019073486328125</ele>
        <time>2026-01-17T06:34:48.000Z</time>
        <extensions>
          <ns3:TrackPointExtension>
            <ns3:hr>87</ns3:hr>
          </ns3:TrackPointExtension>
        </extensions>
      </trkpt>
      <trkpt lat="22.32649820856750011444091796875" lon="114.19571424834430217742919921875">
        <ele>10.80000019073486328125</ele>
        <time>2026-01-17T06:34:49.000Z</time>
        <extensions>
          <ns3:TrackPointExtension>
            <ns3:hr>85</ns3:hr>
          </ns3:TrackPointExtension>
        </extensions>
      </trkpt>
      <trkpt lat="22.32648764736950397491455078125" lon="114.1957077942788600921630859375">
        <ele>10.80000019073486328125</ele>
        <time>2026-01-17T06:34:50.000Z</time>
        <extensions>
          <ns3:TrackPointExtension>
            <ns3:hr>85</ns3:hr>
          </ns3:TrackPointExtension>
        </extensions>
      </trkpt>
      <trkpt lat="22.32647591270506381988525390625" lon="114.19569991528987884521484375">
        <ele>10.80000019073486328125</ele>
        <time>2026-01-17T06:34:51.000Z</time>
        <extensions>
          <ns3:TrackPointExtension>
            <ns3:hr>84</ns3:hr>
          </ns3:TrackPointExtension>
        </extensions>
      </trkpt>
      <trkpt lat="22.32646501623094081878662109375" lon="114.195692539215087890625">
        <ele>10.80000019073486328125</ele>
        <time>2026-01-17T06:34:52.000Z</time>
        <extensions>
          <ns3:TrackPointExtension>
            <ns3:hr>84</ns3:hr>
          </ns3:TrackPointExtension>
        </extensions>
      </trkpt>
      <trkpt lat="22.32645378448069095611572265625" lon="114.1956836543977260589599609375">
        <ele>10.80000019073486328125</ele>
        <time>2026-01-17T06:34:53.000Z</time>
        <extensions>
          <ns3:TrackPointExtension>
            <ns3:hr>83</ns3:hr>
          </ns3:TrackPointExtension>
        </extensions>
      </trkpt>
      <trkpt lat="22.32644422911107540130615234375" lon="114.19567435048520565032958984375">
        <ele>10.80000019073486328125</ele>
        <time>2026-01-17T06:34:54.000Z</time>
        <extensions>
          <ns3:TrackPointExtension>
            <ns3:hr>83</ns3:hr>
          </ns3:TrackPointExtension>
        </extensions>
      </trkpt>
      <trkpt lat="22.3264350928366184234619140625" lon="114.1956638731062412261962890625">
        <ele>10.80000019073486328125</ele>
        <time>2026-01-17T06:34:55.000Z</time>
        <extensions>
          <ns3:TrackPointExtension>
            <ns3:hr>83</ns3:hr>
          </ns3:TrackPointExtension>
        </extensions>
      </trkpt>
      <trkpt lat="22.32642553746700286865234375" lon="114.19565389864146709442138671875">
        <ele>10.80000019073486328125</ele>
        <time>2026-01-17T06:34:56.000Z</time>
        <extensions>
          <ns3:TrackPointExtension>
            <ns3:hr>82</ns3:hr>
          </ns3:TrackPointExtension>
        </extensions>
      </trkpt>
      <trkpt lat="22.32641673646867275238037109375" lon="114.1956424154341220855712890625">
        <ele>10.80000019073486328125</ele>
        <time>2026-01-17T06:34:57.000Z</time>
        <extensions>
          <ns3:TrackPointExtension>
            <ns3:hr>82</ns3:hr>
          </ns3:TrackPointExtension>
        </extensions>
      </trkpt>
      <trkpt lat="22.3264069296419620513916015625" lon="114.19562741182744503021240234375">
        <ele>10.80000019073486328125</ele>
        <time>2026-01-17T06:34:58.000Z</time>
        <extensions>
          <ns3:TrackPointExtension>
            <ns3:hr>81</ns3:hr>
          </ns3:TrackPointExtension>
        </extensions>
      </trkpt>
      <trkpt lat="22.3263978771865367889404296875" lon="114.1956142522394657135009765625">
        <ele>10.80000019073486328125</ele>
        <time>2026-01-17T06:34:59.000Z</time>
        <extensions>
          <ns3:TrackPointExtension>
            <ns3:hr>81</ns3:hr>
          </ns3:TrackPointExtension>
        </extensions>
      </trkpt>
      <trkpt lat="22.326388992369174957275390625" lon="114.19560293667018413543701171875">
        <ele>10.80000019073486328125</ele>
        <time>2026-01-17T06:35:00.000Z</time>
        <extensions>
          <ns3:TrackPointExtension>
            <ns3:hr>81</ns3:hr>
          </ns3:TrackPointExtension>
        </extensions>
      </trkpt>
      <trkpt lat="22.32637985609471797943115234375" lon="114.195590279996395111083984375">
        <ele>10.80000019073486328125</ele>
        <time>2026-01-17T06:35:01.000Z</time>
        <extensions>
          <ns3:TrackPointExtension>
            <ns3:hr>82</ns3:hr>
          </ns3:TrackPointExtension>
        </extensions>
      </trkpt>
      <trkpt lat="22.326371558010578155517578125" lon="114.195579551160335540771484375">
        <ele>10.80000019073486328125</ele>
        <time>2026-01-17T06:35:02.000Z</time>
        <extensions>
          <ns3:TrackPointExtension>
            <ns3:hr>81</ns3:hr>
          </ns3:TrackPointExtension>
        </extensions>
      </trkpt>
      <trkpt lat="22.326361499726772308349609375" lon="114.19556940905749797821044921875">
        <ele>10.80000019073486328125</ele>
        <time>2026-01-17T06:35:03.000Z</time>
        <extensions>
          <ns3:TrackPointExtension>
            <ns3:hr>81</ns3:hr>
          </ns3:TrackPointExtension>
        </extensions>
      </trkpt>
      <trkpt lat="22.326351106166839599609375" lon="114.19555985368788242340087890625">
        <ele>10.80000019073486328125</ele>
        <time>2026-01-17T06:35:04.000Z</time>
        <extensions>
          <ns3:TrackPointExtension>
            <ns3:hr>81</ns3:hr>
          </ns3:TrackPointExtension>
        </extensions>
      </trkpt>
      <trkpt lat="22.32633995823562145233154296875" lon="114.19555046595633029937744140625">
        <ele>10.80000019073486328125</ele>
        <time>2026-01-17T06:35:05.000Z</time>
        <extensions>
          <ns3:TrackPointExtension>
            <ns3:hr>81</ns3:hr>
          </ns3:TrackPointExtension>
        </extensions>
      </trkpt>
      <trkpt lat="22.32632973231375217437744140625" lon="114.19554225169122219085693359375">
        <ele>10.80000019073486328125</ele>
        <time>2026-01-17T06:35:06.000Z</time>
        <extensions>
          <ns3:TrackPointExtension>
            <ns3:hr>81</ns3:hr>
          </ns3:TrackPointExtension>
        </extensions>
      </trkpt>
      <trkpt lat="22.32631917111575603485107421875" lon="114.1955334506928920745849609375">
        <ele>10.80000019073486328125</ele>
        <time>2026-01-17T06:35:07.000Z</time>
        <extensions>
          <ns3:TrackPointExtension>
            <ns3:hr>82</ns3:hr>
          </ns3:TrackPointExtension>
        </extensions>
      </trkpt>
      <trkpt lat="22.32631196267902851104736328125" lon="114.19552381150424480438232421875">
        <ele>10.6000003814697265625</ele>
        <time>2026-01-17T06:35:08.000Z</time>
        <extensions>
          <ns3:TrackPointExtension>
            <ns3:hr>82</ns3:hr>
          </ns3:TrackPointExtension>
        </extensions>
      </trkpt>
      <trkpt lat="22.32630349695682525634765625" lon="114.19551358558237552642822265625">
        <ele>10.6000003814697265625</ele>
        <time>2026-01-17T06:35:09.000Z</time>
        <extensions>
          <ns3:TrackPointExtension>
            <ns3:hr>82</ns3:hr>
          </ns3:TrackPointExtension>
        </extensions>
      </trkpt>
      <trkpt lat="22.326295785605907440185546875" lon="114.195504449307918548583984375">
        <ele>10.6000003814697265625</ele>
        <time>2026-01-17T06:35:10.000Z</time>
        <extensions>
          <ns3:TrackPointExtension>
            <ns3:hr>82</ns3:hr>
          </ns3:TrackPointExtension>
        </extensions>
      </trkpt>
      <trkpt lat="22.32628614641726016998291015625" lon="114.19549464248120784759521484375">
        <ele>10.6000003814697265625</ele>
        <time>2026-01-17T06:35:11.000Z</time>
        <extensions>
          <ns3:TrackPointExtension>
            <ns3:hr>82</ns3:hr>
          </ns3:TrackPointExtension>
        </extensions>
      </trkpt>
      <trkpt lat="22.3262765072286128997802734375" lon="114.19548206962645053863525390625">
        <ele>10.6000003814697265625</ele>
        <time>2026-01-17T06:35:12.000Z</time>
        <extensions>
          <ns3:TrackPointExtension>
            <ns3:hr>83</ns3:hr>
          </ns3:TrackPointExtension>
        </extensions>
      </trkpt>
      <trkpt lat="22.326267622411251068115234375" lon="114.1954700835049152374267578125">
        <ele>10.6000003814697265625</ele>
        <time>2026-01-17T06:35:13.000Z</time>
        <extensions>
          <ns3:TrackPointExtension>
            <ns3:hr>82</ns3:hr>
          </ns3:TrackPointExtension>
        </extensions>
      </trkpt>
      <trkpt lat="22.3262584023177623748779296875" lon="114.19545851647853851318359375">
        <ele>10.6000003814697265625</ele>
        <time>2026-01-17T06:35:14.000Z</time>
        <extensions>
          <ns3:TrackPointExtension>
            <ns3:hr>83</ns3:hr>
          </ns3:TrackPointExtension>
        </extensions>
      </trkpt>
      <trkpt lat="22.32624926604330539703369140625" lon="114.19544569216668605804443359375">
        <ele>10.6000003814697265625</ele>
        <time>2026-01-17T06:35:15.000Z</time>
        <extensions>
          <ns3:TrackPointExtension>
            <ns3:hr>83</ns3:hr>
          </ns3:TrackPointExtension>
        </extensions>
      </trkpt>
      <trkpt lat="22.3262397944927215576171875" lon="114.19543295167386531829833984375">
        <ele>10.6000003814697265625</ele>
        <time>2026-01-17T06:35:16.000Z</time>
        <extensions>
          <ns3:TrackPointExtension>
            <ns3:hr>83</ns3:hr>
          </ns3:TrackPointExtension>
        </extensions>
      </trkpt>
      <trkpt lat="22.32623233459889888763427734375" lon="114.19541962444782257080078125">
        <ele>10.6000003814697265625</ele>
        <time>2026-01-17T06:35:17.000Z</time>
        <extensions>
          <ns3:TrackPointExtension>
            <ns3:hr>83</ns3:hr>
          </ns3:TrackPointExtension>
        </extensions>
      </trkpt>
      <trkpt lat="22.32622412033379077911376953125" lon="114.19540680013597011566162109375">
        <ele>10.6000003814697265625</ele>
        <time>2026-01-17T06:35:18.000Z</time>
        <extensions>
          <ns3:TrackPointExtension>
            <ns3:hr>83</ns3:hr>
          </ns3:TrackPointExtension>
        </extensions>
      </trkpt>
      <trkpt lat="22.32621557079255580902099609375" lon="114.19539204798638820648193359375">
        <ele>10.6000003814697265625</ele>
        <time>2026-01-17T06:35:19.000Z</time>
        <extensions>
          <ns3:TrackPointExtension>
            <ns3:hr>83</ns3:hr>
          </ns3:TrackPointExtension>
        </extensions>
      </trkpt>
      <trkpt lat="22.32620735652744770050048828125" lon="114.19537846930325031280517578125">
        <ele>10.6000003814697265625</ele>
        <time>2026-01-17T06:35:20.000Z</time>
        <extensions>
          <ns3:TrackPointExtension>
            <ns3:hr>83</ns3:hr>
          </ns3:TrackPointExtension>
        </extensions>
      </trkpt>
      <trkpt lat="22.3262007348239421844482421875" lon="114.19536723755300045013427734375">
        <ele>10.3999996185302734375</ele>
        <time>2026-01-17T06:35:21.000Z</time>
        <extensions>
          <ns3:TrackPointExtension>
            <ns3:hr>84</ns3:hr>
          </ns3:TrackPointExtension>
        </extensions>
      </trkpt>
      <trkpt lat="22.3261930234730243682861328125" lon="114.19535617344081401824951171875">
        <ele>10.3999996185302734375</ele>
        <time>2026-01-17T06:35:22.000Z</time>
        <extensions>
          <ns3:TrackPointExtension>
            <ns3:hr>84</ns3:hr>
          </ns3:TrackPointExtension>
        </extensions>
      </trkpt>
      <trkpt lat="22.32618522830307483673095703125" lon="114.19534460641443729400634765625">
        <ele>10.3999996185302734375</ele>
        <time>2026-01-17T06:35:23.000Z</time>
        <extensions>
          <ns3:TrackPointExtension>
            <ns3:hr>84</ns3:hr>
          </ns3:TrackPointExtension>
        </extensions>
      </trkpt>
      <trkpt lat="22.32617801986634731292724609375" lon="114.19533404521644115447998046875">
        <ele>10.3999996185302734375</ele>
        <time>2026-01-17T06:35:24.000Z</time>
        <extensions>
          <ns3:TrackPointExtension>
            <ns3:hr>84</ns3:hr>
          </ns3:TrackPointExtension>
        </extensions>
      </trkpt>
      <trkpt lat="22.326171062886714935302734375" lon="114.19532440602779388427734375">
        <ele>10.3999996185302734375</ele>
        <time>2026-01-17T06:35:25.000Z</time>
        <extensions>
          <ns3:TrackPointExtension>
            <ns3:hr>84</ns3:hr>
          </ns3:TrackPointExtension>
        </extensions>
      </trkpt>
      <trkpt lat="22.3261625133454799652099609375" lon="114.19531258754432201385498046875">
        <ele>10.3999996185302734375</ele>
        <time>2026-01-17T06:35:26.000Z</time>
        <extensions>
          <ns3:TrackPointExtension>
            <ns3:hr>84</ns3:hr>
          </ns3:TrackPointExtension>
        </extensions>
      </trkpt>
      <trkpt lat="22.32615387998521327972412109375" lon="114.19530135579407215118408203125">
        <ele>10.3999996185302734375</ele>
        <time>2026-01-17T06:35:27.000Z</time>
        <extensions>
          <ns3:TrackPointExtension>
            <ns3:hr>84</ns3:hr>
          </ns3:TrackPointExtension>
        </extensions>
      </trkpt>
      <trkpt lat="22.3261454142630100250244140625" lon="114.19528811238706111907958984375">
        <ele>10.3999996185302734375</ele>
        <time>2026-01-17T06:35:28.000Z</time>
        <extensions>
          <ns3:TrackPointExtension>
            <ns3:hr>84</ns3:hr>
          </ns3:TrackPointExtension>
        </extensions>
      </trkpt>
      <trkpt lat="22.32613611035048961639404296875" lon="114.1952754557132720947265625">
        <ele>10.3999996185302734375</ele>
        <time>2026-01-17T06:35:29.000Z</time>
        <extensions>
          <ns3:TrackPointExtension>
            <ns3:hr>84</ns3:hr>
          </ns3:TrackPointExtension>
        </extensions>
      </trkpt>
      <trkpt lat="22.32612621970474720001220703125" lon="114.1952608712017536163330078125">
        <ele>10.19999980926513671875</ele>
        <time>2026-01-17T06:35:30.000Z</time>
        <extensions>
          <ns3:TrackPointExtension>
            <ns3:hr>84</ns3:hr>
          </ns3:TrackPointExtension>
        </extensions>
      </trkpt>
      <trkpt lat="22.32611616142094135284423828125" lon="114.19524653814733028411865234375">
        <ele>10.19999980926513671875</ele>
        <time>2026-01-17T06:35:31.000Z</time>
        <extensions>
          <ns3:TrackPointExtension>
            <ns3:hr>85</ns3:hr>
          </ns3:TrackPointExtension>
        </extensions>
      </trkpt>
      <trkpt lat="22.32610610313713550567626953125" lon="114.19523212127387523651123046875">
        <ele>10.19999980926513671875</ele>
        <time>2026-01-17T06:35:32.000Z</time>
        <extensions>
          <ns3:TrackPointExtension>
            <ns3:hr>85</ns3:hr>
          </ns3:TrackPointExtension>
        </extensions>
      </trkpt>
      <trkpt lat="22.3260967992246150970458984375" lon="114.19521871022880077362060546875">
        <ele>10.19999980926513671875</ele>
        <time>2026-01-17T06:35:33.000Z</time>
        <extensions>
          <ns3:TrackPointExtension>
            <ns3:hr>86</ns3:hr>
          </ns3:TrackPointExtension>
        </extensions>
      </trkpt>
      <trkpt lat="22.32608749531209468841552734375" lon="114.19520714320242404937744140625">
        <ele>10.19999980926513671875</ele>
        <time>2026-01-17T06:35:34.000Z</time>
        <extensions>
          <ns3:TrackPointExtension>
            <ns3:hr>86</ns3:hr>
          </ns3:TrackPointExtension>
        </extensions>
      </trkpt>
      <trkpt lat="22.3260783590376377105712890625" lon="114.19519624672830104827880859375">
        <ele>10.19999980926513671875</ele>
        <time>2026-01-17T06:35:35.000Z</time>
        <extensions>
          <ns3:TrackPointExtension>
            <ns3:hr>87</ns3:hr>
          </ns3:TrackPointExtension>
        </extensions>
      </trkpt>
      <trkpt lat="22.3260689713060855865478515625" lon="114.19518652372062206268310546875">
        <ele>10.19999980926513671875</ele>
        <time>2026-01-17T06:35:36.000Z</time>
        <extensions>
          <ns3:TrackPointExtension>
            <ns3:hr>87</ns3:hr>
          </ns3:TrackPointExtension>
        </extensions>
      </trkpt>
      <trkpt lat="22.32605941593647003173828125" lon="114.19517713598906993865966796875">
        <ele>10.19999980926513671875</ele>
        <time>2026-01-17T06:35:37.000Z</time>
        <extensions>
          <ns3:TrackPointExtension>
            <ns3:hr>87</ns3:hr>
          </ns3:TrackPointExtension>
        </extensions>
      </trkpt>
      <trkpt lat="22.32604994438588619232177734375" lon="114.19516883790493011474609375">
        <ele>10.19999980926513671875</ele>
        <time>2026-01-17T06:35:38.000Z</time>
        <extensions>
          <ns3:TrackPointExtension>
            <ns3:hr>87</ns3:hr>
          </ns3:TrackPointExtension>
        </extensions>
      </trkpt>
      <trkpt lat="22.32603888027369976043701171875" lon="114.19515936635434627532958984375">
        <ele>10</ele>
        <time>2026-01-17T06:35:39.000Z</time>
        <extensions>
          <ns3:TrackPointExtension>
            <ns3:hr>88</ns3:hr>
          </ns3:TrackPointExtension>
        </extensions>
      </trkpt>
      <trkpt lat="22.32602731324732303619384765625" lon="114.19514914043247699737548828125">
        <ele>10</ele>
        <time>2026-01-17T06:35:40.000Z</time>
        <extensions>
          <ns3:TrackPointExtension>
            <ns3:hr>88</ns3:hr>
          </ns3:TrackPointExtension>
        </extensions>
      </trkpt>
      <trkpt lat="22.32601574622094631195068359375" lon="114.1951386630535125732421875">
        <ele>10</ele>
        <time>2026-01-17T06:35:41.000Z</time>
        <extensions>
          <ns3:TrackPointExtension>
            <ns3:hr>88</ns3:hr>
          </ns3:TrackPointExtension>
        </extensions>
      </trkpt>
      <trkpt lat="22.326004095375537872314453125" lon="114.19512701220810413360595703125">
        <ele>10</ele>
        <time>2026-01-17T06:35:42.000Z</time>
        <extensions>
          <ns3:TrackPointExtension>
            <ns3:hr>88</ns3:hr>
          </ns3:TrackPointExtension>
        </extensions>
      </trkpt>
      <trkpt lat="22.3259921930730342864990234375" lon="114.19511376880109310150146484375">
        <ele>10</ele>
        <time>2026-01-17T06:35:43.000Z</time>
        <extensions>
          <ns3:TrackPointExtension>
            <ns3:hr>88</ns3:hr>
          </ns3:TrackPointExtension>
        </extensions>
      </trkpt>
      <trkpt lat="22.32598154805600643157958984375" lon="114.19510119594633579254150390625">
        <ele>10</ele>
        <time>2026-01-17T06:35:44.000Z</time>
        <extensions>
          <ns3:TrackPointExtension>
            <ns3:hr>88</ns3:hr>
          </ns3:TrackPointExtension>
        </extensions>
      </trkpt>
      <trkpt lat="22.3259714059531688690185546875" lon="114.1950892098248004913330078125">
        <ele>10</ele>
        <time>2026-01-17T06:35:45.000Z</time>
        <extensions>
          <ns3:TrackPointExtension>
            <ns3:hr>87</ns3:hr>
          </ns3:TrackPointExtension>
        </extensions>
      </trkpt>
      <trkpt lat="22.3259610123932361602783203125" lon="114.19507764279842376708984375">
        <ele>10</ele>
        <time>2026-01-17T06:35:46.000Z</time>
        <extensions>
          <ns3:TrackPointExtension>
            <ns3:hr>88</ns3:hr>
          </ns3:TrackPointExtension>
        </extensions>
      </trkpt>
      <trkpt lat="22.32595070265233516693115234375" lon="114.19506750069558620452880859375">
        <ele>10</ele>
        <time>2026-01-17T06:35:47.000Z</time>
        <extensions>
          <ns3:TrackPointExtension>
            <ns3:hr>88</ns3:hr>
          </ns3:TrackPointExtension>
        </extensions>
      </trkpt>
      <trkpt lat="22.3259402252733707427978515625" lon="114.1950583644211292266845703125">
        <ele>10</ele>
        <time>2026-01-17T06:35:48.000Z</time>
        <extensions>
          <ns3:TrackPointExtension>
            <ns3:hr>87</ns3:hr>
          </ns3:TrackPointExtension>
        </extensions>
      </trkpt>
      <trkpt lat="22.32592823915183544158935546875" lon="114.1950509883463382720947265625">
        <ele>10</ele>
        <time>2026-01-17T06:35:49.000Z</time>
        <extensions>
          <ns3:TrackPointExtension>
            <ns3:hr>88</ns3:hr>
          </ns3:TrackPointExtension>
        </extensions>
      </trkpt>
      <trkpt lat="22.32591650448739528656005859375" lon="114.19504352845251560211181640625">
        <ele>10</ele>
        <time>2026-01-17T06:35:50.000Z</time>
        <extensions>
          <ns3:TrackPointExtension>
            <ns3:hr>88</ns3:hr>
          </ns3:TrackPointExtension>
        </extensions>
      </trkpt>
      <trkpt lat="22.3259050212800502777099609375" lon="114.1950355656445026397705078125">
        <ele>10</ele>
        <time>2026-01-17T06:35:51.000Z</time>
        <extensions>
          <ns3:TrackPointExtension>
            <ns3:hr>87</ns3:hr>
          </ns3:TrackPointExtension>
        </extensions>
      </trkpt>
      <trkpt lat="22.3258926160633563995361328125" lon="114.19502827338874340057373046875">
        <ele>10</ele>
        <time>2026-01-17T06:35:52.000Z</time>
        <extensions>
          <ns3:TrackPointExtension>
            <ns3:hr>87</ns3:hr>
          </ns3:TrackPointExtension>
        </extensions>
      </trkpt>
      <trkpt lat="22.32588046230375766754150390625" lon="114.19502198696136474609375">
        <ele>10</ele>
        <time>2026-01-17T06:35:53.000Z</time>
        <extensions>
          <ns3:TrackPointExtension>
            <ns3:hr>87</ns3:hr>
          </ns3:TrackPointExtension>
        </extensions>
      </trkpt>
      <trkpt lat="22.32586889527738094329833984375" lon="114.19501385651528835296630859375">
        <ele>9.80000019073486328125</ele>
        <time>2026-01-17T06:35:54.000Z</time>
        <extensions>
          <ns3:TrackPointExtension>
            <ns3:hr>88</ns3:hr>
          </ns3:TrackPointExtension>
        </extensions>
      </trkpt>
      <trkpt lat="22.325856573879718780517578125" lon="114.19500430114567279815673828125">
        <ele>9.80000019073486328125</ele>
        <time>2026-01-17T06:35:55.000Z</time>
        <extensions>
          <ns3:TrackPointExtension>
            <ns3:hr>88</ns3:hr>
          </ns3:TrackPointExtension>
        </extensions>
      </trkpt>
      <trkpt lat="22.3258429951965808868408203125" lon="114.1949938237667083740234375">
        <ele>9.80000019073486328125</ele>
        <time>2026-01-17T06:35:56.000Z</time>
        <extensions>
          <ns3:TrackPointExtension>
            <ns3:hr>88</ns3:hr>
          </ns3:TrackPointExtension>
        </extensions>
      </trkpt>
      <trkpt lat="22.3258309252560138702392578125" lon="114.19498468749225139617919921875">
        <ele>9.80000019073486328125</ele>
        <time>2026-01-17T06:35:57.000Z</time>
        <extensions>
          <ns3:TrackPointExtension>
            <ns3:hr>88</ns3:hr>
          </ns3:TrackPointExtension>
        </extensions>
      </trkpt>
      <trkpt lat="22.32581944204866886138916015625" lon="114.1949750483036041259765625">
        <ele>9.80000019073486328125</ele>
        <time>2026-01-17T06:35:58.000Z</time>
        <extensions>
          <ns3:TrackPointExtension>
            <ns3:hr>88</ns3:hr>
          </ns3:TrackPointExtension>
        </extensions>
      </trkpt>
      <trkpt lat="22.3258077912032604217529296875" lon="114.19496557675302028656005859375">
        <ele>9.80000019073486328125</ele>
        <time>2026-01-17T06:35:59.000Z</time>
        <extensions>
          <ns3:TrackPointExtension>
            <ns3:hr>88</ns3:hr>
          </ns3:TrackPointExtension>
        </extensions>
      </trkpt>
      <trkpt lat="22.325796224176883697509765625" lon="114.19495702721178531646728515625">
        <ele>9.80000019073486328125</ele>
        <time>2026-01-17T06:36:00.000Z</time>
        <extensions>
          <ns3:TrackPointExtension>
            <ns3:hr>89</ns3:hr>
          </ns3:TrackPointExtension>
        </extensions>
      </trkpt>
      <trkpt lat="22.32578474096953868865966796875" lon="114.194949902594089508056640625">
        <ele>9.80000019073486328125</ele>
        <time>2026-01-17T06:36:01.000Z</time>
        <extensions>
          <ns3:TrackPointExtension>
            <ns3:hr>89</ns3:hr>
          </ns3:TrackPointExtension>
        </extensions>
      </trkpt>
      <trkpt lat="22.3257709108293056488037109375" lon="114.19494294561445713043212890625">
        <ele>9.80000019073486328125</ele>
        <time>2026-01-17T06:36:02.000Z</time>
        <extensions>
          <ns3:TrackPointExtension>
            <ns3:hr>88</ns3:hr>
          </ns3:TrackPointExtension>
        </extensions>
      </trkpt>
      <trkpt lat="22.32575741596519947052001953125" lon="114.1949363239109516143798828125">
        <ele>9.80000019073486328125</ele>
        <time>2026-01-17T06:36:03.000Z</time>
        <extensions>
          <ns3:TrackPointExtension>
            <ns3:hr>88</ns3:hr>
          </ns3:TrackPointExtension>
        </extensions>
      </trkpt>
      <trkpt lat="22.3257437534630298614501953125" lon="114.1949296183884143829345703125">
        <ele>9.80000019073486328125</ele>
        <time>2026-01-17T06:36:04.000Z</time>
        <extensions>
          <ns3:TrackPointExtension>
            <ns3:hr>88</ns3:hr>
          </ns3:TrackPointExtension>
        </extensions>
      </trkpt>
      <trkpt lat="22.3257290013134479522705078125" lon="114.19492207467555999755859375">
        <ele>9.80000019073486328125</ele>
        <time>2026-01-17T06:36:05.000Z</time>
        <extensions>
          <ns3:TrackPointExtension>
            <ns3:hr>89</ns3:hr>
          </ns3:TrackPointExtension>
        </extensions>
      </trkpt>
      <trkpt lat="22.325714416801929473876953125" lon="114.1949148662388324737548828125">
        <ele>9.80000019073486328125</ele>
        <time>2026-01-17T06:36:06.000Z</time>
        <extensions>
          <ns3:TrackPointExtension>
            <ns3:hr>88</ns3:hr>
          </ns3:TrackPointExtension>
        </extensions>
      </trkpt>
      <trkpt lat="22.32570041902363300323486328125" lon="114.19490857981145381927490234375">
        <ele>9.80000019073486328125</ele>
        <time>2026-01-17T06:36:07.000Z</time>
        <extensions>
          <ns3:TrackPointExtension>
            <ns3:hr>88</ns3:hr>
          </ns3:TrackPointExtension>
        </extensions>
      </trkpt>
      <trkpt lat="22.3256884329020977020263671875" lon="114.19490598142147064208984375">
        <ele>9.80000019073486328125</ele>
        <time>2026-01-17T06:36:08.000Z</time>
        <extensions>
          <ns3:TrackPointExtension>
            <ns3:hr>88</ns3:hr>
          </ns3:TrackPointExtension>
        </extensions>
      </trkpt>
      <trkpt lat="22.325676865875720977783203125" lon="114.19490220956504344940185546875">
        <ele>9.80000019073486328125</ele>
        <time>2026-01-17T06:36:09.000Z</time>
        <extensions>
          <ns3:TrackPointExtension>
            <ns3:hr>87</ns3:hr>
          </ns3:TrackPointExtension>
        </extensions>
      </trkpt>
      <trkpt lat="22.32566420920193195343017578125" lon="114.19489734806120395660400390625">
        <ele>9.80000019073486328125</ele>
        <time>2026-01-17T06:36:10.000Z</time>
        <extensions>
          <ns3:TrackPointExtension>
            <ns3:hr>87</ns3:hr>
          </ns3:TrackPointExtension>
        </extensions>
      </trkpt>
      <trkpt lat="22.325652055442333221435546875" lon="114.19489013962447643280029296875">
        <ele>9.6000003814697265625</ele>
        <time>2026-01-17T06:36:11.000Z</time>
        <extensions>
          <ns3:TrackPointExtension>
            <ns3:hr>87</ns3:hr>
          </ns3:TrackPointExtension>
        </extensions>
      </trkpt>
      <trkpt lat="22.32564057223498821258544921875" lon="114.19488410465419292449951171875">
        <ele>9.6000003814697265625</ele>
        <time>2026-01-17T06:36:12.000Z</time>
        <extensions>
          <ns3:TrackPointExtension>
            <ns3:hr>86</ns3:hr>
          </ns3:TrackPointExtension>
        </extensions>
      </trkpt>
      <trkpt lat="22.32563151977956295013427734375" lon="114.1948776505887508392333984375">
        <ele>9.6000003814697265625</ele>
        <time>2026-01-17T06:36:13.000Z</time>
        <extensions>
          <ns3:TrackPointExtension>
            <ns3:hr>86</ns3:hr>
          </ns3:TrackPointExtension>
        </extensions>
      </trkpt>
      <trkpt lat="22.32562548480927944183349609375" lon="114.1948749683797359466552734375">
        <ele>9.6000003814697265625</ele>
        <time>2026-01-17T06:36:14.000Z</time>
        <extensions>
          <ns3:TrackPointExtension>
            <ns3:hr>85</ns3:hr>
          </ns3:TrackPointExtension>
        </extensions>
      </trkpt>
      <trkpt lat="22.3256197012960910797119140625" lon="114.19487002305686473846435546875">
        <ele>9.6000003814697265625</ele>
        <time>2026-01-17T06:36:15.000Z</time>
        <extensions>
          <ns3:TrackPointExtension>
            <ns3:hr>85</ns3:hr>
          </ns3:TrackPointExtension>
        </extensions>
      </trkpt>
      <trkpt lat="22.32561592943966388702392578125" lon="114.19486465863883495330810546875">
        <ele>9.6000003814697265625</ele>
        <time>2026-01-17T06:36:16.000Z</time>
        <extensions>
          <ns3:TrackPointExtension>
            <ns3:hr>85</ns3:hr>
          </ns3:TrackPointExtension>
        </extensions>
      </trkpt>
      <trkpt lat="22.32561408542096614837646484375" lon="114.1948612220585346221923828125">
        <ele>9.6000003814697265625</ele>
        <time>2026-01-17T06:36:17.000Z</time>
        <extensions>
          <ns3:TrackPointExtension>
            <ns3:hr>85</ns3:hr>
          </ns3:TrackPointExtension>
        </extensions>
      </trkpt>
      <trkpt lat="22.32561659999191761016845703125" lon="114.19485879130661487579345703125">
        <ele>9.6000003814697265625</ele>
        <time>2026-01-17T06:36:18.000Z</time>
        <extensions>
          <ns3:TrackPointExtension>
            <ns3:hr>85</ns3:hr>
          </ns3:TrackPointExtension>
        </extensions>
      </trkpt>
      <trkpt lat="22.325616516172885894775390625" lon="114.19485828839242458343505859375">
        <ele>9.6000003814697265625</ele>
        <time>2026-01-17T06:36:19.000Z</time>
        <extensions>
          <ns3:TrackPointExtension>
            <ns3:hr>85</ns3:hr>
          </ns3:TrackPointExtension>
        </extensions>
      </trkpt>
      <trkpt lat="22.3256166838109493255615234375" lon="114.19485778547823429107666015625">
        <ele>9.6000003814697265625</ele>
        <time>2026-01-17T06:36:20.000Z</time>
        <extensions>
          <ns3:TrackPointExtension>
            <ns3:hr>85</ns3:hr>
          </ns3:TrackPointExtension>
        </extensions>
      </trkpt>
      <trkpt lat="22.32561685144901275634765625" lon="114.19485711492598056793212890625">
        <ele>9.6000003814697265625</ele>
        <time>2026-01-17T06:36:21.000Z</time>
        <extensions>
          <ns3:TrackPointExtension>
            <ns3:hr>85</ns3:hr>
          </ns3:TrackPointExtension>
        </extensions>
      </trkpt>
      <trkpt lat="22.325617186725139617919921875" lon="114.19485610909759998321533203125">
        <ele>9.6000003814697265625</ele>
        <time>2026-01-17T06:36:22.000Z</time>
        <extensions>
          <ns3:TrackPointExtension>
            <ns3:hr>85</ns3:hr>
          </ns3:TrackPointExtension>
        </extensions>
      </trkpt>
      <trkpt lat="22.3256176896393299102783203125" lon="114.1948541812598705291748046875">
        <ele>9.6000003814697265625</ele>
        <time>2026-01-17T06:36:23.000Z</time>
        <extensions>
          <ns3:TrackPointExtension>
            <ns3:hr>85</ns3:hr>
          </ns3:TrackPointExtension>
        </extensions>
      </trkpt>
      <trkpt lat="22.32562012039124965667724609375" lon="114.19484923593699932098388671875">
        <ele>9.6000003814697265625</ele>
        <time>2026-01-17T06:36:24.000Z</time>
        <extensions>
          <ns3:TrackPointExtension>
            <ns3:hr>84</ns3:hr>
          </ns3:TrackPointExtension>
        </extensions>
      </trkpt>
      <trkpt lat="22.32562062330543994903564453125" lon="114.19483758509159088134765625">
        <ele>9.6000003814697265625</ele>
        <time>2026-01-17T06:36:25.000Z</time>
        <extensions>
          <ns3:TrackPointExtension>
            <ns3:hr>84</ns3:hr>
          </ns3:TrackPointExtension>
        </extensions>
      </trkpt>
      <trkpt lat="22.3256200365722179412841796875" lon="114.1948337294161319732666015625">
        <ele>9.6000003814697265625</ele>
        <time>2026-01-17T06:36:26.000Z</time>
        <extensions>
          <ns3:TrackPointExtension>
            <ns3:hr>83</ns3:hr>
          </ns3:TrackPointExtension>
        </extensions>
      </trkpt>
      <trkpt lat="22.32561861164867877960205078125" lon="114.19483029283583164215087890625">
        <ele>9.6000003814697265625</ele>
        <time>2026-01-17T06:36:27.000Z</time>
        <extensions>
          <ns3:TrackPointExtension>
            <ns3:hr>83</ns3:hr>
          </ns3:TrackPointExtension>
        </extensions>
      </trkpt>
      <trkpt lat="22.32561760582029819488525390625" lon="114.19482761062681674957275390625">
        <ele>9.6000003814697265625</ele>
        <time>2026-01-17T06:36:28.000Z</time>
        <extensions>
          <ns3:TrackPointExtension>
            <ns3:hr>83</ns3:hr>
          </ns3:TrackPointExtension>
        </extensions>
      </trkpt>
      <trkpt lat="22.3256175220012664794921875" lon="114.194825850427150726318359375">
        <ele>9.6000003814697265625</ele>
        <time>2026-01-17T06:36:29.000Z</time>
        <extensions>
          <ns3:TrackPointExtension>
            <ns3:hr>84</ns3:hr>
          </ns3:TrackPointExtension>
        </extensions>
      </trkpt>
      <trkpt lat="22.32561727054417133331298828125" lon="114.19482526369392871856689453125">
        <ele>9.6000003814697265625</ele>
        <time>2026-01-17T06:36:30.000Z</time>
        <extensions>
          <ns3:TrackPointExtension>
            <ns3:hr>83</ns3:hr>
          </ns3:TrackPointExtension>
        </extensions>
      </trkpt>
      <trkpt lat="22.3256170190870761871337890625" lon="114.1948248445987701416015625">
        <ele>9.6000003814697265625</ele>
        <time>2026-01-17T06:36:31.000Z</time>
        <extensions>
          <ns3:TrackPointExtension>
            <ns3:hr>83</ns3:hr>
          </ns3:TrackPointExtension>
        </extensions>
      </trkpt>
      <trkpt lat="22.32561676762998104095458984375" lon="114.194824509322643280029296875">
        <ele>9.6000003814697265625</ele>
        <time>2026-01-17T06:36:32.000Z</time>
        <extensions>
          <ns3:TrackPointExtension>
            <ns3:hr>83</ns3:hr>
          </ns3:TrackPointExtension>
        </extensions>
      </trkpt>
      <trkpt lat="22.32561643235385417938232421875" lon="114.1948243416845798492431640625">
        <ele>9.6000003814697265625</ele>
        <time>2026-01-17T06:36:33.000Z</time>
        <extensions>
          <ns3:TrackPointExtension>
            <ns3:hr>83</ns3:hr>
          </ns3:TrackPointExtension>
        </extensions>
      </trkpt>
      <trkpt lat="22.325616180896759033203125" lon="114.19482417404651641845703125">
        <ele>9.6000003814697265625</ele>
        <time>2026-01-17T06:36:34.000Z</time>
        <extensions>
          <ns3:TrackPointExtension>
            <ns3:hr>84</ns3:hr>
          </ns3:TrackPointExtension>
        </extensions>
      </trkpt>
      <trkpt lat="22.325615845620632171630859375" lon="114.1948240064084529876708984375">
        <ele>9.6000003814697265625</ele>
        <time>2026-01-17T06:36:35.000Z</time>
        <extensions>
          <ns3:TrackPointExtension>
            <ns3:hr>85</ns3:hr>
          </ns3:TrackPointExtension>
        </extensions>
      </trkpt>
      <trkpt lat="22.32561551034450531005859375" lon="114.19482392258942127227783203125">
        <ele>9.6000003814697265625</ele>
        <time>2026-01-17T06:36:36.000Z</time>
        <extensions>
          <ns3:TrackPointExtension>
            <ns3:hr>85</ns3:hr>
          </ns3:TrackPointExtension>
        </extensions>
      </trkpt>
      <trkpt lat="22.32561525888741016387939453125" lon="114.194823838770389556884765625">
        <ele>9.6000003814697265625</ele>
        <time>2026-01-17T06:36:37.000Z</time>
        <extensions>
          <ns3:TrackPointExtension>
            <ns3:hr>81</ns3:hr>
          </ns3:TrackPointExtension>
        </extensions>
      </trkpt>
      <trkpt lat="22.32561492361128330230712890625" lon="114.19482375495135784149169921875">
        <ele>9.6000003814697265625</ele>
        <time>2026-01-17T06:36:38.000Z</time>
        <extensions>
          <ns3:TrackPointExtension>
            <ns3:hr>80</ns3:hr>
          </ns3:TrackPointExtension>
        </extensions>
      </trkpt>
      <trkpt lat="22.32561458833515644073486328125" lon="114.19482358731329441070556640625">
        <ele>9.6000003814697265625</ele>
        <time>2026-01-17T06:36:39.000Z</time>
        <extensions>
          <ns3:TrackPointExtension>
            <ns3:hr>79</ns3:hr>
          </ns3:TrackPointExtension>
        </extensions>
      </trkpt>
      <trkpt lat="22.32561425305902957916259765625" lon="114.1948235034942626953125">
        <ele>9.6000003814697265625</ele>
        <time>2026-01-17T06:36:40.000Z</time>
        <extensions>
          <ns3:TrackPointExtension>
            <ns3:hr>78</ns3:hr>
          </ns3:TrackPointExtension>
        </extensions>
      </trkpt>
      <trkpt lat="22.3256140016019344329833984375" lon="114.1948233358561992645263671875">
        <ele>9.6000003814697265625</ele>
        <time>2026-01-17T06:36:41.000Z</time>
        <extensions>
          <ns3:TrackPointExtension>
            <ns3:hr>78</ns3:hr>
          </ns3:TrackPointExtension>
        </extensions>
      </trkpt>
      <trkpt lat="22.3256136663258075714111328125" lon="114.19482325203716754913330078125">
        <ele>9.6000003814697265625</ele>
        <time>2026-01-17T06:36:42.000Z</time>
        <extensions>
          <ns3:TrackPointExtension>
            <ns3:hr>78</ns3:hr>
          </ns3:TrackPointExtension>
        </extensions>
      </trkpt>
      <trkpt lat="22.32561341486871242523193359375" lon="114.194823168218135833740234375">
        <ele>9.6000003814697265625</ele>
        <time>2026-01-17T06:36:43.000Z</time>
        <extensions>
          <ns3:TrackPointExtension>
            <ns3:hr>77</ns3:hr>
          </ns3:TrackPointExtension>
        </extensions>
      </trkpt>
      <trkpt lat="22.325613163411617279052734375" lon="114.194823168218135833740234375">
        <ele>9.6000003814697265625</ele>
        <time>2026-01-17T06:36:44.000Z</time>
        <extensions>
          <ns3:TrackPointExtension>
            <ns3:hr>76</ns3:hr>
          </ns3:TrackPointExtension>
        </extensions>
      </trkpt>
      <trkpt lat="22.325613163411617279052734375" lon="114.1948233358561992645263671875">
        <ele>9.6000003814697265625</ele>
        <time>2026-01-17T06:36:45.000Z</time>
        <extensions>
          <ns3:TrackPointExtension>
            <ns3:hr>75</ns3:hr>
          </ns3:TrackPointExtension>
        </extensions>
      </trkpt>
      <trkpt lat="22.32561324723064899444580078125" lon="114.19482392258942127227783203125">
        <ele>9.6000003814697265625</ele>
        <time>2026-01-17T06:36:46.000Z</time>
        <extensions>
          <ns3:TrackPointExtension>
            <ns3:hr>74</ns3:hr>
          </ns3:TrackPointExtension>
        </extensions>
      </trkpt>
      <trkpt lat="22.32561391778290271759033203125" lon="114.19482526369392871856689453125">
        <ele>9.6000003814697265625</ele>
        <time>2026-01-17T06:36:47.000Z</time>
        <extensions>
          <ns3:TrackPointExtension>
            <ns3:hr>74</ns3:hr>
          </ns3:TrackPointExtension>
        </extensions>
      </trkpt>
      <trkpt lat="22.32561609707772731781005859375" lon="114.194829203188419342041015625">
        <ele>9.6000003814697265625</ele>
        <time>2026-01-17T06:36:48.000Z</time>
        <extensions>
          <ns3:TrackPointExtension>
            <ns3:hr>74</ns3:hr>
          </ns3:TrackPointExtension>
        </extensions>
      </trkpt>
      <trkpt lat="22.325619868934154510498046875" lon="114.19483758509159088134765625">
        <ele>9.6000003814697265625</ele>
        <time>2026-01-17T06:36:49.000Z</time>
        <extensions>
          <ns3:TrackPointExtension>
            <ns3:hr>74</ns3:hr>
          </ns3:TrackPointExtension>
        </extensions>
      </trkpt>
      <trkpt lat="22.32562548480927944183349609375" lon="114.19484202750027179718017578125">
        <ele>9.6000003814697265625</ele>
        <time>2026-01-17T06:36:50.000Z</time>
        <extensions>
          <ns3:TrackPointExtension>
            <ns3:hr>74</ns3:hr>
          </ns3:TrackPointExtension>
        </extensions>
      </trkpt>
      <trkpt lat="22.325626909732818603515625" lon="114.19484336860477924346923828125">
        <ele>9.3999996185302734375</ele>
        <time>2026-01-17T06:36:51.000Z</time>
        <extensions>
          <ns3:TrackPointExtension>
            <ns3:hr>73</ns3:hr>
          </ns3:TrackPointExtension>
        </extensions>
      </trkpt>
      <trkpt lat="22.32562758028507232666015625" lon="114.19484387151896953582763671875">
        <ele>9.3999996185302734375</ele>
        <time>2026-01-17T06:36:52.000Z</time>
        <extensions>
          <ns3:TrackPointExtension>
            <ns3:hr>73</ns3:hr>
          </ns3:TrackPointExtension>
        </extensions>
      </trkpt>
      <trkpt lat="22.32562783174216747283935546875" lon="114.194843955338001251220703125">
        <ele>9.3999996185302734375</ele>
        <time>2026-01-17T06:36:53.000Z</time>
        <extensions>
          <ns3:TrackPointExtension>
            <ns3:hr>74</ns3:hr>
          </ns3:TrackPointExtension>
        </extensions>
      </trkpt>
      <trkpt lat="22.32562783174216747283935546875" lon="114.1948437876999378204345703125">
        <ele>9.3999996185302734375</ele>
        <time>2026-01-17T06:36:54.000Z</time>
        <extensions>
          <ns3:TrackPointExtension>
            <ns3:hr>74</ns3:hr>
          </ns3:TrackPointExtension>
        </extensions>
      </trkpt>
      <trkpt lat="22.32562783174216747283935546875" lon="114.1948434524238109588623046875">
        <ele>9.3999996185302734375</ele>
        <time>2026-01-17T06:36:55.000Z</time>
        <extensions>
          <ns3:TrackPointExtension>
            <ns3:hr>75</ns3:hr>
          </ns3:TrackPointExtension>
        </extensions>
      </trkpt>
      <trkpt lat="22.32562766410410404205322265625" lon="114.1948431171476840972900390625">
        <ele>9.3999996185302734375</ele>
        <time>2026-01-17T06:36:56.000Z</time>
        <extensions>
          <ns3:TrackPointExtension>
            <ns3:hr>75</ns3:hr>
          </ns3:TrackPointExtension>
        </extensions>
      </trkpt>
      <trkpt lat="22.32562758028507232666015625" lon="114.19484269805252552032470703125">
        <ele>9.3999996185302734375</ele>
        <time>2026-01-17T06:36:57.000Z</time>
        <extensions>
          <ns3:TrackPointExtension>
            <ns3:hr>76</ns3:hr>
          </ns3:TrackPointExtension>
        </extensions>
      </trkpt>
      <trkpt lat="22.3256274126470088958740234375" lon="114.194842278957366943359375">
        <ele>9.3999996185302734375</ele>
        <time>2026-01-17T06:36:58.000Z</time>
        <extensions>
          <ns3:TrackPointExtension>
            <ns3:hr>76</ns3:hr>
          </ns3:TrackPointExtension>
        </extensions>
      </trkpt>
      <trkpt lat="22.325627245008945465087890625" lon="114.1948417760431766510009765625">
        <ele>9.3999996185302734375</ele>
        <time>2026-01-17T06:36:59.000Z</time>
        <extensions>
          <ns3:TrackPointExtension>
            <ns3:hr>76</ns3:hr>
          </ns3:TrackPointExtension>
        </extensions>
      </trkpt>
      <trkpt lat="22.3256270773708820343017578125" lon="114.19484135694801807403564453125">
        <ele>9.3999996185302734375</ele>
        <time>2026-01-17T06:37:00.000Z</time>
        <extensions>
          <ns3:TrackPointExtension>
            <ns3:hr>76</ns3:hr>
          </ns3:TrackPointExtension>
        </extensions>
      </trkpt>
      <trkpt lat="22.32562682591378688812255859375" lon="114.19484085403382778167724609375">
        <ele>9.3999996185302734375</ele>
        <time>2026-01-17T06:37:01.000Z</time>
        <extensions>
          <ns3:TrackPointExtension>
            <ns3:hr>77</ns3:hr>
          </ns3:TrackPointExtension>
        </extensions>
      </trkpt>
      <trkpt lat="22.32562665827572345733642578125" lon="114.19484035111963748931884765625">
        <ele>9.3999996185302734375</ele>
        <time>2026-01-17T06:37:02.000Z</time>
        <extensions>
          <ns3:TrackPointExtension>
            <ns3:hr>76</ns3:hr>
          </ns3:TrackPointExtension>
        </extensions>
      </trkpt>
      <trkpt lat="22.32562649063766002655029296875" lon="114.194839932024478912353515625">
        <ele>9.3999996185302734375</ele>
        <time>2026-01-17T06:37:03.000Z</time>
        <extensions>
          <ns3:TrackPointExtension>
            <ns3:hr>76</ns3:hr>
          </ns3:TrackPointExtension>
        </extensions>
      </trkpt>
      <trkpt lat="22.32562623918056488037109375" lon="114.1948394291102886199951171875">
        <ele>9.3999996185302734375</ele>
        <time>2026-01-17T06:37:04.000Z</time>
        <extensions>
          <ns3:TrackPointExtension>
            <ns3:hr>76</ns3:hr>
          </ns3:TrackPointExtension>
        </extensions>
      </trkpt>
      <trkpt lat="22.3256260715425014495849609375" lon="114.19483901001513004302978515625">
        <ele>9.3999996185302734375</ele>
        <time>2026-01-17T06:37:05.000Z</time>
        <extensions>
          <ns3:TrackPointExtension>
            <ns3:hr>76</ns3:hr>
          </ns3:TrackPointExtension>
        </extensions>
      </trkpt>
      <trkpt lat="22.325625903904438018798828125" lon="114.194838590919971466064453125">
        <ele>9.3999996185302734375</ele>
        <time>2026-01-17T06:37:06.000Z</time>
        <extensions>
          <ns3:TrackPointExtension>
            <ns3:hr>76</ns3:hr>
          </ns3:TrackPointExtension>
        </extensions>
      </trkpt>
      <trkpt lat="22.3256257362663745880126953125" lon="114.19483817182481288909912109375">
        <ele>9.3999996185302734375</ele>
        <time>2026-01-17T06:37:07.000Z</time>
        <extensions>
          <ns3:TrackPointExtension>
            <ns3:hr>75</ns3:hr>
          </ns3:TrackPointExtension>
        </extensions>
      </trkpt>
      <trkpt lat="22.32562548480927944183349609375" lon="114.1948377527296543121337890625">
        <ele>9.3999996185302734375</ele>
        <time>2026-01-17T06:37:08.000Z</time>
        <extensions>
          <ns3:TrackPointExtension>
            <ns3:hr>75</ns3:hr>
          </ns3:TrackPointExtension>
        </extensions>
      </trkpt>
      <trkpt lat="22.32562531717121601104736328125" lon="114.19483733363449573516845703125">
        <ele>9.3999996185302734375</ele>
        <time>2026-01-17T06:37:09.000Z</time>
        <extensions>
          <ns3:TrackPointExtension>
            <ns3:hr>75</ns3:hr>
          </ns3:TrackPointExtension>
        </extensions>
      </trkpt>
      <trkpt lat="22.32562514953315258026123046875" lon="114.194836914539337158203125">
        <ele>9.3999996185302734375</ele>
        <time>2026-01-17T06:37:10.000Z</time>
        <extensions>
          <ns3:TrackPointExtension>
            <ns3:hr>74</ns3:hr>
          </ns3:TrackPointExtension>
        </extensions>
      </trkpt>
      <trkpt lat="22.3256250657141208648681640625" lon="114.19483666308224201202392578125">
        <ele>9.3999996185302734375</ele>
        <time>2026-01-17T06:37:11.000Z</time>
        <extensions>
          <ns3:TrackPointExtension>
            <ns3:hr>72</ns3:hr>
          </ns3:TrackPointExtension>
        </extensions>
      </trkpt>
      <trkpt lat="22.32562498189508914947509765625" lon="114.19483649544417858123779296875">
        <ele>9.3999996185302734375</ele>
        <time>2026-01-17T06:37:12.000Z</time>
        <extensions>
          <ns3:TrackPointExtension>
            <ns3:hr>72</ns3:hr>
          </ns3:TrackPointExtension>
        </extensions>
      </trkpt>
      <trkpt lat="22.32562489807605743408203125" lon="114.19483632780611515045166015625">
        <ele>9.3999996185302734375</ele>
        <time>2026-01-17T06:37:13.000Z</time>
        <extensions>
          <ns3:TrackPointExtension>
            <ns3:hr>71</ns3:hr>
          </ns3:TrackPointExtension>
        </extensions>
      </trkpt>
      <trkpt lat="22.32562489807605743408203125" lon="114.19483624398708343505859375">
        <ele>9.3999996185302734375</ele>
        <time>2026-01-17T06:37:14.000Z</time>
        <extensions>
          <ns3:TrackPointExtension>
            <ns3:hr>71</ns3:hr>
          </ns3:TrackPointExtension>
        </extensions>
      </trkpt>
      <trkpt lat="22.32562489807605743408203125" lon="114.19483624398708343505859375">
        <ele>9.3999996185302734375</ele>
        <time>2026-01-17T06:37:15.000Z</time>
        <extensions>
          <ns3:TrackPointExtension>
            <ns3:hr>72</ns3:hr>
          </ns3:TrackPointExtension>
        </extensions>
      </trkpt>
      <trkpt lat="22.32562498189508914947509765625" lon="114.19483624398708343505859375">
        <ele>9.3999996185302734375</ele>
        <time>2026-01-17T06:37:16.000Z</time>
        <extensions>
          <ns3:TrackPointExtension>
            <ns3:hr>72</ns3:hr>
          </ns3:TrackPointExtension>
        </extensions>
      </trkpt>
      <trkpt lat="22.32562531717121601104736328125" lon="114.1948364116251468658447265625">
        <ele>9.3999996185302734375</ele>
        <time>2026-01-17T06:37:17.000Z</time>
        <extensions>
          <ns3:TrackPointExtension>
            <ns3:hr>72</ns3:hr>
          </ns3:TrackPointExtension>
        </extensions>
      </trkpt>
      <trkpt lat="22.32562598772346973419189453125" lon="114.19483683072030544281005859375">
        <ele>9.3999996185302734375</ele>
        <time>2026-01-17T06:37:18.000Z</time>
        <extensions>
          <ns3:TrackPointExtension>
            <ns3:hr>71</ns3:hr>
          </ns3:TrackPointExtension>
        </extensions>
      </trkpt>
      <trkpt lat="22.32562732882797718048095703125" lon="114.19483766891062259674072265625">
        <ele>9.3999996185302734375</ele>
        <time>2026-01-17T06:37:19.000Z</time>
        <extensions>
          <ns3:TrackPointExtension>
            <ns3:hr>72</ns3:hr>
          </ns3:TrackPointExtension>
        </extensions>
      </trkpt>
      <trkpt lat="22.325629927217960357666015625" lon="114.1948387585580348968505859375">
        <ele>9.3999996185302734375</ele>
        <time>2026-01-17T06:37:20.000Z</time>
        <extensions>
          <ns3:TrackPointExtension>
            <ns3:hr>72</ns3:hr>
          </ns3:TrackPointExtension>
        </extensions>
      </trkpt>
      <trkpt lat="22.32563839294016361236572265625" lon="114.19484269805252552032470703125">
        <ele>9.3999996185302734375</ele>
        <time>2026-01-17T06:37:21.000Z</time>
        <extensions>
          <ns3:TrackPointExtension>
            <ns3:hr>72</ns3:hr>
          </ns3:TrackPointExtension>
        </extensions>
      </trkpt>
      <trkpt lat="22.32564409263432025909423828125" lon="114.19484018348157405853271484375">
        <ele>9.6000003814697265625</ele>
        <time>2026-01-17T06:37:22.000Z</time>
        <extensions>
          <ns3:TrackPointExtension>
            <ns3:hr>71</ns3:hr>
          </ns3:TrackPointExtension>
        </extensions>
      </trkpt>
      <trkpt lat="22.32564761303365230560302734375" lon="114.19483624398708343505859375">
        <ele>9.6000003814697265625</ele>
        <time>2026-01-17T06:37:23.000Z</time>
        <extensions>
          <ns3:TrackPointExtension>
            <ns3:hr>72</ns3:hr>
          </ns3:TrackPointExtension>
        </extensions>
      </trkpt>
      <trkpt lat="22.32565130107104778289794921875" lon="114.19483448378741741180419921875">
        <ele>9.6000003814697265625</ele>
        <time>2026-01-17T06:37:24.000Z</time>
        <extensions>
          <ns3:TrackPointExtension>
            <ns3:hr>72</ns3:hr>
          </ns3:TrackPointExtension>
        </extensions>
      </trkpt>
      <trkpt lat="22.3256555758416652679443359375" lon="114.194834567606449127197265625">
        <ele>9.80000019073486328125</ele>
        <time>2026-01-17T06:37:25.000Z</time>
        <extensions>
          <ns3:TrackPointExtension>
            <ns3:hr>71</ns3:hr>
          </ns3:TrackPointExtension>
        </extensions>
      </trkpt>
      <trkpt lat="22.3256595991551876068115234375" lon="114.1948337294161319732666015625">
        <ele>9.6000003814697265625</ele>
        <time>2026-01-17T06:37:26.000Z</time>
        <extensions>
          <ns3:TrackPointExtension>
            <ns3:hr>72</ns3:hr>
          </ns3:TrackPointExtension>
        </extensions>
      </trkpt>
      <trkpt lat="22.325662113726139068603515625" lon="114.19483356177806854248046875">
        <ele>9.6000003814697265625</ele>
        <time>2026-01-17T06:37:27.000Z</time>
        <extensions>
          <ns3:TrackPointExtension>
            <ns3:hr>72</ns3:hr>
          </ns3:TrackPointExtension>
        </extensions>
      </trkpt>
      <trkpt lat="22.32566337101161479949951171875" lon="114.19483180157840251922607421875">
        <ele>9.6000003814697265625</ele>
        <time>2026-01-17T06:37:28.000Z</time>
        <extensions>
          <ns3:TrackPointExtension>
            <ns3:hr>73</ns3:hr>
          </ns3:TrackPointExtension>
        </extensions>
      </trkpt>
      <trkpt lat="22.32566270045936107635498046875" lon="114.1948317177593708038330078125">
        <ele>9.3999996185302734375</ele>
        <time>2026-01-17T06:37:29.000Z</time>
        <extensions>
          <ns3:TrackPointExtension>
            <ns3:hr>73</ns3:hr>
          </ns3:TrackPointExtension>
        </extensions>
      </trkpt>
      <trkpt lat="22.3256616108119487762451171875" lon="114.194831885397434234619140625">
        <ele>9.3999996185302734375</ele>
        <time>2026-01-17T06:37:30.000Z</time>
        <extensions>
          <ns3:TrackPointExtension>
            <ns3:hr>73</ns3:hr>
          </ns3:TrackPointExtension>
        </extensions>
      </trkpt>
      <trkpt lat="22.32566202990710735321044921875" lon="114.1948313824832439422607421875">
        <ele>9.6000003814697265625</ele>
        <time>2026-01-17T06:37:31.000Z</time>
        <extensions>
          <ns3:TrackPointExtension>
            <ns3:hr>73</ns3:hr>
          </ns3:TrackPointExtension>
        </extensions>
      </trkpt>
      <trkpt lat="22.3256626166403293609619140625" lon="114.19483096338808536529541015625">
        <ele>9.6000003814697265625</ele>
        <time>2026-01-17T06:37:32.000Z</time>
        <extensions>
          <ns3:TrackPointExtension>
            <ns3:hr>73</ns3:hr>
          </ns3:TrackPointExtension>
        </extensions>
      </trkpt>
      <trkpt lat="22.3256631195545196533203125" lon="114.194830544292926788330078125">
        <ele>9.6000003814697265625</ele>
        <time>2026-01-17T06:37:33.000Z</time>
        <extensions>
          <ns3:TrackPointExtension>
            <ns3:hr>73</ns3:hr>
          </ns3:TrackPointExtension>
        </extensions>
      </trkpt>
      <trkpt lat="22.32566353864967823028564453125" lon="114.19483029283583164215087890625">
        <ele>9.6000003814697265625</ele>
        <time>2026-01-17T06:37:34.000Z</time>
        <extensions>
          <ns3:TrackPointExtension>
            <ns3:hr>74</ns3:hr>
          </ns3:TrackPointExtension>
        </extensions>
      </trkpt>
      <trkpt lat="22.32566387392580509185791015625" lon="114.19483012519776821136474609375">
        <ele>9.6000003814697265625</ele>
        <time>2026-01-17T06:37:35.000Z</time>
        <extensions>
          <ns3:TrackPointExtension>
            <ns3:hr>77</ns3:hr>
          </ns3:TrackPointExtension>
        </extensions>
      </trkpt>
      <trkpt lat="22.32566404156386852264404296875" lon="114.1948300413787364959716796875">
        <ele>9.6000003814697265625</ele>
        <time>2026-01-17T06:37:36.000Z</time>
        <extensions>
          <ns3:TrackPointExtension>
            <ns3:hr>78</ns3:hr>
          </ns3:TrackPointExtension>
        </extensions>
      </trkpt>
      <trkpt lat="22.3256639577448368072509765625" lon="114.19483012519776821136474609375">
        <ele>9.6000003814697265625</ele>
        <time>2026-01-17T06:37:37.000Z</time>
        <extensions>
          <ns3:TrackPointExtension>
            <ns3:hr>78</ns3:hr>
          </ns3:TrackPointExtension>
        </extensions>
      </trkpt>
      <trkpt lat="22.3256636224687099456787109375" lon="114.19483046047389507293701171875">
        <ele>9.6000003814697265625</ele>
        <time>2026-01-17T06:37:38.000Z</time>
        <extensions>
          <ns3:TrackPointExtension>
            <ns3:hr>78</ns3:hr>
          </ns3:TrackPointExtension>
        </extensions>
      </trkpt>
      <trkpt lat="22.3256631195545196533203125" lon="114.19483079575002193450927734375">
        <ele>9.6000003814697265625</ele>
        <time>2026-01-17T06:37:39.000Z</time>
        <extensions>
          <ns3:TrackPointExtension>
            <ns3:hr>78</ns3:hr>
          </ns3:TrackPointExtension>
        </extensions>
      </trkpt>
      <trkpt lat="22.3256626166403293609619140625" lon="114.194831214845180511474609375">
        <ele>9.6000003814697265625</ele>
        <time>2026-01-17T06:37:40.000Z</time>
        <extensions>
          <ns3:TrackPointExtension>
            <ns3:hr>77</ns3:hr>
          </ns3:TrackPointExtension>
        </extensions>
      </trkpt>
      <trkpt lat="22.32566202990710735321044921875" lon="114.19483163394033908843994140625">
        <ele>9.6000003814697265625</ele>
        <time>2026-01-17T06:37:41.000Z</time>
        <extensions>
          <ns3:TrackPointExtension>
            <ns3:hr>76</ns3:hr>
          </ns3:TrackPointExtension>
        </extensions>
      </trkpt>
      <trkpt lat="22.325661443173885345458984375" lon="114.19483213685452938079833984375">
        <ele>9.6000003814697265625</ele>
        <time>2026-01-17T06:37:42.000Z</time>
        <extensions>
          <ns3:TrackPointExtension>
            <ns3:hr>75</ns3:hr>
          </ns3:TrackPointExtension>
        </extensions>
      </trkpt>
      <trkpt lat="22.32566085644066333770751953125" lon="114.194832555949687957763671875">
        <ele>9.80000019073486328125</ele>
        <time>2026-01-17T06:37:43.000Z</time>
        <extensions>
          <ns3:TrackPointExtension>
            <ns3:hr>74</ns3:hr>
          </ns3:TrackPointExtension>
        </extensions>
      </trkpt>
      <trkpt lat="22.3256602697074413299560546875" lon="114.1948330588638782501220703125">
        <ele>9.80000019073486328125</ele>
        <time>2026-01-17T06:37:44.000Z</time>
        <extensions>
          <ns3:TrackPointExtension>
            <ns3:hr>74</ns3:hr>
          </ns3:TrackPointExtension>
        </extensions>
      </trkpt>
      <trkpt lat="22.32565918006002902984619140625" lon="114.19482283294200897216796875">
        <ele>9.6000003814697265625</ele>
        <time>2026-01-17T06:38:49.000Z</time>
        <extensions>
          <ns3:TrackPointExtension>
            <ns3:hr>70</ns3:hr>
          </ns3:TrackPointExtension>
        </extensions>
      </trkpt>
      <trkpt lat="22.32565482147037982940673828125" lon="114.1948216594755649566650390625">
        <ele>9.80000019073486328125</ele>
        <time>2026-01-17T06:38:50.000Z</time>
        <extensions>
          <ns3:TrackPointExtension>
            <ns3:hr>69</ns3:hr>
          </ns3:TrackPointExtension>
        </extensions>
      </trkpt>
      <trkpt lat="22.325648032128810882568359375" lon="114.1948199830949306488037109375">
        <ele>9.6000003814697265625</ele>
        <time>2026-01-17T06:38:51.000Z</time>
        <extensions>
          <ns3:TrackPointExtension>
            <ns3:hr>69</ns3:hr>
          </ns3:TrackPointExtension>
        </extensions>
      </trkpt>
      <trkpt lat="22.32563688419759273529052734375" lon="114.19481755234301090240478515625">
        <ele>9.6000003814697265625</ele>
        <time>2026-01-17T06:38:52.000Z</time>
        <extensions>
          <ns3:TrackPointExtension>
            <ns3:hr>69</ns3:hr>
          </ns3:TrackPointExtension>
        </extensions>
      </trkpt>
      <trkpt lat="22.3256270773708820343017578125" lon="114.19481637887656688690185546875">
        <ele>9.3999996185302734375</ele>
        <time>2026-01-17T06:38:53.000Z</time>
        <extensions>
          <ns3:TrackPointExtension>
            <ns3:hr>69</ns3:hr>
          </ns3:TrackPointExtension>
        </extensions>
      </trkpt>
      <trkpt lat="22.3256150074303150177001953125" lon="114.194811768829822540283203125">
        <ele>9.19999980926513671875</ele>
        <time>2026-01-17T06:38:54.000Z</time>
        <extensions>
          <ns3:TrackPointExtension>
            <ns3:hr>69</ns3:hr>
          </ns3:TrackPointExtension>
        </extensions>
      </trkpt>
      <trkpt lat="22.3256022669374942779541015625" lon="114.194806404411792755126953125">
        <ele>9.19999980926513671875</ele>
        <time>2026-01-17T06:38:55.000Z</time>
        <extensions>
          <ns3:TrackPointExtension>
            <ns3:hr>71</ns3:hr>
          </ns3:TrackPointExtension>
        </extensions>
      </trkpt>
      <trkpt lat="22.32558868825435638427734375" lon="114.19479726813733577728271484375">
        <ele>9.3999996185302734375</ele>
        <time>2026-01-17T06:38:56.000Z</time>
        <extensions>
          <ns3:TrackPointExtension>
            <ns3:hr>73</ns3:hr>
          </ns3:TrackPointExtension>
        </extensions>
      </trkpt>
      <trkpt lat="22.3255767859518527984619140625" lon="114.1947877965867519378662109375">
        <ele>9.3999996185302734375</ele>
        <time>2026-01-17T06:38:57.000Z</time>
        <extensions>
          <ns3:TrackPointExtension>
            <ns3:hr>74</ns3:hr>
          </ns3:TrackPointExtension>
        </extensions>
      </trkpt>
      <trkpt lat="22.32556530274450778961181640625" lon="114.1947790794074535369873046875">
        <ele>9.3999996185302734375</ele>
        <time>2026-01-17T06:38:58.000Z</time>
        <extensions>
          <ns3:TrackPointExtension>
            <ns3:hr>75</ns3:hr>
          </ns3:TrackPointExtension>
        </extensions>
      </trkpt>
      <trkpt lat="22.32555381953716278076171875" lon="114.19477044604718685150146484375">
        <ele>9.6000003814697265625</ele>
        <time>2026-01-17T06:38:59.000Z</time>
        <extensions>
          <ns3:TrackPointExtension>
            <ns3:hr>75</ns3:hr>
          </ns3:TrackPointExtension>
        </extensions>
      </trkpt>
      <trkpt lat="22.325542755424976348876953125" lon="114.19476323761045932769775390625">
        <ele>9.6000003814697265625</ele>
        <time>2026-01-17T06:39:00.000Z</time>
        <extensions>
          <ns3:TrackPointExtension>
            <ns3:hr>76</ns3:hr>
          </ns3:TrackPointExtension>
        </extensions>
      </trkpt>
      <trkpt lat="22.32553261332213878631591796875" lon="114.1947566159069538116455078125">
        <ele>9.6000003814697265625</ele>
        <time>2026-01-17T06:39:01.000Z</time>
        <extensions>
          <ns3:TrackPointExtension>
            <ns3:hr>77</ns3:hr>
          </ns3:TrackPointExtension>
        </extensions>
      </trkpt>
      <trkpt lat="22.325522638857364654541015625" lon="114.194749407470226287841796875">
        <ele>9.6000003814697265625</ele>
        <time>2026-01-17T06:39:02.000Z</time>
        <extensions>
          <ns3:TrackPointExtension>
            <ns3:hr>78</ns3:hr>
          </ns3:TrackPointExtension>
        </extensions>
      </trkpt>
      <trkpt lat="22.3255124129354953765869140625" lon="114.194741360843181610107421875">
        <ele>9.3999996185302734375</ele>
        <time>2026-01-17T06:39:03.000Z</time>
        <extensions>
          <ns3:TrackPointExtension>
            <ns3:hr>79</ns3:hr>
          </ns3:TrackPointExtension>
        </extensions>
      </trkpt>
      <trkpt lat="22.32550176791846752166748046875" lon="114.194733314216136932373046875">
        <ele>9.3999996185302734375</ele>
        <time>2026-01-17T06:39:04.000Z</time>
        <extensions>
          <ns3:TrackPointExtension>
            <ns3:hr>79</ns3:hr>
          </ns3:TrackPointExtension>
        </extensions>
      </trkpt>
      <trkpt lat="22.3254914581775665283203125" lon="114.1947256028652191162109375">
        <ele>9.19999980926513671875</ele>
        <time>2026-01-17T06:39:05.000Z</time>
        <extensions>
          <ns3:TrackPointExtension>
            <ns3:hr>80</ns3:hr>
          </ns3:TrackPointExtension>
        </extensions>
      </trkpt>
      <trkpt lat="22.3254819028079509735107421875" lon="114.1947173886001110076904296875">
        <ele>9.19999980926513671875</ele>
        <time>2026-01-17T06:39:06.000Z</time>
        <extensions>
          <ns3:TrackPointExtension>
            <ns3:hr>81</ns3:hr>
          </ns3:TrackPointExtension>
        </extensions>
      </trkpt>
      <trkpt lat="22.32547226361930370330810546875" lon="114.19470942579209804534912109375">
        <ele>9.3999996185302734375</ele>
        <time>2026-01-17T06:39:07.000Z</time>
        <extensions>
          <ns3:TrackPointExtension>
            <ns3:hr>82</ns3:hr>
          </ns3:TrackPointExtension>
        </extensions>
      </trkpt>
      <trkpt lat="22.3254617862403392791748046875" lon="114.194699116051197052001953125">
        <ele>9.3999996185302734375</ele>
        <time>2026-01-17T06:39:08.000Z</time>
        <extensions>
          <ns3:TrackPointExtension>
            <ns3:hr>83</ns3:hr>
          </ns3:TrackPointExtension>
        </extensions>
      </trkpt>
      <trkpt lat="22.32545130886137485504150390625" lon="114.19468880631029605865478515625">
        <ele>9.3999996185302734375</ele>
        <time>2026-01-17T06:39:09.000Z</time>
        <extensions>
          <ns3:TrackPointExtension>
            <ns3:hr>84</ns3:hr>
          </ns3:TrackPointExtension>
        </extensions>
      </trkpt>
      <trkpt lat="22.3254409991204738616943359375" lon="114.1946795023977756500244140625">
        <ele>9.3999996185302734375</ele>
        <time>2026-01-17T06:39:10.000Z</time>
        <extensions>
          <ns3:TrackPointExtension>
            <ns3:hr>84</ns3:hr>
          </ns3:TrackPointExtension>
        </extensions>
      </trkpt>
      <trkpt lat="22.32543152756989002227783203125" lon="114.1946717910468578338623046875">
        <ele>9.3999996185302734375</ele>
        <time>2026-01-17T06:39:11.000Z</time>
        <extensions>
          <ns3:TrackPointExtension>
            <ns3:hr>84</ns3:hr>
          </ns3:TrackPointExtension>
        </extensions>
      </trkpt>
      <trkpt lat="22.3254225589334964752197265625" lon="114.1946644149720668792724609375">
        <ele>9.19999980926513671875</ele>
        <time>2026-01-17T06:39:12.000Z</time>
        <extensions>
          <ns3:TrackPointExtension>
            <ns3:hr>84</ns3:hr>
          </ns3:TrackPointExtension>
        </extensions>
      </trkpt>
      <trkpt lat="22.32541543431580066680908203125" lon="114.19465653598308563232421875">
        <ele>9.19999980926513671875</ele>
        <time>2026-01-17T06:39:13.000Z</time>
        <extensions>
          <ns3:TrackPointExtension>
            <ns3:hr>83</ns3:hr>
          </ns3:TrackPointExtension>
        </extensions>
      </trkpt>
      <trkpt lat="22.32540705241262912750244140625" lon="114.1946473158895969390869140625">
        <ele>9.19999980926513671875</ele>
        <time>2026-01-17T06:39:14.000Z</time>
        <extensions>
          <ns3:TrackPointExtension>
            <ns3:hr>82</ns3:hr>
          </ns3:TrackPointExtension>
        </extensions>
      </trkpt>
      <trkpt lat="22.32539825141429901123046875" lon="114.19464019127190113067626953125">
        <ele>9.3999996185302734375</ele>
        <time>2026-01-17T06:39:15.000Z</time>
        <extensions>
          <ns3:TrackPointExtension>
            <ns3:hr>81</ns3:hr>
          </ns3:TrackPointExtension>
        </extensions>
      </trkpt>
      <trkpt lat="22.3253903724253177642822265625" lon="114.1946332342922687530517578125">
        <ele>9.3999996185302734375</ele>
        <time>2026-01-17T06:39:16.000Z</time>
        <extensions>
          <ns3:TrackPointExtension>
            <ns3:hr>81</ns3:hr>
          </ns3:TrackPointExtension>
        </extensions>
      </trkpt>
      <trkpt lat="22.32538224197924137115478515625" lon="114.19462426565587520599365234375">
        <ele>9.3999996185302734375</ele>
        <time>2026-01-17T06:39:17.000Z</time>
        <extensions>
          <ns3:TrackPointExtension>
            <ns3:hr>81</ns3:hr>
          </ns3:TrackPointExtension>
        </extensions>
      </trkpt>
      <trkpt lat="22.32537277042865753173828125" lon="114.19461471028625965118408203125">
        <ele>9.19999980926513671875</ele>
        <time>2026-01-17T06:39:18.000Z</time>
        <extensions>
          <ns3:TrackPointExtension>
            <ns3:hr>81</ns3:hr>
          </ns3:TrackPointExtension>
        </extensions>
      </trkpt>
      <trkpt lat="22.32536581344902515411376953125" lon="114.19460733421146869659423828125">
        <ele>9.19999980926513671875</ele>
        <time>2026-01-17T06:39:19.000Z</time>
        <extensions>
          <ns3:TrackPointExtension>
            <ns3:hr>81</ns3:hr>
          </ns3:TrackPointExtension>
        </extensions>
      </trkpt>
      <trkpt lat="22.32535977847874164581298828125" lon="114.19459794647991657257080078125">
        <ele>9.19999980926513671875</ele>
        <time>2026-01-17T06:39:20.000Z</time>
        <extensions>
          <ns3:TrackPointExtension>
            <ns3:hr>81</ns3:hr>
          </ns3:TrackPointExtension>
        </extensions>
      </trkpt>
      <trkpt lat="22.32535340823233127593994140625" lon="114.19458973221480846405029296875">
        <ele>9.19999980926513671875</ele>
        <time>2026-01-17T06:39:21.000Z</time>
        <extensions>
          <ns3:TrackPointExtension>
            <ns3:hr>81</ns3:hr>
          </ns3:TrackPointExtension>
        </extensions>
      </trkpt>
      <trkpt lat="22.3253461159765720367431640625" lon="114.19457950629293918609619140625">
        <ele>9.19999980926513671875</ele>
        <time>2026-01-17T06:39:22.000Z</time>
        <extensions>
          <ns3:TrackPointExtension>
            <ns3:hr>81</ns3:hr>
          </ns3:TrackPointExtension>
        </extensions>
      </trkpt>
      <trkpt lat="22.32533815316855907440185546875" lon="114.1945708729326725006103515625">
        <ele>9</ele>
        <time>2026-01-17T06:39:23.000Z</time>
        <extensions>
          <ns3:TrackPointExtension>
            <ns3:hr>81</ns3:hr>
          </ns3:TrackPointExtension>
        </extensions>
      </trkpt>
      <trkpt lat="22.32533119618892669677734375" lon="114.1945621557533740997314453125">
        <ele>9</ele>
        <time>2026-01-17T06:39:24.000Z</time>
        <extensions>
          <ns3:TrackPointExtension>
            <ns3:hr>81</ns3:hr>
          </ns3:TrackPointExtension>
        </extensions>
      </trkpt>
      <trkpt lat="22.32532583177089691162109375" lon="114.19455151073634624481201171875">
        <ele>9</ele>
        <time>2026-01-17T06:39:25.000Z</time>
        <extensions>
          <ns3:TrackPointExtension>
            <ns3:hr>81</ns3:hr>
          </ns3:TrackPointExtension>
        </extensions>
      </trkpt>
      <trkpt lat="22.32532055117189884185791015625" lon="114.1945430450141429901123046875">
        <ele>9</ele>
        <time>2026-01-17T06:39:26.000Z</time>
        <extensions>
          <ns3:TrackPointExtension>
            <ns3:hr>81</ns3:hr>
          </ns3:TrackPointExtension>
        </extensions>
      </trkpt>
      <trkpt lat="22.32531334273517131805419921875" lon="114.19453181326389312744140625">
        <ele>9</ele>
        <time>2026-01-17T06:39:27.000Z</time>
        <extensions>
          <ns3:TrackPointExtension>
            <ns3:hr>81</ns3:hr>
          </ns3:TrackPointExtension>
        </extensions>
      </trkpt>
      <trkpt lat="22.32530496083199977874755859375" lon="114.19452116824686527252197265625">
        <ele>9</ele>
        <time>2026-01-17T06:39:28.000Z</time>
        <extensions>
          <ns3:TrackPointExtension>
            <ns3:hr>82</ns3:hr>
          </ns3:TrackPointExtension>
        </extensions>
      </trkpt>
      <trkpt lat="22.32529708184301853179931640625" lon="114.1945115290582180023193359375">
        <ele>9</ele>
        <time>2026-01-17T06:39:29.000Z</time>
        <extensions>
          <ns3:TrackPointExtension>
            <ns3:hr>82</ns3:hr>
          </ns3:TrackPointExtension>
        </extensions>
      </trkpt>
      <trkpt lat="22.3252891190350055694580078125" lon="114.1945008002221584320068359375">
        <ele>9.19999980926513671875</ele>
        <time>2026-01-17T06:39:30.000Z</time>
        <extensions>
          <ns3:TrackPointExtension>
            <ns3:hr>81</ns3:hr>
          </ns3:TrackPointExtension>
        </extensions>
      </trkpt>
      <trkpt lat="22.3252807371318340301513671875" lon="114.194490574300289154052734375">
        <ele>9.19999980926513671875</ele>
        <time>2026-01-17T06:39:31.000Z</time>
        <extensions>
          <ns3:TrackPointExtension>
            <ns3:hr>81</ns3:hr>
          </ns3:TrackPointExtension>
        </extensions>
      </trkpt>
      <trkpt lat="22.32527260668575763702392578125" lon="114.19448026455938816070556640625">
        <ele>9.19999980926513671875</ele>
        <time>2026-01-17T06:39:32.000Z</time>
        <extensions>
          <ns3:TrackPointExtension>
            <ns3:hr>81</ns3:hr>
          </ns3:TrackPointExtension>
        </extensions>
      </trkpt>
      <trkpt lat="22.32526372186839580535888671875" lon="114.19447154738008975982666015625">
        <ele>9.19999980926513671875</ele>
        <time>2026-01-17T06:39:33.000Z</time>
        <extensions>
          <ns3:TrackPointExtension>
            <ns3:hr>81</ns3:hr>
          </ns3:TrackPointExtension>
        </extensions>
      </trkpt>
      <trkpt lat="22.3252539150416851043701171875" lon="114.19446299783885478973388671875">
        <ele>9.19999980926513671875</ele>
        <time>2026-01-17T06:39:34.000Z</time>
        <extensions>
          <ns3:TrackPointExtension>
            <ns3:hr>80</ns3:hr>
          </ns3:TrackPointExtension>
        </extensions>
      </trkpt>
      <trkpt lat="22.32524427585303783416748046875" lon="114.19445293955504894256591796875">
        <ele>9.19999980926513671875</ele>
        <time>2026-01-17T06:39:35.000Z</time>
        <extensions>
          <ns3:TrackPointExtension>
            <ns3:hr>81</ns3:hr>
          </ns3:TrackPointExtension>
        </extensions>
      </trkpt>
      <trkpt lat="22.325234971940517425537109375" lon="114.19444388709962368011474609375">
        <ele>9.19999980926513671875</ele>
        <time>2026-01-17T06:39:36.000Z</time>
        <extensions>
          <ns3:TrackPointExtension>
            <ns3:hr>81</ns3:hr>
          </ns3:TrackPointExtension>
        </extensions>
      </trkpt>
      <trkpt lat="22.3252254165709018707275390625" lon="114.19443299062550067901611328125">
        <ele>9.19999980926513671875</ele>
        <time>2026-01-17T06:39:37.000Z</time>
        <extensions>
          <ns3:TrackPointExtension>
            <ns3:hr>82</ns3:hr>
          </ns3:TrackPointExtension>
        </extensions>
      </trkpt>
      <trkpt lat="22.3252163641154766082763671875" lon="114.194422848522663116455078125">
        <ele>9.19999980926513671875</ele>
        <time>2026-01-17T06:39:38.000Z</time>
        <extensions>
          <ns3:TrackPointExtension>
            <ns3:hr>82</ns3:hr>
          </ns3:TrackPointExtension>
        </extensions>
      </trkpt>
      <trkpt lat="22.32520773075520992279052734375" lon="114.19441119767725467681884765625">
        <ele>9.19999980926513671875</ele>
        <time>2026-01-17T06:39:39.000Z</time>
        <extensions>
          <ns3:TrackPointExtension>
            <ns3:hr>83</ns3:hr>
          </ns3:TrackPointExtension>
        </extensions>
      </trkpt>
      <trkpt lat="22.32519867829978466033935546875" lon="114.194400049746036529541015625">
        <ele>9.19999980926513671875</ele>
        <time>2026-01-17T06:39:40.000Z</time>
        <extensions>
          <ns3:TrackPointExtension>
            <ns3:hr>83</ns3:hr>
          </ns3:TrackPointExtension>
        </extensions>
      </trkpt>
      <trkpt lat="22.3251912184059619903564453125" lon="114.19438823126256465911865234375">
        <ele>9.19999980926513671875</ele>
        <time>2026-01-17T06:39:41.000Z</time>
        <extensions>
          <ns3:TrackPointExtension>
            <ns3:hr>84</ns3:hr>
          </ns3:TrackPointExtension>
        </extensions>
      </trkpt>
      <trkpt lat="22.3251825012266635894775390625" lon="114.19437984935939311981201171875">
        <ele>9.19999980926513671875</ele>
        <time>2026-01-17T06:39:42.000Z</time>
        <extensions>
          <ns3:TrackPointExtension>
            <ns3:hr>84</ns3:hr>
          </ns3:TrackPointExtension>
        </extensions>
      </trkpt>
      <trkpt lat="22.3251744545996189117431640625" lon="114.194371886551380157470703125">
        <ele>9.19999980926513671875</ele>
        <time>2026-01-17T06:39:43.000Z</time>
        <extensions>
          <ns3:TrackPointExtension>
            <ns3:hr>84</ns3:hr>
          </ns3:TrackPointExtension>
        </extensions>
      </trkpt>
      <trkpt lat="22.32516548596322536468505859375" lon="114.19436417520046234130859375">
        <ele>9.19999980926513671875</ele>
        <time>2026-01-17T06:39:44.000Z</time>
        <extensions>
          <ns3:TrackPointExtension>
            <ns3:hr>84</ns3:hr>
          </ns3:TrackPointExtension>
        </extensions>
      </trkpt>
      <trkpt lat="22.32515542767941951751708984375" lon="114.19435403309762477874755859375">
        <ele>9.19999980926513671875</ele>
        <time>2026-01-17T06:39:45.000Z</time>
        <extensions>
          <ns3:TrackPointExtension>
            <ns3:hr>84</ns3:hr>
          </ns3:TrackPointExtension>
        </extensions>
      </trkpt>
      <trkpt lat="22.3251452855765819549560546875" lon="114.194343052804470062255859375">
        <ele>9.19999980926513671875</ele>
        <time>2026-01-17T06:39:46.000Z</time>
        <extensions>
          <ns3:TrackPointExtension>
            <ns3:hr>84</ns3:hr>
          </ns3:TrackPointExtension>
        </extensions>
      </trkpt>
      <trkpt lat="22.32513531111180782318115234375" lon="114.1943311505019664764404296875">
        <ele>9</ele>
        <time>2026-01-17T06:39:47.000Z</time>
        <extensions>
          <ns3:TrackPointExtension>
            <ns3:hr>84</ns3:hr>
          </ns3:TrackPointExtension>
        </extensions>
      </trkpt>
      <trkpt lat="22.32512625865638256072998046875" lon="114.19431530870497226715087890625">
        <ele>9</ele>
        <time>2026-01-17T06:39:48.000Z</time>
        <extensions>
          <ns3:TrackPointExtension>
            <ns3:hr>84</ns3:hr>
          </ns3:TrackPointExtension>
        </extensions>
      </trkpt>
      <trkpt lat="22.32512005604803562164306640625" lon="114.19430307112634181976318359375">
        <ele>9</ele>
        <time>2026-01-17T06:39:49.000Z</time>
        <extensions>
          <ns3:TrackPointExtension>
            <ns3:hr>84</ns3:hr>
          </ns3:TrackPointExtension>
        </extensions>
      </trkpt>
      <trkpt lat="22.32511385343968868255615234375" lon="114.1942919231951236724853515625">
        <ele>9</ele>
        <time>2026-01-17T06:39:50.000Z</time>
        <extensions>
          <ns3:TrackPointExtension>
            <ns3:hr>84</ns3:hr>
          </ns3:TrackPointExtension>
        </extensions>
      </trkpt>
      <trkpt lat="22.32510597445070743560791015625" lon="114.1942822001874446868896484375">
        <ele>9</ele>
        <time>2026-01-17T06:39:51.000Z</time>
        <extensions>
          <ns3:TrackPointExtension>
            <ns3:hr>84</ns3:hr>
          </ns3:TrackPointExtension>
        </extensions>
      </trkpt>
      <trkpt lat="22.32509918510913848876953125" lon="114.19427205808460712432861328125">
        <ele>9</ele>
        <time>2026-01-17T06:39:52.000Z</time>
        <extensions>
          <ns3:TrackPointExtension>
            <ns3:hr>85</ns3:hr>
          </ns3:TrackPointExtension>
        </extensions>
      </trkpt>
      <trkpt lat="22.32509247958660125732421875" lon="114.1942620836198329925537109375">
        <ele>9.19999980926513671875</ele>
        <time>2026-01-17T06:39:53.000Z</time>
        <extensions>
          <ns3:TrackPointExtension>
            <ns3:hr>85</ns3:hr>
          </ns3:TrackPointExtension>
        </extensions>
      </trkpt>
      <trkpt lat="22.32508518733084201812744140625" lon="114.19425277970731258392333984375">
        <ele>9.19999980926513671875</ele>
        <time>2026-01-17T06:39:54.000Z</time>
        <extensions>
          <ns3:TrackPointExtension>
            <ns3:hr>85</ns3:hr>
          </ns3:TrackPointExtension>
        </extensions>
      </trkpt>
      <trkpt lat="22.3250752128660678863525390625" lon="114.194243811070919036865234375">
        <ele>9.3999996185302734375</ele>
        <time>2026-01-17T06:39:55.000Z</time>
        <extensions>
          <ns3:TrackPointExtension>
            <ns3:hr>84</ns3:hr>
          </ns3:TrackPointExtension>
        </extensions>
      </trkpt>
      <trkpt lat="22.32506456784904003143310546875" lon="114.1942362673580646514892578125">
        <ele>9.3999996185302734375</ele>
        <time>2026-01-17T06:39:56.000Z</time>
        <extensions>
          <ns3:TrackPointExtension>
            <ns3:hr>84</ns3:hr>
          </ns3:TrackPointExtension>
        </extensions>
      </trkpt>
      <trkpt lat="22.3250520788133144378662109375" lon="114.19422964565455913543701171875">
        <ele>9.6000003814697265625</ele>
        <time>2026-01-17T06:39:57.000Z</time>
        <extensions>
          <ns3:TrackPointExtension>
            <ns3:hr>84</ns3:hr>
          </ns3:TrackPointExtension>
        </extensions>
      </trkpt>
      <trkpt lat="22.3250416852533817291259765625" lon="114.194223023951053619384765625">
        <ele>9.6000003814697265625</ele>
        <time>2026-01-17T06:39:58.000Z</time>
        <extensions>
          <ns3:TrackPointExtension>
            <ns3:hr>84</ns3:hr>
          </ns3:TrackPointExtension>
        </extensions>
      </trkpt>
      <trkpt lat="22.3250302858650684356689453125" lon="114.1942154802381992340087890625">
        <ele>9.6000003814697265625</ele>
        <time>2026-01-17T06:39:59.000Z</time>
        <extensions>
          <ns3:TrackPointExtension>
            <ns3:hr>84</ns3:hr>
          </ns3:TrackPointExtension>
        </extensions>
      </trkpt>
      <trkpt lat="22.32501897029578685760498046875" lon="114.19420768506824970245361328125">
        <ele>9.3999996185302734375</ele>
        <time>2026-01-17T06:40:00.000Z</time>
        <extensions>
          <ns3:TrackPointExtension>
            <ns3:hr>85</ns3:hr>
          </ns3:TrackPointExtension>
        </extensions>
      </trkpt>
      <trkpt lat="22.32500799000263214111328125" lon="114.1941993869841098785400390625">
        <ele>9.19999980926513671875</ele>
        <time>2026-01-17T06:40:01.000Z</time>
        <extensions>
          <ns3:TrackPointExtension>
            <ns3:hr>85</ns3:hr>
          </ns3:TrackPointExtension>
        </extensions>
      </trkpt>
      <trkpt lat="22.324996925890445709228515625" lon="114.19419142417609691619873046875">
        <ele>9.19999980926513671875</ele>
        <time>2026-01-17T06:40:02.000Z</time>
        <extensions>
          <ns3:TrackPointExtension>
            <ns3:hr>85</ns3:hr>
          </ns3:TrackPointExtension>
        </extensions>
      </trkpt>
      <trkpt lat="22.32498678378760814666748046875" lon="114.19418488629162311553955078125">
        <ele>9.19999980926513671875</ele>
        <time>2026-01-17T06:40:03.000Z</time>
        <extensions>
          <ns3:TrackPointExtension>
            <ns3:hr>86</ns3:hr>
          </ns3:TrackPointExtension>
        </extensions>
      </trkpt>
      <trkpt lat="22.32497689314186573028564453125" lon="114.19417767785489559173583984375">
        <ele>9.19999980926513671875</ele>
        <time>2026-01-17T06:40:04.000Z</time>
        <extensions>
          <ns3:TrackPointExtension>
            <ns3:hr>86</ns3:hr>
          </ns3:TrackPointExtension>
        </extensions>
      </trkpt>
      <trkpt lat="22.32496767304837703704833984375" lon="114.194168709218502044677734375">
        <ele>9.19999980926513671875</ele>
        <time>2026-01-17T06:40:05.000Z</time>
        <extensions>
          <ns3:TrackPointExtension>
            <ns3:hr>86</ns3:hr>
          </ns3:TrackPointExtension>
        </extensions>
      </trkpt>
      <trkpt lat="22.32495971024036407470703125" lon="114.1941601596772670745849609375">
        <ele>9.3999996185302734375</ele>
        <time>2026-01-17T06:40:06.000Z</time>
        <extensions>
          <ns3:TrackPointExtension>
            <ns3:hr>87</ns3:hr>
          </ns3:TrackPointExtension>
        </extensions>
      </trkpt>
      <trkpt lat="22.324953339993953704833984375" lon="114.19415093958377838134765625">
        <ele>9.3999996185302734375</ele>
        <time>2026-01-17T06:40:07.000Z</time>
        <extensions>
          <ns3:TrackPointExtension>
            <ns3:hr>87</ns3:hr>
          </ns3:TrackPointExtension>
        </extensions>
      </trkpt>
      <trkpt lat="22.32494705356657505035400390625" lon="114.1941410489380359649658203125">
        <ele>9.3999996185302734375</ele>
        <time>2026-01-17T06:40:08.000Z</time>
        <extensions>
          <ns3:TrackPointExtension>
            <ns3:hr>87</ns3:hr>
          </ns3:TrackPointExtension>
        </extensions>
      </trkpt>
      <trkpt lat="22.3249416053295135498046875" lon="114.194131158292293548583984375">
        <ele>9.3999996185302734375</ele>
        <time>2026-01-17T06:40:09.000Z</time>
        <extensions>
          <ns3:TrackPointExtension>
            <ns3:hr>86</ns3:hr>
          </ns3:TrackPointExtension>
        </extensions>
      </trkpt>
      <trkpt lat="22.32493615709245204925537109375" lon="114.19412076473236083984375">
        <ele>9.3999996185302734375</ele>
        <time>2026-01-17T06:40:10.000Z</time>
        <extensions>
          <ns3:TrackPointExtension>
            <ns3:hr>86</ns3:hr>
          </ns3:TrackPointExtension>
        </extensions>
      </trkpt>
      <trkpt lat="22.3249290324747562408447265625" lon="114.19410936534404754638671875">
        <ele>9.3999996185302734375</ele>
        <time>2026-01-17T06:40:11.000Z</time>
        <extensions>
          <ns3:TrackPointExtension>
            <ns3:hr>86</ns3:hr>
          </ns3:TrackPointExtension>
        </extensions>
      </trkpt>
      <trkpt lat="22.3249223269522190093994140625" lon="114.19409788213670253753662109375">
        <ele>9.3999996185302734375</ele>
        <time>2026-01-17T06:40:12.000Z</time>
        <extensions>
          <ns3:TrackPointExtension>
            <ns3:hr>85</ns3:hr>
          </ns3:TrackPointExtension>
        </extensions>
      </trkpt>
      <trkpt lat="22.32491486705839633941650390625" lon="114.1940850578248500823974609375">
        <ele>9.3999996185302734375</ele>
        <time>2026-01-17T06:40:13.000Z</time>
        <extensions>
          <ns3:TrackPointExtension>
            <ns3:hr>85</ns3:hr>
          </ns3:TrackPointExtension>
        </extensions>
      </trkpt>
      <trkpt lat="22.32490782625973224639892578125" lon="114.19407340697944164276123046875">
        <ele>9.3999996185302734375</ele>
        <time>2026-01-17T06:40:14.000Z</time>
        <extensions>
          <ns3:TrackPointExtension>
            <ns3:hr>84</ns3:hr>
          </ns3:TrackPointExtension>
        </extensions>
      </trkpt>
      <trkpt lat="22.32490028254687786102294921875" lon="114.19406376779079437255859375">
        <ele>9.3999996185302734375</ele>
        <time>2026-01-17T06:40:15.000Z</time>
        <extensions>
          <ns3:TrackPointExtension>
            <ns3:hr>84</ns3:hr>
          </ns3:TrackPointExtension>
        </extensions>
      </trkpt>
      <trkpt lat="22.32489257119596004486083984375" lon="114.19405438005924224853515625">
        <ele>9.3999996185302734375</ele>
        <time>2026-01-17T06:40:16.000Z</time>
        <extensions>
          <ns3:TrackPointExtension>
            <ns3:hr>84</ns3:hr>
          </ns3:TrackPointExtension>
        </extensions>
      </trkpt>
      <trkpt lat="22.32488536275923252105712890625" lon="114.1940451599657535552978515625">
        <ele>9.3999996185302734375</ele>
        <time>2026-01-17T06:40:17.000Z</time>
        <extensions>
          <ns3:TrackPointExtension>
            <ns3:hr>85</ns3:hr>
          </ns3:TrackPointExtension>
        </extensions>
      </trkpt>
      <trkpt lat="22.324879579246044158935546875" lon="114.1940357722342014312744140625">
        <ele>9.3999996185302734375</ele>
        <time>2026-01-17T06:40:18.000Z</time>
        <extensions>
          <ns3:TrackPointExtension>
            <ns3:hr>84</ns3:hr>
          </ns3:TrackPointExtension>
        </extensions>
      </trkpt>
      <trkpt lat="22.32487362809479236602783203125" lon="114.19402495957911014556884765625">
        <ele>9.3999996185302734375</ele>
        <time>2026-01-17T06:40:19.000Z</time>
        <extensions>
          <ns3:TrackPointExtension>
            <ns3:hr>84</ns3:hr>
          </ns3:TrackPointExtension>
        </extensions>
      </trkpt>
      <trkpt lat="22.32486692257225513458251953125" lon="114.19401205144822597503662109375">
        <ele>9.3999996185302734375</ele>
        <time>2026-01-17T06:40:20.000Z</time>
        <extensions>
          <ns3:TrackPointExtension>
            <ns3:hr>84</ns3:hr>
          </ns3:TrackPointExtension>
        </extensions>
      </trkpt>
      <trkpt lat="22.3248616419732570648193359375" lon="114.19400098733603954315185546875">
        <ele>9.3999996185302734375</ele>
        <time>2026-01-17T06:40:21.000Z</time>
        <extensions>
          <ns3:TrackPointExtension>
            <ns3:hr>83</ns3:hr>
          </ns3:TrackPointExtension>
        </extensions>
      </trkpt>
      <trkpt lat="22.32485652901232242584228515625" lon="114.1939911805093288421630859375">
        <ele>9.3999996185302734375</ele>
        <time>2026-01-17T06:40:22.000Z</time>
        <extensions>
          <ns3:TrackPointExtension>
            <ns3:hr>83</ns3:hr>
          </ns3:TrackPointExtension>
        </extensions>
      </trkpt>
      <trkpt lat="22.3248504102230072021484375" lon="114.19398120604455471038818359375">
        <ele>9.3999996185302734375</ele>
        <time>2026-01-17T06:40:23.000Z</time>
        <extensions>
          <ns3:TrackPointExtension>
            <ns3:hr>84</ns3:hr>
          </ns3:TrackPointExtension>
        </extensions>
      </trkpt>
      <trkpt lat="22.32484378851950168609619140625" lon="114.193970896303653717041015625">
        <ele>9.3999996185302734375</ele>
        <time>2026-01-17T06:40:24.000Z</time>
        <extensions>
          <ns3:TrackPointExtension>
            <ns3:hr>83</ns3:hr>
          </ns3:TrackPointExtension>
        </extensions>
      </trkpt>
      <trkpt lat="22.32483574189245700836181640625" lon="114.19395907782018184661865234375">
        <ele>9.3999996185302734375</ele>
        <time>2026-01-17T06:40:25.000Z</time>
        <extensions>
          <ns3:TrackPointExtension>
            <ns3:hr>83</ns3:hr>
          </ns3:TrackPointExtension>
        </extensions>
      </trkpt>
      <trkpt lat="22.32482735998928546905517578125" lon="114.19394667260348796844482421875">
        <ele>9.19999980926513671875</ele>
        <time>2026-01-17T06:40:26.000Z</time>
        <extensions>
          <ns3:TrackPointExtension>
            <ns3:hr>83</ns3:hr>
          </ns3:TrackPointExtension>
        </extensions>
      </trkpt>
      <trkpt lat="22.3248195648193359375" lon="114.193934686481952667236328125">
        <ele>9.19999980926513671875</ele>
        <time>2026-01-17T06:40:27.000Z</time>
        <extensions>
          <ns3:TrackPointExtension>
            <ns3:hr>83</ns3:hr>
          </ns3:TrackPointExtension>
        </extensions>
      </trkpt>
      <trkpt lat="22.324813865125179290771484375" lon="114.19392253272235393524169921875">
        <ele>9.19999980926513671875</ele>
        <time>2026-01-17T06:40:28.000Z</time>
        <extensions>
          <ns3:TrackPointExtension>
            <ns3:hr>83</ns3:hr>
          </ns3:TrackPointExtension>
        </extensions>
      </trkpt>
      <trkpt lat="22.32480774633586406707763671875" lon="114.19391088187694549560546875">
        <ele>9.19999980926513671875</ele>
        <time>2026-01-17T06:40:29.000Z</time>
        <extensions>
          <ns3:TrackPointExtension>
            <ns3:hr>82</ns3:hr>
          </ns3:TrackPointExtension>
        </extensions>
      </trkpt>
      <trkpt lat="22.324800454080104827880859375" lon="114.19389906339347362518310546875">
        <ele>9.19999980926513671875</ele>
        <time>2026-01-17T06:40:30.000Z</time>
        <extensions>
          <ns3:TrackPointExtension>
            <ns3:hr>82</ns3:hr>
          </ns3:TrackPointExtension>
        </extensions>
      </trkpt>
      <trkpt lat="22.32479341328144073486328125" lon="114.19388799928128719329833984375">
        <ele>9.3999996185302734375</ele>
        <time>2026-01-17T06:40:31.000Z</time>
        <extensions>
          <ns3:TrackPointExtension>
            <ns3:hr>82</ns3:hr>
          </ns3:TrackPointExtension>
        </extensions>
      </trkpt>
      <trkpt lat="22.32478528283536434173583984375" lon="114.1938795335590839385986328125">
        <ele>9.3999996185302734375</ele>
        <time>2026-01-17T06:40:32.000Z</time>
        <extensions>
          <ns3:TrackPointExtension>
            <ns3:hr>82</ns3:hr>
          </ns3:TrackPointExtension>
        </extensions>
      </trkpt>
      <trkpt lat="22.32477732002735137939453125" lon="114.19387090019881725311279296875">
        <ele>9.3999996185302734375</ele>
        <time>2026-01-17T06:40:33.000Z</time>
        <extensions>
          <ns3:TrackPointExtension>
            <ns3:hr>82</ns3:hr>
          </ns3:TrackPointExtension>
        </extensions>
      </trkpt>
      <trkpt lat="22.32476986013352870941162109375" lon="114.19386251829564571380615234375">
        <ele>9.3999996185302734375</ele>
        <time>2026-01-17T06:40:34.000Z</time>
        <extensions>
          <ns3:TrackPointExtension>
            <ns3:hr>82</ns3:hr>
          </ns3:TrackPointExtension>
        </extensions>
      </trkpt>
      <trkpt lat="22.32476248405873775482177734375" lon="114.19385430403053760528564453125">
        <ele>9.3999996185302734375</ele>
        <time>2026-01-17T06:40:35.000Z</time>
        <extensions>
          <ns3:TrackPointExtension>
            <ns3:hr>82</ns3:hr>
          </ns3:TrackPointExtension>
        </extensions>
      </trkpt>
      <trkpt lat="22.324754185974597930908203125" lon="114.19384575448930263519287109375">
        <ele>9.3999996185302734375</ele>
        <time>2026-01-17T06:40:36.000Z</time>
        <extensions>
          <ns3:TrackPointExtension>
            <ns3:hr>82</ns3:hr>
          </ns3:TrackPointExtension>
        </extensions>
      </trkpt>
      <trkpt lat="22.3247446306049823760986328125" lon="114.1938376240432262420654296875">
        <ele>9.3999996185302734375</ele>
        <time>2026-01-17T06:40:37.000Z</time>
        <extensions>
          <ns3:TrackPointExtension>
            <ns3:hr>81</ns3:hr>
          </ns3:TrackPointExtension>
        </extensions>
      </trkpt>
      <trkpt lat="22.324734739959239959716796875" lon="114.19382865540683269500732421875">
        <ele>9.3999996185302734375</ele>
        <time>2026-01-17T06:40:38.000Z</time>
        <extensions>
          <ns3:TrackPointExtension>
            <ns3:hr>82</ns3:hr>
          </ns3:TrackPointExtension>
        </extensions>
      </trkpt>
      <trkpt lat="22.32472443021833896636962890625" lon="114.1938190162181854248046875">
        <ele>9.3999996185302734375</ele>
        <time>2026-01-17T06:40:39.000Z</time>
        <extensions>
          <ns3:TrackPointExtension>
            <ns3:hr>82</ns3:hr>
          </ns3:TrackPointExtension>
        </extensions>
      </trkpt>
      <trkpt lat="22.32471562922000885009765625" lon="114.19381021521985530853271484375">
        <ele>9.3999996185302734375</ele>
        <time>2026-01-17T06:40:40.000Z</time>
        <extensions>
          <ns3:TrackPointExtension>
            <ns3:hr>82</ns3:hr>
          </ns3:TrackPointExtension>
        </extensions>
      </trkpt>
      <trkpt lat="22.32470783405005931854248046875" lon="114.19379864819347858428955078125">
        <ele>9.3999996185302734375</ele>
        <time>2026-01-17T06:40:41.000Z</time>
        <extensions>
          <ns3:TrackPointExtension>
            <ns3:hr>82</ns3:hr>
          </ns3:TrackPointExtension>
        </extensions>
      </trkpt>
      <trkpt lat="22.3247028887271881103515625" lon="114.1937890090048313140869140625">
        <ele>9.19999980926513671875</ele>
        <time>2026-01-17T06:40:42.000Z</time>
        <extensions>
          <ns3:TrackPointExtension>
            <ns3:hr>82</ns3:hr>
          </ns3:TrackPointExtension>
        </extensions>
      </trkpt>
      <trkpt lat="22.32469819486141204833984375" lon="114.19377819634974002838134765625">
        <ele>9.19999980926513671875</ele>
        <time>2026-01-17T06:40:43.000Z</time>
        <extensions>
          <ns3:TrackPointExtension>
            <ns3:hr>83</ns3:hr>
          </ns3:TrackPointExtension>
        </extensions>
      </trkpt>
      <trkpt lat="22.32469341717660427093505859375" lon="114.1937682218849658966064453125">
        <ele>9.19999980926513671875</ele>
        <time>2026-01-17T06:40:44.000Z</time>
        <extensions>
          <ns3:TrackPointExtension>
            <ns3:hr>82</ns3:hr>
          </ns3:TrackPointExtension>
        </extensions>
      </trkpt>
      <trkpt lat="22.32468671165406703948974609375" lon="114.19375875033438205718994140625">
        <ele>9.3999996185302734375</ele>
        <time>2026-01-17T06:40:45.000Z</time>
        <extensions>
          <ns3:TrackPointExtension>
            <ns3:hr>83</ns3:hr>
          </ns3:TrackPointExtension>
        </extensions>
      </trkpt>
      <trkpt lat="22.3246787488460540771484375" lon="114.19374533928930759429931640625">
        <ele>9.3999996185302734375</ele>
        <time>2026-01-17T06:40:46.000Z</time>
        <extensions>
          <ns3:TrackPointExtension>
            <ns3:hr>83</ns3:hr>
          </ns3:TrackPointExtension>
        </extensions>
      </trkpt>
      <trkpt lat="22.32467246241867542266845703125" lon="114.1937326826155185699462890625">
        <ele>9.3999996185302734375</ele>
        <time>2026-01-17T06:40:47.000Z</time>
        <extensions>
          <ns3:TrackPointExtension>
            <ns3:hr>84</ns3:hr>
          </ns3:TrackPointExtension>
        </extensions>
      </trkpt>
      <trkpt lat="22.3246661759912967681884765625" lon="114.19372170232236385345458984375">
        <ele>9.3999996185302734375</ele>
        <time>2026-01-17T06:40:48.000Z</time>
        <extensions>
          <ns3:TrackPointExtension>
            <ns3:hr>84</ns3:hr>
          </ns3:TrackPointExtension>
        </extensions>
      </trkpt>
      <trkpt lat="22.3246598057448863983154296875" lon="114.193710051476955413818359375">
        <ele>9.3999996185302734375</ele>
        <time>2026-01-17T06:40:49.000Z</time>
        <extensions>
          <ns3:TrackPointExtension>
            <ns3:hr>84</ns3:hr>
          </ns3:TrackPointExtension>
        </extensions>
      </trkpt>
      <trkpt lat="22.3246537707746028900146484375" lon="114.193699657917022705078125">
        <ele>9.3999996185302734375</ele>
        <time>2026-01-17T06:40:50.000Z</time>
        <extensions>
          <ns3:TrackPointExtension>
            <ns3:hr>85</ns3:hr>
          </ns3:TrackPointExtension>
        </extensions>
      </trkpt>
      <trkpt lat="22.324646897614002227783203125" lon="114.19368800707161426544189453125">
        <ele>9.3999996185302734375</ele>
        <time>2026-01-17T06:40:51.000Z</time>
        <extensions>
          <ns3:TrackPointExtension>
            <ns3:hr>84</ns3:hr>
          </ns3:TrackPointExtension>
        </extensions>
      </trkpt>
      <trkpt lat="22.3246411979198455810546875" lon="114.19367752969264984130859375">
        <ele>9.3999996185302734375</ele>
        <time>2026-01-17T06:40:52.000Z</time>
        <extensions>
          <ns3:TrackPointExtension>
            <ns3:hr>84</ns3:hr>
          </ns3:TrackPointExtension>
        </extensions>
      </trkpt>
      <trkpt lat="22.324635498225688934326171875" lon="114.19366688467562198638916015625">
        <ele>9.3999996185302734375</ele>
        <time>2026-01-17T06:40:53.000Z</time>
        <extensions>
          <ns3:TrackPointExtension>
            <ns3:hr>84</ns3:hr>
          </ns3:TrackPointExtension>
        </extensions>
      </trkpt>
      <trkpt lat="22.32462988235056400299072265625" lon="114.19365766458213329315185546875">
        <ele>9.6000003814697265625</ele>
        <time>2026-01-17T06:40:54.000Z</time>
        <extensions>
          <ns3:TrackPointExtension>
            <ns3:hr>84</ns3:hr>
          </ns3:TrackPointExtension>
        </extensions>
      </trkpt>
      <trkpt lat="22.32462502084672451019287109375" lon="114.1936500370502471923828125">
        <ele>9.6000003814697265625</ele>
        <time>2026-01-17T06:40:55.000Z</time>
        <extensions>
          <ns3:TrackPointExtension>
            <ns3:hr>84</ns3:hr>
          </ns3:TrackPointExtension>
        </extensions>
      </trkpt>
      <trkpt lat="22.3246185667812824249267578125" lon="114.19364257715642452239990234375">
        <ele>9.3999996185302734375</ele>
        <time>2026-01-17T06:40:56.000Z</time>
        <extensions>
          <ns3:TrackPointExtension>
            <ns3:hr>84</ns3:hr>
          </ns3:TrackPointExtension>
        </extensions>
      </trkpt>
      <trkpt lat="22.324613370001316070556640625" lon="114.193636290729045867919921875">
        <ele>9.3999996185302734375</ele>
        <time>2026-01-17T06:40:57.000Z</time>
        <extensions>
          <ns3:TrackPointExtension>
            <ns3:hr>84</ns3:hr>
          </ns3:TrackPointExtension>
        </extensions>
      </trkpt>
      <trkpt lat="22.324608676135540008544921875" lon="114.19363059103488922119140625">
        <ele>9.3999996185302734375</ele>
        <time>2026-01-17T06:40:58.000Z</time>
        <extensions>
          <ns3:TrackPointExtension>
            <ns3:hr>84</ns3:hr>
          </ns3:TrackPointExtension>
        </extensions>
      </trkpt>
      <trkpt lat="22.32460423372685909271240234375" lon="114.19362363405525684356689453125">
        <ele>9.3999996185302734375</ele>
        <time>2026-01-17T06:40:59.000Z</time>
        <extensions>
          <ns3:TrackPointExtension>
            <ns3:hr>84</ns3:hr>
          </ns3:TrackPointExtension>
        </extensions>
      </trkpt>
      <trkpt lat="22.32459886930882930755615234375" lon="114.19361743144690990447998046875">
        <ele>9.19999980926513671875</ele>
        <time>2026-01-17T06:41:00.000Z</time>
        <extensions>
          <ns3:TrackPointExtension>
            <ns3:hr>84</ns3:hr>
          </ns3:TrackPointExtension>
        </extensions>
      </trkpt>
      <trkpt lat="22.3245917446911334991455078125" lon="114.19360955245792865753173828125">
        <ele>9</ele>
        <time>2026-01-17T06:41:01.000Z</time>
        <extensions>
          <ns3:TrackPointExtension>
            <ns3:hr>83</ns3:hr>
          </ns3:TrackPointExtension>
        </extensions>
      </trkpt>
      <trkpt lat="22.32458629645407199859619140625" lon="114.19360385276377201080322265625">
        <ele>9</ele>
        <time>2026-01-17T06:41:02.000Z</time>
        <extensions>
          <ns3:TrackPointExtension>
            <ns3:hr>83</ns3:hr>
          </ns3:TrackPointExtension>
        </extensions>
      </trkpt>
      <trkpt lat="22.32457925565540790557861328125" lon="114.193597398698329925537109375">
        <ele>8.80000019073486328125</ele>
        <time>2026-01-17T06:41:03.000Z</time>
        <extensions>
          <ns3:TrackPointExtension>
            <ns3:hr>81</ns3:hr>
          </ns3:TrackPointExtension>
        </extensions>
      </trkpt>
      <trkpt lat="22.32457104139029979705810546875" lon="114.19359010644257068634033203125">
        <ele>8.80000019073486328125</ele>
        <time>2026-01-17T06:41:04.000Z</time>
        <extensions>
          <ns3:TrackPointExtension>
            <ns3:hr>81</ns3:hr>
          </ns3:TrackPointExtension>
        </extensions>
      </trkpt>
      <trkpt lat="22.32456215657293796539306640625" lon="114.1935818083584308624267578125">
        <ele>9</ele>
        <time>2026-01-17T06:41:05.000Z</time>
        <extensions>
          <ns3:TrackPointExtension>
            <ns3:hr>81</ns3:hr>
          </ns3:TrackPointExtension>
        </extensions>
      </trkpt>
      <trkpt lat="22.32455360703170299530029296875" lon="114.19357434846460819244384765625">
        <ele>9</ele>
        <time>2026-01-17T06:41:06.000Z</time>
        <extensions>
          <ns3:TrackPointExtension>
            <ns3:hr>80</ns3:hr>
          </ns3:TrackPointExtension>
        </extensions>
      </trkpt>
      <trkpt lat="22.3245448060333728790283203125" lon="114.19356579892337322235107421875">
        <ele>9.19999980926513671875</ele>
        <time>2026-01-17T06:41:07.000Z</time>
        <extensions>
          <ns3:TrackPointExtension>
            <ns3:hr>79</ns3:hr>
          </ns3:TrackPointExtension>
        </extensions>
      </trkpt>
      <trkpt lat="22.32453617267310619354248046875" lon="114.19355683028697967529296875">
        <ele>9.19999980926513671875</ele>
        <time>2026-01-17T06:41:08.000Z</time>
        <extensions>
          <ns3:TrackPointExtension>
            <ns3:hr>79</ns3:hr>
          </ns3:TrackPointExtension>
        </extensions>
      </trkpt>
      <trkpt lat="22.32452678494155406951904296875" lon="114.19354744255542755126953125">
        <ele>9.19999980926513671875</ele>
        <time>2026-01-17T06:41:09.000Z</time>
        <extensions>
          <ns3:TrackPointExtension>
            <ns3:hr>78</ns3:hr>
          </ns3:TrackPointExtension>
        </extensions>
      </trkpt>
      <trkpt lat="22.32451806776225566864013671875" lon="114.19353964738547801971435546875">
        <ele>9.19999980926513671875</ele>
        <time>2026-01-17T06:41:10.000Z</time>
        <extensions>
          <ns3:TrackPointExtension>
            <ns3:hr>78</ns3:hr>
          </ns3:TrackPointExtension>
        </extensions>
      </trkpt>
      <trkpt lat="22.324508763849735260009765625" lon="114.1935305111110210418701171875">
        <ele>9.19999980926513671875</ele>
        <time>2026-01-17T06:41:11.000Z</time>
        <extensions>
          <ns3:TrackPointExtension>
            <ns3:hr>78</ns3:hr>
          </ns3:TrackPointExtension>
        </extensions>
      </trkpt>
      <trkpt lat="22.3244995437562465667724609375" lon="114.1935201175510883331298828125">
        <ele>9.19999980926513671875</ele>
        <time>2026-01-17T06:41:12.000Z</time>
        <extensions>
          <ns3:TrackPointExtension>
            <ns3:hr>78</ns3:hr>
          </ns3:TrackPointExtension>
        </extensions>
      </trkpt>
      <trkpt lat="22.324489988386631011962890625" lon="114.19350880198180675506591796875">
        <ele>9</ele>
        <time>2026-01-17T06:41:13.000Z</time>
        <extensions>
          <ns3:TrackPointExtension>
            <ns3:hr>77</ns3:hr>
          </ns3:TrackPointExtension>
        </extensions>
      </trkpt>
      <trkpt lat="22.32448001392185688018798828125" lon="114.19349723495543003082275390625">
        <ele>9</ele>
        <time>2026-01-17T06:41:14.000Z</time>
        <extensions>
          <ns3:TrackPointExtension>
            <ns3:hr>78</ns3:hr>
          </ns3:TrackPointExtension>
        </extensions>
      </trkpt>
      <trkpt lat="22.324470542371273040771484375" lon="114.19348667375743389129638671875">
        <ele>8.80000019073486328125</ele>
        <time>2026-01-17T06:41:15.000Z</time>
        <extensions>
          <ns3:TrackPointExtension>
            <ns3:hr>80</ns3:hr>
          </ns3:TrackPointExtension>
        </extensions>
      </trkpt>
      <trkpt lat="22.32446073554456233978271484375" lon="114.1934748552739620208740234375">
        <ele>8.80000019073486328125</ele>
        <time>2026-01-17T06:41:16.000Z</time>
        <extensions>
          <ns3:TrackPointExtension>
            <ns3:hr>80</ns3:hr>
          </ns3:TrackPointExtension>
        </extensions>
      </trkpt>
      <trkpt lat="22.324452102184295654296875" lon="114.1934641264379024505615234375">
        <ele>8.80000019073486328125</ele>
        <time>2026-01-17T06:41:17.000Z</time>
        <extensions>
          <ns3:TrackPointExtension>
            <ns3:hr>80</ns3:hr>
          </ns3:TrackPointExtension>
        </extensions>
      </trkpt>
      <trkpt lat="22.32444330118596553802490234375" lon="114.19345364905893802642822265625">
        <ele>8.80000019073486328125</ele>
        <time>2026-01-17T06:41:18.000Z</time>
        <extensions>
          <ns3:TrackPointExtension>
            <ns3:hr>81</ns3:hr>
          </ns3:TrackPointExtension>
        </extensions>
      </trkpt>
      <trkpt lat="22.3244346678256988525390625" lon="114.1934423334896564483642578125">
        <ele>9</ele>
        <time>2026-01-17T06:41:19.000Z</time>
        <extensions>
          <ns3:TrackPointExtension>
            <ns3:hr>81</ns3:hr>
          </ns3:TrackPointExtension>
        </extensions>
      </trkpt>
      <trkpt lat="22.3244271241128444671630859375" lon="114.19343210756778717041015625">
        <ele>9</ele>
        <time>2026-01-17T06:41:20.000Z</time>
        <extensions>
          <ns3:TrackPointExtension>
            <ns3:hr>81</ns3:hr>
          </ns3:TrackPointExtension>
        </extensions>
      </trkpt>
      <trkpt lat="22.324418909847736358642578125" lon="114.19342246837913990020751953125">
        <ele>9</ele>
        <time>2026-01-17T06:41:21.000Z</time>
        <extensions>
          <ns3:TrackPointExtension>
            <ns3:hr>81</ns3:hr>
          </ns3:TrackPointExtension>
        </extensions>
      </trkpt>
      <trkpt lat="22.32441044412553310394287109375" lon="114.19341190718114376068115234375">
        <ele>9</ele>
        <time>2026-01-17T06:41:22.000Z</time>
        <extensions>
          <ns3:TrackPointExtension>
            <ns3:hr>81</ns3:hr>
          </ns3:TrackPointExtension>
        </extensions>
      </trkpt>
      <trkpt lat="22.32440222986042499542236328125" lon="114.19340235181152820587158203125">
        <ele>9</ele>
        <time>2026-01-17T06:41:23.000Z</time>
        <extensions>
          <ns3:TrackPointExtension>
            <ns3:hr>81</ns3:hr>
          </ns3:TrackPointExtension>
        </extensions>
      </trkpt>
      <trkpt lat="22.32439368031919002532958984375" lon="114.1933927126228809356689453125">
        <ele>8.80000019073486328125</ele>
        <time>2026-01-17T06:41:24.000Z</time>
        <extensions>
          <ns3:TrackPointExtension>
            <ns3:hr>81</ns3:hr>
          </ns3:TrackPointExtension>
        </extensions>
      </trkpt>
      <trkpt lat="22.3243848793208599090576171875" lon="114.19338357634842395782470703125">
        <ele>8.80000019073486328125</ele>
        <time>2026-01-17T06:41:25.000Z</time>
        <extensions>
          <ns3:TrackPointExtension>
            <ns3:hr>81</ns3:hr>
          </ns3:TrackPointExtension>
        </extensions>
      </trkpt>
      <trkpt lat="22.32437540777027606964111328125" lon="114.1933739371597766876220703125">
        <ele>9</ele>
        <time>2026-01-17T06:41:26.000Z</time>
        <extensions>
          <ns3:TrackPointExtension>
            <ns3:hr>80</ns3:hr>
          </ns3:TrackPointExtension>
        </extensions>
      </trkpt>
      <trkpt lat="22.324365936219692230224609375" lon="114.193364717066287994384765625">
        <ele>9</ele>
        <time>2026-01-17T06:41:27.000Z</time>
        <extensions>
          <ns3:TrackPointExtension>
            <ns3:hr>80</ns3:hr>
          </ns3:TrackPointExtension>
        </extensions>
      </trkpt>
      <trkpt lat="22.324355877935886383056640625" lon="114.193355329334735870361328125">
        <ele>9.19999980926513671875</ele>
        <time>2026-01-17T06:41:28.000Z</time>
        <extensions>
          <ns3:TrackPointExtension>
            <ns3:hr>80</ns3:hr>
          </ns3:TrackPointExtension>
        </extensions>
      </trkpt>
      <trkpt lat="22.32434456236660480499267578125" lon="114.19334569014608860015869140625">
        <ele>9.19999980926513671875</ele>
        <time>2026-01-17T06:41:29.000Z</time>
        <extensions>
          <ns3:TrackPointExtension>
            <ns3:hr>80</ns3:hr>
          </ns3:TrackPointExtension>
        </extensions>
      </trkpt>
      <trkpt lat="22.32433383353054523468017578125" lon="114.19333647005259990692138671875">
        <ele>9.19999980926513671875</ele>
        <time>2026-01-17T06:41:30.000Z</time>
        <extensions>
          <ns3:TrackPointExtension>
            <ns3:hr>80</ns3:hr>
          </ns3:TrackPointExtension>
        </extensions>
      </trkpt>
      <trkpt lat="22.32432394288480281829833984375" lon="114.1933273337781429290771484375">
        <ele>9.19999980926513671875</ele>
        <time>2026-01-17T06:41:31.000Z</time>
        <extensions>
          <ns3:TrackPointExtension>
            <ns3:hr>80</ns3:hr>
          </ns3:TrackPointExtension>
        </extensions>
      </trkpt>
      <trkpt lat="22.3243139684200286865234375" lon="114.19331677258014678955078125">
        <ele>9.19999980926513671875</ele>
        <time>2026-01-17T06:41:32.000Z</time>
        <extensions>
          <ns3:TrackPointExtension>
            <ns3:hr>80</ns3:hr>
          </ns3:TrackPointExtension>
        </extensions>
      </trkpt>
      <trkpt lat="22.3243044130504131317138671875" lon="114.19330679811537265777587890625">
        <ele>9.19999980926513671875</ele>
        <time>2026-01-17T06:41:33.000Z</time>
        <extensions>
          <ns3:TrackPointExtension>
            <ns3:hr>80</ns3:hr>
          </ns3:TrackPointExtension>
        </extensions>
      </trkpt>
      <trkpt lat="22.32429527677595615386962890625" lon="114.19329757802188396453857421875">
        <ele>9.19999980926513671875</ele>
        <time>2026-01-17T06:41:34.000Z</time>
        <extensions>
          <ns3:TrackPointExtension>
            <ns3:hr>81</ns3:hr>
          </ns3:TrackPointExtension>
        </extensions>
      </trkpt>
      <trkpt lat="22.3242863081395626068115234375" lon="114.19328768737614154815673828125">
        <ele>9.19999980926513671875</ele>
        <time>2026-01-17T06:41:35.000Z</time>
        <extensions>
          <ns3:TrackPointExtension>
            <ns3:hr>81</ns3:hr>
          </ns3:TrackPointExtension>
        </extensions>
      </trkpt>
      <trkpt lat="22.324276752769947052001953125" lon="114.19327779673039913177490234375">
        <ele>9.19999980926513671875</ele>
        <time>2026-01-17T06:41:36.000Z</time>
        <extensions>
          <ns3:TrackPointExtension>
            <ns3:hr>82</ns3:hr>
          </ns3:TrackPointExtension>
        </extensions>
      </trkpt>
      <trkpt lat="22.3242675326764583587646484375" lon="114.1932683251798152923583984375">
        <ele>9</ele>
        <time>2026-01-17T06:41:37.000Z</time>
        <extensions>
          <ns3:TrackPointExtension>
            <ns3:hr>81</ns3:hr>
          </ns3:TrackPointExtension>
        </extensions>
      </trkpt>
      <trkpt lat="22.32425831258296966552734375" lon="114.19325969181954860687255859375">
        <ele>9</ele>
        <time>2026-01-17T06:41:38.000Z</time>
        <extensions>
          <ns3:TrackPointExtension>
            <ns3:hr>81</ns3:hr>
          </ns3:TrackPointExtension>
        </extensions>
      </trkpt>
      <trkpt lat="22.324248589575290679931640625" lon="114.19325080700218677520751953125">
        <ele>9</ele>
        <time>2026-01-17T06:41:39.000Z</time>
        <extensions>
          <ns3:TrackPointExtension>
            <ns3:hr>81</ns3:hr>
          </ns3:TrackPointExtension>
        </extensions>
      </trkpt>
      <trkpt lat="22.3242386989295482635498046875" lon="114.1932421736419200897216796875">
        <ele>9</ele>
        <time>2026-01-17T06:41:40.000Z</time>
        <extensions>
          <ns3:TrackPointExtension>
            <ns3:hr>82</ns3:hr>
          </ns3:TrackPointExtension>
        </extensions>
      </trkpt>
      <trkpt lat="22.3242283053696155548095703125" lon="114.19323219917714595794677734375">
        <ele>9</ele>
        <time>2026-01-17T06:41:41.000Z</time>
        <extensions>
          <ns3:TrackPointExtension>
            <ns3:hr>81</ns3:hr>
          </ns3:TrackPointExtension>
        </extensions>
      </trkpt>
      <trkpt lat="22.3242192529141902923583984375" lon="114.19322331435978412628173828125">
        <ele>9</ele>
        <time>2026-01-17T06:41:42.000Z</time>
        <extensions>
          <ns3:TrackPointExtension>
            <ns3:hr>82</ns3:hr>
          </ns3:TrackPointExtension>
        </extensions>
      </trkpt>
      <trkpt lat="22.3242091946303844451904296875" lon="114.193214513361454010009765625">
        <ele>8.80000019073486328125</ele>
        <time>2026-01-17T06:41:43.000Z</time>
        <extensions>
          <ns3:TrackPointExtension>
            <ns3:hr>82</ns3:hr>
          </ns3:TrackPointExtension>
        </extensions>
      </trkpt>
      <trkpt lat="22.324198968708515167236328125" lon="114.193206466734409332275390625">
        <ele>9</ele>
        <time>2026-01-17T06:41:44.000Z</time>
        <extensions>
          <ns3:TrackPointExtension>
            <ns3:hr>82</ns3:hr>
          </ns3:TrackPointExtension>
        </extensions>
      </trkpt>
      <trkpt lat="22.32418865896761417388916015625" lon="114.19319984503090381622314453125">
        <ele>9</ele>
        <time>2026-01-17T06:41:45.000Z</time>
        <extensions>
          <ns3:TrackPointExtension>
            <ns3:hr>83</ns3:hr>
          </ns3:TrackPointExtension>
        </extensions>
      </trkpt>
      <trkpt lat="22.3241786845028400421142578125" lon="114.19319313950836658477783203125">
        <ele>9</ele>
        <time>2026-01-17T06:41:46.000Z</time>
        <extensions>
          <ns3:TrackPointExtension>
            <ns3:hr>83</ns3:hr>
          </ns3:TrackPointExtension>
        </extensions>
      </trkpt>
      <trkpt lat="22.3241703025996685028076171875" lon="114.19318475760519504547119140625">
        <ele>9</ele>
        <time>2026-01-17T06:41:47.000Z</time>
        <extensions>
          <ns3:TrackPointExtension>
            <ns3:hr>83</ns3:hr>
          </ns3:TrackPointExtension>
        </extensions>
      </trkpt>
      <trkpt lat="22.324162088334560394287109375" lon="114.19317595660686492919921875">
        <ele>9</ele>
        <time>2026-01-17T06:41:48.000Z</time>
        <extensions>
          <ns3:TrackPointExtension>
            <ns3:hr>83</ns3:hr>
          </ns3:TrackPointExtension>
        </extensions>
      </trkpt>
      <trkpt lat="22.32415462844073772430419921875" lon="114.19316564686596393585205078125">
        <ele>9</ele>
        <time>2026-01-17T06:41:49.000Z</time>
        <extensions>
          <ns3:TrackPointExtension>
            <ns3:hr>83</ns3:hr>
          </ns3:TrackPointExtension>
        </extensions>
      </trkpt>
      <trkpt lat="22.32414943166077136993408203125" lon="114.19315139763057231903076171875">
        <ele>9</ele>
        <time>2026-01-17T06:41:50.000Z</time>
        <extensions>
          <ns3:TrackPointExtension>
            <ns3:hr>83</ns3:hr>
          </ns3:TrackPointExtension>
        </extensions>
      </trkpt>
      <trkpt lat="22.32414909638464450836181640625" lon="114.193136394023895263671875">
        <ele>9</ele>
        <time>2026-01-17T06:41:51.000Z</time>
        <extensions>
          <ns3:TrackPointExtension>
            <ns3:hr>82</ns3:hr>
          </ns3:TrackPointExtension>
        </extensions>
      </trkpt>
      <trkpt lat="22.32415244914591312408447265625" lon="114.19312004931271076202392578125">
        <ele>9</ele>
        <time>2026-01-17T06:41:52.000Z</time>
        <extensions>
          <ns3:TrackPointExtension>
            <ns3:hr>82</ns3:hr>
          </ns3:TrackPointExtension>
        </extensions>
      </trkpt>
      <trkpt lat="22.32415781356394290924072265625" lon="114.19310563243925571441650390625">
        <ele>9</ele>
        <time>2026-01-17T06:41:53.000Z</time>
        <extensions>
          <ns3:TrackPointExtension>
            <ns3:hr>82</ns3:hr>
          </ns3:TrackPointExtension>
        </extensions>
      </trkpt>
      <trkpt lat="22.324165441095829010009765625" lon="114.1930912993848323822021484375">
        <ele>9</ele>
        <time>2026-01-17T06:41:54.000Z</time>
        <extensions>
          <ns3:TrackPointExtension>
            <ns3:hr>82</ns3:hr>
          </ns3:TrackPointExtension>
        </extensions>
      </trkpt>
      <trkpt lat="22.32417323626577854156494140625" lon="114.19307864271104335784912109375">
        <ele>9</ele>
        <time>2026-01-17T06:41:55.000Z</time>
        <extensions>
          <ns3:TrackPointExtension>
            <ns3:hr>82</ns3:hr>
          </ns3:TrackPointExtension>
        </extensions>
      </trkpt>
      <trkpt lat="22.3241817019879817962646484375" lon="114.1930658183991909027099609375">
        <ele>9</ele>
        <time>2026-01-17T06:41:56.000Z</time>
        <extensions>
          <ns3:TrackPointExtension>
            <ns3:hr>83</ns3:hr>
          </ns3:TrackPointExtension>
        </extensions>
      </trkpt>
      <trkpt lat="22.3241887427866458892822265625" lon="114.1930537484586238861083984375">
        <ele>9</ele>
        <time>2026-01-17T06:41:57.000Z</time>
        <extensions>
          <ns3:TrackPointExtension>
            <ns3:hr>82</ns3:hr>
          </ns3:TrackPointExtension>
        </extensions>
      </trkpt>
      <trkpt lat="22.3241961188614368438720703125" lon="114.19304226525127887725830078125">
        <ele>9</ele>
        <time>2026-01-17T06:41:58.000Z</time>
        <extensions>
          <ns3:TrackPointExtension>
            <ns3:hr>83</ns3:hr>
          </ns3:TrackPointExtension>
        </extensions>
      </trkpt>
      <trkpt lat="22.32420374639332294464111328125" lon="114.1930302791297435760498046875">
        <ele>9</ele>
        <time>2026-01-17T06:41:59.000Z</time>
        <extensions>
          <ns3:TrackPointExtension>
            <ns3:hr>82</ns3:hr>
          </ns3:TrackPointExtension>
        </extensions>
      </trkpt>
      <trkpt lat="22.32421162538230419158935546875" lon="114.19301829300820827484130859375">
        <ele>9</ele>
        <time>2026-01-17T06:42:00.000Z</time>
        <extensions>
          <ns3:TrackPointExtension>
            <ns3:hr>82</ns3:hr>
          </ns3:TrackPointExtension>
        </extensions>
      </trkpt>
      <trkpt lat="22.32421942055225372314453125" lon="114.19300521723926067352294921875">
        <ele>9</ele>
        <time>2026-01-17T06:42:01.000Z</time>
        <extensions>
          <ns3:TrackPointExtension>
            <ns3:hr>83</ns3:hr>
          </ns3:TrackPointExtension>
        </extensions>
      </trkpt>
      <trkpt lat="22.32422746717929840087890625" lon="114.19299398548901081085205078125">
        <ele>9.19999980926513671875</ele>
        <time>2026-01-17T06:42:02.000Z</time>
        <extensions>
          <ns3:TrackPointExtension>
            <ns3:hr>83</ns3:hr>
          </ns3:TrackPointExtension>
        </extensions>
      </trkpt>
      <trkpt lat="22.32423727400600910186767578125" lon="114.19298283755779266357421875">
        <ele>9.19999980926513671875</ele>
        <time>2026-01-17T06:42:03.000Z</time>
        <extensions>
          <ns3:TrackPointExtension>
            <ns3:hr>83</ns3:hr>
          </ns3:TrackPointExtension>
        </extensions>
      </trkpt>
      <trkpt lat="22.3242470808327198028564453125" lon="114.19297202490270137786865234375">
        <ele>9.19999980926513671875</ele>
        <time>2026-01-17T06:42:04.000Z</time>
        <extensions>
          <ns3:TrackPointExtension>
            <ns3:hr>83</ns3:hr>
          </ns3:TrackPointExtension>
        </extensions>
      </trkpt>
      <trkpt lat="22.3242568038403987884521484375" lon="114.1929608769714832305908203125">
        <ele>9.19999980926513671875</ele>
        <time>2026-01-17T06:42:05.000Z</time>
        <extensions>
          <ns3:TrackPointExtension>
            <ns3:hr>83</ns3:hr>
          </ns3:TrackPointExtension>
        </extensions>
      </trkpt>
      <trkpt lat="22.32426577247679233551025390625" lon="114.19294989667832851409912109375">
        <ele>9.19999980926513671875</ele>
        <time>2026-01-17T06:42:06.000Z</time>
        <extensions>
          <ns3:TrackPointExtension>
            <ns3:hr>83</ns3:hr>
          </ns3:TrackPointExtension>
        </extensions>
      </trkpt>
      <trkpt lat="22.32427616603672504425048828125" lon="114.1929392516613006591796875">
        <ele>9.19999980926513671875</ele>
        <time>2026-01-17T06:42:07.000Z</time>
        <extensions>
          <ns3:TrackPointExtension>
            <ns3:hr>83</ns3:hr>
          </ns3:TrackPointExtension>
        </extensions>
      </trkpt>
      <trkpt lat="22.32428639195859432220458984375" lon="114.19292810373008251190185546875">
        <ele>9.19999980926513671875</ele>
        <time>2026-01-17T06:42:08.000Z</time>
        <extensions>
          <ns3:TrackPointExtension>
            <ns3:hr>83</ns3:hr>
          </ns3:TrackPointExtension>
        </extensions>
      </trkpt>
      <trkpt lat="22.3242963664233684539794921875" lon="114.19291653670370578765869140625">
        <ele>9.19999980926513671875</ele>
        <time>2026-01-17T06:42:09.000Z</time>
        <extensions>
          <ns3:TrackPointExtension>
            <ns3:hr>84</ns3:hr>
          </ns3:TrackPointExtension>
        </extensions>
      </trkpt>
      <trkpt lat="22.324305586516857147216796875" lon="114.1929043829441070556640625">
        <ele>9.19999980926513671875</ele>
        <time>2026-01-17T06:42:10.000Z</time>
        <extensions>
          <ns3:TrackPointExtension>
            <ns3:hr>84</ns3:hr>
          </ns3:TrackPointExtension>
        </extensions>
      </trkpt>
      <trkpt lat="22.324313633143901824951171875" lon="114.1928928159177303314208984375">
        <ele>9.19999980926513671875</ele>
        <time>2026-01-17T06:42:11.000Z</time>
        <extensions>
          <ns3:TrackPointExtension>
            <ns3:hr>83</ns3:hr>
          </ns3:TrackPointExtension>
        </extensions>
      </trkpt>
      <trkpt lat="22.3243221826851367950439453125" lon="114.19287957251071929931640625">
        <ele>9.3999996185302734375</ele>
        <time>2026-01-17T06:42:12.000Z</time>
        <extensions>
          <ns3:TrackPointExtension>
            <ns3:hr>83</ns3:hr>
          </ns3:TrackPointExtension>
        </extensions>
      </trkpt>
      <trkpt lat="22.32432930730283260345458984375" lon="114.19286607764661312103271484375">
        <ele>9.3999996185302734375</ele>
        <time>2026-01-17T06:42:13.000Z</time>
        <extensions>
          <ns3:TrackPointExtension>
            <ns3:hr>83</ns3:hr>
          </ns3:TrackPointExtension>
        </extensions>
      </trkpt>
      <trkpt lat="22.32433567754924297332763671875" lon="114.19285367242991924285888671875">
        <ele>9.3999996185302734375</ele>
        <time>2026-01-17T06:42:14.000Z</time>
        <extensions>
          <ns3:TrackPointExtension>
            <ns3:hr>83</ns3:hr>
          </ns3:TrackPointExtension>
        </extensions>
      </trkpt>
      <trkpt lat="22.32434355653822422027587890625" lon="114.19284202158451080322265625">
        <ele>9.3999996185302734375</ele>
        <time>2026-01-17T06:42:15.000Z</time>
        <extensions>
          <ns3:TrackPointExtension>
            <ns3:hr>84</ns3:hr>
          </ns3:TrackPointExtension>
        </extensions>
      </trkpt>
      <trkpt lat="22.32435110025107860565185546875" lon="114.1928301192820072174072265625">
        <ele>9.3999996185302734375</ele>
        <time>2026-01-17T06:42:16.000Z</time>
        <extensions>
          <ns3:TrackPointExtension>
            <ns3:hr>84</ns3:hr>
          </ns3:TrackPointExtension>
        </extensions>
      </trkpt>
      <trkpt lat="22.32435814104974269866943359375" lon="114.19281746260821819305419921875">
        <ele>9.3999996185302734375</ele>
        <time>2026-01-17T06:42:17.000Z</time>
        <extensions>
          <ns3:TrackPointExtension>
            <ns3:hr>84</ns3:hr>
          </ns3:TrackPointExtension>
        </extensions>
      </trkpt>
      <trkpt lat="22.32436602003872394561767578125" lon="114.1928059794008731842041015625">
        <ele>9.3999996185302734375</ele>
        <time>2026-01-17T06:42:18.000Z</time>
        <extensions>
          <ns3:TrackPointExtension>
            <ns3:hr>84</ns3:hr>
          </ns3:TrackPointExtension>
        </extensions>
      </trkpt>
      <trkpt lat="22.324374653398990631103515625" lon="114.19279399327933788299560546875">
        <ele>9.3999996185302734375</ele>
        <time>2026-01-17T06:42:19.000Z</time>
        <extensions>
          <ns3:TrackPointExtension>
            <ns3:hr>84</ns3:hr>
          </ns3:TrackPointExtension>
        </extensions>
      </trkpt>
      <trkpt lat="22.324383370578289031982421875" lon="114.19278301298618316650390625">
        <ele>9.6000003814697265625</ele>
        <time>2026-01-17T06:42:20.000Z</time>
        <extensions>
          <ns3:TrackPointExtension>
            <ns3:hr>83</ns3:hr>
          </ns3:TrackPointExtension>
        </extensions>
      </trkpt>
      <trkpt lat="22.32439233921468257904052734375" lon="114.192771278321743011474609375">
        <ele>9.6000003814697265625</ele>
        <time>2026-01-17T06:42:21.000Z</time>
        <extensions>
          <ns3:TrackPointExtension>
            <ns3:hr>84</ns3:hr>
          </ns3:TrackPointExtension>
        </extensions>
      </trkpt>
      <trkpt lat="22.3244011402130126953125" lon="114.1927600465714931488037109375">
        <ele>9.6000003814697265625</ele>
        <time>2026-01-17T06:42:22.000Z</time>
        <extensions>
          <ns3:TrackPointExtension>
            <ns3:hr>84</ns3:hr>
          </ns3:TrackPointExtension>
        </extensions>
      </trkpt>
      <trkpt lat="22.3244106955826282501220703125" lon="114.1927486471831798553466796875">
        <ele>9.6000003814697265625</ele>
        <time>2026-01-17T06:42:23.000Z</time>
        <extensions>
          <ns3:TrackPointExtension>
            <ns3:hr>85</ns3:hr>
          </ns3:TrackPointExtension>
        </extensions>
      </trkpt>
      <trkpt lat="22.32441966421902179718017578125" lon="114.192737080156803131103515625">
        <ele>9.6000003814697265625</ele>
        <time>2026-01-17T06:42:24.000Z</time>
        <extensions>
          <ns3:TrackPointExtension>
            <ns3:hr>86</ns3:hr>
          </ns3:TrackPointExtension>
        </extensions>
      </trkpt>
      <trkpt lat="22.32442821376025676727294921875" lon="114.19272492639720439910888671875">
        <ele>9.80000019073486328125</ele>
        <time>2026-01-17T06:42:25.000Z</time>
        <extensions>
          <ns3:TrackPointExtension>
            <ns3:hr>87</ns3:hr>
          </ns3:TrackPointExtension>
        </extensions>
      </trkpt>
      <trkpt lat="22.3244371823966503143310546875" lon="114.19271218590438365936279296875">
        <ele>9.80000019073486328125</ele>
        <time>2026-01-17T06:42:26.000Z</time>
        <extensions>
          <ns3:TrackPointExtension>
            <ns3:hr>87</ns3:hr>
          </ns3:TrackPointExtension>
        </extensions>
      </trkpt>
      <trkpt lat="22.324445061385631561279296875" lon="114.192700199782848358154296875">
        <ele>10</ele>
        <time>2026-01-17T06:42:27.000Z</time>
        <extensions>
          <ns3:TrackPointExtension>
            <ns3:hr>86</ns3:hr>
          </ns3:TrackPointExtension>
        </extensions>
      </trkpt>
      <trkpt lat="22.32445118017494678497314453125" lon="114.19268871657550334930419921875">
        <ele>10</ele>
        <time>2026-01-17T06:42:28.000Z</time>
        <extensions>
          <ns3:TrackPointExtension>
            <ns3:hr>86</ns3:hr>
          </ns3:TrackPointExtension>
        </extensions>
      </trkpt>
      <trkpt lat="22.32445679605007171630859375" lon="114.1926772333681583404541015625">
        <ele>10</ele>
        <time>2026-01-17T06:42:29.000Z</time>
        <extensions>
          <ns3:TrackPointExtension>
            <ns3:hr>85</ns3:hr>
          </ns3:TrackPointExtension>
        </extensions>
      </trkpt>
      <trkpt lat="22.32446291483938694000244140625" lon="114.19266474433243274688720703125">
        <ele>10</ele>
        <time>2026-01-17T06:42:30.000Z</time>
        <extensions>
          <ns3:TrackPointExtension>
            <ns3:hr>85</ns3:hr>
          </ns3:TrackPointExtension>
        </extensions>
      </trkpt>
      <trkpt lat="22.32446886599063873291015625" lon="114.1926504112780094146728515625">
        <ele>10</ele>
        <time>2026-01-17T06:42:31.000Z</time>
        <extensions>
          <ns3:TrackPointExtension>
            <ns3:hr>85</ns3:hr>
          </ns3:TrackPointExtension>
        </extensions>
      </trkpt>
      <trkpt lat="22.3244747333228588104248046875" lon="114.19263591058552265167236328125">
        <ele>10</ele>
        <time>2026-01-17T06:42:32.000Z</time>
        <extensions>
          <ns3:TrackPointExtension>
            <ns3:hr>84</ns3:hr>
          </ns3:TrackPointExtension>
        </extensions>
      </trkpt>
      <trkpt lat="22.3244797624647617340087890625" lon="114.19261981733143329620361328125">
        <ele>9.80000019073486328125</ele>
        <time>2026-01-17T06:42:33.000Z</time>
        <extensions>
          <ns3:TrackPointExtension>
            <ns3:hr>84</ns3:hr>
          </ns3:TrackPointExtension>
        </extensions>
      </trkpt>
      <trkpt lat="22.3244831152260303497314453125" lon="114.1926058195531368255615234375">
        <ele>9.80000019073486328125</ele>
        <time>2026-01-17T06:42:34.000Z</time>
        <extensions>
          <ns3:TrackPointExtension>
            <ns3:hr>84</ns3:hr>
          </ns3:TrackPointExtension>
        </extensions>
      </trkpt>
      <trkpt lat="22.3244861327111721038818359375" lon="114.1925930790603160858154296875">
        <ele>9.80000019073486328125</ele>
        <time>2026-01-17T06:42:35.000Z</time>
        <extensions>
          <ns3:TrackPointExtension>
            <ns3:hr>85</ns3:hr>
          </ns3:TrackPointExtension>
        </extensions>
      </trkpt>
      <trkpt lat="22.32448906637728214263916015625" lon="114.1925811767578125">
        <ele>9.80000019073486328125</ele>
        <time>2026-01-17T06:42:36.000Z</time>
        <extensions>
          <ns3:TrackPointExtension>
            <ns3:hr>85</ns3:hr>
          </ns3:TrackPointExtension>
        </extensions>
      </trkpt>
      <trkpt lat="22.324492000043392181396484375" lon="114.192567430436611175537109375">
        <ele>9.80000019073486328125</ele>
        <time>2026-01-17T06:42:37.000Z</time>
        <extensions>
          <ns3:TrackPointExtension>
            <ns3:hr>85</ns3:hr>
          </ns3:TrackPointExtension>
        </extensions>
      </trkpt>
      <trkpt lat="22.32449526898562908172607421875" lon="114.192554689943790435791015625">
        <ele>10</ele>
        <time>2026-01-17T06:42:38.000Z</time>
        <extensions>
          <ns3:TrackPointExtension>
            <ns3:hr>85</ns3:hr>
          </ns3:TrackPointExtension>
        </extensions>
      </trkpt>
      <trkpt lat="22.32449929229915142059326171875" lon="114.19253968633711338043212890625">
        <ele>10</ele>
        <time>2026-01-17T06:42:39.000Z</time>
        <extensions>
          <ns3:TrackPointExtension>
            <ns3:hr>85</ns3:hr>
          </ns3:TrackPointExtension>
        </extensions>
      </trkpt>
      <trkpt lat="22.3245042376220226287841796875" lon="114.1925263591110706329345703125">
        <ele>10.19999980926513671875</ele>
        <time>2026-01-17T06:42:40.000Z</time>
        <extensions>
          <ns3:TrackPointExtension>
            <ns3:hr>85</ns3:hr>
          </ns3:TrackPointExtension>
        </extensions>
      </trkpt>
      <trkpt lat="22.3245096020400524139404296875" lon="114.19251336716115474700927734375">
        <ele>10.19999980926513671875</ele>
        <time>2026-01-17T06:42:41.000Z</time>
        <extensions>
          <ns3:TrackPointExtension>
            <ns3:hr>85</ns3:hr>
          </ns3:TrackPointExtension>
        </extensions>
      </trkpt>
      <trkpt lat="22.32451572082936763763427734375" lon="114.19250012375414371490478515625">
        <ele>10.19999980926513671875</ele>
        <time>2026-01-17T06:42:42.000Z</time>
        <extensions>
          <ns3:TrackPointExtension>
            <ns3:hr>86</ns3:hr>
          </ns3:TrackPointExtension>
        </extensions>
      </trkpt>
      <trkpt lat="22.32452116906642913818359375" lon="114.192488975822925567626953125">
        <ele>10.3999996185302734375</ele>
        <time>2026-01-17T06:42:43.000Z</time>
        <extensions>
          <ns3:TrackPointExtension>
            <ns3:hr>86</ns3:hr>
          </ns3:TrackPointExtension>
        </extensions>
      </trkpt>
      <trkpt lat="22.3245277069509029388427734375" lon="114.19247682206332683563232421875">
        <ele>10.3999996185302734375</ele>
        <time>2026-01-17T06:42:44.000Z</time>
        <extensions>
          <ns3:TrackPointExtension>
            <ns3:hr>86</ns3:hr>
          </ns3:TrackPointExtension>
        </extensions>
      </trkpt>
      <trkpt lat="22.3245350830256938934326171875" lon="114.19246542267501354217529296875">
        <ele>10.3999996185302734375</ele>
        <time>2026-01-17T06:42:45.000Z</time>
        <extensions>
          <ns3:TrackPointExtension>
            <ns3:hr>86</ns3:hr>
          </ns3:TrackPointExtension>
        </extensions>
      </trkpt>
      <trkpt lat="22.32454271055757999420166015625" lon="114.19245335273444652557373046875">
        <ele>10.3999996185302734375</ele>
        <time>2026-01-17T06:42:46.000Z</time>
        <extensions>
          <ns3:TrackPointExtension>
            <ns3:hr>85</ns3:hr>
          </ns3:TrackPointExtension>
        </extensions>
      </trkpt>
      <trkpt lat="22.324551008641719818115234375" lon="114.1924415342509746551513671875">
        <ele>10.6000003814697265625</ele>
        <time>2026-01-17T06:42:47.000Z</time>
        <extensions>
          <ns3:TrackPointExtension>
            <ns3:hr>86</ns3:hr>
          </ns3:TrackPointExtension>
        </extensions>
      </trkpt>
      <trkpt lat="22.32456064783036708831787109375" lon="114.19242954812943935394287109375">
        <ele>10.6000003814697265625</ele>
        <time>2026-01-17T06:42:48.000Z</time>
        <extensions>
          <ns3:TrackPointExtension>
            <ns3:hr>85</ns3:hr>
          </ns3:TrackPointExtension>
        </extensions>
      </trkpt>
      <trkpt lat="22.32457087375223636627197265625" lon="114.1924177296459674835205078125">
        <ele>10.80000019073486328125</ele>
        <time>2026-01-17T06:42:49.000Z</time>
        <extensions>
          <ns3:TrackPointExtension>
            <ns3:hr>85</ns3:hr>
          </ns3:TrackPointExtension>
        </extensions>
      </trkpt>
      <trkpt lat="22.3245816864073276519775390625" lon="114.19240607880055904388427734375">
        <ele>10.80000019073486328125</ele>
        <time>2026-01-17T06:42:50.000Z</time>
        <extensions>
          <ns3:TrackPointExtension>
            <ns3:hr>84</ns3:hr>
          </ns3:TrackPointExtension>
        </extensions>
      </trkpt>
      <trkpt lat="22.32459224760532379150390625" lon="114.1923935897648334503173828125">
        <ele>10.80000019073486328125</ele>
        <time>2026-01-17T06:42:51.000Z</time>
        <extensions>
          <ns3:TrackPointExtension>
            <ns3:hr>84</ns3:hr>
          </ns3:TrackPointExtension>
        </extensions>
      </trkpt>
      <trkpt lat="22.32460163533687591552734375" lon="114.1923815198242664337158203125">
        <ele>10.80000019073486328125</ele>
        <time>2026-01-17T06:42:52.000Z</time>
        <extensions>
          <ns3:TrackPointExtension>
            <ns3:hr>85</ns3:hr>
          </ns3:TrackPointExtension>
        </extensions>
      </trkpt>
      <trkpt lat="22.3246105201542377471923828125" lon="114.19236869551241397857666015625">
        <ele>10.80000019073486328125</ele>
        <time>2026-01-17T06:42:53.000Z</time>
        <extensions>
          <ns3:TrackPointExtension>
            <ns3:hr>85</ns3:hr>
          </ns3:TrackPointExtension>
        </extensions>
      </trkpt>
      <trkpt lat="22.324618063867092132568359375" lon="114.1923553682863712310791015625">
        <ele>11</ele>
        <time>2026-01-17T06:42:54.000Z</time>
        <extensions>
          <ns3:TrackPointExtension>
            <ns3:hr>86</ns3:hr>
          </ns3:TrackPointExtension>
        </extensions>
      </trkpt>
      <trkpt lat="22.32462502084672451019287109375" lon="114.1923426277935504913330078125">
        <ele>11</ele>
        <time>2026-01-17T06:42:55.000Z</time>
        <extensions>
          <ns3:TrackPointExtension>
            <ns3:hr>86</ns3:hr>
          </ns3:TrackPointExtension>
        </extensions>
      </trkpt>
      <trkpt lat="22.3246316425502300262451171875" lon="114.1923308931291103363037109375">
        <ele>11</ele>
        <time>2026-01-17T06:42:56.000Z</time>
        <extensions>
          <ns3:TrackPointExtension>
            <ns3:hr>86</ns3:hr>
          </ns3:TrackPointExtension>
        </extensions>
      </trkpt>
      <trkpt lat="22.3246383480727672576904296875" lon="114.1923201642930507659912109375">
        <ele>11</ele>
        <time>2026-01-17T06:42:57.000Z</time>
        <extensions>
          <ns3:TrackPointExtension>
            <ns3:hr>86</ns3:hr>
          </ns3:TrackPointExtension>
        </extensions>
      </trkpt>
      <trkpt lat="22.324645556509494781494140625" lon="114.19230951927602291107177734375">
        <ele>11</ele>
        <time>2026-01-17T06:42:58.000Z</time>
        <extensions>
          <ns3:TrackPointExtension>
            <ns3:hr>86</ns3:hr>
          </ns3:TrackPointExtension>
        </extensions>
      </trkpt>
      <trkpt lat="22.32465318404138088226318359375" lon="114.19229879043996334075927734375">
        <ele>11</ele>
        <time>2026-01-17T06:42:59.000Z</time>
        <extensions>
          <ns3:TrackPointExtension>
            <ns3:hr>87</ns3:hr>
          </ns3:TrackPointExtension>
        </extensions>
      </trkpt>
      <trkpt lat="22.32466223649680614471435546875" lon="114.1922883130609989166259765625">
        <ele>11</ele>
        <time>2026-01-17T06:43:00.000Z</time>
        <extensions>
          <ns3:TrackPointExtension>
            <ns3:hr>87</ns3:hr>
          </ns3:TrackPointExtension>
        </extensions>
      </trkpt>
      <trkpt lat="22.32467061839997768402099609375" lon="114.19227766804397106170654296875">
        <ele>11</ele>
        <time>2026-01-17T06:43:01.000Z</time>
        <extensions>
          <ns3:TrackPointExtension>
            <ns3:hr>87</ns3:hr>
          </ns3:TrackPointExtension>
        </extensions>
      </trkpt>
      <trkpt lat="22.32467866502702236175537109375" lon="114.19226744212210178375244140625">
        <ele>11.19999980926513671875</ele>
        <time>2026-01-17T06:43:02.000Z</time>
        <extensions>
          <ns3:TrackPointExtension>
            <ns3:hr>87</ns3:hr>
          </ns3:TrackPointExtension>
        </extensions>
      </trkpt>
      <trkpt lat="22.32468788512051105499267578125" lon="114.19225688092410564422607421875">
        <ele>11.19999980926513671875</ele>
        <time>2026-01-17T06:43:03.000Z</time>
        <extensions>
          <ns3:TrackPointExtension>
            <ns3:hr>87</ns3:hr>
          </ns3:TrackPointExtension>
        </extensions>
      </trkpt>
      <trkpt lat="22.32469609938561916351318359375" lon="114.19224833138287067413330078125">
        <ele>11.3999996185302734375</ele>
        <time>2026-01-17T06:43:04.000Z</time>
        <extensions>
          <ns3:TrackPointExtension>
            <ns3:hr>87</ns3:hr>
          </ns3:TrackPointExtension>
        </extensions>
      </trkpt>
      <trkpt lat="22.32470397837460041046142578125" lon="114.19223810546100139617919921875">
        <ele>11.3999996185302734375</ele>
        <time>2026-01-17T06:43:05.000Z</time>
        <extensions>
          <ns3:TrackPointExtension>
            <ns3:hr>87</ns3:hr>
          </ns3:TrackPointExtension>
        </extensions>
      </trkpt>
      <trkpt lat="22.32471202500164508819580078125" lon="114.192228801548480987548828125">
        <ele>11.3999996185302734375</ele>
        <time>2026-01-17T06:43:06.000Z</time>
        <extensions>
          <ns3:TrackPointExtension>
            <ns3:hr>87</ns3:hr>
          </ns3:TrackPointExtension>
        </extensions>
      </trkpt>
      <trkpt lat="22.324720323085784912109375" lon="114.19221798889338970184326171875">
        <ele>11.3999996185302734375</ele>
        <time>2026-01-17T06:43:07.000Z</time>
        <extensions>
          <ns3:TrackPointExtension>
            <ns3:hr>87</ns3:hr>
          </ns3:TrackPointExtension>
        </extensions>
      </trkpt>
      <trkpt lat="22.32472912408411502838134765625" lon="114.1922061704099178314208984375">
        <ele>11.3999996185302734375</ele>
        <time>2026-01-17T06:43:08.000Z</time>
        <extensions>
          <ns3:TrackPointExtension>
            <ns3:hr>87</ns3:hr>
          </ns3:TrackPointExtension>
        </extensions>
      </trkpt>
      <trkpt lat="22.32473700307309627532958984375" lon="114.19219418428838253021240234375">
        <ele>11.3999996185302734375</ele>
        <time>2026-01-17T06:43:09.000Z</time>
        <extensions>
          <ns3:TrackPointExtension>
            <ns3:hr>87</ns3:hr>
          </ns3:TrackPointExtension>
        </extensions>
      </trkpt>
      <trkpt lat="22.3247446306049823760986328125" lon="114.19218261726200580596923828125">
        <ele>11.3999996185302734375</ele>
        <time>2026-01-17T06:43:10.000Z</time>
        <extensions>
          <ns3:TrackPointExtension>
            <ns3:hr>87</ns3:hr>
          </ns3:TrackPointExtension>
        </extensions>
      </trkpt>
      <trkpt lat="22.3247533477842807769775390625" lon="114.19217222370207309722900390625">
        <ele>11.3999996185302734375</ele>
        <time>2026-01-17T06:43:11.000Z</time>
        <extensions>
          <ns3:TrackPointExtension>
            <ns3:hr>87</ns3:hr>
          </ns3:TrackPointExtension>
        </extensions>
      </trkpt>
      <trkpt lat="22.32476214878261089324951171875" lon="114.19216166250407695770263671875">
        <ele>11.3999996185302734375</ele>
        <time>2026-01-17T06:43:12.000Z</time>
        <extensions>
          <ns3:TrackPointExtension>
            <ns3:hr>86</ns3:hr>
          </ns3:TrackPointExtension>
        </extensions>
      </trkpt>
      <trkpt lat="22.32477187179028987884521484375" lon="114.19215093366801738739013671875">
        <ele>11.3999996185302734375</ele>
        <time>2026-01-17T06:43:13.000Z</time>
        <extensions>
          <ns3:TrackPointExtension>
            <ns3:hr>86</ns3:hr>
          </ns3:TrackPointExtension>
        </extensions>
      </trkpt>
      <trkpt lat="22.32478226535022258758544921875" lon="114.1921404562890529632568359375">
        <ele>11.3999996185302734375</ele>
        <time>2026-01-17T06:43:14.000Z</time>
        <extensions>
          <ns3:TrackPointExtension>
            <ns3:hr>86</ns3:hr>
          </ns3:TrackPointExtension>
        </extensions>
      </trkpt>
      <trkpt lat="22.32479383237659931182861328125" lon="114.1921300627291202545166015625">
        <ele>11.3999996185302734375</ele>
        <time>2026-01-17T06:43:15.000Z</time>
        <extensions>
          <ns3:TrackPointExtension>
            <ns3:hr>86</ns3:hr>
          </ns3:TrackPointExtension>
        </extensions>
      </trkpt>
      <trkpt lat="22.32480456121265888214111328125" lon="114.1921200044453144073486328125">
        <ele>11.6000003814697265625</ele>
        <time>2026-01-17T06:43:16.000Z</time>
        <extensions>
          <ns3:TrackPointExtension>
            <ns3:hr>85</ns3:hr>
          </ns3:TrackPointExtension>
        </extensions>
      </trkpt>
      <trkpt lat="22.3248153738677501678466796875" lon="114.1921099461615085601806640625">
        <ele>11.6000003814697265625</ele>
        <time>2026-01-17T06:43:17.000Z</time>
        <extensions>
          <ns3:TrackPointExtension>
            <ns3:hr>85</ns3:hr>
          </ns3:TrackPointExtension>
        </extensions>
      </trkpt>
      <trkpt lat="22.32482568360865116119384765625" lon="114.19209980405867099761962890625">
        <ele>11.6000003814697265625</ele>
        <time>2026-01-17T06:43:18.000Z</time>
        <extensions>
          <ns3:TrackPointExtension>
            <ns3:hr>85</ns3:hr>
          </ns3:TrackPointExtension>
        </extensions>
      </trkpt>
      <trkpt lat="22.324835322797298431396484375" lon="114.1920894943177700042724609375">
        <ele>11.6000003814697265625</ele>
        <time>2026-01-17T06:43:19.000Z</time>
        <extensions>
          <ns3:TrackPointExtension>
            <ns3:hr>85</ns3:hr>
          </ns3:TrackPointExtension>
        </extensions>
      </trkpt>
      <trkpt lat="22.32484512962400913238525390625" lon="114.1920784302055835723876953125">
        <ele>11.6000003814697265625</ele>
        <time>2026-01-17T06:43:20.000Z</time>
        <extensions>
          <ns3:TrackPointExtension>
            <ns3:hr>85</ns3:hr>
          </ns3:TrackPointExtension>
        </extensions>
      </trkpt>
      <trkpt lat="22.32485468499362468719482421875" lon="114.1920673660933971405029296875">
        <ele>11.6000003814697265625</ele>
        <time>2026-01-17T06:43:21.000Z</time>
        <extensions>
          <ns3:TrackPointExtension>
            <ns3:hr>85</ns3:hr>
          </ns3:TrackPointExtension>
        </extensions>
      </trkpt>
      <trkpt lat="22.3248639889061450958251953125" lon="114.19205613434314727783203125">
        <ele>11.6000003814697265625</ele>
        <time>2026-01-17T06:43:22.000Z</time>
        <extensions>
          <ns3:TrackPointExtension>
            <ns3:hr>85</ns3:hr>
          </ns3:TrackPointExtension>
        </extensions>
      </trkpt>
      <trkpt lat="22.3248740471899509429931640625" lon="114.1920455731451511383056640625">
        <ele>11.6000003814697265625</ele>
        <time>2026-01-17T06:43:23.000Z</time>
        <extensions>
          <ns3:TrackPointExtension>
            <ns3:hr>86</ns3:hr>
          </ns3:TrackPointExtension>
        </extensions>
      </trkpt>
      <trkpt lat="22.324884273111820220947265625" lon="114.19203509576618671417236328125">
        <ele>11.6000003814697265625</ele>
        <time>2026-01-17T06:43:24.000Z</time>
        <extensions>
          <ns3:TrackPointExtension>
            <ns3:hr>86</ns3:hr>
          </ns3:TrackPointExtension>
        </extensions>
      </trkpt>
      <trkpt lat="22.32489399611949920654296875" lon="114.19202520512044429779052734375">
        <ele>11.6000003814697265625</ele>
        <time>2026-01-17T06:43:25.000Z</time>
        <extensions>
          <ns3:TrackPointExtension>
            <ns3:hr>86</ns3:hr>
          </ns3:TrackPointExtension>
        </extensions>
      </trkpt>
      <trkpt lat="22.32490279711782932281494140625" lon="114.1920157335698604583740234375">
        <ele>11.6000003814697265625</ele>
        <time>2026-01-17T06:43:26.000Z</time>
        <extensions>
          <ns3:TrackPointExtension>
            <ns3:hr>86</ns3:hr>
          </ns3:TrackPointExtension>
        </extensions>
      </trkpt>
      <trkpt lat="22.32491134665906429290771484375" lon="114.1920063458383083343505859375">
        <ele>11.6000003814697265625</ele>
        <time>2026-01-17T06:43:27.000Z</time>
        <extensions>
          <ns3:TrackPointExtension>
            <ns3:hr>86</ns3:hr>
          </ns3:TrackPointExtension>
        </extensions>
      </trkpt>
      <trkpt lat="22.32492006383836269378662109375" lon="114.19199712574481964111328125">
        <ele>11.6000003814697265625</ele>
        <time>2026-01-17T06:43:28.000Z</time>
        <extensions>
          <ns3:TrackPointExtension>
            <ns3:hr>86</ns3:hr>
          </ns3:TrackPointExtension>
        </extensions>
      </trkpt>
      <trkpt lat="22.324929200112819671630859375" lon="114.1919885762035846710205078125">
        <ele>11.6000003814697265625</ele>
        <time>2026-01-17T06:43:29.000Z</time>
        <extensions>
          <ns3:TrackPointExtension>
            <ns3:hr>87</ns3:hr>
          </ns3:TrackPointExtension>
        </extensions>
      </trkpt>
      <trkpt lat="22.3249375820159912109375" lon="114.1919795237481594085693359375">
        <ele>11.6000003814697265625</ele>
        <time>2026-01-17T06:43:30.000Z</time>
        <extensions>
          <ns3:TrackPointExtension>
            <ns3:hr>87</ns3:hr>
          </ns3:TrackPointExtension>
        </extensions>
      </trkpt>
      <trkpt lat="22.32494588010013103485107421875" lon="114.19197021983563899993896484375">
        <ele>11.6000003814697265625</ele>
        <time>2026-01-17T06:43:31.000Z</time>
        <extensions>
          <ns3:TrackPointExtension>
            <ns3:hr>87</ns3:hr>
          </ns3:TrackPointExtension>
        </extensions>
      </trkpt>
      <trkpt lat="22.32495434582233428955078125" lon="114.191959910094738006591796875">
        <ele>11.3999996185302734375</ele>
        <time>2026-01-17T06:43:32.000Z</time>
        <extensions>
          <ns3:TrackPointExtension>
            <ns3:hr>87</ns3:hr>
          </ns3:TrackPointExtension>
        </extensions>
      </trkpt>
      <trkpt lat="22.32496247626841068267822265625" lon="114.19195018708705902099609375">
        <ele>11.3999996185302734375</ele>
        <time>2026-01-17T06:43:33.000Z</time>
        <extensions>
          <ns3:TrackPointExtension>
            <ns3:hr>87</ns3:hr>
          </ns3:TrackPointExtension>
        </extensions>
      </trkpt>
      <trkpt lat="22.3249699361622333526611328125" lon="114.19193987734615802764892578125">
        <ele>11.3999996185302734375</ele>
        <time>2026-01-17T06:43:34.000Z</time>
        <extensions>
          <ns3:TrackPointExtension>
            <ns3:hr>87</ns3:hr>
          </ns3:TrackPointExtension>
        </extensions>
      </trkpt>
      <trkpt lat="22.32497706077992916107177734375" lon="114.19192831031978130340576171875">
        <ele>11.3999996185302734375</ele>
        <time>2026-01-17T06:43:35.000Z</time>
        <extensions>
          <ns3:TrackPointExtension>
            <ns3:hr>88</ns3:hr>
          </ns3:TrackPointExtension>
        </extensions>
      </trkpt>
      <trkpt lat="22.324985526502132415771484375" lon="114.19191624037921428680419921875">
        <ele>11.3999996185302734375</ele>
        <time>2026-01-17T06:43:36.000Z</time>
        <extensions>
          <ns3:TrackPointExtension>
            <ns3:hr>88</ns3:hr>
          </ns3:TrackPointExtension>
        </extensions>
      </trkpt>
      <trkpt lat="22.3249934054911136627197265625" lon="114.191905595362186431884765625">
        <ele>11.3999996185302734375</ele>
        <time>2026-01-17T06:43:37.000Z</time>
        <extensions>
          <ns3:TrackPointExtension>
            <ns3:hr>88</ns3:hr>
          </ns3:TrackPointExtension>
        </extensions>
      </trkpt>
      <trkpt lat="22.32500237412750720977783203125" lon="114.191894866526126861572265625">
        <ele>11.3999996185302734375</ele>
        <time>2026-01-17T06:43:38.000Z</time>
        <extensions>
          <ns3:TrackPointExtension>
            <ns3:hr>88</ns3:hr>
          </ns3:TrackPointExtension>
        </extensions>
      </trkpt>
      <trkpt lat="22.3250108398497104644775390625" lon="114.19188438914716243743896484375">
        <ele>11.3999996185302734375</ele>
        <time>2026-01-17T06:43:39.000Z</time>
        <extensions>
          <ns3:TrackPointExtension>
            <ns3:hr>87</ns3:hr>
          </ns3:TrackPointExtension>
        </extensions>
      </trkpt>
      <trkpt lat="22.325019724667072296142578125" lon="114.19187332503497600555419921875">
        <ele>11.3999996185302734375</ele>
        <time>2026-01-17T06:43:40.000Z</time>
        <extensions>
          <ns3:TrackPointExtension>
            <ns3:hr>87</ns3:hr>
          </ns3:TrackPointExtension>
        </extensions>
      </trkpt>
      <trkpt lat="22.3250292800366878509521484375" lon="114.19186242856085300445556640625">
        <ele>11.3999996185302734375</ele>
        <time>2026-01-17T06:43:41.000Z</time>
        <extensions>
          <ns3:TrackPointExtension>
            <ns3:hr>86</ns3:hr>
          </ns3:TrackPointExtension>
        </extensions>
      </trkpt>
      <trkpt lat="22.32503858394920825958251953125" lon="114.19185186736285686492919921875">
        <ele>11.3999996185302734375</ele>
        <time>2026-01-17T06:43:42.000Z</time>
        <extensions>
          <ns3:TrackPointExtension>
            <ns3:hr>85</ns3:hr>
          </ns3:TrackPointExtension>
        </extensions>
      </trkpt>
      <trkpt lat="22.32504797168076038360595703125" lon="114.1918408870697021484375">
        <ele>11.3999996185302734375</ele>
        <time>2026-01-17T06:43:43.000Z</time>
        <extensions>
          <ns3:TrackPointExtension>
            <ns3:hr>84</ns3:hr>
          </ns3:TrackPointExtension>
        </extensions>
      </trkpt>
      <trkpt lat="22.32505719177424907684326171875" lon="114.19182973913848400115966796875">
        <ele>11.3999996185302734375</ele>
        <time>2026-01-17T06:43:44.000Z</time>
        <extensions>
          <ns3:TrackPointExtension>
            <ns3:hr>84</ns3:hr>
          </ns3:TrackPointExtension>
        </extensions>
      </trkpt>
      <trkpt lat="22.32506607659161090850830078125" lon="114.19181901030242443084716796875">
        <ele>11.3999996185302734375</ele>
        <time>2026-01-17T06:43:45.000Z</time>
        <extensions>
          <ns3:TrackPointExtension>
            <ns3:hr>84</ns3:hr>
          </ns3:TrackPointExtension>
        </extensions>
      </trkpt>
      <trkpt lat="22.32507512904703617095947265625" lon="114.19180895201861858367919921875">
        <ele>11.3999996185302734375</ele>
        <time>2026-01-17T06:43:46.000Z</time>
        <extensions>
          <ns3:TrackPointExtension>
            <ns3:hr>83</ns3:hr>
          </ns3:TrackPointExtension>
        </extensions>
      </trkpt>
      <trkpt lat="22.3250859417021274566650390625" lon="114.19179889373481273651123046875">
        <ele>11.3999996185302734375</ele>
        <time>2026-01-17T06:43:47.000Z</time>
        <extensions>
          <ns3:TrackPointExtension>
            <ns3:hr>82</ns3:hr>
          </ns3:TrackPointExtension>
        </extensions>
      </trkpt>
      <trkpt lat="22.32509692199528217315673828125" lon="114.19178984127938747406005859375">
        <ele>11.3999996185302734375</ele>
        <time>2026-01-17T06:43:48.000Z</time>
        <extensions>
          <ns3:TrackPointExtension>
            <ns3:hr>82</ns3:hr>
          </ns3:TrackPointExtension>
        </extensions>
      </trkpt>
      <trkpt lat="22.32510681264102458953857421875" lon="114.19178062118589878082275390625">
        <ele>11.6000003814697265625</ele>
        <time>2026-01-17T06:43:49.000Z</time>
        <extensions>
          <ns3:TrackPointExtension>
            <ns3:hr>81</ns3:hr>
          </ns3:TrackPointExtension>
        </extensions>
      </trkpt>
      <trkpt lat="22.3251174576580524444580078125" lon="114.1917706467211246490478515625">
        <ele>11.6000003814697265625</ele>
        <time>2026-01-17T06:43:50.000Z</time>
        <extensions>
          <ns3:TrackPointExtension>
            <ns3:hr>82</ns3:hr>
          </ns3:TrackPointExtension>
        </extensions>
      </trkpt>
      <trkpt lat="22.32512659393250942230224609375" lon="114.19176151044666767120361328125">
        <ele>11.6000003814697265625</ele>
        <time>2026-01-17T06:43:51.000Z</time>
        <extensions>
          <ns3:TrackPointExtension>
            <ns3:hr>82</ns3:hr>
          </ns3:TrackPointExtension>
        </extensions>
      </trkpt>
      <trkpt lat="22.32513749040663242340087890625" lon="114.191750697791576385498046875">
        <ele>11.6000003814697265625</ele>
        <time>2026-01-17T06:43:52.000Z</time>
        <extensions>
          <ns3:TrackPointExtension>
            <ns3:hr>81</ns3:hr>
          </ns3:TrackPointExtension>
        </extensions>
      </trkpt>
      <trkpt lat="22.32514687813818454742431640625" lon="114.19174022041261196136474609375">
        <ele>11.6000003814697265625</ele>
        <time>2026-01-17T06:43:53.000Z</time>
        <extensions>
          <ns3:TrackPointExtension>
            <ns3:hr>81</ns3:hr>
          </ns3:TrackPointExtension>
        </extensions>
      </trkpt>
      <trkpt lat="22.32515676878392696380615234375" lon="114.191729240119457244873046875">
        <ele>11.6000003814697265625</ele>
        <time>2026-01-17T06:43:54.000Z</time>
        <extensions>
          <ns3:TrackPointExtension>
            <ns3:hr>82</ns3:hr>
          </ns3:TrackPointExtension>
        </extensions>
      </trkpt>
      <trkpt lat="22.32516582123935222625732421875" lon="114.1917193494737148284912109375">
        <ele>11.6000003814697265625</ele>
        <time>2026-01-17T06:43:55.000Z</time>
        <extensions>
          <ns3:TrackPointExtension>
            <ns3:hr>82</ns3:hr>
          </ns3:TrackPointExtension>
        </extensions>
      </trkpt>
      <trkpt lat="22.32517470605671405792236328125" lon="114.1917089559137821197509765625">
        <ele>11.6000003814697265625</ele>
        <time>2026-01-17T06:43:56.000Z</time>
        <extensions>
          <ns3:TrackPointExtension>
            <ns3:hr>82</ns3:hr>
          </ns3:TrackPointExtension>
        </extensions>
      </trkpt>
      <trkpt lat="22.32518409378826618194580078125" lon="114.19170015491545200347900390625">
        <ele>11.6000003814697265625</ele>
        <time>2026-01-17T06:43:57.000Z</time>
        <extensions>
          <ns3:TrackPointExtension>
            <ns3:hr>82</ns3:hr>
          </ns3:TrackPointExtension>
        </extensions>
      </trkpt>
      <trkpt lat="22.32519281096756458282470703125" lon="114.191691018640995025634765625">
        <ele>11.6000003814697265625</ele>
        <time>2026-01-17T06:43:58.000Z</time>
        <extensions>
          <ns3:TrackPointExtension>
            <ns3:hr>83</ns3:hr>
          </ns3:TrackPointExtension>
        </extensions>
      </trkpt>
      <trkpt lat="22.32520219869911670684814453125" lon="114.19168221764266490936279296875">
        <ele>11.6000003814697265625</ele>
        <time>2026-01-17T06:43:59.000Z</time>
        <extensions>
          <ns3:TrackPointExtension>
            <ns3:hr>83</ns3:hr>
          </ns3:TrackPointExtension>
        </extensions>
      </trkpt>
      <trkpt lat="22.3252116702497005462646484375" lon="114.19167417101562023162841796875">
        <ele>11.3999996185302734375</ele>
        <time>2026-01-17T06:44:00.000Z</time>
        <extensions>
          <ns3:TrackPointExtension>
            <ns3:hr>83</ns3:hr>
          </ns3:TrackPointExtension>
        </extensions>
      </trkpt>
      <trkpt lat="22.32522214762866497039794921875" lon="114.19166595675051212310791015625">
        <ele>11.3999996185302734375</ele>
        <time>2026-01-17T06:44:01.000Z</time>
        <extensions>
          <ns3:TrackPointExtension>
            <ns3:hr>83</ns3:hr>
          </ns3:TrackPointExtension>
        </extensions>
      </trkpt>
      <trkpt lat="22.3252321220934391021728515625" lon="114.191658161580562591552734375">
        <ele>11.3999996185302734375</ele>
        <time>2026-01-17T06:44:02.000Z</time>
        <extensions>
          <ns3:TrackPointExtension>
            <ns3:hr>84</ns3:hr>
          </ns3:TrackPointExtension>
        </extensions>
      </trkpt>
      <trkpt lat="22.32524142600595951080322265625" lon="114.19165036641061305999755859375">
        <ele>11.6000003814697265625</ele>
        <time>2026-01-17T06:44:03.000Z</time>
        <extensions>
          <ns3:TrackPointExtension>
            <ns3:hr>83</ns3:hr>
          </ns3:TrackPointExtension>
        </extensions>
      </trkpt>
      <trkpt lat="22.3252508975565433502197265625" lon="114.19164030812680721282958984375">
        <ele>11.6000003814697265625</ele>
        <time>2026-01-17T06:44:04.000Z</time>
        <extensions>
          <ns3:TrackPointExtension>
            <ns3:hr>83</ns3:hr>
          </ns3:TrackPointExtension>
        </extensions>
      </trkpt>
      <trkpt lat="22.32525969855487346649169921875" lon="114.1916305013000965118408203125">
        <ele>11.6000003814697265625</ele>
        <time>2026-01-17T06:44:05.000Z</time>
        <extensions>
          <ns3:TrackPointExtension>
            <ns3:hr>84</ns3:hr>
          </ns3:TrackPointExtension>
        </extensions>
      </trkpt>
      <trkpt lat="22.32526824809610843658447265625" lon="114.19162027537822723388671875">
        <ele>11.80000019073486328125</ele>
        <time>2026-01-17T06:44:06.000Z</time>
        <extensions>
          <ns3:TrackPointExtension>
            <ns3:hr>83</ns3:hr>
          </ns3:TrackPointExtension>
        </extensions>
      </trkpt>
      <trkpt lat="22.32527763582766056060791015625" lon="114.19161063618957996368408203125">
        <ele>11.80000019073486328125</ele>
        <time>2026-01-17T06:44:07.000Z</time>
        <extensions>
          <ns3:TrackPointExtension>
            <ns3:hr>84</ns3:hr>
          </ns3:TrackPointExtension>
        </extensions>
      </trkpt>
      <trkpt lat="22.32528668828308582305908203125" lon="114.19160158373415470123291015625">
        <ele>11.80000019073486328125</ele>
        <time>2026-01-17T06:44:08.000Z</time>
        <extensions>
          <ns3:TrackPointExtension>
            <ns3:hr>84</ns3:hr>
          </ns3:TrackPointExtension>
        </extensions>
      </trkpt>
      <trkpt lat="22.32529590837657451629638671875" lon="114.1915919445455074310302734375">
        <ele>11.80000019073486328125</ele>
        <time>2026-01-17T06:44:09.000Z</time>
        <extensions>
          <ns3:TrackPointExtension>
            <ns3:hr>84</ns3:hr>
          </ns3:TrackPointExtension>
        </extensions>
      </trkpt>
      <trkpt lat="22.3253055475652217864990234375" lon="114.19158146716654300689697265625">
        <ele>11.80000019073486328125</ele>
        <time>2026-01-17T06:44:10.000Z</time>
        <extensions>
          <ns3:TrackPointExtension>
            <ns3:hr>84</ns3:hr>
          </ns3:TrackPointExtension>
        </extensions>
      </trkpt>
      <trkpt lat="22.32531384564936161041259765625" lon="114.191570989787578582763671875">
        <ele>11.80000019073486328125</ele>
        <time>2026-01-17T06:44:11.000Z</time>
        <extensions>
          <ns3:TrackPointExtension>
            <ns3:hr>83</ns3:hr>
          </ns3:TrackPointExtension>
        </extensions>
      </trkpt>
      <trkpt lat="22.32532189227640628814697265625" lon="114.191560931503772735595703125">
        <ele>11.80000019073486328125</ele>
        <time>2026-01-17T06:44:12.000Z</time>
        <extensions>
          <ns3:TrackPointExtension>
            <ns3:hr>84</ns3:hr>
          </ns3:TrackPointExtension>
        </extensions>
      </trkpt>
      <trkpt lat="22.3253303579986095428466796875" lon="114.191550202667713165283203125">
        <ele>11.80000019073486328125</ele>
        <time>2026-01-17T06:44:13.000Z</time>
        <extensions>
          <ns3:TrackPointExtension>
            <ns3:hr>84</ns3:hr>
          </ns3:TrackPointExtension>
        </extensions>
      </trkpt>
      <trkpt lat="22.32533899135887622833251953125" lon="114.19153788127005100250244140625">
        <ele>11.80000019073486328125</ele>
        <time>2026-01-17T06:44:14.000Z</time>
        <extensions>
          <ns3:TrackPointExtension>
            <ns3:hr>84</ns3:hr>
          </ns3:TrackPointExtension>
        </extensions>
      </trkpt>
      <trkpt lat="22.32534703798592090606689453125" lon="114.1915269009768962860107421875">
        <ele>11.80000019073486328125</ele>
        <time>2026-01-17T06:44:15.000Z</time>
        <extensions>
          <ns3:TrackPointExtension>
            <ns3:hr>84</ns3:hr>
          </ns3:TrackPointExtension>
        </extensions>
      </trkpt>
      <trkpt lat="22.32535525225102901458740234375" lon="114.19151659123599529266357421875">
        <ele>11.80000019073486328125</ele>
        <time>2026-01-17T06:44:16.000Z</time>
        <extensions>
          <ns3:TrackPointExtension>
            <ns3:hr>83</ns3:hr>
          </ns3:TrackPointExtension>
        </extensions>
      </trkpt>
      <trkpt lat="22.32536296360194683074951171875" lon="114.191505946218967437744140625">
        <ele>11.80000019073486328125</ele>
        <time>2026-01-17T06:44:17.000Z</time>
        <extensions>
          <ns3:TrackPointExtension>
            <ns3:hr>83</ns3:hr>
          </ns3:TrackPointExtension>
        </extensions>
      </trkpt>
      <trkpt lat="22.325369752943515777587890625" lon="114.19149664230644702911376953125">
        <ele>11.80000019073486328125</ele>
        <time>2026-01-17T06:44:18.000Z</time>
        <extensions>
          <ns3:TrackPointExtension>
            <ns3:hr>84</ns3:hr>
          </ns3:TrackPointExtension>
        </extensions>
      </trkpt>
      <trkpt lat="22.32537620700895786285400390625" lon="114.19148675166070461273193359375">
        <ele>11.80000019073486328125</ele>
        <time>2026-01-17T06:44:19.000Z</time>
        <extensions>
          <ns3:TrackPointExtension>
            <ns3:hr>84</ns3:hr>
          </ns3:TrackPointExtension>
        </extensions>
      </trkpt>
      <trkpt lat="22.32538240961730480194091796875" lon="114.19147769920527935028076171875">
        <ele>11.80000019073486328125</ele>
        <time>2026-01-17T06:44:20.000Z</time>
        <extensions>
          <ns3:TrackPointExtension>
            <ns3:hr>84</ns3:hr>
          </ns3:TrackPointExtension>
        </extensions>
      </trkpt>
      <trkpt lat="22.325389198958873748779296875" lon="114.1914685629308223724365234375">
        <ele>11.80000019073486328125</ele>
        <time>2026-01-17T06:44:21.000Z</time>
        <extensions>
          <ns3:TrackPointExtension>
            <ns3:hr>84</ns3:hr>
          </ns3:TrackPointExtension>
        </extensions>
      </trkpt>
      <trkpt lat="22.32539632357656955718994140625" lon="114.1914601810276508331298828125">
        <ele>11.80000019073486328125</ele>
        <time>2026-01-17T06:44:22.000Z</time>
        <extensions>
          <ns3:TrackPointExtension>
            <ns3:hr>84</ns3:hr>
          </ns3:TrackPointExtension>
        </extensions>
      </trkpt>
      <trkpt lat="22.3254037834703922271728515625" lon="114.19145389460027217864990234375">
        <ele>12</ele>
        <time>2026-01-17T06:44:23.000Z</time>
        <extensions>
          <ns3:TrackPointExtension>
            <ns3:hr>84</ns3:hr>
          </ns3:TrackPointExtension>
        </extensions>
      </trkpt>
      <trkpt lat="22.3254121653735637664794921875" lon="114.191447608172893524169921875">
        <ele>12</ele>
        <time>2026-01-17T06:44:24.000Z</time>
        <extensions>
          <ns3:TrackPointExtension>
            <ns3:hr>84</ns3:hr>
          </ns3:TrackPointExtension>
        </extensions>
      </trkpt>
      <trkpt lat="22.3254212178289890289306640625" lon="114.1914410702884197235107421875">
        <ele>12</ele>
        <time>2026-01-17T06:44:25.000Z</time>
        <extensions>
          <ns3:TrackPointExtension>
            <ns3:hr>83</ns3:hr>
          </ns3:TrackPointExtension>
        </extensions>
      </trkpt>
      <trkpt lat="22.325431443750858306884765625" lon="114.19143411330878734588623046875">
        <ele>12</ele>
        <time>2026-01-17T06:44:26.000Z</time>
        <extensions>
          <ns3:TrackPointExtension>
            <ns3:hr>84</ns3:hr>
          </ns3:TrackPointExtension>
        </extensions>
      </trkpt>
      <trkpt lat="22.32544342987239360809326171875" lon="114.1914266534149646759033203125">
        <ele>11.80000019073486328125</ele>
        <time>2026-01-17T06:44:27.000Z</time>
        <extensions>
          <ns3:TrackPointExtension>
            <ns3:hr>84</ns3:hr>
          </ns3:TrackPointExtension>
        </extensions>
      </trkpt>
      <trkpt lat="22.3254550807178020477294921875" lon="114.19142053462564945220947265625">
        <ele>11.80000019073486328125</ele>
        <time>2026-01-17T06:44:28.000Z</time>
        <extensions>
          <ns3:TrackPointExtension>
            <ns3:hr>82</ns3:hr>
          </ns3:TrackPointExtension>
        </extensions>
      </trkpt>
      <trkpt lat="22.32546606101095676422119140625" lon="114.19141449965536594390869140625">
        <ele>11.6000003814697265625</ele>
        <time>2026-01-17T06:44:29.000Z</time>
        <extensions>
          <ns3:TrackPointExtension>
            <ns3:hr>81</ns3:hr>
          </ns3:TrackPointExtension>
        </extensions>
      </trkpt>
      <trkpt lat="22.3254762031137943267822265625" lon="114.191408045589923858642578125">
        <ele>11.6000003814697265625</ele>
        <time>2026-01-17T06:44:30.000Z</time>
        <extensions>
          <ns3:TrackPointExtension>
            <ns3:hr>80</ns3:hr>
          </ns3:TrackPointExtension>
        </extensions>
      </trkpt>
      <trkpt lat="22.32548600994050502777099609375" lon="114.19140159152448177337646484375">
        <ele>11.6000003814697265625</ele>
        <time>2026-01-17T06:44:31.000Z</time>
        <extensions>
          <ns3:TrackPointExtension>
            <ns3:hr>80</ns3:hr>
          </ns3:TrackPointExtension>
        </extensions>
      </trkpt>
      <trkpt lat="22.3254969902336597442626953125" lon="114.191395305097103118896484375">
        <ele>11.3999996185302734375</ele>
        <time>2026-01-17T06:44:32.000Z</time>
        <extensions>
          <ns3:TrackPointExtension>
            <ns3:hr>80</ns3:hr>
          </ns3:TrackPointExtension>
        </extensions>
      </trkpt>
      <trkpt lat="22.32550914399325847625732421875" lon="114.19138885103166103363037109375">
        <ele>11.3999996185302734375</ele>
        <time>2026-01-17T06:44:33.000Z</time>
        <extensions>
          <ns3:TrackPointExtension>
            <ns3:hr>81</ns3:hr>
          </ns3:TrackPointExtension>
        </extensions>
      </trkpt>
      <trkpt lat="22.3255218006670475006103515625" lon="114.19138348661363124847412109375">
        <ele>11.3999996185302734375</ele>
        <time>2026-01-17T06:44:34.000Z</time>
        <extensions>
          <ns3:TrackPointExtension>
            <ns3:hr>81</ns3:hr>
          </ns3:TrackPointExtension>
        </extensions>
      </trkpt>
      <trkpt lat="22.32553278096020221710205078125" lon="114.1913790442049503326416015625">
        <ele>11.3999996185302734375</ele>
        <time>2026-01-17T06:44:35.000Z</time>
        <extensions>
          <ns3:TrackPointExtension>
            <ns3:hr>81</ns3:hr>
          </ns3:TrackPointExtension>
        </extensions>
      </trkpt>
      <trkpt lat="22.32554350979626178741455078125" lon="114.19137560762465000152587890625">
        <ele>11.3999996185302734375</ele>
        <time>2026-01-17T06:44:36.000Z</time>
        <extensions>
          <ns3:TrackPointExtension>
            <ns3:hr>81</ns3:hr>
          </ns3:TrackPointExtension>
        </extensions>
      </trkpt>
      <trkpt lat="22.325554154813289642333984375" lon="114.1913716681301593780517578125">
        <ele>11.3999996185302734375</ele>
        <time>2026-01-17T06:44:37.000Z</time>
        <extensions>
          <ns3:TrackPointExtension>
            <ns3:hr>81</ns3:hr>
          </ns3:TrackPointExtension>
        </extensions>
      </trkpt>
      <trkpt lat="22.3255616985261440277099609375" lon="114.19136772863566875457763671875">
        <ele>11.3999996185302734375</ele>
        <time>2026-01-17T06:44:38.000Z</time>
        <extensions>
          <ns3:TrackPointExtension>
            <ns3:hr>81</ns3:hr>
          </ns3:TrackPointExtension>
        </extensions>
      </trkpt>
      <trkpt lat="22.325567901134490966796875" lon="114.1913636215031147003173828125">
        <ele>11.3999996185302734375</ele>
        <time>2026-01-17T06:44:39.000Z</time>
        <extensions>
          <ns3:TrackPointExtension>
            <ns3:hr>81</ns3:hr>
          </ns3:TrackPointExtension>
        </extensions>
      </trkpt>
      <trkpt lat="22.32556982897222042083740234375" lon="114.19135884381830692291259765625">
        <ele>11.3999996185302734375</ele>
        <time>2026-01-17T06:44:40.000Z</time>
        <extensions>
          <ns3:TrackPointExtension>
            <ns3:hr>81</ns3:hr>
          </ns3:TrackPointExtension>
        </extensions>
      </trkpt>
      <trkpt lat="22.32556982897222042083740234375" lon="114.1913555748760700225830078125">
        <ele>11.3999996185302734375</ele>
        <time>2026-01-17T06:44:41.000Z</time>
        <extensions>
          <ns3:TrackPointExtension>
            <ns3:hr>81</ns3:hr>
          </ns3:TrackPointExtension>
        </extensions>
      </trkpt>
      <trkpt lat="22.32557049952447414398193359375" lon="114.191351719200611114501953125">
        <ele>11.3999996185302734375</ele>
        <time>2026-01-17T06:44:42.000Z</time>
        <extensions>
          <ns3:TrackPointExtension>
            <ns3:hr>81</ns3:hr>
          </ns3:TrackPointExtension>
        </extensions>
      </trkpt>
      <trkpt lat="22.3255717568099498748779296875" lon="114.19134777970612049102783203125">
        <ele>11.6000003814697265625</ele>
        <time>2026-01-17T06:44:43.000Z</time>
        <extensions>
          <ns3:TrackPointExtension>
            <ns3:hr>82</ns3:hr>
          </ns3:TrackPointExtension>
        </extensions>
      </trkpt>
      <trkpt lat="22.3255746066570281982421875" lon="114.19134308584034442901611328125">
        <ele>11.6000003814697265625</ele>
        <time>2026-01-17T06:44:44.000Z</time>
        <extensions>
          <ns3:TrackPointExtension>
            <ns3:hr>82</ns3:hr>
          </ns3:TrackPointExtension>
        </extensions>
      </trkpt>
      <trkpt lat="22.32557871378958225250244140625" lon="114.191339313983917236328125">
        <ele>11.3999996185302734375</ele>
        <time>2026-01-17T06:44:45.000Z</time>
        <extensions>
          <ns3:TrackPointExtension>
            <ns3:hr>82</ns3:hr>
          </ns3:TrackPointExtension>
        </extensions>
      </trkpt>
      <trkpt lat="22.3255853354930877685546875" lon="114.19133554212749004364013671875">
        <ele>11.3999996185302734375</ele>
        <time>2026-01-17T06:44:46.000Z</time>
        <extensions>
          <ns3:TrackPointExtension>
            <ns3:hr>81</ns3:hr>
          </ns3:TrackPointExtension>
        </extensions>
      </trkpt>
      <trkpt lat="22.32559430412948131561279296875" lon="114.19133051298558712005615234375">
        <ele>11.3999996185302734375</ele>
        <time>2026-01-17T06:44:47.000Z</time>
        <extensions>
          <ns3:TrackPointExtension>
            <ns3:hr>81</ns3:hr>
          </ns3:TrackPointExtension>
        </extensions>
      </trkpt>
      <trkpt lat="22.32560117729008197784423828125" lon="114.19132581911981105804443359375">
        <ele>11.3999996185302734375</ele>
        <time>2026-01-17T06:44:48.000Z</time>
        <extensions>
          <ns3:TrackPointExtension>
            <ns3:hr>81</ns3:hr>
          </ns3:TrackPointExtension>
        </extensions>
      </trkpt>
      <trkpt lat="22.32560905627906322479248046875" lon="114.19132162816822528839111328125">
        <ele>11.3999996185302734375</ele>
        <time>2026-01-17T06:44:49.000Z</time>
        <extensions>
          <ns3:TrackPointExtension>
            <ns3:hr>81</ns3:hr>
          </ns3:TrackPointExtension>
        </extensions>
      </trkpt>
      <trkpt lat="22.3256175220012664794921875" lon="114.1913180239498615264892578125">
        <ele>11.3999996185302734375</ele>
        <time>2026-01-17T06:44:50.000Z</time>
        <extensions>
          <ns3:TrackPointExtension>
            <ns3:hr>81</ns3:hr>
          </ns3:TrackPointExtension>
        </extensions>
      </trkpt>
      <trkpt lat="22.3256274126470088958740234375" lon="114.19131324626505374908447265625">
        <ele>11.3999996185302734375</ele>
        <time>2026-01-17T06:44:51.000Z</time>
        <extensions>
          <ns3:TrackPointExtension>
            <ns3:hr>80</ns3:hr>
          </ns3:TrackPointExtension>
        </extensions>
      </trkpt>
      <trkpt lat="22.32563638128340244293212890625" lon="114.19130637310445308685302734375">
        <ele>11.3999996185302734375</ele>
        <time>2026-01-17T06:44:52.000Z</time>
        <extensions>
          <ns3:TrackPointExtension>
            <ns3:hr>79</ns3:hr>
          </ns3:TrackPointExtension>
        </extensions>
      </trkpt>
      <trkpt lat="22.325645349919795989990234375" lon="114.191301763057708740234375">
        <ele>11.3999996185302734375</ele>
        <time>2026-01-17T06:44:53.000Z</time>
        <extensions>
          <ns3:TrackPointExtension>
            <ns3:hr>79</ns3:hr>
          </ns3:TrackPointExtension>
        </extensions>
      </trkpt>
      <trkpt lat="22.3256569169461727142333984375" lon="114.19129706919193267822265625">
        <ele>11.3999996185302734375</ele>
        <time>2026-01-17T06:44:54.000Z</time>
        <extensions>
          <ns3:TrackPointExtension>
            <ns3:hr>78</ns3:hr>
          </ns3:TrackPointExtension>
        </extensions>
      </trkpt>
      <trkpt lat="22.325667478144168853759765625" lon="114.19129195623099803924560546875">
        <ele>11.3999996185302734375</ele>
        <time>2026-01-17T06:44:55.000Z</time>
        <extensions>
          <ns3:TrackPointExtension>
            <ns3:hr>78</ns3:hr>
          </ns3:TrackPointExtension>
        </extensions>
      </trkpt>
      <trkpt lat="22.32567845843732357025146484375" lon="114.191286675631999969482421875">
        <ele>11.6000003814697265625</ele>
        <time>2026-01-17T06:44:56.000Z</time>
        <extensions>
          <ns3:TrackPointExtension>
            <ns3:hr>78</ns3:hr>
          </ns3:TrackPointExtension>
        </extensions>
      </trkpt>
      <trkpt lat="22.32569186948239803314208984375" lon="114.1912798024713993072509765625">
        <ele>11.6000003814697265625</ele>
        <time>2026-01-17T06:44:57.000Z</time>
        <extensions>
          <ns3:TrackPointExtension>
            <ns3:hr>78</ns3:hr>
          </ns3:TrackPointExtension>
        </extensions>
      </trkpt>
      <trkpt lat="22.3257033526897430419921875" lon="114.1912730969488620758056640625">
        <ele>11.6000003814697265625</ele>
        <time>2026-01-17T06:44:58.000Z</time>
        <extensions>
          <ns3:TrackPointExtension>
            <ns3:hr>78</ns3:hr>
          </ns3:TrackPointExtension>
        </extensions>
      </trkpt>
      <trkpt lat="22.32571567408740520477294921875" lon="114.19126613996922969818115234375">
        <ele>11.6000003814697265625</ele>
        <time>2026-01-17T06:44:59.000Z</time>
        <extensions>
          <ns3:TrackPointExtension>
            <ns3:hr>77</ns3:hr>
          </ns3:TrackPointExtension>
        </extensions>
      </trkpt>
      <trkpt lat="22.32572657056152820587158203125" lon="114.19125976972281932830810546875">
        <ele>11.6000003814697265625</ele>
        <time>2026-01-17T06:45:00.000Z</time>
        <extensions>
          <ns3:TrackPointExtension>
            <ns3:hr>78</ns3:hr>
          </ns3:TrackPointExtension>
        </extensions>
      </trkpt>
      <trkpt lat="22.32573713175952434539794921875" lon="114.191252477467060089111328125">
        <ele>11.6000003814697265625</ele>
        <time>2026-01-17T06:45:01.000Z</time>
        <extensions>
          <ns3:TrackPointExtension>
            <ns3:hr>77</ns3:hr>
          </ns3:TrackPointExtension>
        </extensions>
      </trkpt>
      <trkpt lat="22.3257471062242984771728515625" lon="114.191244430840015411376953125">
        <ele>11.6000003814697265625</ele>
        <time>2026-01-17T06:45:02.000Z</time>
        <extensions>
          <ns3:TrackPointExtension>
            <ns3:hr>78</ns3:hr>
          </ns3:TrackPointExtension>
        </extensions>
      </trkpt>
      <trkpt lat="22.32575858943164348602294921875" lon="114.191234372556209564208984375">
        <ele>11.6000003814697265625</ele>
        <time>2026-01-17T06:45:03.000Z</time>
        <extensions>
          <ns3:TrackPointExtension>
            <ns3:hr>78</ns3:hr>
          </ns3:TrackPointExtension>
        </extensions>
      </trkpt>
      <trkpt lat="22.3257682286202907562255859375" lon="114.1912254877388477325439453125">
        <ele>11.6000003814697265625</ele>
        <time>2026-01-17T06:45:04.000Z</time>
        <extensions>
          <ns3:TrackPointExtension>
            <ns3:hr>78</ns3:hr>
          </ns3:TrackPointExtension>
        </extensions>
      </trkpt>
      <trkpt lat="22.3257784545421600341796875" lon="114.191216267645359039306640625">
        <ele>11.6000003814697265625</ele>
        <time>2026-01-17T06:45:05.000Z</time>
        <extensions>
          <ns3:TrackPointExtension>
            <ns3:hr>79</ns3:hr>
          </ns3:TrackPointExtension>
        </extensions>
      </trkpt>
      <trkpt lat="22.32578624971210956573486328125" lon="114.19120780192315578460693359375">
        <ele>11.6000003814697265625</ele>
        <time>2026-01-17T06:45:06.000Z</time>
        <extensions>
          <ns3:TrackPointExtension>
            <ns3:hr>81</ns3:hr>
          </ns3:TrackPointExtension>
        </extensions>
      </trkpt>
      <trkpt lat="22.3257896862924098968505859375" lon="114.1912003420293331146240234375">
        <ele>11.6000003814697265625</ele>
        <time>2026-01-17T06:45:07.000Z</time>
        <extensions>
          <ns3:TrackPointExtension>
            <ns3:hr>82</ns3:hr>
          </ns3:TrackPointExtension>
        </extensions>
      </trkpt>
      <trkpt lat="22.3257896862924098968505859375" lon="114.1911946423351764678955078125">
        <ele>11.6000003814697265625</ele>
        <time>2026-01-17T06:45:08.000Z</time>
        <extensions>
          <ns3:TrackPointExtension>
            <ns3:hr>82</ns3:hr>
          </ns3:TrackPointExtension>
        </extensions>
      </trkpt>
      <trkpt lat="22.32578909955918788909912109375" lon="114.1911912895739078521728515625">
        <ele>11.6000003814697265625</ele>
        <time>2026-01-17T06:45:09.000Z</time>
        <extensions>
          <ns3:TrackPointExtension>
            <ns3:hr>82</ns3:hr>
          </ns3:TrackPointExtension>
        </extensions>
      </trkpt>
      <trkpt lat="22.3257891833782196044921875" lon="114.19119355268776416778564453125">
        <ele>11.6000003814697265625</ele>
        <time>2026-01-17T06:45:10.000Z</time>
        <extensions>
          <ns3:TrackPointExtension>
            <ns3:hr>82</ns3:hr>
          </ns3:TrackPointExtension>
        </extensions>
      </trkpt>
      <trkpt lat="22.32578826136887073516845703125" lon="114.191202186048030853271484375">
        <ele>11.6000003814697265625</ele>
        <time>2026-01-17T06:45:11.000Z</time>
        <extensions>
          <ns3:TrackPointExtension>
            <ns3:hr>82</ns3:hr>
          </ns3:TrackPointExtension>
        </extensions>
      </trkpt>
      <trkpt lat="22.32578407041728496551513671875" lon="114.1912110708653926849365234375">
        <ele>11.6000003814697265625</ele>
        <time>2026-01-17T06:45:12.000Z</time>
        <extensions>
          <ns3:TrackPointExtension>
            <ns3:hr>82</ns3:hr>
          </ns3:TrackPointExtension>
        </extensions>
      </trkpt>
      <trkpt lat="22.32577778398990631103515625" lon="114.1912186145782470703125">
        <ele>11.3999996185302734375</ele>
        <time>2026-01-17T06:45:13.000Z</time>
        <extensions>
          <ns3:TrackPointExtension>
            <ns3:hr>82</ns3:hr>
          </ns3:TrackPointExtension>
        </extensions>
      </trkpt>
      <trkpt lat="22.32576965354382991790771484375" lon="114.1912261582911014556884765625">
        <ele>11.3999996185302734375</ele>
        <time>2026-01-17T06:45:14.000Z</time>
        <extensions>
          <ns3:TrackPointExtension>
            <ns3:hr>81</ns3:hr>
          </ns3:TrackPointExtension>
        </extensions>
      </trkpt>
      <trkpt lat="22.32576110400259494781494140625" lon="114.191233031451702117919921875">
        <ele>11.3999996185302734375</ele>
        <time>2026-01-17T06:45:15.000Z</time>
        <extensions>
          <ns3:TrackPointExtension>
            <ns3:hr>80</ns3:hr>
          </ns3:TrackPointExtension>
        </extensions>
      </trkpt>
      <trkpt lat="22.3257528059184551239013671875" lon="114.19123814441263675689697265625">
        <ele>11.3999996185302734375</ele>
        <time>2026-01-17T06:45:16.000Z</time>
        <extensions>
          <ns3:TrackPointExtension>
            <ns3:hr>80</ns3:hr>
          </ns3:TrackPointExtension>
        </extensions>
      </trkpt>
      <trkpt lat="22.32574584893882274627685546875" lon="114.19124417938292026519775390625">
        <ele>11.19999980926513671875</ele>
        <time>2026-01-17T06:45:17.000Z</time>
        <extensions>
          <ns3:TrackPointExtension>
            <ns3:hr>80</ns3:hr>
          </ns3:TrackPointExtension>
        </extensions>
      </trkpt>
      <trkpt lat="22.32573947869241237640380859375" lon="114.19124887324869632720947265625">
        <ele>11.3999996185302734375</ele>
        <time>2026-01-17T06:45:18.000Z</time>
        <extensions>
          <ns3:TrackPointExtension>
            <ns3:hr>80</ns3:hr>
          </ns3:TrackPointExtension>
        </extensions>
      </trkpt>
      <trkpt lat="22.3257357068359851837158203125" lon="114.1912529803812503814697265625">
        <ele>11.3999996185302734375</ele>
        <time>2026-01-17T06:45:19.000Z</time>
        <extensions>
          <ns3:TrackPointExtension>
            <ns3:hr>80</ns3:hr>
          </ns3:TrackPointExtension>
        </extensions>
      </trkpt>
      <trkpt lat="22.32573377899825572967529296875" lon="114.19125725515186786651611328125">
        <ele>11.3999996185302734375</ele>
        <time>2026-01-17T06:45:20.000Z</time>
        <extensions>
          <ns3:TrackPointExtension>
            <ns3:hr>80</ns3:hr>
          </ns3:TrackPointExtension>
        </extensions>
      </trkpt>
      <trkpt lat="22.32573143206536769866943359375" lon="114.191261194646358489990234375">
        <ele>11.3999996185302734375</ele>
        <time>2026-01-17T06:45:21.000Z</time>
        <extensions>
          <ns3:TrackPointExtension>
            <ns3:hr>80</ns3:hr>
          </ns3:TrackPointExtension>
        </extensions>
      </trkpt>
      <trkpt lat="22.32573084533214569091796875" lon="114.1912620328366756439208984375">
        <ele>11.3999996185302734375</ele>
        <time>2026-01-17T06:45:22.000Z</time>
        <extensions>
          <ns3:TrackPointExtension>
            <ns3:hr>80</ns3:hr>
          </ns3:TrackPointExtension>
        </extensions>
      </trkpt>
      <trkpt lat="22.32573084533214569091796875" lon="114.19126228429377079010009765625">
        <ele>11.3999996185302734375</ele>
        <time>2026-01-17T06:45:23.000Z</time>
        <extensions>
          <ns3:TrackPointExtension>
            <ns3:hr>80</ns3:hr>
          </ns3:TrackPointExtension>
        </extensions>
      </trkpt>
      <trkpt lat="22.3257301747798919677734375" lon="114.19126295484602451324462890625">
        <ele>11.3999996185302734375</ele>
        <time>2026-01-17T06:45:24.000Z</time>
        <extensions>
          <ns3:TrackPointExtension>
            <ns3:hr>80</ns3:hr>
          </ns3:TrackPointExtension>
        </extensions>
      </trkpt>
      <trkpt lat="22.325728833675384521484375" lon="114.19126446358859539031982421875">
        <ele>11.6000003814697265625</ele>
        <time>2026-01-17T06:45:25.000Z</time>
        <extensions>
          <ns3:TrackPointExtension>
            <ns3:hr>79</ns3:hr>
          </ns3:TrackPointExtension>
        </extensions>
      </trkpt>
      <trkpt lat="22.3257248103618621826171875" lon="114.19126831926405429840087890625">
        <ele>11.6000003814697265625</ele>
        <time>2026-01-17T06:45:26.000Z</time>
        <extensions>
          <ns3:TrackPointExtension>
            <ns3:hr>78</ns3:hr>
          </ns3:TrackPointExtension>
        </extensions>
      </trkpt>
      <trkpt lat="22.32571869157254695892333984375" lon="114.19127116911113262176513671875">
        <ele>11.6000003814697265625</ele>
        <time>2026-01-17T06:45:27.000Z</time>
        <extensions>
          <ns3:TrackPointExtension>
            <ns3:hr>78</ns3:hr>
          </ns3:TrackPointExtension>
        </extensions>
      </trkpt>
      <trkpt lat="22.325712740421295166015625" lon="114.19127167202532291412353515625">
        <ele>11.6000003814697265625</ele>
        <time>2026-01-17T06:45:28.000Z</time>
        <extensions>
          <ns3:TrackPointExtension>
            <ns3:hr>76</ns3:hr>
          </ns3:TrackPointExtension>
        </extensions>
      </trkpt>
      <trkpt lat="22.32570645399391651153564453125" lon="114.191270582377910614013671875">
        <ele>11.6000003814697265625</ele>
        <time>2026-01-17T06:45:29.000Z</time>
        <extensions>
          <ns3:TrackPointExtension>
            <ns3:hr>75</ns3:hr>
          </ns3:TrackPointExtension>
        </extensions>
      </trkpt>
      <trkpt lat="22.325701676309108734130859375" lon="114.1912694089114665985107421875">
        <ele>11.6000003814697265625</ele>
        <time>2026-01-17T06:45:30.000Z</time>
        <extensions>
          <ns3:TrackPointExtension>
            <ns3:hr>74</ns3:hr>
          </ns3:TrackPointExtension>
        </extensions>
      </trkpt>
      <trkpt lat="22.3256981559097766876220703125" lon="114.19126915745437145233154296875">
        <ele>11.80000019073486328125</ele>
        <time>2026-01-17T06:45:31.000Z</time>
        <extensions>
          <ns3:TrackPointExtension>
            <ns3:hr>73</ns3:hr>
          </ns3:TrackPointExtension>
        </extensions>
      </trkpt>
      <trkpt lat="22.3256964795291423797607421875" lon="114.19126932509243488311767578125">
        <ele>11.80000019073486328125</ele>
        <time>2026-01-17T06:45:32.000Z</time>
        <extensions>
          <ns3:TrackPointExtension>
            <ns3:hr>73</ns3:hr>
          </ns3:TrackPointExtension>
        </extensions>
      </trkpt>
      <trkpt lat="22.32569505460560321807861328125" lon="114.19126815162599086761474609375">
        <ele>12</ele>
        <time>2026-01-17T06:45:33.000Z</time>
        <extensions>
          <ns3:TrackPointExtension>
            <ns3:hr>74</ns3:hr>
          </ns3:TrackPointExtension>
        </extensions>
      </trkpt>
      <trkpt lat="22.3256931267678737640380859375" lon="114.19126546941697597503662109375">
        <ele>12</ele>
        <time>2026-01-17T06:45:34.000Z</time>
        <extensions>
          <ns3:TrackPointExtension>
            <ns3:hr>74</ns3:hr>
          </ns3:TrackPointExtension>
        </extensions>
      </trkpt>
      <trkpt lat="22.32569270767271518707275390625" lon="114.1912613622844219207763671875">
        <ele>12</ele>
        <time>2026-01-17T06:45:35.000Z</time>
        <extensions>
          <ns3:TrackPointExtension>
            <ns3:hr>75</ns3:hr>
          </ns3:TrackPointExtension>
        </extensions>
      </trkpt>
      <trkpt lat="22.32569329440593719482421875" lon="114.191255830228328704833984375">
        <ele>12</ele>
        <time>2026-01-17T06:45:36.000Z</time>
        <extensions>
          <ns3:TrackPointExtension>
            <ns3:hr>76</ns3:hr>
          </ns3:TrackPointExtension>
        </extensions>
      </trkpt>
      <trkpt lat="22.32569455169141292572021484375" lon="114.19124786742031574249267578125">
        <ele>12</ele>
        <time>2026-01-17T06:45:37.000Z</time>
        <extensions>
          <ns3:TrackPointExtension>
            <ns3:hr>77</ns3:hr>
          </ns3:TrackPointExtension>
        </extensions>
      </trkpt>
      <trkpt lat="22.32569656334817409515380859375" lon="114.19123562984168529510498046875">
        <ele>12</ele>
        <time>2026-01-17T06:45:38.000Z</time>
        <extensions>
          <ns3:TrackPointExtension>
            <ns3:hr>78</ns3:hr>
          </ns3:TrackPointExtension>
        </extensions>
      </trkpt>
      <trkpt lat="22.325701005756855010986328125" lon="114.19122037477791309356689453125">
        <ele>12.19999980926513671875</ele>
        <time>2026-01-17T06:45:39.000Z</time>
        <extensions>
          <ns3:TrackPointExtension>
            <ns3:hr>79</ns3:hr>
          </ns3:TrackPointExtension>
        </extensions>
      </trkpt>
      <trkpt lat="22.3257062025368213653564453125" lon="114.19120629318058490753173828125">
        <ele>12.19999980926513671875</ele>
        <time>2026-01-17T06:45:40.000Z</time>
        <extensions>
          <ns3:TrackPointExtension>
            <ns3:hr>79</ns3:hr>
          </ns3:TrackPointExtension>
        </extensions>
      </trkpt>
      <trkpt lat="22.32571332715451717376708984375" lon="114.19118843972682952880859375">
        <ele>12.19999980926513671875</ele>
        <time>2026-01-17T06:45:41.000Z</time>
        <extensions>
          <ns3:TrackPointExtension>
            <ns3:hr>79</ns3:hr>
          </ns3:TrackPointExtension>
        </extensions>
      </trkpt>
      <trkpt lat="22.325726486742496490478515625" lon="114.1911557503044605255126953125">
        <ele>12.19999980926513671875</ele>
        <time>2026-01-17T06:45:42.000Z</time>
        <extensions>
          <ns3:TrackPointExtension>
            <ns3:hr>78</ns3:hr>
          </ns3:TrackPointExtension>
        </extensions>
      </trkpt>
      <trkpt lat="22.325734533369541168212890625" lon="114.191129766404628753662109375">
        <ele>12.19999980926513671875</ele>
        <time>2026-01-17T06:45:43.000Z</time>
        <extensions>
          <ns3:TrackPointExtension>
            <ns3:hr>78</ns3:hr>
          </ns3:TrackPointExtension>
        </extensions>
      </trkpt>
      <trkpt lat="22.3257380537688732147216796875" lon="114.19111023657023906707763671875">
        <ele>12.19999980926513671875</ele>
        <time>2026-01-17T06:45:44.000Z</time>
        <extensions>
          <ns3:TrackPointExtension>
            <ns3:hr>78</ns3:hr>
          </ns3:TrackPointExtension>
        </extensions>
      </trkpt>
      <trkpt lat="22.32574014924466609954833984375" lon="114.19109431095421314239501953125">
        <ele>12.19999980926513671875</ele>
        <time>2026-01-17T06:45:45.000Z</time>
        <extensions>
          <ns3:TrackPointExtension>
            <ns3:hr>78</ns3:hr>
          </ns3:TrackPointExtension>
        </extensions>
      </trkpt>
      <trkpt lat="22.3257424123585224151611328125" lon="114.1910813190042972564697265625">
        <ele>12.19999980926513671875</ele>
        <time>2026-01-17T06:45:46.000Z</time>
        <extensions>
          <ns3:TrackPointExtension>
            <ns3:hr>78</ns3:hr>
          </ns3:TrackPointExtension>
        </extensions>
      </trkpt>
      <trkpt lat="22.325744591653347015380859375" lon="114.19106983579695224761962890625">
        <ele>12.19999980926513671875</ele>
        <time>2026-01-17T06:45:47.000Z</time>
        <extensions>
          <ns3:TrackPointExtension>
            <ns3:hr>79</ns3:hr>
          </ns3:TrackPointExtension>
        </extensions>
      </trkpt>
      <trkpt lat="22.3257457651197910308837890625" lon="114.1910558380186557769775390625">
        <ele>12.19999980926513671875</ele>
        <time>2026-01-17T06:45:48.000Z</time>
        <extensions>
          <ns3:TrackPointExtension>
            <ns3:hr>80</ns3:hr>
          </ns3:TrackPointExtension>
        </extensions>
      </trkpt>
      <trkpt lat="22.32574635185301303863525390625" lon="114.19104469008743762969970703125">
        <ele>12</ele>
        <time>2026-01-17T06:45:49.000Z</time>
        <extensions>
          <ns3:TrackPointExtension>
            <ns3:hr>81</ns3:hr>
          </ns3:TrackPointExtension>
        </extensions>
      </trkpt>
      <trkpt lat="22.325744591653347015380859375" lon="114.19103094376623630523681640625">
        <ele>12</ele>
        <time>2026-01-17T06:45:50.000Z</time>
        <extensions>
          <ns3:TrackPointExtension>
            <ns3:hr>81</ns3:hr>
          </ns3:TrackPointExtension>
        </extensions>
      </trkpt>
      <trkpt lat="22.3257434181869029998779296875" lon="114.191017113626003265380859375">
        <ele>11.80000019073486328125</ele>
        <time>2026-01-17T06:45:51.000Z</time>
        <extensions>
          <ns3:TrackPointExtension>
            <ns3:hr>81</ns3:hr>
          </ns3:TrackPointExtension>
        </extensions>
      </trkpt>
      <trkpt lat="22.32574165798723697662353515625" lon="114.1910055465996265411376953125">
        <ele>11.6000003814697265625</ele>
        <time>2026-01-17T06:45:52.000Z</time>
        <extensions>
          <ns3:TrackPointExtension>
            <ns3:hr>81</ns3:hr>
          </ns3:TrackPointExtension>
        </extensions>
      </trkpt>
      <trkpt lat="22.32573897577822208404541015625" lon="114.19099439866840839385986328125">
        <ele>11.3999996185302734375</ele>
        <time>2026-01-17T06:45:53.000Z</time>
        <extensions>
          <ns3:TrackPointExtension>
            <ns3:hr>80</ns3:hr>
          </ns3:TrackPointExtension>
        </extensions>
      </trkpt>
      <trkpt lat="22.32573763467371463775634765625" lon="114.1909864358603954315185546875">
        <ele>11</ele>
        <time>2026-01-17T06:45:54.000Z</time>
        <extensions>
          <ns3:TrackPointExtension>
            <ns3:hr>80</ns3:hr>
          </ns3:TrackPointExtension>
        </extensions>
      </trkpt>
      <trkpt lat="22.325732521712779998779296875" lon="114.190977551043033599853515625">
        <ele>10.80000019073486328125</ele>
        <time>2026-01-17T06:45:55.000Z</time>
        <extensions>
          <ns3:TrackPointExtension>
            <ns3:hr>76</ns3:hr>
          </ns3:TrackPointExtension>
        </extensions>
      </trkpt>
      <trkpt lat="22.32572707347571849822998046875" lon="114.19097377918660640716552734375">
        <ele>10.3999996185302734375</ele>
        <time>2026-01-17T06:45:56.000Z</time>
        <extensions>
          <ns3:TrackPointExtension>
            <ns3:hr>74</ns3:hr>
          </ns3:TrackPointExtension>
        </extensions>
      </trkpt>
      <trkpt lat="22.32572288252413272857666015625" lon="114.19096983969211578369140625">
        <ele>10.19999980926513671875</ele>
        <time>2026-01-17T06:45:57.000Z</time>
        <extensions>
          <ns3:TrackPointExtension>
            <ns3:hr>73</ns3:hr>
          </ns3:TrackPointExtension>
        </extensions>
      </trkpt>
      <trkpt lat="22.3257196135818958282470703125" lon="114.1909639723598957061767578125">
        <ele>10</ele>
        <time>2026-01-17T06:45:58.000Z</time>
        <extensions>
          <ns3:TrackPointExtension>
            <ns3:hr>73</ns3:hr>
          </ns3:TrackPointExtension>
        </extensions>
      </trkpt>
      <trkpt lat="22.32571341097354888916015625" lon="114.19095668010413646697998046875">
        <ele>9.80000019073486328125</ele>
        <time>2026-01-17T06:45:59.000Z</time>
        <extensions>
          <ns3:TrackPointExtension>
            <ns3:hr>72</ns3:hr>
          </ns3:TrackPointExtension>
        </extensions>
      </trkpt>
      <trkpt lat="22.32570536434650421142578125" lon="114.1909525729715824127197265625">
        <ele>9.6000003814697265625</ele>
        <time>2026-01-17T06:46:00.000Z</time>
        <extensions>
          <ns3:TrackPointExtension>
            <ns3:hr>72</ns3:hr>
          </ns3:TrackPointExtension>
        </extensions>
      </trkpt>
      <trkpt lat="22.32569924555718898773193359375" lon="114.1909503936767578125">
        <ele>9.3999996185302734375</ele>
        <time>2026-01-17T06:46:01.000Z</time>
        <extensions>
          <ns3:TrackPointExtension>
            <ns3:hr>72</ns3:hr>
          </ns3:TrackPointExtension>
        </extensions>
      </trkpt>
      <trkpt lat="22.32569656334817409515380859375" lon="114.1909492202103137969970703125">
        <ele>9.19999980926513671875</ele>
        <time>2026-01-17T06:46:02.000Z</time>
        <extensions>
          <ns3:TrackPointExtension>
            <ns3:hr>72</ns3:hr>
          </ns3:TrackPointExtension>
        </extensions>
      </trkpt>
      <trkpt lat="22.325694970786571502685546875" lon="114.19095047749578952789306640625">
        <ele>8.80000019073486328125</ele>
        <time>2026-01-17T06:46:03.000Z</time>
        <extensions>
          <ns3:TrackPointExtension>
            <ns3:hr>72</ns3:hr>
          </ns3:TrackPointExtension>
        </extensions>
      </trkpt>
      <trkpt lat="22.3256941325962543487548828125" lon="114.19095500372350215911865234375">
        <ele>8.6000003814697265625</ele>
        <time>2026-01-17T06:46:04.000Z</time>
        <extensions>
          <ns3:TrackPointExtension>
            <ns3:hr>72</ns3:hr>
          </ns3:TrackPointExtension>
        </extensions>
      </trkpt>
      <trkpt lat="22.3256937973201274871826171875" lon="114.19096036814153194427490234375">
        <ele>8.19999980926513671875</ele>
        <time>2026-01-17T06:46:05.000Z</time>
        <extensions>
          <ns3:TrackPointExtension>
            <ns3:hr>73</ns3:hr>
          </ns3:TrackPointExtension>
        </extensions>
      </trkpt>
      <trkpt lat="22.325693629682064056396484375" lon="114.19096422381699085235595703125">
        <ele>8</ele>
        <time>2026-01-17T06:46:06.000Z</time>
        <extensions>
          <ns3:TrackPointExtension>
            <ns3:hr>73</ns3:hr>
          </ns3:TrackPointExtension>
        </extensions>
      </trkpt>
      <trkpt lat="22.32569388113915920257568359375" lon="114.19096858240664005279541015625">
        <ele>7.599999904632568359375</ele>
        <time>2026-01-17T06:46:07.000Z</time>
        <extensions>
          <ns3:TrackPointExtension>
            <ns3:hr>73</ns3:hr>
          </ns3:TrackPointExtension>
        </extensions>
      </trkpt>
      <trkpt lat="22.3256944678723812103271484375" lon="114.19097310863435268402099609375">
        <ele>7.400000095367431640625</ele>
        <time>2026-01-17T06:46:08.000Z</time>
        <extensions>
          <ns3:TrackPointExtension>
            <ns3:hr>73</ns3:hr>
          </ns3:TrackPointExtension>
        </extensions>
      </trkpt>
      <trkpt lat="22.325694970786571502685546875" lon="114.1909790597856044769287109375">
        <ele>7.19999980926513671875</ele>
        <time>2026-01-17T06:46:09.000Z</time>
        <extensions>
          <ns3:TrackPointExtension>
            <ns3:hr>73</ns3:hr>
          </ns3:TrackPointExtension>
        </extensions>
      </trkpt>
      <trkpt lat="22.32569589279592037200927734375" lon="114.19098517857491970062255859375">
        <ele>6.80000019073486328125</ele>
        <time>2026-01-17T06:46:10.000Z</time>
        <extensions>
          <ns3:TrackPointExtension>
            <ns3:hr>73</ns3:hr>
          </ns3:TrackPointExtension>
        </extensions>
      </trkpt>
      <trkpt lat="22.325696647167205810546875" lon="114.19098970480263233184814453125">
        <ele>6.599999904632568359375</ele>
        <time>2026-01-17T06:46:11.000Z</time>
        <extensions>
          <ns3:TrackPointExtension>
            <ns3:hr>74</ns3:hr>
          </ns3:TrackPointExtension>
        </extensions>
      </trkpt>
      <trkpt lat="22.3256971500813961029052734375" lon="114.19099171645939350128173828125">
        <ele>6.19999980926513671875</ele>
        <time>2026-01-17T06:46:12.000Z</time>
        <extensions>
          <ns3:TrackPointExtension>
            <ns3:hr>74</ns3:hr>
          </ns3:TrackPointExtension>
        </extensions>
      </trkpt>
      <trkpt lat="22.32569790445268154144287109375" lon="114.19099221937358379364013671875">
        <ele>6</ele>
        <time>2026-01-17T06:46:13.000Z</time>
        <extensions>
          <ns3:TrackPointExtension>
            <ns3:hr>74</ns3:hr>
          </ns3:TrackPointExtension>
        </extensions>
      </trkpt>
      <trkpt lat="22.32569891028106212615966796875" lon="114.1909871064126491546630859375">
        <ele>5.599999904632568359375</ele>
        <time>2026-01-17T06:46:14.000Z</time>
        <extensions>
          <ns3:TrackPointExtension>
            <ns3:hr>74</ns3:hr>
          </ns3:TrackPointExtension>
        </extensions>
      </trkpt>
      <trkpt lat="22.32569924555718898773193359375" lon="114.1909864358603954315185546875">
        <ele>5.19999980926513671875</ele>
        <time>2026-01-17T06:46:15.000Z</time>
        <extensions>
          <ns3:TrackPointExtension>
            <ns3:hr>74</ns3:hr>
          </ns3:TrackPointExtension>
        </extensions>
      </trkpt>
      <trkpt lat="22.32569958083331584930419921875" lon="114.19098903425037860870361328125">
        <ele>5</ele>
        <time>2026-01-17T06:46:16.000Z</time>
        <extensions>
          <ns3:TrackPointExtension>
            <ns3:hr>74</ns3:hr>
          </ns3:TrackPointExtension>
        </extensions>
      </trkpt>
      <trkpt lat="22.32569991610944271087646484375" lon="114.19099054299294948577880859375">
        <ele>4.599999904632568359375</ele>
        <time>2026-01-17T06:46:17.000Z</time>
        <extensions>
          <ns3:TrackPointExtension>
            <ns3:hr>74</ns3:hr>
          </ns3:TrackPointExtension>
        </extensions>
      </trkpt>
      <trkpt lat="22.3257001675665378570556640625" lon="114.19099238701164722442626953125">
        <ele>4.400000095367431640625</ele>
        <time>2026-01-17T06:46:18.000Z</time>
        <extensions>
          <ns3:TrackPointExtension>
            <ns3:hr>74</ns3:hr>
          </ns3:TrackPointExtension>
        </extensions>
      </trkpt>
      <trkpt lat="22.32570025138556957244873046875" lon="114.190995991230010986328125">
        <ele>4</ele>
        <time>2026-01-17T06:46:19.000Z</time>
        <extensions>
          <ns3:TrackPointExtension>
            <ns3:hr>73</ns3:hr>
          </ns3:TrackPointExtension>
        </extensions>
      </trkpt>
      <trkpt lat="22.32570192776620388031005859375" lon="114.1910045407712459564208984375">
        <ele>3.7999999523162841796875</ele>
        <time>2026-01-17T06:46:20.000Z</time>
        <extensions>
          <ns3:TrackPointExtension>
            <ns3:hr>73</ns3:hr>
          </ns3:TrackPointExtension>
        </extensions>
      </trkpt>
      <trkpt lat="22.32843182981014251708984375" lon="114.18995060026645660400390625">
        <ele>10.6000003814697265625</ele>
        <time>2026-01-17T06:51:50.000Z</time>
        <extensions>
          <ns3:TrackPointExtension>
            <ns3:hr>76</ns3:hr>
          </ns3:TrackPointExtension>
        </extensions>
      </trkpt>
      <trkpt lat="22.32859150506556034088134765625" lon="114.18995336629450321197509765625">
        <ele>14.80000019073486328125</ele>
        <time>2026-01-17T06:52:10.000Z</time>
        <extensions>
          <ns3:TrackPointExtension>
            <ns3:hr>78</ns3:hr>
          </ns3:TrackPointExtension>
        </extensions>
      </trkpt>
      <trkpt lat="22.32861614786088466644287109375" lon="114.18995001353323459625244140625">
        <ele>14.80000019073486328125</ele>
        <time>2026-01-17T06:52:11.000Z</time>
        <extensions>
          <ns3:TrackPointExtension>
            <ns3:hr>79</ns3:hr>
          </ns3:TrackPointExtension>
        </extensions>
      </trkpt>
      <trkpt lat="22.3286231048405170440673828125" lon="114.18995571322739124298095703125">
        <ele>14.80000019073486328125</ele>
        <time>2026-01-17T06:52:12.000Z</time>
        <extensions>
          <ns3:TrackPointExtension>
            <ns3:hr>79</ns3:hr>
          </ns3:TrackPointExtension>
        </extensions>
      </trkpt>
      <trkpt lat="22.32863291166722774505615234375" lon="114.1899588145315647125244140625">
        <ele>14.6000003814697265625</ele>
        <time>2026-01-17T06:52:13.000Z</time>
        <extensions>
          <ns3:TrackPointExtension>
            <ns3:hr>79</ns3:hr>
          </ns3:TrackPointExtension>
        </extensions>
      </trkpt>
      <trkpt lat="22.32864347286522388458251953125" lon="114.18996124528348445892333984375">
        <ele>14.6000003814697265625</ele>
        <time>2026-01-17T06:52:14.000Z</time>
        <extensions>
          <ns3:TrackPointExtension>
            <ns3:hr>80</ns3:hr>
          </ns3:TrackPointExtension>
        </extensions>
      </trkpt>
      <trkpt lat="22.32865470461547374725341796875" lon="114.1899646818637847900390625">
        <ele>14.3999996185302734375</ele>
        <time>2026-01-17T06:52:15.000Z</time>
        <extensions>
          <ns3:TrackPointExtension>
            <ns3:hr>81</ns3:hr>
          </ns3:TrackPointExtension>
        </extensions>
      </trkpt>
      <trkpt lat="22.328662835061550140380859375" lon="114.18996862135827541351318359375">
        <ele>14.3999996185302734375</ele>
        <time>2026-01-17T06:52:16.000Z</time>
        <extensions>
          <ns3:TrackPointExtension>
            <ns3:hr>81</ns3:hr>
          </ns3:TrackPointExtension>
        </extensions>
      </trkpt>
      <trkpt lat="22.32866627164185047149658203125" lon="114.1899708844721317291259765625">
        <ele>14.3999996185302734375</ele>
        <time>2026-01-17T06:52:17.000Z</time>
        <extensions>
          <ns3:TrackPointExtension>
            <ns3:hr>82</ns3:hr>
          </ns3:TrackPointExtension>
        </extensions>
      </trkpt>
      <trkpt lat="22.32866610400378704071044921875" lon="114.189973063766956329345703125">
        <ele>14.3999996185302734375</ele>
        <time>2026-01-17T06:52:18.000Z</time>
        <extensions>
          <ns3:TrackPointExtension>
            <ns3:hr>82</ns3:hr>
          </ns3:TrackPointExtension>
        </extensions>
      </trkpt>
      <trkpt lat="22.3286680318415164947509765625" lon="114.1899740695953369140625">
        <ele>14.6000003814697265625</ele>
        <time>2026-01-17T06:52:19.000Z</time>
        <extensions>
          <ns3:TrackPointExtension>
            <ns3:hr>82</ns3:hr>
          </ns3:TrackPointExtension>
        </extensions>
      </trkpt>
      <trkpt lat="22.32867163605988025665283203125" lon="114.18997348286211490631103515625">
        <ele>14.6000003814697265625</ele>
        <time>2026-01-17T06:52:20.000Z</time>
        <extensions>
          <ns3:TrackPointExtension>
            <ns3:hr>83</ns3:hr>
          </ns3:TrackPointExtension>
        </extensions>
      </trkpt>
      <trkpt lat="22.32867859303951263427734375" lon="114.18997474014759063720703125">
        <ele>14.80000019073486328125</ele>
        <time>2026-01-17T06:52:21.000Z</time>
        <extensions>
          <ns3:TrackPointExtension>
            <ns3:hr>84</ns3:hr>
          </ns3:TrackPointExtension>
        </extensions>
      </trkpt>
      <trkpt lat="22.3286814428865909576416015625" lon="114.1899749077856540679931640625">
        <ele>14.80000019073486328125</ele>
        <time>2026-01-17T06:52:22.000Z</time>
        <extensions>
          <ns3:TrackPointExtension>
            <ns3:hr>85</ns3:hr>
          </ns3:TrackPointExtension>
        </extensions>
      </trkpt>
      <trkpt lat="22.32867968268692493438720703125" lon="114.1899725608527660369873046875">
        <ele>14.80000019073486328125</ele>
        <time>2026-01-17T06:52:23.000Z</time>
        <extensions>
          <ns3:TrackPointExtension>
            <ns3:hr>85</ns3:hr>
          </ns3:TrackPointExtension>
        </extensions>
      </trkpt>
      <trkpt lat="22.328673899173736572265625" lon="114.1899705491960048675537109375">
        <ele>14.80000019073486328125</ele>
        <time>2026-01-17T06:52:24.000Z</time>
        <extensions>
          <ns3:TrackPointExtension>
            <ns3:hr>86</ns3:hr>
          </ns3:TrackPointExtension>
        </extensions>
      </trkpt>
      <trkpt lat="22.32867146842181682586669921875" lon="114.18997063301503658294677734375">
        <ele>14.6000003814697265625</ele>
        <time>2026-01-17T06:52:25.000Z</time>
        <extensions>
          <ns3:TrackPointExtension>
            <ns3:hr>87</ns3:hr>
          </ns3:TrackPointExtension>
        </extensions>
      </trkpt>
      <trkpt lat="22.3286671936511993408203125" lon="114.189969711005687713623046875">
        <ele>14.6000003814697265625</ele>
        <time>2026-01-17T06:52:26.000Z</time>
        <extensions>
          <ns3:TrackPointExtension>
            <ns3:hr>88</ns3:hr>
          </ns3:TrackPointExtension>
        </extensions>
      </trkpt>
      <trkpt lat="22.32866493053734302520751953125" lon="114.189967699348926544189453125">
        <ele>14.6000003814697265625</ele>
        <time>2026-01-17T06:52:27.000Z</time>
        <extensions>
          <ns3:TrackPointExtension>
            <ns3:hr>89</ns3:hr>
          </ns3:TrackPointExtension>
        </extensions>
      </trkpt>
      <trkpt lat="22.32865889556705951690673828125" lon="114.18996325694024562835693359375">
        <ele>14.3999996185302734375</ele>
        <time>2026-01-17T06:52:28.000Z</time>
        <extensions>
          <ns3:TrackPointExtension>
            <ns3:hr>89</ns3:hr>
          </ns3:TrackPointExtension>
        </extensions>
      </trkpt>
      <trkpt lat="22.32865168713033199310302734375" lon="114.18996040709316730499267578125">
        <ele>14.3999996185302734375</ele>
        <time>2026-01-17T06:52:29.000Z</time>
        <extensions>
          <ns3:TrackPointExtension>
            <ns3:hr>90</ns3:hr>
          </ns3:TrackPointExtension>
        </extensions>
      </trkpt>
      <trkpt lat="22.328644059598445892333984375" lon="114.18995588086545467376708984375">
        <ele>14.3999996185302734375</ele>
        <time>2026-01-17T06:52:30.000Z</time>
        <extensions>
          <ns3:TrackPointExtension>
            <ns3:hr>90</ns3:hr>
          </ns3:TrackPointExtension>
        </extensions>
      </trkpt>
      <trkpt lat="22.32863240875303745269775390625" lon="114.1899507679045200347900390625">
        <ele>14.3999996185302734375</ele>
        <time>2026-01-17T06:52:31.000Z</time>
        <extensions>
          <ns3:TrackPointExtension>
            <ns3:hr>91</ns3:hr>
          </ns3:TrackPointExtension>
        </extensions>
      </trkpt>
      <trkpt lat="22.32862067408859729766845703125" lon="114.1899454034864902496337890625">
        <ele>14.19999980926513671875</ele>
        <time>2026-01-17T06:52:32.000Z</time>
        <extensions>
          <ns3:TrackPointExtension>
            <ns3:hr>91</ns3:hr>
          </ns3:TrackPointExtension>
        </extensions>
      </trkpt>
      <trkpt lat="22.32860374264419078826904296875" lon="114.1899366863071918487548828125">
        <ele>14.19999980926513671875</ele>
        <time>2026-01-17T06:52:33.000Z</time>
        <extensions>
          <ns3:TrackPointExtension>
            <ns3:hr>91</ns3:hr>
          </ns3:TrackPointExtension>
        </extensions>
      </trkpt>
      <trkpt lat="22.3285892419517040252685546875" lon="114.18992905877530574798583984375">
        <ele>14.19999980926513671875</ele>
        <time>2026-01-17T06:52:34.000Z</time>
        <extensions>
          <ns3:TrackPointExtension>
            <ns3:hr>92</ns3:hr>
          </ns3:TrackPointExtension>
        </extensions>
      </trkpt>
      <trkpt lat="22.32857440598309040069580078125" lon="114.1899222694337368011474609375">
        <ele>14.19999980926513671875</ele>
        <time>2026-01-17T06:52:35.000Z</time>
        <extensions>
          <ns3:TrackPointExtension>
            <ns3:hr>92</ns3:hr>
          </ns3:TrackPointExtension>
        </extensions>
      </trkpt>
      <trkpt lat="22.328559570014476776123046875" lon="114.1899142228066921234130859375">
        <ele>14.19999980926513671875</ele>
        <time>2026-01-17T06:52:36.000Z</time>
        <extensions>
          <ns3:TrackPointExtension>
            <ns3:hr>92</ns3:hr>
          </ns3:TrackPointExtension>
        </extensions>
      </trkpt>
      <trkpt lat="22.3285473324358463287353515625" lon="114.18990659527480602264404296875">
        <ele>14.19999980926513671875</ele>
        <time>2026-01-17T06:52:37.000Z</time>
        <extensions>
          <ns3:TrackPointExtension>
            <ns3:hr>92</ns3:hr>
          </ns3:TrackPointExtension>
        </extensions>
      </trkpt>
      <trkpt lat="22.328536771237850189208984375" lon="114.189900644123554229736328125">
        <ele>14.19999980926513671875</ele>
        <time>2026-01-17T06:52:38.000Z</time>
        <extensions>
          <ns3:TrackPointExtension>
            <ns3:hr>92</ns3:hr>
          </ns3:TrackPointExtension>
        </extensions>
      </trkpt>
      <trkpt lat="22.3285282216966152191162109375" lon="114.18989419005811214447021484375">
        <ele>14.19999980926513671875</ele>
        <time>2026-01-17T06:52:39.000Z</time>
        <extensions>
          <ns3:TrackPointExtension>
            <ns3:hr>91</ns3:hr>
          </ns3:TrackPointExtension>
        </extensions>
      </trkpt>
      <trkpt lat="22.32852042652666568756103515625" lon="114.18988890945911407470703125">
        <ele>14.3999996185302734375</ele>
        <time>2026-01-17T06:52:40.000Z</time>
        <extensions>
          <ns3:TrackPointExtension>
            <ns3:hr>91</ns3:hr>
          </ns3:TrackPointExtension>
        </extensions>
      </trkpt>
      <trkpt lat="22.328509278595447540283203125" lon="114.1898847185075283050537109375">
        <ele>14.3999996185302734375</ele>
        <time>2026-01-17T06:52:41.000Z</time>
        <extensions>
          <ns3:TrackPointExtension>
            <ns3:hr>90</ns3:hr>
          </ns3:TrackPointExtension>
        </extensions>
      </trkpt>
      <trkpt lat="22.32849461026489734649658203125" lon="114.1898813657462596893310546875">
        <ele>14.3999996185302734375</ele>
        <time>2026-01-17T06:52:42.000Z</time>
        <extensions>
          <ns3:TrackPointExtension>
            <ns3:hr>90</ns3:hr>
          </ns3:TrackPointExtension>
        </extensions>
      </trkpt>
      <trkpt lat="22.328480780124664306640625" lon="114.1898763366043567657470703125">
        <ele>14.3999996185302734375</ele>
        <time>2026-01-17T06:52:43.000Z</time>
        <extensions>
          <ns3:TrackPointExtension>
            <ns3:hr>89</ns3:hr>
          </ns3:TrackPointExtension>
        </extensions>
      </trkpt>
      <trkpt lat="22.32846829108893871307373046875" lon="114.1898733191192150115966796875">
        <ele>14.19999980926513671875</ele>
        <time>2026-01-17T06:52:44.000Z</time>
        <extensions>
          <ns3:TrackPointExtension>
            <ns3:hr>89</ns3:hr>
          </ns3:TrackPointExtension>
        </extensions>
      </trkpt>
      <trkpt lat="22.3284581489861011505126953125" lon="114.18987088836729526519775390625">
        <ele>14.19999980926513671875</ele>
        <time>2026-01-17T06:52:45.000Z</time>
        <extensions>
          <ns3:TrackPointExtension>
            <ns3:hr>88</ns3:hr>
          </ns3:TrackPointExtension>
        </extensions>
      </trkpt>
      <trkpt lat="22.32845018617808818817138671875" lon="114.18986904434859752655029296875">
        <ele>14.19999980926513671875</ele>
        <time>2026-01-17T06:52:46.000Z</time>
        <extensions>
          <ns3:TrackPointExtension>
            <ns3:hr>83</ns3:hr>
          </ns3:TrackPointExtension>
        </extensions>
      </trkpt>
      <trkpt lat="22.3284437321126461029052734375" lon="114.18986787088215351104736328125">
        <ele>14.19999980926513671875</ele>
        <time>2026-01-17T06:52:47.000Z</time>
        <extensions>
          <ns3:TrackPointExtension>
            <ns3:hr>78</ns3:hr>
          </ns3:TrackPointExtension>
        </extensions>
      </trkpt>
      <trkpt lat="22.32843627221882343292236328125" lon="114.18986652977764606475830078125">
        <ele>14.3999996185302734375</ele>
        <time>2026-01-17T06:52:48.000Z</time>
        <extensions>
          <ns3:TrackPointExtension>
            <ns3:hr>76</ns3:hr>
          </ns3:TrackPointExtension>
        </extensions>
      </trkpt>
      <trkpt lat="22.32842554338276386260986328125" lon="114.189865775406360626220703125">
        <ele>14.3999996185302734375</ele>
        <time>2026-01-17T06:52:49.000Z</time>
        <extensions>
          <ns3:TrackPointExtension>
            <ns3:hr>76</ns3:hr>
          </ns3:TrackPointExtension>
        </extensions>
      </trkpt>
      <trkpt lat="22.32841297052800655364990234375" lon="114.1898649372160434722900390625">
        <ele>14.6000003814697265625</ele>
        <time>2026-01-17T06:52:50.000Z</time>
        <extensions>
          <ns3:TrackPointExtension>
            <ns3:hr>76</ns3:hr>
          </ns3:TrackPointExtension>
        </extensions>
      </trkpt>
      <trkpt lat="22.3283998109400272369384765625" lon="114.18986401520669460296630859375">
        <ele>14.6000003814697265625</ele>
        <time>2026-01-17T06:52:51.000Z</time>
        <extensions>
          <ns3:TrackPointExtension>
            <ns3:hr>76</ns3:hr>
          </ns3:TrackPointExtension>
        </extensions>
      </trkpt>
      <trkpt lat="22.328385226428508758544921875" lon="114.1898646019399166107177734375">
        <ele>14.80000019073486328125</ele>
        <time>2026-01-17T06:52:52.000Z</time>
        <extensions>
          <ns3:TrackPointExtension>
            <ns3:hr>76</ns3:hr>
          </ns3:TrackPointExtension>
        </extensions>
      </trkpt>
      <trkpt lat="22.3283708095550537109375" lon="114.18986418284475803375244140625">
        <ele>14.80000019073486328125</ele>
        <time>2026-01-17T06:52:53.000Z</time>
        <extensions>
          <ns3:TrackPointExtension>
            <ns3:hr>76</ns3:hr>
          </ns3:TrackPointExtension>
        </extensions>
      </trkpt>
      <trkpt lat="22.32835848815739154815673828125" lon="114.189864099025726318359375">
        <ele>14.80000019073486328125</ele>
        <time>2026-01-17T06:52:54.000Z</time>
        <extensions>
          <ns3:TrackPointExtension>
            <ns3:hr>75</ns3:hr>
          </ns3:TrackPointExtension>
        </extensions>
      </trkpt>
      <trkpt lat="22.3283471725881099700927734375" lon="114.189864099025726318359375">
        <ele>14.80000019073486328125</ele>
        <time>2026-01-17T06:52:55.000Z</time>
        <extensions>
          <ns3:TrackPointExtension>
            <ns3:hr>76</ns3:hr>
          </ns3:TrackPointExtension>
        </extensions>
      </trkpt>
      <trkpt lat="22.32833351008594036102294921875" lon="114.18986418284475803375244140625">
        <ele>14.80000019073486328125</ele>
        <time>2026-01-17T06:52:56.000Z</time>
        <extensions>
          <ns3:TrackPointExtension>
            <ns3:hr>76</ns3:hr>
          </ns3:TrackPointExtension>
        </extensions>
      </trkpt>
      <trkpt lat="22.3283193446695804595947265625" lon="114.189864099025726318359375">
        <ele>14.80000019073486328125</ele>
        <time>2026-01-17T06:52:57.000Z</time>
        <extensions>
          <ns3:TrackPointExtension>
            <ns3:hr>76</ns3:hr>
          </ns3:TrackPointExtension>
        </extensions>
      </trkpt>
      <trkpt lat="22.3283059336245059967041015625" lon="114.18986468575894832611083984375">
        <ele>14.80000019073486328125</ele>
        <time>2026-01-17T06:52:58.000Z</time>
        <extensions>
          <ns3:TrackPointExtension>
            <ns3:hr>76</ns3:hr>
          </ns3:TrackPointExtension>
        </extensions>
      </trkpt>
      <trkpt lat="22.32829361222684383392333984375" lon="114.1898656077682971954345703125">
        <ele>14.80000019073486328125</ele>
        <time>2026-01-17T06:52:59.000Z</time>
        <extensions>
          <ns3:TrackPointExtension>
            <ns3:hr>76</ns3:hr>
          </ns3:TrackPointExtension>
        </extensions>
      </trkpt>
      <trkpt lat="22.3282801173627376556396484375" lon="114.18986736796796321868896484375">
        <ele>14.80000019073486328125</ele>
        <time>2026-01-17T06:53:00.000Z</time>
        <extensions>
          <ns3:TrackPointExtension>
            <ns3:hr>76</ns3:hr>
          </ns3:TrackPointExtension>
        </extensions>
      </trkpt>
      <trkpt lat="22.32826762832701206207275390625" lon="114.18986854143440723419189453125">
        <ele>14.80000019073486328125</ele>
        <time>2026-01-17T06:53:01.000Z</time>
        <extensions>
          <ns3:TrackPointExtension>
            <ns3:hr>77</ns3:hr>
          </ns3:TrackPointExtension>
        </extensions>
      </trkpt>
      <trkpt lat="22.32825882732868194580078125" lon="114.18986988253891468048095703125">
        <ele>15</ele>
        <time>2026-01-17T06:53:02.000Z</time>
        <extensions>
          <ns3:TrackPointExtension>
            <ns3:hr>77</ns3:hr>
          </ns3:TrackPointExtension>
        </extensions>
      </trkpt>
      <trkpt lat="22.32824633829295635223388671875" lon="114.18987105600535869598388671875">
        <ele>15</ele>
        <time>2026-01-17T06:53:03.000Z</time>
        <extensions>
          <ns3:TrackPointExtension>
            <ns3:hr>77</ns3:hr>
          </ns3:TrackPointExtension>
        </extensions>
      </trkpt>
      <trkpt lat="22.3282335139811038970947265625" lon="114.18987256474792957305908203125">
        <ele>15</ele>
        <time>2026-01-17T06:53:04.000Z</time>
        <extensions>
          <ns3:TrackPointExtension>
            <ns3:hr>77</ns3:hr>
          </ns3:TrackPointExtension>
        </extensions>
      </trkpt>
      <trkpt lat="22.32821901328861713409423828125" lon="114.1898776777088642120361328125">
        <ele>15.19999980926513671875</ele>
        <time>2026-01-17T06:53:05.000Z</time>
        <extensions>
          <ns3:TrackPointExtension>
            <ns3:hr>77</ns3:hr>
          </ns3:TrackPointExtension>
        </extensions>
      </trkpt>
      <trkpt lat="22.32820652425289154052734375" lon="114.189880192279815673828125">
        <ele>15.19999980926513671875</ele>
        <time>2026-01-17T06:53:06.000Z</time>
        <extensions>
          <ns3:TrackPointExtension>
            <ns3:hr>77</ns3:hr>
          </ns3:TrackPointExtension>
        </extensions>
      </trkpt>
      <trkpt lat="22.3281959630548954010009765625" lon="114.18988228775560855865478515625">
        <ele>15.19999980926513671875</ele>
        <time>2026-01-17T06:53:07.000Z</time>
        <extensions>
          <ns3:TrackPointExtension>
            <ns3:hr>78</ns3:hr>
          </ns3:TrackPointExtension>
        </extensions>
      </trkpt>
      <trkpt lat="22.32818104326725006103515625" lon="114.18988195247948169708251953125">
        <ele>15.3999996185302734375</ele>
        <time>2026-01-17T06:53:08.000Z</time>
        <extensions>
          <ns3:TrackPointExtension>
            <ns3:hr>78</ns3:hr>
          </ns3:TrackPointExtension>
        </extensions>
      </trkpt>
      <trkpt lat="22.32816285453736782073974609375" lon="114.189880527555942535400390625">
        <ele>15.3999996185302734375</ele>
        <time>2026-01-17T06:53:09.000Z</time>
        <extensions>
          <ns3:TrackPointExtension>
            <ns3:hr>77</ns3:hr>
          </ns3:TrackPointExtension>
        </extensions>
      </trkpt>
      <trkpt lat="22.32814709655940532684326171875" lon="114.18987893499433994293212890625">
        <ele>15.3999996185302734375</ele>
        <time>2026-01-17T06:53:10.000Z</time>
        <extensions>
          <ns3:TrackPointExtension>
            <ns3:hr>77</ns3:hr>
          </ns3:TrackPointExtension>
        </extensions>
      </trkpt>
      <trkpt lat="22.3281339369714260101318359375" lon="114.1898783482611179351806640625">
        <ele>15.19999980926513671875</ele>
        <time>2026-01-17T06:53:11.000Z</time>
        <extensions>
          <ns3:TrackPointExtension>
            <ns3:hr>77</ns3:hr>
          </ns3:TrackPointExtension>
        </extensions>
      </trkpt>
      <trkpt lat="22.32812295667827129364013671875" lon="114.18988061137497425079345703125">
        <ele>15.19999980926513671875</ele>
        <time>2026-01-17T06:53:12.000Z</time>
        <extensions>
          <ns3:TrackPointExtension>
            <ns3:hr>77</ns3:hr>
          </ns3:TrackPointExtension>
        </extensions>
      </trkpt>
      <trkpt lat="22.3281084559857845306396484375" lon="114.1898830421268939971923828125">
        <ele>15.19999980926513671875</ele>
        <time>2026-01-17T06:53:13.000Z</time>
        <extensions>
          <ns3:TrackPointExtension>
            <ns3:hr>77</ns3:hr>
          </ns3:TrackPointExtension>
        </extensions>
      </trkpt>
      <trkpt lat="22.32809781096875667572021484375" lon="114.18988530524075031280517578125">
        <ele>15.19999980926513671875</ele>
        <time>2026-01-17T06:53:14.000Z</time>
        <extensions>
          <ns3:TrackPointExtension>
            <ns3:hr>78</ns3:hr>
          </ns3:TrackPointExtension>
        </extensions>
      </trkpt>
      <trkpt lat="22.32808758504688739776611328125" lon="114.1898853890597820281982421875">
        <ele>15.19999980926513671875</ele>
        <time>2026-01-17T06:53:15.000Z</time>
        <extensions>
          <ns3:TrackPointExtension>
            <ns3:hr>79</ns3:hr>
          </ns3:TrackPointExtension>
        </extensions>
      </trkpt>
      <trkpt lat="22.32807534746825695037841796875" lon="114.18988312594592571258544921875">
        <ele>15.19999980926513671875</ele>
        <time>2026-01-17T06:53:16.000Z</time>
        <extensions>
          <ns3:TrackPointExtension>
            <ns3:hr>79</ns3:hr>
          </ns3:TrackPointExtension>
        </extensions>
      </trkpt>
      <trkpt lat="22.32806394807994365692138671875" lon="114.189881198108196258544921875">
        <ele>15.19999980926513671875</ele>
        <time>2026-01-17T06:53:17.000Z</time>
        <extensions>
          <ns3:TrackPointExtension>
            <ns3:hr>80</ns3:hr>
          </ns3:TrackPointExtension>
        </extensions>
      </trkpt>
      <trkpt lat="22.32805271632969379425048828125" lon="114.18987876735627651214599609375">
        <ele>15</ele>
        <time>2026-01-17T06:53:18.000Z</time>
        <extensions>
          <ns3:TrackPointExtension>
            <ns3:hr>81</ns3:hr>
          </ns3:TrackPointExtension>
        </extensions>
      </trkpt>
      <trkpt lat="22.3280390538275241851806640625" lon="114.18987415730953216552734375">
        <ele>15</ele>
        <time>2026-01-17T06:53:19.000Z</time>
        <extensions>
          <ns3:TrackPointExtension>
            <ns3:hr>81</ns3:hr>
          </ns3:TrackPointExtension>
        </extensions>
      </trkpt>
      <trkpt lat="22.32802740298211574554443359375" lon="114.18986988253891468048095703125">
        <ele>15.19999980926513671875</ele>
        <time>2026-01-17T06:53:20.000Z</time>
        <extensions>
          <ns3:TrackPointExtension>
            <ns3:hr>82</ns3:hr>
          </ns3:TrackPointExtension>
        </extensions>
      </trkpt>
      <trkpt lat="22.32801633886992931365966796875" lon="114.18986611068248748779296875">
        <ele>15.19999980926513671875</ele>
        <time>2026-01-17T06:53:21.000Z</time>
        <extensions>
          <ns3:TrackPointExtension>
            <ns3:hr>82</ns3:hr>
          </ns3:TrackPointExtension>
        </extensions>
      </trkpt>
      <trkpt lat="22.328003346920013427734375" lon="114.18986217118799686431884765625">
        <ele>15.19999980926513671875</ele>
        <time>2026-01-17T06:53:22.000Z</time>
        <extensions>
          <ns3:TrackPointExtension>
            <ns3:hr>82</ns3:hr>
          </ns3:TrackPointExtension>
        </extensions>
      </trkpt>
      <trkpt lat="22.32799085788428783416748046875" lon="114.18986066244542598724365234375">
        <ele>15.19999980926513671875</ele>
        <time>2026-01-17T06:53:23.000Z</time>
        <extensions>
          <ns3:TrackPointExtension>
            <ns3:hr>81</ns3:hr>
          </ns3:TrackPointExtension>
        </extensions>
      </trkpt>
      <trkpt lat="22.32797996141016483306884765625" lon="114.189860410988330841064453125">
        <ele>15.19999980926513671875</ele>
        <time>2026-01-17T06:53:24.000Z</time>
        <extensions>
          <ns3:TrackPointExtension>
            <ns3:hr>81</ns3:hr>
          </ns3:TrackPointExtension>
        </extensions>
      </trkpt>
      <trkpt lat="22.3279730044305324554443359375" lon="114.1898609139025211334228515625">
        <ele>15.19999980926513671875</ele>
        <time>2026-01-17T06:53:25.000Z</time>
        <extensions>
          <ns3:TrackPointExtension>
            <ns3:hr>81</ns3:hr>
          </ns3:TrackPointExtension>
        </extensions>
      </trkpt>
      <trkpt lat="22.32796889729797840118408203125" lon="114.1898632608354091644287109375">
        <ele>15</ele>
        <time>2026-01-17T06:53:26.000Z</time>
        <extensions>
          <ns3:TrackPointExtension>
            <ns3:hr>81</ns3:hr>
          </ns3:TrackPointExtension>
        </extensions>
      </trkpt>
      <trkpt lat="22.32796571217477321624755859375" lon="114.189866445958614349365234375">
        <ele>15</ele>
        <time>2026-01-17T06:53:27.000Z</time>
        <extensions>
          <ns3:TrackPointExtension>
            <ns3:hr>81</ns3:hr>
          </ns3:TrackPointExtension>
        </extensions>
      </trkpt>
      <trkpt lat="22.3279612697660923004150390625" lon="114.18986954726278781890869140625">
        <ele>15</ele>
        <time>2026-01-17T06:53:28.000Z</time>
        <extensions>
          <ns3:TrackPointExtension>
            <ns3:hr>81</ns3:hr>
          </ns3:TrackPointExtension>
        </extensions>
      </trkpt>
      <trkpt lat="22.3279595933854579925537109375" lon="114.18987155891954898834228515625">
        <ele>15</ele>
        <time>2026-01-17T06:53:29.000Z</time>
        <extensions>
          <ns3:TrackPointExtension>
            <ns3:hr>81</ns3:hr>
          </ns3:TrackPointExtension>
        </extensions>
      </trkpt>
      <trkpt lat="22.32795615680515766143798828125" lon="114.18987290002405643463134765625">
        <ele>15</ele>
        <time>2026-01-17T06:53:30.000Z</time>
        <extensions>
          <ns3:TrackPointExtension>
            <ns3:hr>80</ns3:hr>
          </ns3:TrackPointExtension>
        </extensions>
      </trkpt>
      <trkpt lat="22.3279532231390476226806640625" lon="114.18987440876662731170654296875">
        <ele>14.80000019073486328125</ele>
        <time>2026-01-17T06:53:31.000Z</time>
        <extensions>
          <ns3:TrackPointExtension>
            <ns3:hr>80</ns3:hr>
          </ns3:TrackPointExtension>
        </extensions>
      </trkpt>
      <trkpt lat="22.32794995419681072235107421875" lon="114.18987818062305450439453125">
        <ele>14.80000019073486328125</ele>
        <time>2026-01-17T06:53:32.000Z</time>
        <extensions>
          <ns3:TrackPointExtension>
            <ns3:hr>79</ns3:hr>
          </ns3:TrackPointExtension>
        </extensions>
      </trkpt>
      <trkpt lat="22.32794945128262042999267578125" lon="114.18988329358398914337158203125">
        <ele>14.80000019073486328125</ele>
        <time>2026-01-17T06:53:33.000Z</time>
        <extensions>
          <ns3:TrackPointExtension>
            <ns3:hr>78</ns3:hr>
          </ns3:TrackPointExtension>
        </extensions>
      </trkpt>
      <trkpt lat="22.3279508762061595916748046875" lon="114.189889244735240936279296875">
        <ele>15</ele>
        <time>2026-01-17T06:53:34.000Z</time>
        <extensions>
          <ns3:TrackPointExtension>
            <ns3:hr>77</ns3:hr>
          </ns3:TrackPointExtension>
        </extensions>
      </trkpt>
      <trkpt lat="22.32795380987226963043212890625" lon="114.189896620810031890869140625">
        <ele>15</ele>
        <time>2026-01-17T06:53:35.000Z</time>
        <extensions>
          <ns3:TrackPointExtension>
            <ns3:hr>78</ns3:hr>
          </ns3:TrackPointExtension>
        </extensions>
      </trkpt>
      <trkpt lat="22.3279599286615848541259765625" lon="114.18990458361804485321044921875">
        <ele>15.19999980926513671875</ele>
        <time>2026-01-17T06:53:36.000Z</time>
        <extensions>
          <ns3:TrackPointExtension>
            <ns3:hr>78</ns3:hr>
          </ns3:TrackPointExtension>
        </extensions>
      </trkpt>
      <trkpt lat="22.3279652930796146392822265625" lon="114.18991145677864551544189453125">
        <ele>15.3999996185302734375</ele>
        <time>2026-01-17T06:53:37.000Z</time>
        <extensions>
          <ns3:TrackPointExtension>
            <ns3:hr>79</ns3:hr>
          </ns3:TrackPointExtension>
        </extensions>
      </trkpt>
      <trkpt lat="22.3279703222215175628662109375" lon="114.18992201797664165496826171875">
        <ele>15.3999996185302734375</ele>
        <time>2026-01-17T06:53:38.000Z</time>
        <extensions>
          <ns3:TrackPointExtension>
            <ns3:hr>79</ns3:hr>
          </ns3:TrackPointExtension>
        </extensions>
      </trkpt>
      <trkpt lat="22.32797392643988132476806640625" lon="114.18993308208882808685302734375">
        <ele>15.19999980926513671875</ele>
        <time>2026-01-17T06:53:39.000Z</time>
        <extensions>
          <ns3:TrackPointExtension>
            <ns3:hr>79</ns3:hr>
          </ns3:TrackPointExtension>
        </extensions>
      </trkpt>
      <trkpt lat="22.32797811739146709442138671875" lon="114.18994280509650707244873046875">
        <ele>15.19999980926513671875</ele>
        <time>2026-01-17T06:53:40.000Z</time>
        <extensions>
          <ns3:TrackPointExtension>
            <ns3:hr>80</ns3:hr>
          </ns3:TrackPointExtension>
        </extensions>
      </trkpt>
      <trkpt lat="22.32797920703887939453125" lon="114.18995386920869350433349609375">
        <ele>15.19999980926513671875</ele>
        <time>2026-01-17T06:53:41.000Z</time>
        <extensions>
          <ns3:TrackPointExtension>
            <ns3:hr>80</ns3:hr>
          </ns3:TrackPointExtension>
        </extensions>
      </trkpt>
      <trkpt lat="22.3279797099530696868896484375" lon="114.1899638436734676361083984375">
        <ele>15</ele>
        <time>2026-01-17T06:53:42.000Z</time>
        <extensions>
          <ns3:TrackPointExtension>
            <ns3:hr>80</ns3:hr>
          </ns3:TrackPointExtension>
        </extensions>
      </trkpt>
      <trkpt lat="22.32797862030565738677978515625" lon="114.18997532688081264495849609375">
        <ele>15</ele>
        <time>2026-01-17T06:53:43.000Z</time>
        <extensions>
          <ns3:TrackPointExtension>
            <ns3:hr>79</ns3:hr>
          </ns3:TrackPointExtension>
        </extensions>
      </trkpt>
      <trkpt lat="22.3279780335724353790283203125" lon="114.1899856366217136383056640625">
        <ele>15</ele>
        <time>2026-01-17T06:53:44.000Z</time>
        <extensions>
          <ns3:TrackPointExtension>
            <ns3:hr>79</ns3:hr>
          </ns3:TrackPointExtension>
        </extensions>
      </trkpt>
      <trkpt lat="22.32797660864889621734619140625" lon="114.1899967007339000701904296875">
        <ele>15</ele>
        <time>2026-01-17T06:53:45.000Z</time>
        <extensions>
          <ns3:TrackPointExtension>
            <ns3:hr>79</ns3:hr>
          </ns3:TrackPointExtension>
        </extensions>
      </trkpt>
      <trkpt lat="22.32797610573470592498779296875" lon="114.19000885449349880218505859375">
        <ele>15</ele>
        <time>2026-01-17T06:53:46.000Z</time>
        <extensions>
          <ns3:TrackPointExtension>
            <ns3:hr>79</ns3:hr>
          </ns3:TrackPointExtension>
        </extensions>
      </trkpt>
      <trkpt lat="22.3279766924679279327392578125" lon="114.19002075679600238800048828125">
        <ele>14.80000019073486328125</ele>
        <time>2026-01-17T06:53:47.000Z</time>
        <extensions>
          <ns3:TrackPointExtension>
            <ns3:hr>79</ns3:hr>
          </ns3:TrackPointExtension>
        </extensions>
      </trkpt>
      <trkpt lat="22.32797711156308650970458984375" lon="114.19003165327012538909912109375">
        <ele>14.80000019073486328125</ele>
        <time>2026-01-17T06:53:48.000Z</time>
        <extensions>
          <ns3:TrackPointExtension>
            <ns3:hr>79</ns3:hr>
          </ns3:TrackPointExtension>
        </extensions>
      </trkpt>
      <trkpt lat="22.32797853648662567138671875" lon="114.1900399513542652130126953125">
        <ele>14.80000019073486328125</ele>
        <time>2026-01-17T06:53:49.000Z</time>
        <extensions>
          <ns3:TrackPointExtension>
            <ns3:hr>79</ns3:hr>
          </ns3:TrackPointExtension>
        </extensions>
      </trkpt>
      <trkpt lat="22.327979542315006256103515625" lon="114.19004590250551700592041015625">
        <ele>14.80000019073486328125</ele>
        <time>2026-01-17T06:53:50.000Z</time>
        <extensions>
          <ns3:TrackPointExtension>
            <ns3:hr>79</ns3:hr>
          </ns3:TrackPointExtension>
        </extensions>
      </trkpt>
      <trkpt lat="22.3279807157814502716064453125" lon="114.1900483332574367523193359375">
        <ele>14.80000019073486328125</ele>
        <time>2026-01-17T06:53:51.000Z</time>
        <extensions>
          <ns3:TrackPointExtension>
            <ns3:hr>79</ns3:hr>
          </ns3:TrackPointExtension>
        </extensions>
      </trkpt>
      <trkpt lat="22.32798230834305286407470703125" lon="114.190049506723880767822265625">
        <ele>14.80000019073486328125</ele>
        <time>2026-01-17T06:53:52.000Z</time>
        <extensions>
          <ns3:TrackPointExtension>
            <ns3:hr>79</ns3:hr>
          </ns3:TrackPointExtension>
        </extensions>
      </trkpt>
      <trkpt lat="22.3279830627143383026123046875" lon="114.1900503449141979217529296875">
        <ele>15</ele>
        <time>2026-01-17T06:53:53.000Z</time>
        <extensions>
          <ns3:TrackPointExtension>
            <ns3:hr>78</ns3:hr>
          </ns3:TrackPointExtension>
        </extensions>
      </trkpt>
      <trkpt lat="22.3279833979904651641845703125" lon="114.19005227275192737579345703125">
        <ele>15</ele>
        <time>2026-01-17T06:53:54.000Z</time>
        <extensions>
          <ns3:TrackPointExtension>
            <ns3:hr>78</ns3:hr>
          </ns3:TrackPointExtension>
        </extensions>
      </trkpt>
      <trkpt lat="22.32798331417143344879150390625" lon="114.19005118310451507568359375">
        <ele>15.19999980926513671875</ele>
        <time>2026-01-17T06:53:55.000Z</time>
        <extensions>
          <ns3:TrackPointExtension>
            <ns3:hr>77</ns3:hr>
          </ns3:TrackPointExtension>
        </extensions>
      </trkpt>
      <trkpt lat="22.32798364944756031036376953125" lon="114.19004984200000762939453125">
        <ele>15.19999980926513671875</ele>
        <time>2026-01-17T06:53:56.000Z</time>
        <extensions>
          <ns3:TrackPointExtension>
            <ns3:hr>77</ns3:hr>
          </ns3:TrackPointExtension>
        </extensions>
      </trkpt>
      <trkpt lat="22.3279833979904651641845703125" lon="114.1900493390858173370361328125">
        <ele>15.3999996185302734375</ele>
        <time>2026-01-17T06:53:57.000Z</time>
        <extensions>
          <ns3:TrackPointExtension>
            <ns3:hr>76</ns3:hr>
          </ns3:TrackPointExtension>
        </extensions>
      </trkpt>
      <trkpt lat="22.3279840685427188873291015625" lon="114.19004984200000762939453125">
        <ele>15.3999996185302734375</ele>
        <time>2026-01-17T06:53:58.000Z</time>
        <extensions>
          <ns3:TrackPointExtension>
            <ns3:hr>76</ns3:hr>
          </ns3:TrackPointExtension>
        </extensions>
      </trkpt>
      <trkpt lat="22.32798549346625804901123046875" lon="114.19005126692354679107666015625">
        <ele>15.3999996185302734375</ele>
        <time>2026-01-17T06:53:59.000Z</time>
        <extensions>
          <ns3:TrackPointExtension>
            <ns3:hr>76</ns3:hr>
          </ns3:TrackPointExtension>
        </extensions>
      </trkpt>
      <trkpt lat="22.3279859125614166259765625" lon="114.19005252420902252197265625">
        <ele>15.3999996185302734375</ele>
        <time>2026-01-17T06:54:00.000Z</time>
        <extensions>
          <ns3:TrackPointExtension>
            <ns3:hr>75</ns3:hr>
          </ns3:TrackPointExtension>
        </extensions>
      </trkpt>
      <trkpt lat="22.32798733748495578765869140625" lon="114.19005394913256168365478515625">
        <ele>15.3999996185302734375</ele>
        <time>2026-01-17T06:54:01.000Z</time>
        <extensions>
          <ns3:TrackPointExtension>
            <ns3:hr>75</ns3:hr>
          </ns3:TrackPointExtension>
        </extensions>
      </trkpt>
      <trkpt lat="22.3279867507517337799072265625" lon="114.19005327858030796051025390625">
        <ele>15.3999996185302734375</ele>
        <time>2026-01-17T06:54:02.000Z</time>
        <extensions>
          <ns3:TrackPointExtension>
            <ns3:hr>75</ns3:hr>
          </ns3:TrackPointExtension>
        </extensions>
      </trkpt>
      <trkpt lat="22.32798515819013118743896484375" lon="114.190051518380641937255859375">
        <ele>15.19999980926513671875</ele>
        <time>2026-01-17T06:54:03.000Z</time>
        <extensions>
          <ns3:TrackPointExtension>
            <ns3:hr>75</ns3:hr>
          </ns3:TrackPointExtension>
        </extensions>
      </trkpt>
      <trkpt lat="22.3279830627143383026123046875" lon="114.190049506723880767822265625">
        <ele>15.19999980926513671875</ele>
        <time>2026-01-17T06:54:04.000Z</time>
        <extensions>
          <ns3:TrackPointExtension>
            <ns3:hr>74</ns3:hr>
          </ns3:TrackPointExtension>
        </extensions>
      </trkpt>
      <trkpt lat="22.32798063196241855621337890625" lon="114.1900479979813098907470703125">
        <ele>15.19999980926513671875</ele>
        <time>2026-01-17T06:54:05.000Z</time>
        <extensions>
          <ns3:TrackPointExtension>
            <ns3:hr>74</ns3:hr>
          </ns3:TrackPointExtension>
        </extensions>
      </trkpt>
      <trkpt lat="22.3279790394008159637451171875" lon="114.19004674069583415985107421875">
        <ele>15.19999980926513671875</ele>
        <time>2026-01-17T06:54:06.000Z</time>
        <extensions>
          <ns3:TrackPointExtension>
            <ns3:hr>74</ns3:hr>
          </ns3:TrackPointExtension>
        </extensions>
      </trkpt>
      <trkpt lat="22.32798029668629169464111328125" lon="114.1900486685335636138916015625">
        <ele>15</ele>
        <time>2026-01-17T06:54:07.000Z</time>
        <extensions>
          <ns3:TrackPointExtension>
            <ns3:hr>74</ns3:hr>
          </ns3:TrackPointExtension>
        </extensions>
      </trkpt>
      <trkpt lat="22.32798147015273571014404296875" lon="114.19004640541970729827880859375">
        <ele>15</ele>
        <time>2026-01-17T06:54:08.000Z</time>
        <extensions>
          <ns3:TrackPointExtension>
            <ns3:hr>74</ns3:hr>
          </ns3:TrackPointExtension>
        </extensions>
      </trkpt>
      <trkpt lat="22.3279817216098308563232421875" lon="114.19004238210618495941162109375">
        <ele>15.19999980926513671875</ele>
        <time>2026-01-17T06:54:09.000Z</time>
        <extensions>
          <ns3:TrackPointExtension>
            <ns3:hr>74</ns3:hr>
          </ns3:TrackPointExtension>
        </extensions>
      </trkpt>
      <trkpt lat="22.327982224524021148681640625" lon="114.19003651477396488189697265625">
        <ele>15.19999980926513671875</ele>
        <time>2026-01-17T06:54:10.000Z</time>
        <extensions>
          <ns3:TrackPointExtension>
            <ns3:hr>74</ns3:hr>
          </ns3:TrackPointExtension>
        </extensions>
      </trkpt>
      <trkpt lat="22.32798247598111629486083984375" lon="114.190026037395000457763671875">
        <ele>15.19999980926513671875</ele>
        <time>2026-01-17T06:54:11.000Z</time>
        <extensions>
          <ns3:TrackPointExtension>
            <ns3:hr>74</ns3:hr>
          </ns3:TrackPointExtension>
        </extensions>
      </trkpt>
      <trkpt lat="22.32798281125724315643310546875" lon="114.19001455418765544891357421875">
        <ele>15.19999980926513671875</ele>
        <time>2026-01-17T06:54:12.000Z</time>
        <extensions>
          <ns3:TrackPointExtension>
            <ns3:hr>73</ns3:hr>
          </ns3:TrackPointExtension>
        </extensions>
      </trkpt>
      <trkpt lat="22.32798582874238491058349609375" lon="114.1900044120848178863525390625">
        <ele>15</ele>
        <time>2026-01-17T06:54:13.000Z</time>
        <extensions>
          <ns3:TrackPointExtension>
            <ns3:hr>73</ns3:hr>
          </ns3:TrackPointExtension>
        </extensions>
      </trkpt>
      <trkpt lat="22.32798683457076549530029296875" lon="114.18999376706779003143310546875">
        <ele>15</ele>
        <time>2026-01-17T06:54:14.000Z</time>
        <extensions>
          <ns3:TrackPointExtension>
            <ns3:hr>72</ns3:hr>
          </ns3:TrackPointExtension>
        </extensions>
      </trkpt>
      <trkpt lat="22.32798616401851177215576171875" lon="114.18998354114592075347900390625">
        <ele>15</ele>
        <time>2026-01-17T06:54:15.000Z</time>
        <extensions>
          <ns3:TrackPointExtension>
            <ns3:hr>72</ns3:hr>
          </ns3:TrackPointExtension>
        </extensions>
      </trkpt>
      <trkpt lat="22.32798398472368717193603515625" lon="114.1899742372334003448486328125">
        <ele>15</ele>
        <time>2026-01-17T06:54:16.000Z</time>
        <extensions>
          <ns3:TrackPointExtension>
            <ns3:hr>71</ns3:hr>
          </ns3:TrackPointExtension>
        </extensions>
      </trkpt>
      <trkpt lat="22.3279810510575771331787109375" lon="114.18996577151119709014892578125">
        <ele>15.19999980926513671875</ele>
        <time>2026-01-17T06:54:17.000Z</time>
        <extensions>
          <ns3:TrackPointExtension>
            <ns3:hr>70</ns3:hr>
          </ns3:TrackPointExtension>
        </extensions>
      </trkpt>
      <trkpt lat="22.32797677628695964813232421875" lon="114.1899574734270572662353515625">
        <ele>15.19999980926513671875</ele>
        <time>2026-01-17T06:54:18.000Z</time>
        <extensions>
          <ns3:TrackPointExtension>
            <ns3:hr>70</ns3:hr>
          </ns3:TrackPointExtension>
        </extensions>
      </trkpt>
      <trkpt lat="22.327971495687961578369140625" lon="114.1899487562477588653564453125">
        <ele>15.19999980926513671875</ele>
        <time>2026-01-17T06:54:19.000Z</time>
        <extensions>
          <ns3:TrackPointExtension>
            <ns3:hr>70</ns3:hr>
          </ns3:TrackPointExtension>
        </extensions>
      </trkpt>
      <trkpt lat="22.3279644548892974853515625" lon="114.18994062580168247222900390625">
        <ele>15.3999996185302734375</ele>
        <time>2026-01-17T06:54:20.000Z</time>
        <extensions>
          <ns3:TrackPointExtension>
            <ns3:hr>70</ns3:hr>
          </ns3:TrackPointExtension>
        </extensions>
      </trkpt>
      <trkpt lat="22.3279575817286968231201171875" lon="114.18993425555527210235595703125">
        <ele>15.3999996185302734375</ele>
        <time>2026-01-17T06:54:21.000Z</time>
        <extensions>
          <ns3:TrackPointExtension>
            <ns3:hr>71</ns3:hr>
          </ns3:TrackPointExtension>
        </extensions>
      </trkpt>
      <trkpt lat="22.3279537260532379150390625" lon="114.1899271309375762939453125">
        <ele>15.6000003814697265625</ele>
        <time>2026-01-17T06:54:22.000Z</time>
        <extensions>
          <ns3:TrackPointExtension>
            <ns3:hr>71</ns3:hr>
          </ns3:TrackPointExtension>
        </extensions>
      </trkpt>
      <trkpt lat="22.327949702739715576171875" lon="114.1899179108440876007080078125">
        <ele>15.6000003814697265625</ele>
        <time>2026-01-17T06:54:23.000Z</time>
        <extensions>
          <ns3:TrackPointExtension>
            <ns3:hr>72</ns3:hr>
          </ns3:TrackPointExtension>
        </extensions>
      </trkpt>
      <trkpt lat="22.32794626615941524505615234375" lon="114.18990743346512317657470703125">
        <ele>15.6000003814697265625</ele>
        <time>2026-01-17T06:54:24.000Z</time>
        <extensions>
          <ns3:TrackPointExtension>
            <ns3:hr>73</ns3:hr>
          </ns3:TrackPointExtension>
        </extensions>
      </trkpt>
      <trkpt lat="22.32794257812201976776123046875" lon="114.18989670462906360626220703125">
        <ele>15.6000003814697265625</ele>
        <time>2026-01-17T06:54:25.000Z</time>
        <extensions>
          <ns3:TrackPointExtension>
            <ns3:hr>73</ns3:hr>
          </ns3:TrackPointExtension>
        </extensions>
      </trkpt>
      <trkpt lat="22.32793830335140228271484375" lon="114.189885891973972320556640625">
        <ele>15.6000003814697265625</ele>
        <time>2026-01-17T06:54:26.000Z</time>
        <extensions>
          <ns3:TrackPointExtension>
            <ns3:hr>73</ns3:hr>
          </ns3:TrackPointExtension>
        </extensions>
      </trkpt>
      <trkpt lat="22.327933609485626220703125" lon="114.18987357057631015777587890625">
        <ele>15.3999996185302734375</ele>
        <time>2026-01-17T06:54:27.000Z</time>
        <extensions>
          <ns3:TrackPointExtension>
            <ns3:hr>74</ns3:hr>
          </ns3:TrackPointExtension>
        </extensions>
      </trkpt>
      <trkpt lat="22.32792916707694530487060546875" lon="114.1898627579212188720703125">
        <ele>15.3999996185302734375</ele>
        <time>2026-01-17T06:54:28.000Z</time>
        <extensions>
          <ns3:TrackPointExtension>
            <ns3:hr>74</ns3:hr>
          </ns3:TrackPointExtension>
        </extensions>
      </trkpt>
      <trkpt lat="22.3279250599443912506103515625" lon="114.18985010124742984771728515625">
        <ele>15.3999996185302734375</ele>
        <time>2026-01-17T06:54:29.000Z</time>
        <extensions>
          <ns3:TrackPointExtension>
            <ns3:hr>74</ns3:hr>
          </ns3:TrackPointExtension>
        </extensions>
      </trkpt>
      <trkpt lat="22.3279215395450592041015625" lon="114.189839623868465423583984375">
        <ele>15.3999996185302734375</ele>
        <time>2026-01-17T06:54:30.000Z</time>
        <extensions>
          <ns3:TrackPointExtension>
            <ns3:hr>74</ns3:hr>
          </ns3:TrackPointExtension>
        </extensions>
      </trkpt>
      <trkpt lat="22.32791743241250514984130859375" lon="114.1898277215659618377685546875">
        <ele>15.19999980926513671875</ele>
        <time>2026-01-17T06:54:31.000Z</time>
        <extensions>
          <ns3:TrackPointExtension>
            <ns3:hr>74</ns3:hr>
          </ns3:TrackPointExtension>
        </extensions>
      </trkpt>
      <trkpt lat="22.32791357673704624176025390625" lon="114.189815819263458251953125">
        <ele>15.19999980926513671875</ele>
        <time>2026-01-17T06:54:32.000Z</time>
        <extensions>
          <ns3:TrackPointExtension>
            <ns3:hr>75</ns3:hr>
          </ns3:TrackPointExtension>
        </extensions>
      </trkpt>
      <trkpt lat="22.3279108107089996337890625" lon="114.1898064315319061279296875">
        <ele>15.19999980926513671875</ele>
        <time>2026-01-17T06:54:33.000Z</time>
        <extensions>
          <ns3:TrackPointExtension>
            <ns3:hr>75</ns3:hr>
          </ns3:TrackPointExtension>
        </extensions>
      </trkpt>
      <trkpt lat="22.3279082961380481719970703125" lon="114.18979863636195659637451171875">
        <ele>15.19999980926513671875</ele>
        <time>2026-01-17T06:54:34.000Z</time>
        <extensions>
          <ns3:TrackPointExtension>
            <ns3:hr>75</ns3:hr>
          </ns3:TrackPointExtension>
        </extensions>
      </trkpt>
      <trkpt lat="22.327905781567096710205078125" lon="114.18979427777230739593505859375">
        <ele>15.3999996185302734375</ele>
        <time>2026-01-17T06:54:35.000Z</time>
        <extensions>
          <ns3:TrackPointExtension>
            <ns3:hr>75</ns3:hr>
          </ns3:TrackPointExtension>
        </extensions>
      </trkpt>
      <trkpt lat="22.32790343463420867919921875" lon="114.1897898353636264801025390625">
        <ele>15.3999996185302734375</ele>
        <time>2026-01-17T06:54:36.000Z</time>
        <extensions>
          <ns3:TrackPointExtension>
            <ns3:hr>74</ns3:hr>
          </ns3:TrackPointExtension>
        </extensions>
      </trkpt>
      <trkpt lat="22.327902428805828094482421875" lon="114.18978807516396045684814453125">
        <ele>15.6000003814697265625</ele>
        <time>2026-01-17T06:54:37.000Z</time>
        <extensions>
          <ns3:TrackPointExtension>
            <ns3:hr>74</ns3:hr>
          </ns3:TrackPointExtension>
        </extensions>
      </trkpt>
      <trkpt lat="22.3279000818729400634765625" lon="114.1897844709455966949462890625">
        <ele>15.6000003814697265625</ele>
        <time>2026-01-17T06:54:38.000Z</time>
        <extensions>
          <ns3:TrackPointExtension>
            <ns3:hr>74</ns3:hr>
          </ns3:TrackPointExtension>
        </extensions>
      </trkpt>
      <trkpt lat="22.32789765112102031707763671875" lon="114.18978053145110607147216796875">
        <ele>15.6000003814697265625</ele>
        <time>2026-01-17T06:54:39.000Z</time>
        <extensions>
          <ns3:TrackPointExtension>
            <ns3:hr>74</ns3:hr>
          </ns3:TrackPointExtension>
        </extensions>
      </trkpt>
      <trkpt lat="22.3278958909213542938232421875" lon="114.1897744126617908477783203125">
        <ele>15.6000003814697265625</ele>
        <time>2026-01-17T06:54:40.000Z</time>
        <extensions>
          <ns3:TrackPointExtension>
            <ns3:hr>75</ns3:hr>
          </ns3:TrackPointExtension>
        </extensions>
      </trkpt>
      <trkpt lat="22.3278952203691005706787109375" lon="114.18976527638733386993408203125">
        <ele>15.3999996185302734375</ele>
        <time>2026-01-17T06:54:41.000Z</time>
        <extensions>
          <ns3:TrackPointExtension>
            <ns3:hr>75</ns3:hr>
          </ns3:TrackPointExtension>
        </extensions>
      </trkpt>
      <trkpt lat="22.32789580710232257843017578125" lon="114.18975488282740116119384765625">
        <ele>15.3999996185302734375</ele>
        <time>2026-01-17T06:54:42.000Z</time>
        <extensions>
          <ns3:TrackPointExtension>
            <ns3:hr>75</ns3:hr>
          </ns3:TrackPointExtension>
        </extensions>
      </trkpt>
      <trkpt lat="22.3278973996639251708984375" lon="114.18974138796329498291015625">
        <ele>15.3999996185302734375</ele>
        <time>2026-01-17T06:54:43.000Z</time>
        <extensions>
          <ns3:TrackPointExtension>
            <ns3:hr>74</ns3:hr>
          </ns3:TrackPointExtension>
        </extensions>
      </trkpt>
      <trkpt lat="22.327899076044559478759765625" lon="114.18972940184175968170166015625">
        <ele>15.3999996185302734375</ele>
        <time>2026-01-17T06:54:44.000Z</time>
        <extensions>
          <ns3:TrackPointExtension>
            <ns3:hr>73</ns3:hr>
          </ns3:TrackPointExtension>
        </extensions>
      </trkpt>
      <trkpt lat="22.32790167443454265594482421875" lon="114.18971766717731952667236328125">
        <ele>15.3999996185302734375</ele>
        <time>2026-01-17T06:54:45.000Z</time>
        <extensions>
          <ns3:TrackPointExtension>
            <ns3:hr>73</ns3:hr>
          </ns3:TrackPointExtension>
        </extensions>
      </trkpt>
      <trkpt lat="22.3279046081006526947021484375" lon="114.18970559723675251007080078125">
        <ele>15.3999996185302734375</ele>
        <time>2026-01-17T06:54:46.000Z</time>
        <extensions>
          <ns3:TrackPointExtension>
            <ns3:hr>73</ns3:hr>
          </ns3:TrackPointExtension>
        </extensions>
      </trkpt>
      <trkpt lat="22.32790687121450901031494140625" lon="114.18969352729618549346923828125">
        <ele>15.6000003814697265625</ele>
        <time>2026-01-17T06:54:47.000Z</time>
        <extensions>
          <ns3:TrackPointExtension>
            <ns3:hr>72</ns3:hr>
          </ns3:TrackPointExtension>
        </extensions>
      </trkpt>
      <trkpt lat="22.3279099725186824798583984375" lon="114.18967969715595245361328125">
        <ele>15.6000003814697265625</ele>
        <time>2026-01-17T06:54:48.000Z</time>
        <extensions>
          <ns3:TrackPointExtension>
            <ns3:hr>72</ns3:hr>
          </ns3:TrackPointExtension>
        </extensions>
      </trkpt>
      <trkpt lat="22.3279123194515705108642578125" lon="114.18966435827314853668212890625">
        <ele>15.6000003814697265625</ele>
        <time>2026-01-17T06:54:49.000Z</time>
        <extensions>
          <ns3:TrackPointExtension>
            <ns3:hr>72</ns3:hr>
          </ns3:TrackPointExtension>
        </extensions>
      </trkpt>
      <trkpt lat="22.3279134929180145263671875" lon="114.189650528132915496826171875">
        <ele>15.6000003814697265625</ele>
        <time>2026-01-17T06:54:50.000Z</time>
        <extensions>
          <ns3:TrackPointExtension>
            <ns3:hr>73</ns3:hr>
          </ns3:TrackPointExtension>
        </extensions>
      </trkpt>
      <trkpt lat="22.32791357673704624176025390625" lon="114.1896356083452701568603515625">
        <ele>15.6000003814697265625</ele>
        <time>2026-01-17T06:54:51.000Z</time>
        <extensions>
          <ns3:TrackPointExtension>
            <ns3:hr>73</ns3:hr>
          </ns3:TrackPointExtension>
        </extensions>
      </trkpt>
      <trkpt lat="22.3279139958322048187255859375" lon="114.18962345458567142486572265625">
        <ele>15.6000003814697265625</ele>
        <time>2026-01-17T06:54:52.000Z</time>
        <extensions>
          <ns3:TrackPointExtension>
            <ns3:hr>74</ns3:hr>
          </ns3:TrackPointExtension>
        </extensions>
      </trkpt>
      <trkpt lat="22.32791374437510967254638671875" lon="114.1896111331880092620849609375">
        <ele>15.6000003814697265625</ele>
        <time>2026-01-17T06:54:53.000Z</time>
        <extensions>
          <ns3:TrackPointExtension>
            <ns3:hr>76</ns3:hr>
          </ns3:TrackPointExtension>
        </extensions>
      </trkpt>
      <trkpt lat="22.32791290618479251861572265625" lon="114.1896000690758228302001953125">
        <ele>15.6000003814697265625</ele>
        <time>2026-01-17T06:54:54.000Z</time>
        <extensions>
          <ns3:TrackPointExtension>
            <ns3:hr>77</ns3:hr>
          </ns3:TrackPointExtension>
        </extensions>
      </trkpt>
      <trkpt lat="22.32791206799447536468505859375" lon="114.1895890049636363983154296875">
        <ele>15.6000003814697265625</ele>
        <time>2026-01-17T06:54:55.000Z</time>
        <extensions>
          <ns3:TrackPointExtension>
            <ns3:hr>77</ns3:hr>
          </ns3:TrackPointExtension>
        </extensions>
      </trkpt>
      <trkpt lat="22.32791240327060222625732421875" lon="114.18958020396530628204345703125">
        <ele>15.6000003814697265625</ele>
        <time>2026-01-17T06:54:56.000Z</time>
        <extensions>
          <ns3:TrackPointExtension>
            <ns3:hr>76</ns3:hr>
          </ns3:TrackPointExtension>
        </extensions>
      </trkpt>
      <trkpt lat="22.32791148126125335693359375" lon="114.18957249261438846588134765625">
        <ele>15.6000003814697265625</ele>
        <time>2026-01-17T06:54:57.000Z</time>
        <extensions>
          <ns3:TrackPointExtension>
            <ns3:hr>76</ns3:hr>
          </ns3:TrackPointExtension>
        </extensions>
      </trkpt>
      <trkpt lat="22.32791089452803134918212890625" lon="114.18956209905445575714111328125">
        <ele>15.6000003814697265625</ele>
        <time>2026-01-17T06:54:58.000Z</time>
        <extensions>
          <ns3:TrackPointExtension>
            <ns3:hr>77</ns3:hr>
          </ns3:TrackPointExtension>
        </extensions>
      </trkpt>
      <trkpt lat="22.3279093019664287567138671875" lon="114.18955069966614246368408203125">
        <ele>15.6000003814697265625</ele>
        <time>2026-01-17T06:54:59.000Z</time>
        <extensions>
          <ns3:TrackPointExtension>
            <ns3:hr>77</ns3:hr>
          </ns3:TrackPointExtension>
        </extensions>
      </trkpt>
      <trkpt lat="22.3279069550335407257080078125" lon="114.18953762389719486236572265625">
        <ele>15.80000019073486328125</ele>
        <time>2026-01-17T06:55:00.000Z</time>
        <extensions>
          <ns3:TrackPointExtension>
            <ns3:hr>77</ns3:hr>
          </ns3:TrackPointExtension>
        </extensions>
      </trkpt>
      <trkpt lat="22.3279039375483989715576171875" lon="114.1895229555666446685791015625">
        <ele>15.80000019073486328125</ele>
        <time>2026-01-17T06:55:01.000Z</time>
        <extensions>
          <ns3:TrackPointExtension>
            <ns3:hr>77</ns3:hr>
          </ns3:TrackPointExtension>
        </extensions>
      </trkpt>
      <trkpt lat="22.327901087701320648193359375" lon="114.1895095445215702056884765625">
        <ele>15.80000019073486328125</ele>
        <time>2026-01-17T06:55:02.000Z</time>
        <extensions>
          <ns3:TrackPointExtension>
            <ns3:hr>78</ns3:hr>
          </ns3:TrackPointExtension>
        </extensions>
      </trkpt>
      <trkpt lat="22.32789748348295688629150390625" lon="114.18949621729552745819091796875">
        <ele>15.80000019073486328125</ele>
        <time>2026-01-17T06:55:03.000Z</time>
        <extensions>
          <ns3:TrackPointExtension>
            <ns3:hr>78</ns3:hr>
          </ns3:TrackPointExtension>
        </extensions>
      </trkpt>
      <trkpt lat="22.32789413072168827056884765625" lon="114.189483225345611572265625">
        <ele>16</ele>
        <time>2026-01-17T06:55:04.000Z</time>
        <extensions>
          <ns3:TrackPointExtension>
            <ns3:hr>78</ns3:hr>
          </ns3:TrackPointExtension>
        </extensions>
      </trkpt>
      <trkpt lat="22.32789161615073680877685546875" lon="114.18946822173893451690673828125">
        <ele>16</ele>
        <time>2026-01-17T06:55:05.000Z</time>
        <extensions>
          <ns3:TrackPointExtension>
            <ns3:hr>78</ns3:hr>
          </ns3:TrackPointExtension>
        </extensions>
      </trkpt>
      <trkpt lat="22.3278881795704364776611328125" lon="114.18945229612290859222412109375">
        <ele>16</ele>
        <time>2026-01-17T06:55:06.000Z</time>
        <extensions>
          <ns3:TrackPointExtension>
            <ns3:hr>78</ns3:hr>
          </ns3:TrackPointExtension>
        </extensions>
      </trkpt>
      <trkpt lat="22.32788457535207271575927734375" lon="114.1894371248781681060791015625">
        <ele>16</ele>
        <time>2026-01-17T06:55:07.000Z</time>
        <extensions>
          <ns3:TrackPointExtension>
            <ns3:hr>78</ns3:hr>
          </ns3:TrackPointExtension>
        </extensions>
      </trkpt>
      <trkpt lat="22.32788122259080410003662109375" lon="114.18942295946180820465087890625">
        <ele>16.200000762939453125</ele>
        <time>2026-01-17T06:55:08.000Z</time>
        <extensions>
          <ns3:TrackPointExtension>
            <ns3:hr>78</ns3:hr>
          </ns3:TrackPointExtension>
        </extensions>
      </trkpt>
      <trkpt lat="22.3278791271150112152099609375" lon="114.18940879404544830322265625">
        <ele>16.200000762939453125</ele>
        <time>2026-01-17T06:55:09.000Z</time>
        <extensions>
          <ns3:TrackPointExtension>
            <ns3:hr>79</ns3:hr>
          </ns3:TrackPointExtension>
        </extensions>
      </trkpt>
      <trkpt lat="22.3278786242008209228515625" lon="114.1893947124481201171875">
        <ele>16.3999996185302734375</ele>
        <time>2026-01-17T06:55:10.000Z</time>
        <extensions>
          <ns3:TrackPointExtension>
            <ns3:hr>79</ns3:hr>
          </ns3:TrackPointExtension>
        </extensions>
      </trkpt>
      <trkpt lat="22.32787770219147205352783203125" lon="114.1893818043172359466552734375">
        <ele>16.3999996185302734375</ele>
        <time>2026-01-17T06:55:11.000Z</time>
        <extensions>
          <ns3:TrackPointExtension>
            <ns3:hr>79</ns3:hr>
          </ns3:TrackPointExtension>
        </extensions>
      </trkpt>
      <trkpt lat="22.32787619344890117645263671875" lon="114.18936696834862232208251953125">
        <ele>16.3999996185302734375</ele>
        <time>2026-01-17T06:55:12.000Z</time>
        <extensions>
          <ns3:TrackPointExtension>
            <ns3:hr>79</ns3:hr>
          </ns3:TrackPointExtension>
        </extensions>
      </trkpt>
      <trkpt lat="22.32787569053471088409423828125" lon="114.1893536411225795745849609375">
        <ele>16.3999996185302734375</ele>
        <time>2026-01-17T06:55:13.000Z</time>
        <extensions>
          <ns3:TrackPointExtension>
            <ns3:hr>79</ns3:hr>
          </ns3:TrackPointExtension>
        </extensions>
      </trkpt>
      <trkpt lat="22.32787501998245716094970703125" lon="114.1893392242491245269775390625">
        <ele>16.3999996185302734375</ele>
        <time>2026-01-17T06:55:14.000Z</time>
        <extensions>
          <ns3:TrackPointExtension>
            <ns3:hr>80</ns3:hr>
          </ns3:TrackPointExtension>
        </extensions>
      </trkpt>
      <trkpt lat="22.32787317596375942230224609375" lon="114.18932438828051090240478515625">
        <ele>16.3999996185302734375</ele>
        <time>2026-01-17T06:55:15.000Z</time>
        <extensions>
          <ns3:TrackPointExtension>
            <ns3:hr>80</ns3:hr>
          </ns3:TrackPointExtension>
        </extensions>
      </trkpt>
      <trkpt lat="22.32787133194506168365478515625" lon="114.189311228692531585693359375">
        <ele>16.3999996185302734375</ele>
        <time>2026-01-17T06:55:16.000Z</time>
        <extensions>
          <ns3:TrackPointExtension>
            <ns3:hr>80</ns3:hr>
          </ns3:TrackPointExtension>
        </extensions>
      </trkpt>
      <trkpt lat="22.32786714099347591400146484375" lon="114.18929957784712314605712890625">
        <ele>16.3999996185302734375</ele>
        <time>2026-01-17T06:55:17.000Z</time>
        <extensions>
          <ns3:TrackPointExtension>
            <ns3:hr>81</ns3:hr>
          </ns3:TrackPointExtension>
        </extensions>
      </trkpt>
      <trkpt lat="22.327863536775112152099609375" lon="114.189288429915904998779296875">
        <ele>16.3999996185302734375</ele>
        <time>2026-01-17T06:55:18.000Z</time>
        <extensions>
          <ns3:TrackPointExtension>
            <ns3:hr>81</ns3:hr>
          </ns3:TrackPointExtension>
        </extensions>
      </trkpt>
      <trkpt lat="22.32785775326192378997802734375" lon="114.18927627615630626678466796875">
        <ele>16.3999996185302734375</ele>
        <time>2026-01-17T06:55:19.000Z</time>
        <extensions>
          <ns3:TrackPointExtension>
            <ns3:hr>81</ns3:hr>
          </ns3:TrackPointExtension>
        </extensions>
      </trkpt>
      <trkpt lat="22.327851466834545135498046875" lon="114.18926554732024669647216796875">
        <ele>16.3999996185302734375</ele>
        <time>2026-01-17T06:55:20.000Z</time>
        <extensions>
          <ns3:TrackPointExtension>
            <ns3:hr>81</ns3:hr>
          </ns3:TrackPointExtension>
        </extensions>
      </trkpt>
      <trkpt lat="22.3278445936739444732666015625" lon="114.189256913959980010986328125">
        <ele>16.3999996185302734375</ele>
        <time>2026-01-17T06:55:21.000Z</time>
        <extensions>
          <ns3:TrackPointExtension>
            <ns3:hr>81</ns3:hr>
          </ns3:TrackPointExtension>
        </extensions>
      </trkpt>
      <trkpt lat="22.32783813960850238800048828125" lon="114.1892436705529689788818359375">
        <ele>16.3999996185302734375</ele>
        <time>2026-01-17T06:55:22.000Z</time>
        <extensions>
          <ns3:TrackPointExtension>
            <ns3:hr>81</ns3:hr>
          </ns3:TrackPointExtension>
        </extensions>
      </trkpt>
      <trkpt lat="22.3278315179049968719482421875" lon="114.18923051096498966217041015625">
        <ele>16.200000762939453125</ele>
        <time>2026-01-17T06:55:23.000Z</time>
        <extensions>
          <ns3:TrackPointExtension>
            <ns3:hr>81</ns3:hr>
          </ns3:TrackPointExtension>
        </extensions>
      </trkpt>
      <trkpt lat="22.3278261534869670867919921875" lon="114.1892181895673274993896484375">
        <ele>16.200000762939453125</ele>
        <time>2026-01-17T06:55:24.000Z</time>
        <extensions>
          <ns3:TrackPointExtension>
            <ns3:hr>81</ns3:hr>
          </ns3:TrackPointExtension>
        </extensions>
      </trkpt>
      <trkpt lat="22.32782238163053989410400390625" lon="114.18920762836933135986328125">
        <ele>16.200000762939453125</ele>
        <time>2026-01-17T06:55:25.000Z</time>
        <extensions>
          <ns3:TrackPointExtension>
            <ns3:hr>82</ns3:hr>
          </ns3:TrackPointExtension>
        </extensions>
      </trkpt>
      <trkpt lat="22.32781894505023956298828125" lon="114.1891943849623203277587890625">
        <ele>16.200000762939453125</ele>
        <time>2026-01-17T06:55:26.000Z</time>
        <extensions>
          <ns3:TrackPointExtension>
            <ns3:hr>81</ns3:hr>
          </ns3:TrackPointExtension>
        </extensions>
      </trkpt>
      <trkpt lat="22.3278164304792881011962890625" lon="114.189179800450801849365234375">
        <ele>16.200000762939453125</ele>
        <time>2026-01-17T06:55:27.000Z</time>
        <extensions>
          <ns3:TrackPointExtension>
            <ns3:hr>81</ns3:hr>
          </ns3:TrackPointExtension>
        </extensions>
      </trkpt>
      <trkpt lat="22.32781534083187580108642578125" lon="114.18916379101574420928955078125">
        <ele>16.200000762939453125</ele>
        <time>2026-01-17T06:55:28.000Z</time>
        <extensions>
          <ns3:TrackPointExtension>
            <ns3:hr>82</ns3:hr>
          </ns3:TrackPointExtension>
        </extensions>
      </trkpt>
      <trkpt lat="22.32781534083187580108642578125" lon="114.18915004469454288482666015625">
        <ele>16.200000762939453125</ele>
        <time>2026-01-17T06:55:29.000Z</time>
        <extensions>
          <ns3:TrackPointExtension>
            <ns3:hr>81</ns3:hr>
          </ns3:TrackPointExtension>
        </extensions>
      </trkpt>
      <trkpt lat="22.32781550846993923187255859375" lon="114.1891363821923732757568359375">
        <ele>16.200000762939453125</ele>
        <time>2026-01-17T06:55:30.000Z</time>
        <extensions>
          <ns3:TrackPointExtension>
            <ns3:hr>81</ns3:hr>
          </ns3:TrackPointExtension>
        </extensions>
      </trkpt>
      <trkpt lat="22.3278157599270343780517578125" lon="114.18912020511925220489501953125">
        <ele>16</ele>
        <time>2026-01-17T06:55:31.000Z</time>
        <extensions>
          <ns3:TrackPointExtension>
            <ns3:hr>82</ns3:hr>
          </ns3:TrackPointExtension>
        </extensions>
      </trkpt>
      <trkpt lat="22.32781617902219295501708984375" lon="114.1891048662364482879638671875">
        <ele>16</ele>
        <time>2026-01-17T06:55:32.000Z</time>
        <extensions>
          <ns3:TrackPointExtension>
            <ns3:hr>81</ns3:hr>
          </ns3:TrackPointExtension>
        </extensions>
      </trkpt>
      <trkpt lat="22.3278160952031612396240234375" lon="114.18908986262977123260498046875">
        <ele>16</ele>
        <time>2026-01-17T06:55:33.000Z</time>
        <extensions>
          <ns3:TrackPointExtension>
            <ns3:hr>81</ns3:hr>
          </ns3:TrackPointExtension>
        </extensions>
      </trkpt>
      <trkpt lat="22.32781467027962207794189453125" lon="114.1890741884708404541015625">
        <ele>16</ele>
        <time>2026-01-17T06:55:34.000Z</time>
        <extensions>
          <ns3:TrackPointExtension>
            <ns3:hr>82</ns3:hr>
          </ns3:TrackPointExtension>
        </extensions>
      </trkpt>
      <trkpt lat="22.3278127424418926239013671875" lon="114.1890626214444637298583984375">
        <ele>16</ele>
        <time>2026-01-17T06:55:35.000Z</time>
        <extensions>
          <ns3:TrackPointExtension>
            <ns3:hr>82</ns3:hr>
          </ns3:TrackPointExtension>
        </extensions>
      </trkpt>
      <trkpt lat="22.32781081460416316986083984375" lon="114.1890502162277698516845703125">
        <ele>16.200000762939453125</ele>
        <time>2026-01-17T06:55:36.000Z</time>
        <extensions>
          <ns3:TrackPointExtension>
            <ns3:hr>82</ns3:hr>
          </ns3:TrackPointExtension>
        </extensions>
      </trkpt>
      <trkpt lat="22.32780846767127513885498046875" lon="114.189036302268505096435546875">
        <ele>16.200000762939453125</ele>
        <time>2026-01-17T06:55:37.000Z</time>
        <extensions>
          <ns3:TrackPointExtension>
            <ns3:hr>82</ns3:hr>
          </ns3:TrackPointExtension>
        </extensions>
      </trkpt>
      <trkpt lat="22.32780645601451396942138671875" lon="114.18902180157601833343505859375">
        <ele>16.200000762939453125</ele>
        <time>2026-01-17T06:55:38.000Z</time>
        <extensions>
          <ns3:TrackPointExtension>
            <ns3:hr>82</ns3:hr>
          </ns3:TrackPointExtension>
        </extensions>
      </trkpt>
      <trkpt lat="22.32780444435775279998779296875" lon="114.18900780379772186279296875">
        <ele>16</ele>
        <time>2026-01-17T06:55:39.000Z</time>
        <extensions>
          <ns3:TrackPointExtension>
            <ns3:hr>83</ns3:hr>
          </ns3:TrackPointExtension>
        </extensions>
      </trkpt>
      <trkpt lat="22.32780192978680133819580078125" lon="114.18899238109588623046875">
        <ele>16</ele>
        <time>2026-01-17T06:55:40.000Z</time>
        <extensions>
          <ns3:TrackPointExtension>
            <ns3:hr>83</ns3:hr>
          </ns3:TrackPointExtension>
        </extensions>
      </trkpt>
      <trkpt lat="22.32780075632035732269287109375" lon="114.18897804804146289825439453125">
        <ele>16</ele>
        <time>2026-01-17T06:55:41.000Z</time>
        <extensions>
          <ns3:TrackPointExtension>
            <ns3:hr>83</ns3:hr>
          </ns3:TrackPointExtension>
        </extensions>
      </trkpt>
      <trkpt lat="22.32779991813004016876220703125" lon="114.188965223729610443115234375">
        <ele>16</ele>
        <time>2026-01-17T06:55:42.000Z</time>
        <extensions>
          <ns3:TrackPointExtension>
            <ns3:hr>83</ns3:hr>
          </ns3:TrackPointExtension>
        </extensions>
      </trkpt>
      <trkpt lat="22.327798493206501007080078125" lon="114.1889529861509799957275390625">
        <ele>16.200000762939453125</ele>
        <time>2026-01-17T06:55:43.000Z</time>
        <extensions>
          <ns3:TrackPointExtension>
            <ns3:hr>83</ns3:hr>
          </ns3:TrackPointExtension>
        </extensions>
      </trkpt>
      <trkpt lat="22.3277966491878032684326171875" lon="114.18894074857234954833984375">
        <ele>16.200000762939453125</ele>
        <time>2026-01-17T06:55:44.000Z</time>
        <extensions>
          <ns3:TrackPointExtension>
            <ns3:hr>82</ns3:hr>
          </ns3:TrackPointExtension>
        </extensions>
      </trkpt>
      <trkpt lat="22.32779346406459808349609375" lon="114.1889285109937191009521484375">
        <ele>16.200000762939453125</ele>
        <time>2026-01-17T06:55:45.000Z</time>
        <extensions>
          <ns3:TrackPointExtension>
            <ns3:hr>82</ns3:hr>
          </ns3:TrackPointExtension>
        </extensions>
      </trkpt>
      <trkpt lat="22.3277902789413928985595703125" lon="114.1889167763292789459228515625">
        <ele>16.200000762939453125</ele>
        <time>2026-01-17T06:55:46.000Z</time>
        <extensions>
          <ns3:TrackPointExtension>
            <ns3:hr>81</ns3:hr>
          </ns3:TrackPointExtension>
        </extensions>
      </trkpt>
      <trkpt lat="22.32778600417077541351318359375" lon="114.18890646658837795257568359375">
        <ele>16.200000762939453125</ele>
        <time>2026-01-17T06:55:47.000Z</time>
        <extensions>
          <ns3:TrackPointExtension>
            <ns3:hr>80</ns3:hr>
          </ns3:TrackPointExtension>
        </extensions>
      </trkpt>
      <trkpt lat="22.3277822323143482208251953125" lon="114.18889691121876239776611328125">
        <ele>16.200000762939453125</ele>
        <time>2026-01-17T06:55:48.000Z</time>
        <extensions>
          <ns3:TrackPointExtension>
            <ns3:hr>80</ns3:hr>
          </ns3:TrackPointExtension>
        </extensions>
      </trkpt>
      <trkpt lat="22.32777812518179416656494140625" lon="114.18888618238270282745361328125">
        <ele>16.3999996185302734375</ele>
        <time>2026-01-17T06:55:49.000Z</time>
        <extensions>
          <ns3:TrackPointExtension>
            <ns3:hr>80</ns3:hr>
          </ns3:TrackPointExtension>
        </extensions>
      </trkpt>
      <trkpt lat="22.32777326367795467376708984375" lon="114.188876710832118988037109375">
        <ele>16.3999996185302734375</ele>
        <time>2026-01-17T06:55:50.000Z</time>
        <extensions>
          <ns3:TrackPointExtension>
            <ns3:hr>80</ns3:hr>
          </ns3:TrackPointExtension>
        </extensions>
      </trkpt>
      <trkpt lat="22.32776924036443233489990234375" lon="114.1888651438057422637939453125">
        <ele>16.3999996185302734375</ele>
        <time>2026-01-17T06:55:51.000Z</time>
        <extensions>
          <ns3:TrackPointExtension>
            <ns3:hr>80</ns3:hr>
          </ns3:TrackPointExtension>
        </extensions>
      </trkpt>
      <trkpt lat="22.32776555232703685760498046875" lon="114.1888527385890483856201171875">
        <ele>16.3999996185302734375</ele>
        <time>2026-01-17T06:55:52.000Z</time>
        <extensions>
          <ns3:TrackPointExtension>
            <ns3:hr>80</ns3:hr>
          </ns3:TrackPointExtension>
        </extensions>
      </trkpt>
      <trkpt lat="22.32776203192770481109619140625" lon="114.18884041719138622283935546875">
        <ele>16.3999996185302734375</ele>
        <time>2026-01-17T06:55:53.000Z</time>
        <extensions>
          <ns3:TrackPointExtension>
            <ns3:hr>80</ns3:hr>
          </ns3:TrackPointExtension>
        </extensions>
      </trkpt>
      <trkpt lat="22.327758260071277618408203125" lon="114.18882734142243862152099609375">
        <ele>16.3999996185302734375</ele>
        <time>2026-01-17T06:55:54.000Z</time>
        <extensions>
          <ns3:TrackPointExtension>
            <ns3:hr>80</ns3:hr>
          </ns3:TrackPointExtension>
        </extensions>
      </trkpt>
      <trkpt lat="22.32775432057678699493408203125" lon="114.18881292454898357391357421875">
        <ele>16.3999996185302734375</ele>
        <time>2026-01-17T06:55:55.000Z</time>
        <extensions>
          <ns3:TrackPointExtension>
            <ns3:hr>79</ns3:hr>
          </ns3:TrackPointExtension>
        </extensions>
      </trkpt>
      <trkpt lat="22.32775113545358180999755859375" lon="114.1887994296848773956298828125">
        <ele>16.3999996185302734375</ele>
        <time>2026-01-17T06:55:56.000Z</time>
        <extensions>
          <ns3:TrackPointExtension>
            <ns3:hr>79</ns3:hr>
          </ns3:TrackPointExtension>
        </extensions>
      </trkpt>
      <trkpt lat="22.3277480341494083404541015625" lon="114.18878727592527866363525390625">
        <ele>16.3999996185302734375</ele>
        <time>2026-01-17T06:55:57.000Z</time>
        <extensions>
          <ns3:TrackPointExtension>
            <ns3:hr>79</ns3:hr>
          </ns3:TrackPointExtension>
        </extensions>
      </trkpt>
      <trkpt lat="22.32774459756910800933837890625" lon="114.18877386488020420074462890625">
        <ele>16.3999996185302734375</ele>
        <time>2026-01-17T06:55:58.000Z</time>
        <extensions>
          <ns3:TrackPointExtension>
            <ns3:hr>80</ns3:hr>
          </ns3:TrackPointExtension>
        </extensions>
      </trkpt>
      <trkpt lat="22.327740155160427093505859375" lon="114.1887625493109226226806640625">
        <ele>16.3999996185302734375</ele>
        <time>2026-01-17T06:55:59.000Z</time>
        <extensions>
          <ns3:TrackPointExtension>
            <ns3:hr>80</ns3:hr>
          </ns3:TrackPointExtension>
        </extensions>
      </trkpt>
      <trkpt lat="22.32773713767528533935546875" lon="114.1887504793703556060791015625">
        <ele>16.3999996185302734375</ele>
        <time>2026-01-17T06:56:00.000Z</time>
        <extensions>
          <ns3:TrackPointExtension>
            <ns3:hr>80</ns3:hr>
          </ns3:TrackPointExtension>
        </extensions>
      </trkpt>
      <trkpt lat="22.32773420400917530059814453125" lon="114.18873681686818599700927734375">
        <ele>16.3999996185302734375</ele>
        <time>2026-01-17T06:56:01.000Z</time>
        <extensions>
          <ns3:TrackPointExtension>
            <ns3:hr>82</ns3:hr>
          </ns3:TrackPointExtension>
        </extensions>
      </trkpt>
      <trkpt lat="22.32773571275174617767333984375" lon="114.18872189708054065704345703125">
        <ele>16.3999996185302734375</ele>
        <time>2026-01-17T06:56:02.000Z</time>
        <extensions>
          <ns3:TrackPointExtension>
            <ns3:hr>83</ns3:hr>
          </ns3:TrackPointExtension>
        </extensions>
      </trkpt>
      <trkpt lat="22.32773738913238048553466796875" lon="114.1887102462351322174072265625">
        <ele>16.3999996185302734375</ele>
        <time>2026-01-17T06:56:03.000Z</time>
        <extensions>
          <ns3:TrackPointExtension>
            <ns3:hr>82</ns3:hr>
          </ns3:TrackPointExtension>
        </extensions>
      </trkpt>
      <trkpt lat="22.3277391493320465087890625" lon="114.1887008585035800933837890625">
        <ele>16.6000003814697265625</ele>
        <time>2026-01-17T06:56:04.000Z</time>
        <extensions>
          <ns3:TrackPointExtension>
            <ns3:hr>82</ns3:hr>
          </ns3:TrackPointExtension>
        </extensions>
      </trkpt>
      <trkpt lat="22.3277416639029979705810546875" lon="114.18869323097169399261474609375">
        <ele>16.799999237060546875</ele>
        <time>2026-01-17T06:56:05.000Z</time>
        <extensions>
          <ns3:TrackPointExtension>
            <ns3:hr>83</ns3:hr>
          </ns3:TrackPointExtension>
        </extensions>
      </trkpt>
      <trkpt lat="22.32774317264556884765625" lon="114.1886852681636810302734375">
        <ele>17</ele>
        <time>2026-01-17T06:56:06.000Z</time>
        <extensions>
          <ns3:TrackPointExtension>
            <ns3:hr>84</ns3:hr>
          </ns3:TrackPointExtension>
        </extensions>
      </trkpt>
      <trkpt lat="22.32774325646460056304931640625" lon="114.18867529369890689849853515625">
        <ele>17</ele>
        <time>2026-01-17T06:56:07.000Z</time>
        <extensions>
          <ns3:TrackPointExtension>
            <ns3:hr>84</ns3:hr>
          </ns3:TrackPointExtension>
        </extensions>
      </trkpt>
      <trkpt lat="22.32774225063621997833251953125" lon="114.18866540305316448211669921875">
        <ele>16.799999237060546875</ele>
        <time>2026-01-17T06:56:08.000Z</time>
        <extensions>
          <ns3:TrackPointExtension>
            <ns3:hr>84</ns3:hr>
          </ns3:TrackPointExtension>
        </extensions>
      </trkpt>
      <trkpt lat="22.32774317264556884765625" lon="114.18865383602678775787353515625">
        <ele>16.799999237060546875</ele>
        <time>2026-01-17T06:56:09.000Z</time>
        <extensions>
          <ns3:TrackPointExtension>
            <ns3:hr>84</ns3:hr>
          </ns3:TrackPointExtension>
        </extensions>
      </trkpt>
      <trkpt lat="22.32774744741618633270263671875" lon="114.188638664782047271728515625">
        <ele>16.6000003814697265625</ele>
        <time>2026-01-17T06:56:10.000Z</time>
        <extensions>
          <ns3:TrackPointExtension>
            <ns3:hr>84</ns3:hr>
          </ns3:TrackPointExtension>
        </extensions>
      </trkpt>
      <trkpt lat="22.32775331474840641021728515625" lon="114.1886284388601779937744140625">
        <ele>16.3999996185302734375</ele>
        <time>2026-01-17T06:56:11.000Z</time>
        <extensions>
          <ns3:TrackPointExtension>
            <ns3:hr>84</ns3:hr>
          </ns3:TrackPointExtension>
        </extensions>
      </trkpt>
      <trkpt lat="22.3277567513287067413330078125" lon="114.1886210627853870391845703125">
        <ele>16.3999996185302734375</ele>
        <time>2026-01-17T06:56:12.000Z</time>
        <extensions>
          <ns3:TrackPointExtension>
            <ns3:hr>84</ns3:hr>
          </ns3:TrackPointExtension>
        </extensions>
      </trkpt>
      <trkpt lat="22.3277574218809604644775390625" lon="114.18861695565283298492431640625">
        <ele>16.3999996185302734375</ele>
        <time>2026-01-17T06:56:13.000Z</time>
        <extensions>
          <ns3:TrackPointExtension>
            <ns3:hr>85</ns3:hr>
          </ns3:TrackPointExtension>
        </extensions>
      </trkpt>
      <trkpt lat="22.3277527280151844024658203125" lon="114.1886136867105960845947265625">
        <ele>16.3999996185302734375</ele>
        <time>2026-01-17T06:56:14.000Z</time>
        <extensions>
          <ns3:TrackPointExtension>
            <ns3:hr>85</ns3:hr>
          </ns3:TrackPointExtension>
        </extensions>
      </trkpt>
      <trkpt lat="22.3277440108358860015869140625" lon="114.1886093281209468841552734375">
        <ele>16.3999996185302734375</ele>
        <time>2026-01-17T06:56:15.000Z</time>
        <extensions>
          <ns3:TrackPointExtension>
            <ns3:hr>84</ns3:hr>
          </ns3:TrackPointExtension>
        </extensions>
      </trkpt>
      <trkpt lat="22.3277339525520801544189453125" lon="114.188603460788726806640625">
        <ele>16.3999996185302734375</ele>
        <time>2026-01-17T06:56:16.000Z</time>
        <extensions>
          <ns3:TrackPointExtension>
            <ns3:hr>84</ns3:hr>
          </ns3:TrackPointExtension>
        </extensions>
      </trkpt>
      <trkpt lat="22.32772381044924259185791015625" lon="114.188593737781047821044921875">
        <ele>16.3999996185302734375</ele>
        <time>2026-01-17T06:56:17.000Z</time>
        <extensions>
          <ns3:TrackPointExtension>
            <ns3:hr>84</ns3:hr>
          </ns3:TrackPointExtension>
        </extensions>
      </trkpt>
      <trkpt lat="22.32771425507962703704833984375" lon="114.18858074583113193511962890625">
        <ele>16.6000003814697265625</ele>
        <time>2026-01-17T06:56:18.000Z</time>
        <extensions>
          <ns3:TrackPointExtension>
            <ns3:hr>84</ns3:hr>
          </ns3:TrackPointExtension>
        </extensions>
      </trkpt>
      <trkpt lat="22.32770604081451892852783203125" lon="114.188564904034137725830078125">
        <ele>16.6000003814697265625</ele>
        <time>2026-01-17T06:56:19.000Z</time>
        <extensions>
          <ns3:TrackPointExtension>
            <ns3:hr>83</ns3:hr>
          </ns3:TrackPointExtension>
        </extensions>
      </trkpt>
      <trkpt lat="22.3276997543871402740478515625" lon="114.188549481332302093505859375">
        <ele>16.6000003814697265625</ele>
        <time>2026-01-17T06:56:20.000Z</time>
        <extensions>
          <ns3:TrackPointExtension>
            <ns3:hr>83</ns3:hr>
          </ns3:TrackPointExtension>
        </extensions>
      </trkpt>
      <trkpt lat="22.3276957310736179351806640625" lon="114.1885335557162761688232421875">
        <ele>16.6000003814697265625</ele>
        <time>2026-01-17T06:56:21.000Z</time>
        <extensions>
          <ns3:TrackPointExtension>
            <ns3:hr>83</ns3:hr>
          </ns3:TrackPointExtension>
        </extensions>
      </trkpt>
      <trkpt lat="22.3276930488646030426025390625" lon="114.18852006085216999053955078125">
        <ele>16.6000003814697265625</ele>
        <time>2026-01-17T06:56:22.000Z</time>
        <extensions>
          <ns3:TrackPointExtension>
            <ns3:hr>83</ns3:hr>
          </ns3:TrackPointExtension>
        </extensions>
      </trkpt>
      <trkpt lat="22.32769019901752471923828125" lon="114.1885047219693660736083984375">
        <ele>16.3999996185302734375</ele>
        <time>2026-01-17T06:56:23.000Z</time>
        <extensions>
          <ns3:TrackPointExtension>
            <ns3:hr>83</ns3:hr>
          </ns3:TrackPointExtension>
        </extensions>
      </trkpt>
      <trkpt lat="22.327687852084636688232421875" lon="114.18848888017237186431884765625">
        <ele>16.3999996185302734375</ele>
        <time>2026-01-17T06:56:24.000Z</time>
        <extensions>
          <ns3:TrackPointExtension>
            <ns3:hr>83</ns3:hr>
          </ns3:TrackPointExtension>
        </extensions>
      </trkpt>
      <trkpt lat="22.3276860080659389495849609375" lon="114.1884748823940753936767578125">
        <ele>16.3999996185302734375</ele>
        <time>2026-01-17T06:56:25.000Z</time>
        <extensions>
          <ns3:TrackPointExtension>
            <ns3:hr>83</ns3:hr>
          </ns3:TrackPointExtension>
        </extensions>
      </trkpt>
      <trkpt lat="22.3276836611330509185791015625" lon="114.188462309539318084716796875">
        <ele>16.3999996185302734375</ele>
        <time>2026-01-17T06:56:26.000Z</time>
        <extensions>
          <ns3:TrackPointExtension>
            <ns3:hr>83</ns3:hr>
          </ns3:TrackPointExtension>
        </extensions>
      </trkpt>
      <trkpt lat="22.327681817114353179931640625" lon="114.188449569046497344970703125">
        <ele>16.3999996185302734375</ele>
        <time>2026-01-17T06:56:27.000Z</time>
        <extensions>
          <ns3:TrackPointExtension>
            <ns3:hr>84</ns3:hr>
          </ns3:TrackPointExtension>
        </extensions>
      </trkpt>
      <trkpt lat="22.3276796378195285797119140625" lon="114.18843590654432773590087890625">
        <ele>16.6000003814697265625</ele>
        <time>2026-01-17T06:56:28.000Z</time>
        <extensions>
          <ns3:TrackPointExtension>
            <ns3:hr>83</ns3:hr>
          </ns3:TrackPointExtension>
        </extensions>
      </trkpt>
      <trkpt lat="22.32767737470567226409912109375" lon="114.18842148967087268829345703125">
        <ele>16.6000003814697265625</ele>
        <time>2026-01-17T06:56:29.000Z</time>
        <extensions>
          <ns3:TrackPointExtension>
            <ns3:hr>83</ns3:hr>
          </ns3:TrackPointExtension>
        </extensions>
      </trkpt>
      <trkpt lat="22.32767544686794281005859375" lon="114.18840656988322734832763671875">
        <ele>16.6000003814697265625</ele>
        <time>2026-01-17T06:56:30.000Z</time>
        <extensions>
          <ns3:TrackPointExtension>
            <ns3:hr>83</ns3:hr>
          </ns3:TrackPointExtension>
        </extensions>
      </trkpt>
      <trkpt lat="22.3276722617447376251220703125" lon="114.18839047662913799285888671875">
        <ele>16.6000003814697265625</ele>
        <time>2026-01-17T06:56:31.000Z</time>
        <extensions>
          <ns3:TrackPointExtension>
            <ns3:hr>83</ns3:hr>
          </ns3:TrackPointExtension>
        </extensions>
      </trkpt>
      <trkpt lat="22.32766966335475444793701171875" lon="114.1883768141269683837890625">
        <ele>16.6000003814697265625</ele>
        <time>2026-01-17T06:56:32.000Z</time>
        <extensions>
          <ns3:TrackPointExtension>
            <ns3:hr>82</ns3:hr>
          </ns3:TrackPointExtension>
        </extensions>
      </trkpt>
      <trkpt lat="22.32766832225024700164794921875" lon="114.1883629001677036285400390625">
        <ele>16.6000003814697265625</ele>
        <time>2026-01-17T06:56:33.000Z</time>
        <extensions>
          <ns3:TrackPointExtension>
            <ns3:hr>82</ns3:hr>
          </ns3:TrackPointExtension>
        </extensions>
      </trkpt>
      <trkpt lat="22.3276668973267078399658203125" lon="114.18835108168423175811767578125">
        <ele>16.799999237060546875</ele>
        <time>2026-01-17T06:56:34.000Z</time>
        <extensions>
          <ns3:TrackPointExtension>
            <ns3:hr>81</ns3:hr>
          </ns3:TrackPointExtension>
        </extensions>
      </trkpt>
      <trkpt lat="22.32766547240316867828369140625" lon="114.18833800591528415679931640625">
        <ele>16.799999237060546875</ele>
        <time>2026-01-17T06:56:35.000Z</time>
        <extensions>
          <ns3:TrackPointExtension>
            <ns3:hr>81</ns3:hr>
          </ns3:TrackPointExtension>
        </extensions>
      </trkpt>
      <trkpt lat="22.32766346074640750885009765625" lon="114.1883231699466705322265625">
        <ele>16.799999237060546875</ele>
        <time>2026-01-17T06:56:36.000Z</time>
        <extensions>
          <ns3:TrackPointExtension>
            <ns3:hr>81</ns3:hr>
          </ns3:TrackPointExtension>
        </extensions>
      </trkpt>
      <trkpt lat="22.3276608623564243316650390625" lon="114.18831001035869121551513671875">
        <ele>16.799999237060546875</ele>
        <time>2026-01-17T06:56:37.000Z</time>
        <extensions>
          <ns3:TrackPointExtension>
            <ns3:hr>81</ns3:hr>
          </ns3:TrackPointExtension>
        </extensions>
      </trkpt>
      <trkpt lat="22.32765876688063144683837890625" lon="114.18829726986587047576904296875">
        <ele>16.799999237060546875</ele>
        <time>2026-01-17T06:56:38.000Z</time>
        <extensions>
          <ns3:TrackPointExtension>
            <ns3:hr>81</ns3:hr>
          </ns3:TrackPointExtension>
        </extensions>
      </trkpt>
      <trkpt lat="22.327656336128711700439453125" lon="114.1882834397256374359130859375">
        <ele>16.799999237060546875</ele>
        <time>2026-01-17T06:56:39.000Z</time>
        <extensions>
          <ns3:TrackPointExtension>
            <ns3:hr>81</ns3:hr>
          </ns3:TrackPointExtension>
        </extensions>
      </trkpt>
      <trkpt lat="22.32765424065291881561279296875" lon="114.18826927430927753448486328125">
        <ele>16.799999237060546875</ele>
        <time>2026-01-17T06:56:40.000Z</time>
        <extensions>
          <ns3:TrackPointExtension>
            <ns3:hr>80</ns3:hr>
          </ns3:TrackPointExtension>
        </extensions>
      </trkpt>
      <trkpt lat="22.32765206135809421539306640625" lon="114.18825686909258365631103515625">
        <ele>16.799999237060546875</ele>
        <time>2026-01-17T06:56:41.000Z</time>
        <extensions>
          <ns3:TrackPointExtension>
            <ns3:hr>80</ns3:hr>
          </ns3:TrackPointExtension>
        </extensions>
      </trkpt>
      <trkpt lat="22.3276508040726184844970703125" lon="114.18824203312397003173828125">
        <ele>16.799999237060546875</ele>
        <time>2026-01-17T06:56:42.000Z</time>
        <extensions>
          <ns3:TrackPointExtension>
            <ns3:hr>80</ns3:hr>
          </ns3:TrackPointExtension>
        </extensions>
      </trkpt>
      <trkpt lat="22.32764996588230133056640625" lon="114.18822837062180042266845703125">
        <ele>17</ele>
        <time>2026-01-17T06:56:43.000Z</time>
        <extensions>
          <ns3:TrackPointExtension>
            <ns3:hr>81</ns3:hr>
          </ns3:TrackPointExtension>
        </extensions>
      </trkpt>
      <trkpt lat="22.32764937914907932281494140625" lon="114.1882145404815673828125">
        <ele>17</ele>
        <time>2026-01-17T06:56:44.000Z</time>
        <extensions>
          <ns3:TrackPointExtension>
            <ns3:hr>80</ns3:hr>
          </ns3:TrackPointExtension>
        </extensions>
      </trkpt>
      <trkpt lat="22.32764971442520618438720703125" lon="114.1881996206939220428466796875">
        <ele>17</ele>
        <time>2026-01-17T06:56:45.000Z</time>
        <extensions>
          <ns3:TrackPointExtension>
            <ns3:hr>80</ns3:hr>
          </ns3:TrackPointExtension>
        </extensions>
      </trkpt>
      <trkpt lat="22.32765122316777706146240234375" lon="114.18818646110594272613525390625">
        <ele>17</ele>
        <time>2026-01-17T06:56:46.000Z</time>
        <extensions>
          <ns3:TrackPointExtension>
            <ns3:hr>81</ns3:hr>
          </ns3:TrackPointExtension>
        </extensions>
      </trkpt>
      <trkpt lat="22.32765189372003078460693359375" lon="114.18817640282213687896728515625">
        <ele>17</ele>
        <time>2026-01-17T06:56:47.000Z</time>
        <extensions>
          <ns3:TrackPointExtension>
            <ns3:hr>80</ns3:hr>
          </ns3:TrackPointExtension>
        </extensions>
      </trkpt>
      <trkpt lat="22.32765122316777706146240234375" lon="114.18816718272864818572998046875">
        <ele>17</ele>
        <time>2026-01-17T06:56:48.000Z</time>
        <extensions>
          <ns3:TrackPointExtension>
            <ns3:hr>81</ns3:hr>
          </ns3:TrackPointExtension>
        </extensions>
      </trkpt>
      <trkpt lat="22.32765256427228450775146484375" lon="114.18815896846354007720947265625">
        <ele>17</ele>
        <time>2026-01-17T06:56:49.000Z</time>
        <extensions>
          <ns3:TrackPointExtension>
            <ns3:hr>81</ns3:hr>
          </ns3:TrackPointExtension>
        </extensions>
      </trkpt>
      <trkpt lat="22.32765457592904567718505859375" lon="114.18815142475068569183349609375">
        <ele>17</ele>
        <time>2026-01-17T06:56:50.000Z</time>
        <extensions>
          <ns3:TrackPointExtension>
            <ns3:hr>81</ns3:hr>
          </ns3:TrackPointExtension>
        </extensions>
      </trkpt>
      <trkpt lat="22.327655665576457977294921875" lon="114.1881419532001018524169921875">
        <ele>17</ele>
        <time>2026-01-17T06:56:51.000Z</time>
        <extensions>
          <ns3:TrackPointExtension>
            <ns3:hr>80</ns3:hr>
          </ns3:TrackPointExtension>
        </extensions>
      </trkpt>
      <trkpt lat="22.32765591703355312347412109375" lon="114.188134409487247467041015625">
        <ele>17.200000762939453125</ele>
        <time>2026-01-17T06:56:52.000Z</time>
        <extensions>
          <ns3:TrackPointExtension>
            <ns3:hr>81</ns3:hr>
          </ns3:TrackPointExtension>
        </extensions>
      </trkpt>
      <trkpt lat="22.32765558175742626190185546875" lon="114.188126362860202789306640625">
        <ele>17.200000762939453125</ele>
        <time>2026-01-17T06:56:53.000Z</time>
        <extensions>
          <ns3:TrackPointExtension>
            <ns3:hr>81</ns3:hr>
          </ns3:TrackPointExtension>
        </extensions>
      </trkpt>
      <trkpt lat="22.3276561684906482696533203125" lon="114.18811471201479434967041015625">
        <ele>17.3999996185302734375</ele>
        <time>2026-01-17T06:56:54.000Z</time>
        <extensions>
          <ns3:TrackPointExtension>
            <ns3:hr>81</ns3:hr>
          </ns3:TrackPointExtension>
        </extensions>
      </trkpt>
      <trkpt lat="22.32765507884323596954345703125" lon="114.18810079805552959442138671875">
        <ele>17.3999996185302734375</ele>
        <time>2026-01-17T06:56:55.000Z</time>
        <extensions>
          <ns3:TrackPointExtension>
            <ns3:hr>81</ns3:hr>
          </ns3:TrackPointExtension>
        </extensions>
      </trkpt>
      <trkpt lat="22.3276524804532527923583984375" lon="114.18808973394334316253662109375">
        <ele>17.200000762939453125</ele>
        <time>2026-01-17T06:56:56.000Z</time>
        <extensions>
          <ns3:TrackPointExtension>
            <ns3:hr>81</ns3:hr>
          </ns3:TrackPointExtension>
        </extensions>
      </trkpt>
      <trkpt lat="22.32764770276844501495361328125" lon="114.18808034621179103851318359375">
        <ele>17.200000762939453125</ele>
        <time>2026-01-17T06:56:57.000Z</time>
        <extensions>
          <ns3:TrackPointExtension>
            <ns3:hr>81</ns3:hr>
          </ns3:TrackPointExtension>
        </extensions>
      </trkpt>
      <trkpt lat="22.32764217071235179901123046875" lon="114.18807129375636577606201171875">
        <ele>17</ele>
        <time>2026-01-17T06:56:58.000Z</time>
        <extensions>
          <ns3:TrackPointExtension>
            <ns3:hr>82</ns3:hr>
          </ns3:TrackPointExtension>
        </extensions>
      </trkpt>
      <trkpt lat="22.32763563282787799835205078125" lon="114.1880601458251476287841796875">
        <ele>17</ele>
        <time>2026-01-17T06:56:59.000Z</time>
        <extensions>
          <ns3:TrackPointExtension>
            <ns3:hr>81</ns3:hr>
          </ns3:TrackPointExtension>
        </extensions>
      </trkpt>
      <trkpt lat="22.327628843486309051513671875" lon="114.188050590455532073974609375">
        <ele>17</ele>
        <time>2026-01-17T06:57:00.000Z</time>
        <extensions>
          <ns3:TrackPointExtension>
            <ns3:hr>81</ns3:hr>
          </ns3:TrackPointExtension>
        </extensions>
      </trkpt>
      <trkpt lat="22.32762305997312068939208984375" lon="114.18803751468658447265625">
        <ele>17</ele>
        <time>2026-01-17T06:57:01.000Z</time>
        <extensions>
          <ns3:TrackPointExtension>
            <ns3:hr>81</ns3:hr>
          </ns3:TrackPointExtension>
        </extensions>
      </trkpt>
      <trkpt lat="22.327619455754756927490234375" lon="114.18802603147923946380615234375">
        <ele>17</ele>
        <time>2026-01-17T06:57:02.000Z</time>
        <extensions>
          <ns3:TrackPointExtension>
            <ns3:hr>82</ns3:hr>
          </ns3:TrackPointExtension>
        </extensions>
      </trkpt>
      <trkpt lat="22.3276169411838054656982421875" lon="114.1880132071673870086669921875">
        <ele>17</ele>
        <time>2026-01-17T06:57:03.000Z</time>
        <extensions>
          <ns3:TrackPointExtension>
            <ns3:hr>82</ns3:hr>
          </ns3:TrackPointExtension>
        </extensions>
      </trkpt>
      <trkpt lat="22.32761509716510772705078125" lon="114.18799929320812225341796875">
        <ele>17</ele>
        <time>2026-01-17T06:57:04.000Z</time>
        <extensions>
          <ns3:TrackPointExtension>
            <ns3:hr>82</ns3:hr>
          </ns3:TrackPointExtension>
        </extensions>
      </trkpt>
      <trkpt lat="22.32761316932737827301025390625" lon="114.1879863850772380828857421875">
        <ele>17</ele>
        <time>2026-01-17T06:57:05.000Z</time>
        <extensions>
          <ns3:TrackPointExtension>
            <ns3:hr>82</ns3:hr>
          </ns3:TrackPointExtension>
        </extensions>
      </trkpt>
      <trkpt lat="22.32761082239449024200439453125" lon="114.18797490186989307403564453125">
        <ele>17.200000762939453125</ele>
        <time>2026-01-17T06:57:06.000Z</time>
        <extensions>
          <ns3:TrackPointExtension>
            <ns3:hr>83</ns3:hr>
          </ns3:TrackPointExtension>
        </extensions>
      </trkpt>
      <trkpt lat="22.3276077210903167724609375" lon="114.1879635863006114959716796875">
        <ele>17</ele>
        <time>2026-01-17T06:57:07.000Z</time>
        <extensions>
          <ns3:TrackPointExtension>
            <ns3:hr>82</ns3:hr>
          </ns3:TrackPointExtension>
        </extensions>
      </trkpt>
      <trkpt lat="22.32760495506227016448974609375" lon="114.187950007617473602294921875">
        <ele>17</ele>
        <time>2026-01-17T06:57:08.000Z</time>
        <extensions>
          <ns3:TrackPointExtension>
            <ns3:hr>83</ns3:hr>
          </ns3:TrackPointExtension>
        </extensions>
      </trkpt>
      <trkpt lat="22.3276015184819698333740234375" lon="114.18793600983917713165283203125">
        <ele>17</ele>
        <time>2026-01-17T06:57:09.000Z</time>
        <extensions>
          <ns3:TrackPointExtension>
            <ns3:hr>83</ns3:hr>
          </ns3:TrackPointExtension>
        </extensions>
      </trkpt>
      <trkpt lat="22.32759942300617694854736328125" lon="114.18792075477540493011474609375">
        <ele>17</ele>
        <time>2026-01-17T06:57:10.000Z</time>
        <extensions>
          <ns3:TrackPointExtension>
            <ns3:hr>84</ns3:hr>
          </ns3:TrackPointExtension>
        </extensions>
      </trkpt>
      <trkpt lat="22.32759791426360607147216796875" lon="114.18790667317807674407958984375">
        <ele>17</ele>
        <time>2026-01-17T06:57:11.000Z</time>
        <extensions>
          <ns3:TrackPointExtension>
            <ns3:hr>84</ns3:hr>
          </ns3:TrackPointExtension>
        </extensions>
      </trkpt>
      <trkpt lat="22.327595651149749755859375" lon="114.18789175339043140411376953125">
        <ele>17</ele>
        <time>2026-01-17T06:57:12.000Z</time>
        <extensions>
          <ns3:TrackPointExtension>
            <ns3:hr>84</ns3:hr>
          </ns3:TrackPointExtension>
        </extensions>
      </trkpt>
      <trkpt lat="22.32759389095008373260498046875" lon="114.18787700124084949493408203125">
        <ele>17</ele>
        <time>2026-01-17T06:57:13.000Z</time>
        <extensions>
          <ns3:TrackPointExtension>
            <ns3:hr>84</ns3:hr>
          </ns3:TrackPointExtension>
        </extensions>
      </trkpt>
      <trkpt lat="22.32759254984557628631591796875" lon="114.1878609918057918548583984375">
        <ele>17</ele>
        <time>2026-01-17T06:57:14.000Z</time>
        <extensions>
          <ns3:TrackPointExtension>
            <ns3:hr>84</ns3:hr>
          </ns3:TrackPointExtension>
        </extensions>
      </trkpt>
      <trkpt lat="22.3275917954742908477783203125" lon="114.18784732930362224578857421875">
        <ele>17</ele>
        <time>2026-01-17T06:57:15.000Z</time>
        <extensions>
          <ns3:TrackPointExtension>
            <ns3:hr>84</ns3:hr>
          </ns3:TrackPointExtension>
        </extensions>
      </trkpt>
      <trkpt lat="22.32759120874106884002685546875" lon="114.187836013734340667724609375">
        <ele>17</ele>
        <time>2026-01-17T06:57:16.000Z</time>
        <extensions>
          <ns3:TrackPointExtension>
            <ns3:hr>83</ns3:hr>
          </ns3:TrackPointExtension>
        </extensions>
      </trkpt>
      <trkpt lat="22.32758969999849796295166015625" lon="114.18782486580312252044677734375">
        <ele>17</ele>
        <time>2026-01-17T06:57:17.000Z</time>
        <extensions>
          <ns3:TrackPointExtension>
            <ns3:hr>84</ns3:hr>
          </ns3:TrackPointExtension>
        </extensions>
      </trkpt>
      <trkpt lat="22.32758819125592708587646484375" lon="114.18781396932899951934814453125">
        <ele>17.200000762939453125</ele>
        <time>2026-01-17T06:57:18.000Z</time>
        <extensions>
          <ns3:TrackPointExtension>
            <ns3:hr>84</ns3:hr>
          </ns3:TrackPointExtension>
        </extensions>
      </trkpt>
      <trkpt lat="22.32758735306560993194580078125" lon="114.1878023184835910797119140625">
        <ele>17.200000762939453125</ele>
        <time>2026-01-17T06:57:19.000Z</time>
        <extensions>
          <ns3:TrackPointExtension>
            <ns3:hr>84</ns3:hr>
          </ns3:TrackPointExtension>
        </extensions>
      </trkpt>
      <trkpt lat="22.32758651487529277801513671875" lon="114.18779050000011920928955078125">
        <ele>17.200000762939453125</ele>
        <time>2026-01-17T06:57:20.000Z</time>
        <extensions>
          <ns3:TrackPointExtension>
            <ns3:hr>83</ns3:hr>
          </ns3:TrackPointExtension>
        </extensions>
      </trkpt>
      <trkpt lat="22.327584922313690185546875" lon="114.1877781786024570465087890625">
        <ele>17.200000762939453125</ele>
        <time>2026-01-17T06:57:21.000Z</time>
        <extensions>
          <ns3:TrackPointExtension>
            <ns3:hr>84</ns3:hr>
          </ns3:TrackPointExtension>
        </extensions>
      </trkpt>
      <trkpt lat="22.3275830782949924468994140625" lon="114.18776535429060459136962890625">
        <ele>17.200000762939453125</ele>
        <time>2026-01-17T06:57:22.000Z</time>
        <extensions>
          <ns3:TrackPointExtension>
            <ns3:hr>84</ns3:hr>
          </ns3:TrackPointExtension>
        </extensions>
      </trkpt>
      <trkpt lat="22.32758148573338985443115234375" lon="114.1877518594264984130859375">
        <ele>17.200000762939453125</ele>
        <time>2026-01-17T06:57:23.000Z</time>
        <extensions>
          <ns3:TrackPointExtension>
            <ns3:hr>84</ns3:hr>
          </ns3:TrackPointExtension>
        </extensions>
      </trkpt>
      <trkpt lat="22.32757997699081897735595703125" lon="114.18773710727691650390625">
        <ele>17.200000762939453125</ele>
        <time>2026-01-17T06:57:24.000Z</time>
        <extensions>
          <ns3:TrackPointExtension>
            <ns3:hr>83</ns3:hr>
          </ns3:TrackPointExtension>
        </extensions>
      </trkpt>
      <trkpt lat="22.32757763005793094635009765625" lon="114.187722019851207733154296875">
        <ele>17.200000762939453125</ele>
        <time>2026-01-17T06:57:25.000Z</time>
        <extensions>
          <ns3:TrackPointExtension>
            <ns3:hr>83</ns3:hr>
          </ns3:TrackPointExtension>
        </extensions>
      </trkpt>
      <trkpt lat="22.32757327146828174591064453125" lon="114.1877089440822601318359375">
        <ele>17.200000762939453125</ele>
        <time>2026-01-17T06:57:26.000Z</time>
        <extensions>
          <ns3:TrackPointExtension>
            <ns3:hr>83</ns3:hr>
          </ns3:TrackPointExtension>
        </extensions>
      </trkpt>
      <trkpt lat="22.32756958343088626861572265625" lon="114.1876957006752490997314453125">
        <ele>17.200000762939453125</ele>
        <time>2026-01-17T06:57:27.000Z</time>
        <extensions>
          <ns3:TrackPointExtension>
            <ns3:hr>83</ns3:hr>
          </ns3:TrackPointExtension>
        </extensions>
      </trkpt>
      <trkpt lat="22.3275666497647762298583984375" lon="114.18768103234469890594482421875">
        <ele>17.200000762939453125</ele>
        <time>2026-01-17T06:57:28.000Z</time>
        <extensions>
          <ns3:TrackPointExtension>
            <ns3:hr>82</ns3:hr>
          </ns3:TrackPointExtension>
        </extensions>
      </trkpt>
      <trkpt lat="22.3275643028318881988525390625" lon="114.1876655258238315582275390625">
        <ele>17.200000762939453125</ele>
        <time>2026-01-17T06:57:29.000Z</time>
        <extensions>
          <ns3:TrackPointExtension>
            <ns3:hr>82</ns3:hr>
          </ns3:TrackPointExtension>
        </extensions>
      </trkpt>
      <trkpt lat="22.32756254263222217559814453125" lon="114.1876507736742496490478515625">
        <ele>17.200000762939453125</ele>
        <time>2026-01-17T06:57:30.000Z</time>
        <extensions>
          <ns3:TrackPointExtension>
            <ns3:hr>82</ns3:hr>
          </ns3:TrackPointExtension>
        </extensions>
      </trkpt>
      <trkpt lat="22.3275612853467464447021484375" lon="114.187638200819492340087890625">
        <ele>17.200000762939453125</ele>
        <time>2026-01-17T06:57:31.000Z</time>
        <extensions>
          <ns3:TrackPointExtension>
            <ns3:hr>83</ns3:hr>
          </ns3:TrackPointExtension>
        </extensions>
      </trkpt>
      <trkpt lat="22.32756002806127071380615234375" lon="114.1876242868602275848388671875">
        <ele>17.200000762939453125</ele>
        <time>2026-01-17T06:57:32.000Z</time>
        <extensions>
          <ns3:TrackPointExtension>
            <ns3:hr>82</ns3:hr>
          </ns3:TrackPointExtension>
        </extensions>
      </trkpt>
      <trkpt lat="22.32755902223289012908935546875" lon="114.18761062435805797576904296875">
        <ele>17.3999996185302734375</ele>
        <time>2026-01-17T06:57:33.000Z</time>
        <extensions>
          <ns3:TrackPointExtension>
            <ns3:hr>82</ns3:hr>
          </ns3:TrackPointExtension>
        </extensions>
      </trkpt>
      <trkpt lat="22.3275575973093509674072265625" lon="114.18759964406490325927734375">
        <ele>17.3999996185302734375</ele>
        <time>2026-01-17T06:57:34.000Z</time>
        <extensions>
          <ns3:TrackPointExtension>
            <ns3:hr>82</ns3:hr>
          </ns3:TrackPointExtension>
        </extensions>
      </trkpt>
      <trkpt lat="22.32755617238581180572509765625" lon="114.18758983723819255828857421875">
        <ele>17.3999996185302734375</ele>
        <time>2026-01-17T06:57:35.000Z</time>
        <extensions>
          <ns3:TrackPointExtension>
            <ns3:hr>82</ns3:hr>
          </ns3:TrackPointExtension>
        </extensions>
      </trkpt>
      <trkpt lat="22.32755399309098720550537109375" lon="114.187581874430179595947265625">
        <ele>17.3999996185302734375</ele>
        <time>2026-01-17T06:57:36.000Z</time>
        <extensions>
          <ns3:TrackPointExtension>
            <ns3:hr>82</ns3:hr>
          </ns3:TrackPointExtension>
        </extensions>
      </trkpt>
      <trkpt lat="22.3275513947010040283203125" lon="114.187573492527008056640625">
        <ele>17.3999996185302734375</ele>
        <time>2026-01-17T06:57:37.000Z</time>
        <extensions>
          <ns3:TrackPointExtension>
            <ns3:hr>82</ns3:hr>
          </ns3:TrackPointExtension>
        </extensions>
      </trkpt>
      <trkpt lat="22.32754963450133800506591796875" lon="114.18756586499512195587158203125">
        <ele>17.200000762939453125</ele>
        <time>2026-01-17T06:57:38.000Z</time>
        <extensions>
          <ns3:TrackPointExtension>
            <ns3:hr>83</ns3:hr>
          </ns3:TrackPointExtension>
        </extensions>
      </trkpt>
      <trkpt lat="22.32754879631102085113525390625" lon="114.187557399272918701171875">
        <ele>17.200000762939453125</ele>
        <time>2026-01-17T06:57:39.000Z</time>
        <extensions>
          <ns3:TrackPointExtension>
            <ns3:hr>82</ns3:hr>
          </ns3:TrackPointExtension>
        </extensions>
      </trkpt>
      <trkpt lat="22.32754762284457683563232421875" lon="114.18755027465522289276123046875">
        <ele>17.200000762939453125</ele>
        <time>2026-01-17T06:57:40.000Z</time>
        <extensions>
          <ns3:TrackPointExtension>
            <ns3:hr>82</ns3:hr>
          </ns3:TrackPointExtension>
        </extensions>
      </trkpt>
      <trkpt lat="22.3275461979210376739501953125" lon="114.1875399649143218994140625">
        <ele>17.200000762939453125</ele>
        <time>2026-01-17T06:57:41.000Z</time>
        <extensions>
          <ns3:TrackPointExtension>
            <ns3:hr>83</ns3:hr>
          </ns3:TrackPointExtension>
        </extensions>
      </trkpt>
      <trkpt lat="22.3275431804358959197998046875" lon="114.18752881698310375213623046875">
        <ele>17.200000762939453125</ele>
        <time>2026-01-17T06:57:42.000Z</time>
        <extensions>
          <ns3:TrackPointExtension>
            <ns3:hr>82</ns3:hr>
          </ns3:TrackPointExtension>
        </extensions>
      </trkpt>
      <trkpt lat="22.32753857038915157318115234375" lon="114.1875163279473781585693359375">
        <ele>17.200000762939453125</ele>
        <time>2026-01-17T06:57:43.000Z</time>
        <extensions>
          <ns3:TrackPointExtension>
            <ns3:hr>82</ns3:hr>
          </ns3:TrackPointExtension>
        </extensions>
      </trkpt>
      <trkpt lat="22.32753437943756580352783203125" lon="114.1875019110739231109619140625">
        <ele>17.3999996185302734375</ele>
        <time>2026-01-17T06:57:44.000Z</time>
        <extensions>
          <ns3:TrackPointExtension>
            <ns3:hr>82</ns3:hr>
          </ns3:TrackPointExtension>
        </extensions>
      </trkpt>
      <trkpt lat="22.32753018848598003387451171875" lon="114.1874848119914531707763671875">
        <ele>17.3999996185302734375</ele>
        <time>2026-01-17T06:57:45.000Z</time>
        <extensions>
          <ns3:TrackPointExtension>
            <ns3:hr>82</ns3:hr>
          </ns3:TrackPointExtension>
        </extensions>
      </trkpt>
      <trkpt lat="22.32752733863890171051025390625" lon="114.18746846728026866912841796875">
        <ele>17.3999996185302734375</ele>
        <time>2026-01-17T06:57:46.000Z</time>
        <extensions>
          <ns3:TrackPointExtension>
            <ns3:hr>82</ns3:hr>
          </ns3:TrackPointExtension>
        </extensions>
      </trkpt>
      <trkpt lat="22.327524907886981964111328125" lon="114.187452457845211029052734375">
        <ele>17.3999996185302734375</ele>
        <time>2026-01-17T06:57:47.000Z</time>
        <extensions>
          <ns3:TrackPointExtension>
            <ns3:hr>82</ns3:hr>
          </ns3:TrackPointExtension>
        </extensions>
      </trkpt>
      <trkpt lat="22.32752264477312564849853515625" lon="114.187439046800136566162109375">
        <ele>17.3999996185302734375</ele>
        <time>2026-01-17T06:57:48.000Z</time>
        <extensions>
          <ns3:TrackPointExtension>
            <ns3:hr>83</ns3:hr>
          </ns3:TrackPointExtension>
        </extensions>
      </trkpt>
      <trkpt lat="22.3275200463831424713134765625" lon="114.18742622248828411102294921875">
        <ele>17.200000762939453125</ele>
        <time>2026-01-17T06:57:49.000Z</time>
        <extensions>
          <ns3:TrackPointExtension>
            <ns3:hr>83</ns3:hr>
          </ns3:TrackPointExtension>
        </extensions>
      </trkpt>
      <trkpt lat="22.32751728035509586334228515625" lon="114.1874144040048122406005859375">
        <ele>17.200000762939453125</ele>
        <time>2026-01-17T06:57:50.000Z</time>
        <extensions>
          <ns3:TrackPointExtension>
            <ns3:hr>83</ns3:hr>
          </ns3:TrackPointExtension>
        </extensions>
      </trkpt>
      <trkpt lat="22.32751451432704925537109375" lon="114.187402166426181793212890625">
        <ele>17.200000762939453125</ele>
        <time>2026-01-17T06:57:51.000Z</time>
        <extensions>
          <ns3:TrackPointExtension>
            <ns3:hr>83</ns3:hr>
          </ns3:TrackPointExtension>
        </extensions>
      </trkpt>
      <trkpt lat="22.32751174829900264739990234375" lon="114.18739319778978824615478515625">
        <ele>17.200000762939453125</ele>
        <time>2026-01-17T06:57:52.000Z</time>
        <extensions>
          <ns3:TrackPointExtension>
            <ns3:hr>83</ns3:hr>
          </ns3:TrackPointExtension>
        </extensions>
      </trkpt>
      <trkpt lat="22.3275093175470829010009765625" lon="114.1873822174966335296630859375">
        <ele>17.200000762939453125</ele>
        <time>2026-01-17T06:57:53.000Z</time>
        <extensions>
          <ns3:TrackPointExtension>
            <ns3:hr>84</ns3:hr>
          </ns3:TrackPointExtension>
        </extensions>
      </trkpt>
      <trkpt lat="22.327507473528385162353515625" lon="114.18737241066992282867431640625">
        <ele>17.3999996185302734375</ele>
        <time>2026-01-17T06:57:54.000Z</time>
        <extensions>
          <ns3:TrackPointExtension>
            <ns3:hr>83</ns3:hr>
          </ns3:TrackPointExtension>
        </extensions>
      </trkpt>
      <trkpt lat="22.3275042884051799774169921875" lon="114.18736218474805355072021484375">
        <ele>17.3999996185302734375</ele>
        <time>2026-01-17T06:57:55.000Z</time>
        <extensions>
          <ns3:TrackPointExtension>
            <ns3:hr>83</ns3:hr>
          </ns3:TrackPointExtension>
        </extensions>
      </trkpt>
      <trkpt lat="22.32750219292938709259033203125" lon="114.18735112063586711883544921875">
        <ele>17.3999996185302734375</ele>
        <time>2026-01-17T06:57:56.000Z</time>
        <extensions>
          <ns3:TrackPointExtension>
            <ns3:hr>84</ns3:hr>
          </ns3:TrackPointExtension>
        </extensions>
      </trkpt>
      <trkpt lat="22.32750101946294307708740234375" lon="114.187338463962078094482421875">
        <ele>17.3999996185302734375</ele>
        <time>2026-01-17T06:57:57.000Z</time>
        <extensions>
          <ns3:TrackPointExtension>
            <ns3:hr>84</ns3:hr>
          </ns3:TrackPointExtension>
        </extensions>
      </trkpt>
      <trkpt lat="22.3275006003677845001220703125" lon="114.187325052917003631591796875">
        <ele>17.3999996185302734375</ele>
        <time>2026-01-17T06:57:58.000Z</time>
        <extensions>
          <ns3:TrackPointExtension>
            <ns3:hr>84</ns3:hr>
          </ns3:TrackPointExtension>
        </extensions>
      </trkpt>
      <trkpt lat="22.32749951072037220001220703125" lon="114.1873124800622463226318359375">
        <ele>17.6000003814697265625</ele>
        <time>2026-01-17T06:57:59.000Z</time>
        <extensions>
          <ns3:TrackPointExtension>
            <ns3:hr>83</ns3:hr>
          </ns3:TrackPointExtension>
        </extensions>
      </trkpt>
      <trkpt lat="22.32749649323523044586181640625" lon="114.18729982338845729827880859375">
        <ele>17.6000003814697265625</ele>
        <time>2026-01-17T06:58:00.000Z</time>
        <extensions>
          <ns3:TrackPointExtension>
            <ns3:hr>84</ns3:hr>
          </ns3:TrackPointExtension>
        </extensions>
      </trkpt>
      <trkpt lat="22.32749448157846927642822265625" lon="114.18728473596274852752685546875">
        <ele>17.6000003814697265625</ele>
        <time>2026-01-17T06:58:01.000Z</time>
        <extensions>
          <ns3:TrackPointExtension>
            <ns3:hr>84</ns3:hr>
          </ns3:TrackPointExtension>
        </extensions>
      </trkpt>
      <trkpt lat="22.32749297283589839935302734375" lon="114.18726964853703975677490234375">
        <ele>17.6000003814697265625</ele>
        <time>2026-01-17T06:58:02.000Z</time>
        <extensions>
          <ns3:TrackPointExtension>
            <ns3:hr>84</ns3:hr>
          </ns3:TrackPointExtension>
        </extensions>
      </trkpt>
      <trkpt lat="22.3274915479123592376708984375" lon="114.1872558183968067169189453125">
        <ele>17.6000003814697265625</ele>
        <time>2026-01-17T06:58:03.000Z</time>
        <extensions>
          <ns3:TrackPointExtension>
            <ns3:hr>83</ns3:hr>
          </ns3:TrackPointExtension>
        </extensions>
      </trkpt>
      <trkpt lat="22.327490039169788360595703125" lon="114.18724366463720798492431640625">
        <ele>17.6000003814697265625</ele>
        <time>2026-01-17T06:58:04.000Z</time>
        <extensions>
          <ns3:TrackPointExtension>
            <ns3:hr>84</ns3:hr>
          </ns3:TrackPointExtension>
        </extensions>
      </trkpt>
      <trkpt lat="22.3274878598749637603759765625" lon="114.18723042123019695281982421875">
        <ele>17.799999237060546875</ele>
        <time>2026-01-17T06:58:05.000Z</time>
        <extensions>
          <ns3:TrackPointExtension>
            <ns3:hr>84</ns3:hr>
          </ns3:TrackPointExtension>
        </extensions>
      </trkpt>
      <trkpt lat="22.32748542912304401397705078125" lon="114.18721742928028106689453125">
        <ele>17.799999237060546875</ele>
        <time>2026-01-17T06:58:06.000Z</time>
        <extensions>
          <ns3:TrackPointExtension>
            <ns3:hr>84</ns3:hr>
          </ns3:TrackPointExtension>
        </extensions>
      </trkpt>
      <trkpt lat="22.32748308219015598297119140625" lon="114.18720326386392116546630859375">
        <ele>17.799999237060546875</ele>
        <time>2026-01-17T06:58:07.000Z</time>
        <extensions>
          <ns3:TrackPointExtension>
            <ns3:hr>84</ns3:hr>
          </ns3:TrackPointExtension>
        </extensions>
      </trkpt>
      <trkpt lat="22.32748190872371196746826171875" lon="114.1871885955333709716796875">
        <ele>17.799999237060546875</ele>
        <time>2026-01-17T06:58:08.000Z</time>
        <extensions>
          <ns3:TrackPointExtension>
            <ns3:hr>85</ns3:hr>
          </ns3:TrackPointExtension>
        </extensions>
      </trkpt>
      <trkpt lat="22.32748098671436309814453125" lon="114.1871738433837890625">
        <ele>17.799999237060546875</ele>
        <time>2026-01-17T06:58:09.000Z</time>
        <extensions>
          <ns3:TrackPointExtension>
            <ns3:hr>86</ns3:hr>
          </ns3:TrackPointExtension>
        </extensions>
      </trkpt>
      <trkpt lat="22.327480651438236236572265625" lon="114.18716101907193660736083984375">
        <ele>17.799999237060546875</ele>
        <time>2026-01-17T06:58:10.000Z</time>
        <extensions>
          <ns3:TrackPointExtension>
            <ns3:hr>85</ns3:hr>
          </ns3:TrackPointExtension>
        </extensions>
      </trkpt>
      <trkpt lat="22.32747972942888736724853515625" lon="114.18714777566492557525634765625">
        <ele>17.799999237060546875</ele>
        <time>2026-01-17T06:58:11.000Z</time>
        <extensions>
          <ns3:TrackPointExtension>
            <ns3:hr>85</ns3:hr>
          </ns3:TrackPointExtension>
        </extensions>
      </trkpt>
      <trkpt lat="22.32747721485793590545654296875" lon="114.1871349513530731201171875">
        <ele>17.799999237060546875</ele>
        <time>2026-01-17T06:58:12.000Z</time>
        <extensions>
          <ns3:TrackPointExtension>
            <ns3:hr>85</ns3:hr>
          </ns3:TrackPointExtension>
        </extensions>
      </trkpt>
      <trkpt lat="22.3274754546582698822021484375" lon="114.1871217079460620880126953125">
        <ele>17.799999237060546875</ele>
        <time>2026-01-17T06:58:13.000Z</time>
        <extensions>
          <ns3:TrackPointExtension>
            <ns3:hr>85</ns3:hr>
          </ns3:TrackPointExtension>
        </extensions>
      </trkpt>
      <trkpt lat="22.32747428119182586669921875" lon="114.18710988946259021759033203125">
        <ele>18</ele>
        <time>2026-01-17T06:58:14.000Z</time>
        <extensions>
          <ns3:TrackPointExtension>
            <ns3:hr>85</ns3:hr>
          </ns3:TrackPointExtension>
        </extensions>
      </trkpt>
      <trkpt lat="22.3274754546582698822021484375" lon="114.18709899298846721649169921875">
        <ele>18</ele>
        <time>2026-01-17T06:58:15.000Z</time>
        <extensions>
          <ns3:TrackPointExtension>
            <ns3:hr>85</ns3:hr>
          </ns3:TrackPointExtension>
        </extensions>
      </trkpt>
      <trkpt lat="22.327476628124713897705078125" lon="114.18708407320082187652587890625">
        <ele>18</ele>
        <time>2026-01-17T06:58:16.000Z</time>
        <extensions>
          <ns3:TrackPointExtension>
            <ns3:hr>85</ns3:hr>
          </ns3:TrackPointExtension>
        </extensions>
      </trkpt>
      <trkpt lat="22.32747704721987247467041015625" lon="114.1870700754225254058837890625">
        <ele>18</ele>
        <time>2026-01-17T06:58:17.000Z</time>
        <extensions>
          <ns3:TrackPointExtension>
            <ns3:hr>86</ns3:hr>
          </ns3:TrackPointExtension>
        </extensions>
      </trkpt>
      <trkpt lat="22.3274764604866504669189453125" lon="114.18705842457711696624755859375">
        <ele>18</ele>
        <time>2026-01-17T06:58:18.000Z</time>
        <extensions>
          <ns3:TrackPointExtension>
            <ns3:hr>85</ns3:hr>
          </ns3:TrackPointExtension>
        </extensions>
      </trkpt>
      <trkpt lat="22.32747570611536502838134765625" lon="114.1870482824742794036865234375">
        <ele>18</ele>
        <time>2026-01-17T06:58:19.000Z</time>
        <extensions>
          <ns3:TrackPointExtension>
            <ns3:hr>85</ns3:hr>
          </ns3:TrackPointExtension>
        </extensions>
      </trkpt>
      <trkpt lat="22.3274754546582698822021484375" lon="114.18703746981918811798095703125">
        <ele>18</ele>
        <time>2026-01-17T06:58:20.000Z</time>
        <extensions>
          <ns3:TrackPointExtension>
            <ns3:hr>86</ns3:hr>
          </ns3:TrackPointExtension>
        </extensions>
      </trkpt>
      <trkpt lat="22.3274747841060161590576171875" lon="114.18703244067728519439697265625">
        <ele>18</ele>
        <time>2026-01-17T06:58:21.000Z</time>
        <extensions>
          <ns3:TrackPointExtension>
            <ns3:hr>84</ns3:hr>
          </ns3:TrackPointExtension>
        </extensions>
      </trkpt>
      <trkpt lat="22.3274747841060161590576171875" lon="114.18702573515474796295166015625">
        <ele>18.200000762939453125</ele>
        <time>2026-01-17T06:58:22.000Z</time>
        <extensions>
          <ns3:TrackPointExtension>
            <ns3:hr>84</ns3:hr>
          </ns3:TrackPointExtension>
        </extensions>
      </trkpt>
      <trkpt lat="22.32747470028698444366455078125" lon="114.18701894581317901611328125">
        <ele>18.200000762939453125</ele>
        <time>2026-01-17T06:58:23.000Z</time>
        <extensions>
          <ns3:TrackPointExtension>
            <ns3:hr>84</ns3:hr>
          </ns3:TrackPointExtension>
        </extensions>
      </trkpt>
      <trkpt lat="22.32747428119182586669921875" lon="114.18701383285224437713623046875">
        <ele>18.200000762939453125</ele>
        <time>2026-01-17T06:58:24.000Z</time>
        <extensions>
          <ns3:TrackPointExtension>
            <ns3:hr>85</ns3:hr>
          </ns3:TrackPointExtension>
        </extensions>
      </trkpt>
      <trkpt lat="22.3274727724492549896240234375" lon="114.18700779788196086883544921875">
        <ele>18.200000762939453125</ele>
        <time>2026-01-17T06:58:25.000Z</time>
        <extensions>
          <ns3:TrackPointExtension>
            <ns3:hr>84</ns3:hr>
          </ns3:TrackPointExtension>
        </extensions>
      </trkpt>
      <trkpt lat="22.327471934258937835693359375" lon="114.18699874542653560638427734375">
        <ele>18.200000762939453125</ele>
        <time>2026-01-17T06:58:26.000Z</time>
        <extensions>
          <ns3:TrackPointExtension>
            <ns3:hr>84</ns3:hr>
          </ns3:TrackPointExtension>
        </extensions>
      </trkpt>
      <trkpt lat="22.3274687491357326507568359375" lon="114.18698784895241260528564453125">
        <ele>18.200000762939453125</ele>
        <time>2026-01-17T06:58:27.000Z</time>
        <extensions>
          <ns3:TrackPointExtension>
            <ns3:hr>85</ns3:hr>
          </ns3:TrackPointExtension>
        </extensions>
      </trkpt>
      <trkpt lat="22.32746531255543231964111328125" lon="114.18697544373571872711181640625">
        <ele>18.200000762939453125</ele>
        <time>2026-01-17T06:58:28.000Z</time>
        <extensions>
          <ns3:TrackPointExtension>
            <ns3:hr>84</ns3:hr>
          </ns3:TrackPointExtension>
        </extensions>
      </trkpt>
      <trkpt lat="22.3274620436131954193115234375" lon="114.1869624517858028411865234375">
        <ele>18.3999996185302734375</ele>
        <time>2026-01-17T06:58:29.000Z</time>
        <extensions>
          <ns3:TrackPointExtension>
            <ns3:hr>84</ns3:hr>
          </ns3:TrackPointExtension>
        </extensions>
      </trkpt>
      <trkpt lat="22.32745910994708538055419921875" lon="114.1869463585317134857177734375">
        <ele>18.3999996185302734375</ele>
        <time>2026-01-17T06:58:30.000Z</time>
        <extensions>
          <ns3:TrackPointExtension>
            <ns3:hr>84</ns3:hr>
          </ns3:TrackPointExtension>
        </extensions>
      </trkpt>
      <trkpt lat="22.32745659537613391876220703125" lon="114.1869326122105121612548828125">
        <ele>18.3999996185302734375</ele>
        <time>2026-01-17T06:58:31.000Z</time>
        <extensions>
          <ns3:TrackPointExtension>
            <ns3:hr>83</ns3:hr>
          </ns3:TrackPointExtension>
        </extensions>
      </trkpt>
      <trkpt lat="22.3274556733667850494384765625" lon="114.18691945262253284454345703125">
        <ele>18.3999996185302734375</ele>
        <time>2026-01-17T06:58:32.000Z</time>
        <extensions>
          <ns3:TrackPointExtension>
            <ns3:hr>83</ns3:hr>
          </ns3:TrackPointExtension>
        </extensions>
      </trkpt>
      <trkpt lat="22.3274543322622776031494140625" lon="114.18690453283488750457763671875">
        <ele>18.3999996185302734375</ele>
        <time>2026-01-17T06:58:33.000Z</time>
        <extensions>
          <ns3:TrackPointExtension>
            <ns3:hr>83</ns3:hr>
          </ns3:TrackPointExtension>
        </extensions>
      </trkpt>
      <trkpt lat="22.327453829348087310791015625" lon="114.1868886910378932952880859375">
        <ele>18.3999996185302734375</ele>
        <time>2026-01-17T06:58:34.000Z</time>
        <extensions>
          <ns3:TrackPointExtension>
            <ns3:hr>83</ns3:hr>
          </ns3:TrackPointExtension>
        </extensions>
      </trkpt>
      <trkpt lat="22.32745307497680187225341796875" lon="114.18687410652637481689453125">
        <ele>18.200000762939453125</ele>
        <time>2026-01-17T06:58:35.000Z</time>
        <extensions>
          <ns3:TrackPointExtension>
            <ns3:hr>83</ns3:hr>
          </ns3:TrackPointExtension>
        </extensions>
      </trkpt>
      <trkpt lat="22.32745341025292873382568359375" lon="114.1868595220148563385009765625">
        <ele>18.200000762939453125</ele>
        <time>2026-01-17T06:58:36.000Z</time>
        <extensions>
          <ns3:TrackPointExtension>
            <ns3:hr>84</ns3:hr>
          </ns3:TrackPointExtension>
        </extensions>
      </trkpt>
      <trkpt lat="22.3274503089487552642822265625" lon="114.18684619478881359100341796875">
        <ele>18.200000762939453125</ele>
        <time>2026-01-17T06:58:37.000Z</time>
        <extensions>
          <ns3:TrackPointExtension>
            <ns3:hr>83</ns3:hr>
          </ns3:TrackPointExtension>
        </extensions>
      </trkpt>
      <trkpt lat="22.32744569890201091766357421875" lon="114.18683429248631000518798828125">
        <ele>18.200000762939453125</ele>
        <time>2026-01-17T06:58:38.000Z</time>
        <extensions>
          <ns3:TrackPointExtension>
            <ns3:hr>82</ns3:hr>
          </ns3:TrackPointExtension>
        </extensions>
      </trkpt>
      <trkpt lat="22.32744033448398113250732421875" lon="114.18682155199348926544189453125">
        <ele>18.200000762939453125</ele>
        <time>2026-01-17T06:58:39.000Z</time>
        <extensions>
          <ns3:TrackPointExtension>
            <ns3:hr>82</ns3:hr>
          </ns3:TrackPointExtension>
        </extensions>
      </trkpt>
      <trkpt lat="22.3274355567991733551025390625" lon="114.18680797331035137176513671875">
        <ele>18.200000762939453125</ele>
        <time>2026-01-17T06:58:40.000Z</time>
        <extensions>
          <ns3:TrackPointExtension>
            <ns3:hr>83</ns3:hr>
          </ns3:TrackPointExtension>
        </extensions>
      </trkpt>
      <trkpt lat="22.3274322040379047393798828125" lon="114.1867943108081817626953125">
        <ele>18.3999996185302734375</ele>
        <time>2026-01-17T06:58:41.000Z</time>
        <extensions>
          <ns3:TrackPointExtension>
            <ns3:hr>83</ns3:hr>
          </ns3:TrackPointExtension>
        </extensions>
      </trkpt>
      <trkpt lat="22.32743010856211185455322265625" lon="114.18678131885826587677001953125">
        <ele>18.3999996185302734375</ele>
        <time>2026-01-17T06:58:42.000Z</time>
        <extensions>
          <ns3:TrackPointExtension>
            <ns3:hr>82</ns3:hr>
          </ns3:TrackPointExtension>
        </extensions>
      </trkpt>
      <trkpt lat="22.32742734253406524658203125" lon="114.186765812337398529052734375">
        <ele>18.3999996185302734375</ele>
        <time>2026-01-17T06:58:43.000Z</time>
        <extensions>
          <ns3:TrackPointExtension>
            <ns3:hr>82</ns3:hr>
          </ns3:TrackPointExtension>
        </extensions>
      </trkpt>
      <trkpt lat="22.32742491178214550018310546875" lon="114.1867513954639434814453125">
        <ele>18.3999996185302734375</ele>
        <time>2026-01-17T06:58:44.000Z</time>
        <extensions>
          <ns3:TrackPointExtension>
            <ns3:hr>82</ns3:hr>
          </ns3:TrackPointExtension>
        </extensions>
      </trkpt>
      <trkpt lat="22.32742323540151119232177734375" lon="114.186736308038234710693359375">
        <ele>18.3999996185302734375</ele>
        <time>2026-01-17T06:58:45.000Z</time>
        <extensions>
          <ns3:TrackPointExtension>
            <ns3:hr>82</ns3:hr>
          </ns3:TrackPointExtension>
        </extensions>
      </trkpt>
      <trkpt lat="22.32742222957313060760498046875" lon="114.186720885336399078369140625">
        <ele>18.3999996185302734375</ele>
        <time>2026-01-17T06:58:46.000Z</time>
        <extensions>
          <ns3:TrackPointExtension>
            <ns3:hr>82</ns3:hr>
          </ns3:TrackPointExtension>
        </extensions>
      </trkpt>
      <trkpt lat="22.327420972287654876708984375" lon="114.1867046244442462921142578125">
        <ele>18.200000762939453125</ele>
        <time>2026-01-17T06:58:47.000Z</time>
        <extensions>
          <ns3:TrackPointExtension>
            <ns3:hr>81</ns3:hr>
          </ns3:TrackPointExtension>
        </extensions>
      </trkpt>
      <trkpt lat="22.32741971500217914581298828125" lon="114.18668928556144237518310546875">
        <ele>18.200000762939453125</ele>
        <time>2026-01-17T06:58:48.000Z</time>
        <extensions>
          <ns3:TrackPointExtension>
            <ns3:hr>82</ns3:hr>
          </ns3:TrackPointExtension>
        </extensions>
      </trkpt>
      <trkpt lat="22.32741870917379856109619140625" lon="114.186675958335399627685546875">
        <ele>18.200000762939453125</ele>
        <time>2026-01-17T06:58:49.000Z</time>
        <extensions>
          <ns3:TrackPointExtension>
            <ns3:hr>82</ns3:hr>
          </ns3:TrackPointExtension>
        </extensions>
      </trkpt>
      <trkpt lat="22.32741837389767169952392578125" lon="114.18666413985192775726318359375">
        <ele>18.200000762939453125</ele>
        <time>2026-01-17T06:58:50.000Z</time>
        <extensions>
          <ns3:TrackPointExtension>
            <ns3:hr>82</ns3:hr>
          </ns3:TrackPointExtension>
        </extensions>
      </trkpt>
      <trkpt lat="22.327418625354766845703125" lon="114.18664938770234584808349609375">
        <ele>18.200000762939453125</ele>
        <time>2026-01-17T06:58:51.000Z</time>
        <extensions>
          <ns3:TrackPointExtension>
            <ns3:hr>83</ns3:hr>
          </ns3:TrackPointExtension>
        </extensions>
      </trkpt>
      <trkpt lat="22.327418960630893707275390625" lon="114.18663245625793933868408203125">
        <ele>18.3999996185302734375</ele>
        <time>2026-01-17T06:58:52.000Z</time>
        <extensions>
          <ns3:TrackPointExtension>
            <ns3:hr>83</ns3:hr>
          </ns3:TrackPointExtension>
        </extensions>
      </trkpt>
      <trkpt lat="22.32741887681186199188232421875" lon="114.18661770410835742950439453125">
        <ele>18.3999996185302734375</ele>
        <time>2026-01-17T06:58:53.000Z</time>
        <extensions>
          <ns3:TrackPointExtension>
            <ns3:hr>83</ns3:hr>
          </ns3:TrackPointExtension>
        </extensions>
      </trkpt>
      <trkpt lat="22.32741770334541797637939453125" lon="114.1866043768823146820068359375">
        <ele>18.3999996185302734375</ele>
        <time>2026-01-17T06:58:54.000Z</time>
        <extensions>
          <ns3:TrackPointExtension>
            <ns3:hr>83</ns3:hr>
          </ns3:TrackPointExtension>
        </extensions>
      </trkpt>
      <trkpt lat="22.3274171166121959686279296875" lon="114.18659004382789134979248046875">
        <ele>18.3999996185302734375</ele>
        <time>2026-01-17T06:58:55.000Z</time>
        <extensions>
          <ns3:TrackPointExtension>
            <ns3:hr>83</ns3:hr>
          </ns3:TrackPointExtension>
        </extensions>
      </trkpt>
      <trkpt lat="22.32741820625960826873779296875" lon="114.1865742020308971405029296875">
        <ele>18.3999996185302734375</ele>
        <time>2026-01-17T06:58:56.000Z</time>
        <extensions>
          <ns3:TrackPointExtension>
            <ns3:hr>83</ns3:hr>
          </ns3:TrackPointExtension>
        </extensions>
      </trkpt>
      <trkpt lat="22.32741929590702056884765625" lon="114.1865591146051883697509765625">
        <ele>18.3999996185302734375</ele>
        <time>2026-01-17T06:58:57.000Z</time>
        <extensions>
          <ns3:TrackPointExtension>
            <ns3:hr>83</ns3:hr>
          </ns3:TrackPointExtension>
        </extensions>
      </trkpt>
      <trkpt lat="22.32742021791636943817138671875" lon="114.1865453682839870452880859375">
        <ele>18.3999996185302734375</ele>
        <time>2026-01-17T06:58:58.000Z</time>
        <extensions>
          <ns3:TrackPointExtension>
            <ns3:hr>83</ns3:hr>
          </ns3:TrackPointExtension>
        </extensions>
      </trkpt>
      <trkpt lat="22.3274211399257183074951171875" lon="114.18653170578181743621826171875">
        <ele>18.3999996185302734375</ele>
        <time>2026-01-17T06:58:59.000Z</time>
        <extensions>
          <ns3:TrackPointExtension>
            <ns3:hr>83</ns3:hr>
          </ns3:TrackPointExtension>
        </extensions>
      </trkpt>
      <trkpt lat="22.32742197811603546142578125" lon="114.18651678599417209625244140625">
        <ele>18.3999996185302734375</ele>
        <time>2026-01-17T06:59:00.000Z</time>
        <extensions>
          <ns3:TrackPointExtension>
            <ns3:hr>83</ns3:hr>
          </ns3:TrackPointExtension>
        </extensions>
      </trkpt>
      <trkpt lat="22.3274224810302257537841796875" lon="114.1865031234920024871826171875">
        <ele>18.3999996185302734375</ele>
        <time>2026-01-17T06:59:01.000Z</time>
        <extensions>
          <ns3:TrackPointExtension>
            <ns3:hr>83</ns3:hr>
          </ns3:TrackPointExtension>
        </extensions>
      </trkpt>
      <trkpt lat="22.32742407359182834625244140625" lon="114.18648786842823028564453125">
        <ele>18.3999996185302734375</ele>
        <time>2026-01-17T06:59:02.000Z</time>
        <extensions>
          <ns3:TrackPointExtension>
            <ns3:hr>82</ns3:hr>
          </ns3:TrackPointExtension>
        </extensions>
      </trkpt>
      <trkpt lat="22.3274258337914943695068359375" lon="114.18647219426929950714111328125">
        <ele>18.3999996185302734375</ele>
        <time>2026-01-17T06:59:03.000Z</time>
        <extensions>
          <ns3:TrackPointExtension>
            <ns3:hr>83</ns3:hr>
          </ns3:TrackPointExtension>
        </extensions>
      </trkpt>
      <trkpt lat="22.327427677810192108154296875" lon="114.1864598728716373443603515625">
        <ele>18.3999996185302734375</ele>
        <time>2026-01-17T06:59:04.000Z</time>
        <extensions>
          <ns3:TrackPointExtension>
            <ns3:hr>83</ns3:hr>
          </ns3:TrackPointExtension>
        </extensions>
      </trkpt>
      <trkpt lat="22.32742977328598499298095703125" lon="114.186443947255611419677734375">
        <ele>18.3999996185302734375</ele>
        <time>2026-01-17T06:59:05.000Z</time>
        <extensions>
          <ns3:TrackPointExtension>
            <ns3:hr>84</ns3:hr>
          </ns3:TrackPointExtension>
        </extensions>
      </trkpt>
      <trkpt lat="22.3274306952953338623046875" lon="114.1864335536956787109375">
        <ele>18.6000003814697265625</ele>
        <time>2026-01-17T06:59:06.000Z</time>
        <extensions>
          <ns3:TrackPointExtension>
            <ns3:hr>84</ns3:hr>
          </ns3:TrackPointExtension>
        </extensions>
      </trkpt>
      <trkpt lat="22.32743027620017528533935546875" lon="114.18642676435410976409912109375">
        <ele>18.6000003814697265625</ele>
        <time>2026-01-17T06:59:07.000Z</time>
        <extensions>
          <ns3:TrackPointExtension>
            <ns3:hr>84</ns3:hr>
          </ns3:TrackPointExtension>
        </extensions>
      </trkpt>
      <trkpt lat="22.3274301923811435699462890625" lon="114.18642341159284114837646484375">
        <ele>18.6000003814697265625</ele>
        <time>2026-01-17T06:59:08.000Z</time>
        <extensions>
          <ns3:TrackPointExtension>
            <ns3:hr>84</ns3:hr>
          </ns3:TrackPointExtension>
        </extensions>
      </trkpt>
      <trkpt lat="22.3274301923811435699462890625" lon="114.18642156757414340972900390625">
        <ele>18.6000003814697265625</ele>
        <time>2026-01-17T06:59:09.000Z</time>
        <extensions>
          <ns3:TrackPointExtension>
            <ns3:hr>83</ns3:hr>
          </ns3:TrackPointExtension>
        </extensions>
      </trkpt>
      <trkpt lat="22.32743002474308013916015625" lon="114.18642156757414340972900390625">
        <ele>18.6000003814697265625</ele>
        <time>2026-01-17T06:59:10.000Z</time>
        <extensions>
          <ns3:TrackPointExtension>
            <ns3:hr>84</ns3:hr>
          </ns3:TrackPointExtension>
        </extensions>
      </trkpt>
      <trkpt lat="22.32743002474308013916015625" lon="114.18642139993607997894287109375">
        <ele>18.6000003814697265625</ele>
        <time>2026-01-17T06:59:11.000Z</time>
        <extensions>
          <ns3:TrackPointExtension>
            <ns3:hr>84</ns3:hr>
          </ns3:TrackPointExtension>
        </extensions>
      </trkpt>
      <trkpt lat="22.32743002474308013916015625" lon="114.1864213161170482635498046875">
        <ele>18.6000003814697265625</ele>
        <time>2026-01-17T06:59:12.000Z</time>
        <extensions>
          <ns3:TrackPointExtension>
            <ns3:hr>83</ns3:hr>
          </ns3:TrackPointExtension>
        </extensions>
      </trkpt>
      <trkpt lat="22.32743002474308013916015625" lon="114.18642123229801654815673828125">
        <ele>18.799999237060546875</ele>
        <time>2026-01-17T06:59:13.000Z</time>
        <extensions>
          <ns3:TrackPointExtension>
            <ns3:hr>83</ns3:hr>
          </ns3:TrackPointExtension>
        </extensions>
      </trkpt>
      <trkpt lat="22.32743002474308013916015625" lon="114.18642123229801654815673828125">
        <ele>18.799999237060546875</ele>
        <time>2026-01-17T06:59:14.000Z</time>
        <extensions>
          <ns3:TrackPointExtension>
            <ns3:hr>83</ns3:hr>
          </ns3:TrackPointExtension>
        </extensions>
      </trkpt>
      <trkpt lat="22.32743002474308013916015625" lon="114.18642123229801654815673828125">
        <ele>18.799999237060546875</ele>
        <time>2026-01-17T06:59:15.000Z</time>
        <extensions>
          <ns3:TrackPointExtension>
            <ns3:hr>84</ns3:hr>
          </ns3:TrackPointExtension>
        </extensions>
      </trkpt>
      <trkpt lat="22.32743010856211185455322265625" lon="114.18642123229801654815673828125">
        <ele>18.799999237060546875</ele>
        <time>2026-01-17T06:59:16.000Z</time>
        <extensions>
          <ns3:TrackPointExtension>
            <ns3:hr>83</ns3:hr>
          </ns3:TrackPointExtension>
        </extensions>
      </trkpt>
      <trkpt lat="22.3274301923811435699462890625" lon="114.18642123229801654815673828125">
        <ele>18.799999237060546875</ele>
        <time>2026-01-17T06:59:17.000Z</time>
        <extensions>
          <ns3:TrackPointExtension>
            <ns3:hr>83</ns3:hr>
          </ns3:TrackPointExtension>
        </extensions>
      </trkpt>
      <trkpt lat="22.32743027620017528533935546875" lon="114.18642123229801654815673828125">
        <ele>18.799999237060546875</ele>
        <time>2026-01-17T06:59:18.000Z</time>
        <extensions>
          <ns3:TrackPointExtension>
            <ns3:hr>82</ns3:hr>
          </ns3:TrackPointExtension>
        </extensions>
      </trkpt>
      <trkpt lat="22.327430360019207000732421875" lon="114.1864213161170482635498046875">
        <ele>18.799999237060546875</ele>
        <time>2026-01-17T06:59:19.000Z</time>
        <extensions>
          <ns3:TrackPointExtension>
            <ns3:hr>80</ns3:hr>
          </ns3:TrackPointExtension>
        </extensions>
      </trkpt>
      <trkpt lat="22.3274305276572704315185546875" lon="114.1864213161170482635498046875">
        <ele>18.799999237060546875</ele>
        <time>2026-01-17T06:59:20.000Z</time>
        <extensions>
          <ns3:TrackPointExtension>
            <ns3:hr>78</ns3:hr>
          </ns3:TrackPointExtension>
        </extensions>
      </trkpt>
      <trkpt lat="22.32743061147630214691162109375" lon="114.1864213161170482635498046875">
        <ele>18.799999237060546875</ele>
        <time>2026-01-17T06:59:21.000Z</time>
        <extensions>
          <ns3:TrackPointExtension>
            <ns3:hr>76</ns3:hr>
          </ns3:TrackPointExtension>
        </extensions>
      </trkpt>
      <trkpt lat="22.32743077911436557769775390625" lon="114.18642139993607997894287109375">
        <ele>18.799999237060546875</ele>
        <time>2026-01-17T06:59:22.000Z</time>
        <extensions>
          <ns3:TrackPointExtension>
            <ns3:hr>74</ns3:hr>
          </ns3:TrackPointExtension>
        </extensions>
      </trkpt>
      <trkpt lat="22.32743094675242900848388671875" lon="114.18642139993607997894287109375">
        <ele>18.799999237060546875</ele>
        <time>2026-01-17T06:59:23.000Z</time>
        <extensions>
          <ns3:TrackPointExtension>
            <ns3:hr>74</ns3:hr>
          </ns3:TrackPointExtension>
        </extensions>
      </trkpt>
      <trkpt lat="22.32743111439049243927001953125" lon="114.1864214837551116943359375">
        <ele>18.799999237060546875</ele>
        <time>2026-01-17T06:59:24.000Z</time>
        <extensions>
          <ns3:TrackPointExtension>
            <ns3:hr>74</ns3:hr>
          </ns3:TrackPointExtension>
        </extensions>
      </trkpt>
      <trkpt lat="22.32743128202855587005615234375" lon="114.1864214837551116943359375">
        <ele>18.799999237060546875</ele>
        <time>2026-01-17T06:59:25.000Z</time>
        <extensions>
          <ns3:TrackPointExtension>
            <ns3:hr>74</ns3:hr>
          </ns3:TrackPointExtension>
        </extensions>
      </trkpt>
      <trkpt lat="22.32743144966661930084228515625" lon="114.18642156757414340972900390625">
        <ele>18.799999237060546875</ele>
        <time>2026-01-17T06:59:26.000Z</time>
        <extensions>
          <ns3:TrackPointExtension>
            <ns3:hr>74</ns3:hr>
          </ns3:TrackPointExtension>
        </extensions>
      </trkpt>
      <trkpt lat="22.32743161730468273162841796875" lon="114.18642156757414340972900390625">
        <ele>18.799999237060546875</ele>
        <time>2026-01-17T06:59:27.000Z</time>
        <extensions>
          <ns3:TrackPointExtension>
            <ns3:hr>74</ns3:hr>
          </ns3:TrackPointExtension>
        </extensions>
      </trkpt>
      <trkpt lat="22.32743178494274616241455078125" lon="114.1864216513931751251220703125">
        <ele>18.799999237060546875</ele>
        <time>2026-01-17T06:59:28.000Z</time>
        <extensions>
          <ns3:TrackPointExtension>
            <ns3:hr>74</ns3:hr>
          </ns3:TrackPointExtension>
        </extensions>
      </trkpt>
      <trkpt lat="22.32743195258080959320068359375" lon="114.1864216513931751251220703125">
        <ele>18.799999237060546875</ele>
        <time>2026-01-17T06:59:29.000Z</time>
        <extensions>
          <ns3:TrackPointExtension>
            <ns3:hr>74</ns3:hr>
          </ns3:TrackPointExtension>
        </extensions>
      </trkpt>
      <trkpt lat="22.32743212021887302398681640625" lon="114.18642173521220684051513671875">
        <ele>18.799999237060546875</ele>
        <time>2026-01-17T06:59:30.000Z</time>
        <extensions>
          <ns3:TrackPointExtension>
            <ns3:hr>75</ns3:hr>
          </ns3:TrackPointExtension>
        </extensions>
      </trkpt>
      <trkpt lat="22.32743228785693645477294921875" lon="114.18642173521220684051513671875">
        <ele>18.799999237060546875</ele>
        <time>2026-01-17T06:59:31.000Z</time>
        <extensions>
          <ns3:TrackPointExtension>
            <ns3:hr>76</ns3:hr>
          </ns3:TrackPointExtension>
        </extensions>
      </trkpt>
      <trkpt lat="22.32743245549499988555908203125" lon="114.186421819031238555908203125">
        <ele>18.799999237060546875</ele>
        <time>2026-01-17T06:59:32.000Z</time>
        <extensions>
          <ns3:TrackPointExtension>
            <ns3:hr>76</ns3:hr>
          </ns3:TrackPointExtension>
        </extensions>
      </trkpt>
      <trkpt lat="22.32743262313306331634521484375" lon="114.186421819031238555908203125">
        <ele>18.799999237060546875</ele>
        <time>2026-01-17T06:59:33.000Z</time>
        <extensions>
          <ns3:TrackPointExtension>
            <ns3:hr>76</ns3:hr>
          </ns3:TrackPointExtension>
        </extensions>
      </trkpt>
      <trkpt lat="22.32743279077112674713134765625" lon="114.18642190285027027130126953125">
        <ele>18.799999237060546875</ele>
        <time>2026-01-17T06:59:34.000Z</time>
        <extensions>
          <ns3:TrackPointExtension>
            <ns3:hr>75</ns3:hr>
          </ns3:TrackPointExtension>
        </extensions>
      </trkpt>
      <trkpt lat="22.32743295840919017791748046875" lon="114.1864219866693019866943359375">
        <ele>18.799999237060546875</ele>
        <time>2026-01-17T06:59:35.000Z</time>
        <extensions>
          <ns3:TrackPointExtension>
            <ns3:hr>75</ns3:hr>
          </ns3:TrackPointExtension>
        </extensions>
      </trkpt>
      <trkpt lat="22.32743312604725360870361328125" lon="114.1864219866693019866943359375">
        <ele>18.799999237060546875</ele>
        <time>2026-01-17T06:59:36.000Z</time>
        <extensions>
          <ns3:TrackPointExtension>
            <ns3:hr>75</ns3:hr>
          </ns3:TrackPointExtension>
        </extensions>
      </trkpt>
      <trkpt lat="22.32743329368531703948974609375" lon="114.18642207048833370208740234375">
        <ele>18.799999237060546875</ele>
        <time>2026-01-17T06:59:37.000Z</time>
        <extensions>
          <ns3:TrackPointExtension>
            <ns3:hr>74</ns3:hr>
          </ns3:TrackPointExtension>
        </extensions>
      </trkpt>
      <trkpt lat="22.32743346132338047027587890625" lon="114.18642207048833370208740234375">
        <ele>18.799999237060546875</ele>
        <time>2026-01-17T06:59:38.000Z</time>
        <extensions>
          <ns3:TrackPointExtension>
            <ns3:hr>73</ns3:hr>
          </ns3:TrackPointExtension>
        </extensions>
      </trkpt>
      <trkpt lat="22.32743362896144390106201171875" lon="114.18642215430736541748046875">
        <ele>18.799999237060546875</ele>
        <time>2026-01-17T06:59:39.000Z</time>
        <extensions>
          <ns3:TrackPointExtension>
            <ns3:hr>72</ns3:hr>
          </ns3:TrackPointExtension>
        </extensions>
      </trkpt>
      <trkpt lat="22.32743379659950733184814453125" lon="114.18642215430736541748046875">
        <ele>18.799999237060546875</ele>
        <time>2026-01-17T06:59:40.000Z</time>
        <extensions>
          <ns3:TrackPointExtension>
            <ns3:hr>71</ns3:hr>
          </ns3:TrackPointExtension>
        </extensions>
      </trkpt>
      <trkpt lat="22.32743396423757076263427734375" lon="114.18642223812639713287353515625">
        <ele>18.6000003814697265625</ele>
        <time>2026-01-17T06:59:41.000Z</time>
        <extensions>
          <ns3:TrackPointExtension>
            <ns3:hr>71</ns3:hr>
          </ns3:TrackPointExtension>
        </extensions>
      </trkpt>
      <trkpt lat="22.32743413187563419342041015625" lon="114.18642223812639713287353515625">
        <ele>18.6000003814697265625</ele>
        <time>2026-01-17T06:59:42.000Z</time>
        <extensions>
          <ns3:TrackPointExtension>
            <ns3:hr>71</ns3:hr>
          </ns3:TrackPointExtension>
        </extensions>
      </trkpt>
      <trkpt lat="22.3274342156946659088134765625" lon="114.1864223219454288482666015625">
        <ele>18.6000003814697265625</ele>
        <time>2026-01-17T06:59:43.000Z</time>
        <extensions>
          <ns3:TrackPointExtension>
            <ns3:hr>71</ns3:hr>
          </ns3:TrackPointExtension>
        </extensions>
      </trkpt>
      <trkpt lat="22.327434383332729339599609375" lon="114.1864223219454288482666015625">
        <ele>18.799999237060546875</ele>
        <time>2026-01-17T06:59:44.000Z</time>
        <extensions>
          <ns3:TrackPointExtension>
            <ns3:hr>71</ns3:hr>
          </ns3:TrackPointExtension>
        </extensions>
      </trkpt>
      <trkpt lat="22.3274345509707927703857421875" lon="114.18642240576446056365966796875">
        <ele>18.799999237060546875</ele>
        <time>2026-01-17T06:59:45.000Z</time>
        <extensions>
          <ns3:TrackPointExtension>
            <ns3:hr>71</ns3:hr>
          </ns3:TrackPointExtension>
        </extensions>
      </trkpt>
      <trkpt lat="22.32743463478982448577880859375" lon="114.18642240576446056365966796875">
        <ele>18.799999237060546875</ele>
        <time>2026-01-17T06:59:46.000Z</time>
        <extensions>
          <ns3:TrackPointExtension>
            <ns3:hr>72</ns3:hr>
          </ns3:TrackPointExtension>
        </extensions>
      </trkpt>
      <trkpt lat="22.327434718608856201171875" lon="114.186422489583492279052734375">
        <ele>18.799999237060546875</ele>
        <time>2026-01-17T06:59:47.000Z</time>
        <extensions>
          <ns3:TrackPointExtension>
            <ns3:hr>72</ns3:hr>
          </ns3:TrackPointExtension>
        </extensions>
      </trkpt>
      <trkpt lat="22.3274348862469196319580078125" lon="114.186422489583492279052734375">
        <ele>18.799999237060546875</ele>
        <time>2026-01-17T06:59:48.000Z</time>
        <extensions>
          <ns3:TrackPointExtension>
            <ns3:hr>72</ns3:hr>
          </ns3:TrackPointExtension>
        </extensions>
      </trkpt>
      <trkpt lat="22.32743497006595134735107421875" lon="114.18642257340252399444580078125">
        <ele>18.799999237060546875</ele>
        <time>2026-01-17T06:59:49.000Z</time>
        <extensions>
          <ns3:TrackPointExtension>
            <ns3:hr>73</ns3:hr>
          </ns3:TrackPointExtension>
        </extensions>
      </trkpt>
      <trkpt lat="22.327435053884983062744140625" lon="114.18642257340252399444580078125">
        <ele>18.799999237060546875</ele>
        <time>2026-01-17T06:59:50.000Z</time>
        <extensions>
          <ns3:TrackPointExtension>
            <ns3:hr>73</ns3:hr>
          </ns3:TrackPointExtension>
        </extensions>
      </trkpt>
      <trkpt lat="22.32743513770401477813720703125" lon="114.1864226572215557098388671875">
        <ele>18.799999237060546875</ele>
        <time>2026-01-17T06:59:51.000Z</time>
        <extensions>
          <ns3:TrackPointExtension>
            <ns3:hr>73</ns3:hr>
          </ns3:TrackPointExtension>
        </extensions>
      </trkpt>
      <trkpt lat="22.3274352215230464935302734375" lon="114.1864226572215557098388671875">
        <ele>18.799999237060546875</ele>
        <time>2026-01-17T06:59:52.000Z</time>
        <extensions>
          <ns3:TrackPointExtension>
            <ns3:hr>74</ns3:hr>
          </ns3:TrackPointExtension>
        </extensions>
      </trkpt>
      <trkpt lat="22.32743530534207820892333984375" lon="114.1864226572215557098388671875">
        <ele>18.799999237060546875</ele>
        <time>2026-01-17T06:59:53.000Z</time>
        <extensions>
          <ns3:TrackPointExtension>
            <ns3:hr>74</ns3:hr>
          </ns3:TrackPointExtension>
        </extensions>
      </trkpt>
      <trkpt lat="22.32743538916110992431640625" lon="114.18642274104058742523193359375">
        <ele>18.6000003814697265625</ele>
        <time>2026-01-17T06:59:54.000Z</time>
        <extensions>
          <ns3:TrackPointExtension>
            <ns3:hr>73</ns3:hr>
          </ns3:TrackPointExtension>
        </extensions>
      </trkpt>
      <trkpt lat="22.32743547298014163970947265625" lon="114.18642274104058742523193359375">
        <ele>18.6000003814697265625</ele>
        <time>2026-01-17T06:59:55.000Z</time>
        <extensions>
          <ns3:TrackPointExtension>
            <ns3:hr>73</ns3:hr>
          </ns3:TrackPointExtension>
        </extensions>
      </trkpt>
      <trkpt lat="22.3274355567991733551025390625" lon="114.18642274104058742523193359375">
        <ele>18.6000003814697265625</ele>
        <time>2026-01-17T06:59:56.000Z</time>
        <extensions>
          <ns3:TrackPointExtension>
            <ns3:hr>72</ns3:hr>
          </ns3:TrackPointExtension>
        </extensions>
      </trkpt>
      <trkpt lat="22.3274355567991733551025390625" lon="114.18642274104058742523193359375">
        <ele>18.6000003814697265625</ele>
        <time>2026-01-17T06:59:57.000Z</time>
        <extensions>
          <ns3:TrackPointExtension>
            <ns3:hr>71</ns3:hr>
          </ns3:TrackPointExtension>
        </extensions>
      </trkpt>
      <trkpt lat="22.3274355567991733551025390625" lon="114.18642274104058742523193359375">
        <ele>18.6000003814697265625</ele>
        <time>2026-01-17T06:59:58.000Z</time>
        <extensions>
          <ns3:TrackPointExtension>
            <ns3:hr>71</ns3:hr>
          </ns3:TrackPointExtension>
        </extensions>
      </trkpt>
      <trkpt lat="22.32743564061820507049560546875" lon="114.1864226572215557098388671875">
        <ele>18.6000003814697265625</ele>
        <time>2026-01-17T06:59:59.000Z</time>
        <extensions>
          <ns3:TrackPointExtension>
            <ns3:hr>71</ns3:hr>
          </ns3:TrackPointExtension>
        </extensions>
      </trkpt>
      <trkpt lat="22.32743564061820507049560546875" lon="114.18642257340252399444580078125">
        <ele>18.6000003814697265625</ele>
        <time>2026-01-17T07:00:00.000Z</time>
        <extensions>
          <ns3:TrackPointExtension>
            <ns3:hr>72</ns3:hr>
          </ns3:TrackPointExtension>
        </extensions>
      </trkpt>
      <trkpt lat="22.3274355567991733551025390625" lon="114.18642240576446056365966796875">
        <ele>18.3999996185302734375</ele>
        <time>2026-01-17T07:00:01.000Z</time>
        <extensions>
          <ns3:TrackPointExtension>
            <ns3:hr>74</ns3:hr>
          </ns3:TrackPointExtension>
        </extensions>
      </trkpt>
      <trkpt lat="22.32743547298014163970947265625" lon="114.1864219866693019866943359375">
        <ele>18.3999996185302734375</ele>
        <time>2026-01-17T07:00:02.000Z</time>
        <extensions>
          <ns3:TrackPointExtension>
            <ns3:hr>75</ns3:hr>
          </ns3:TrackPointExtension>
        </extensions>
      </trkpt>
      <trkpt lat="22.3274352215230464935302734375" lon="114.186421148478984832763671875">
        <ele>18.3999996185302734375</ele>
        <time>2026-01-17T07:00:03.000Z</time>
        <extensions>
          <ns3:TrackPointExtension>
            <ns3:hr>74</ns3:hr>
          </ns3:TrackPointExtension>
        </extensions>
      </trkpt>
      <trkpt lat="22.3274348862469196319580078125" lon="114.186419807374477386474609375">
        <ele>18.3999996185302734375</ele>
        <time>2026-01-17T07:00:04.000Z</time>
        <extensions>
          <ns3:TrackPointExtension>
            <ns3:hr>74</ns3:hr>
          </ns3:TrackPointExtension>
        </extensions>
      </trkpt>
      <trkpt lat="22.3274338804185390472412109375" lon="114.1864159516990184783935546875">
        <ele>18.3999996185302734375</ele>
        <time>2026-01-17T07:00:05.000Z</time>
        <extensions>
          <ns3:TrackPointExtension>
            <ns3:hr>74</ns3:hr>
          </ns3:TrackPointExtension>
        </extensions>
      </trkpt>
      <trkpt lat="22.32743111439049243927001953125" lon="114.1864058934152126312255859375">
        <ele>18.3999996185302734375</ele>
        <time>2026-01-17T07:00:06.000Z</time>
        <extensions>
          <ns3:TrackPointExtension>
            <ns3:hr>75</ns3:hr>
          </ns3:TrackPointExtension>
        </extensions>
      </trkpt>
      <trkpt lat="22.32742675580084323883056640625" lon="114.18639072217047214508056640625">
        <ele>18.3999996185302734375</ele>
        <time>2026-01-17T07:00:07.000Z</time>
        <extensions>
          <ns3:TrackPointExtension>
            <ns3:hr>74</ns3:hr>
          </ns3:TrackPointExtension>
        </extensions>
      </trkpt>
      <trkpt lat="22.32742323540151119232177734375" lon="114.18637747876346111297607421875">
        <ele>18.3999996185302734375</ele>
        <time>2026-01-17T07:00:08.000Z</time>
        <extensions>
          <ns3:TrackPointExtension>
            <ns3:hr>74</ns3:hr>
          </ns3:TrackPointExtension>
        </extensions>
      </trkpt>
      <trkpt lat="22.32742155902087688446044921875" lon="114.18635937385261058807373046875">
        <ele>18.3999996185302734375</ele>
        <time>2026-01-17T07:00:09.000Z</time>
        <extensions>
          <ns3:TrackPointExtension>
            <ns3:hr>75</ns3:hr>
          </ns3:TrackPointExtension>
        </extensions>
      </trkpt>
      <trkpt lat="22.32742206193506717681884765625" lon="114.18634378351271152496337890625">
        <ele>18.3999996185302734375</ele>
        <time>2026-01-17T07:00:10.000Z</time>
        <extensions>
          <ns3:TrackPointExtension>
            <ns3:hr>75</ns3:hr>
          </ns3:TrackPointExtension>
        </extensions>
      </trkpt>
      <trkpt lat="22.3274241574108600616455078125" lon="114.1863274388015270233154296875">
        <ele>18.3999996185302734375</ele>
        <time>2026-01-17T07:00:11.000Z</time>
        <extensions>
          <ns3:TrackPointExtension>
            <ns3:hr>75</ns3:hr>
          </ns3:TrackPointExtension>
        </extensions>
      </trkpt>
      <trkpt lat="22.32742440886795520782470703125" lon="114.1863136924803256988525390625">
        <ele>18.3999996185302734375</ele>
        <time>2026-01-17T07:00:12.000Z</time>
        <extensions>
          <ns3:TrackPointExtension>
            <ns3:hr>74</ns3:hr>
          </ns3:TrackPointExtension>
        </extensions>
      </trkpt>
      <trkpt lat="22.3274231515824794769287109375" lon="114.18630053289234638214111328125">
        <ele>18.3999996185302734375</ele>
        <time>2026-01-17T07:00:13.000Z</time>
        <extensions>
          <ns3:TrackPointExtension>
            <ns3:hr>75</ns3:hr>
          </ns3:TrackPointExtension>
        </extensions>
      </trkpt>
      <trkpt lat="22.32742105610668659210205078125" lon="114.186289049685001373291015625">
        <ele>18.6000003814697265625</ele>
        <time>2026-01-17T07:00:14.000Z</time>
        <extensions>
          <ns3:TrackPointExtension>
            <ns3:hr>75</ns3:hr>
          </ns3:TrackPointExtension>
        </extensions>
      </trkpt>
      <trkpt lat="22.32742005027830600738525390625" lon="114.1862734593451023101806640625">
        <ele>18.6000003814697265625</ele>
        <time>2026-01-17T07:00:15.000Z</time>
        <extensions>
          <ns3:TrackPointExtension>
            <ns3:hr>76</ns3:hr>
          </ns3:TrackPointExtension>
        </extensions>
      </trkpt>
      <trkpt lat="22.3274197988212108612060546875" lon="114.18625853955745697021484375">
        <ele>18.6000003814697265625</ele>
        <time>2026-01-17T07:00:16.000Z</time>
        <extensions>
          <ns3:TrackPointExtension>
            <ns3:hr>76</ns3:hr>
          </ns3:TrackPointExtension>
        </extensions>
      </trkpt>
      <trkpt lat="22.32741988264024257659912109375" lon="114.18624420650303363800048828125">
        <ele>18.6000003814697265625</ele>
        <time>2026-01-17T07:00:17.000Z</time>
        <extensions>
          <ns3:TrackPointExtension>
            <ns3:hr>76</ns3:hr>
          </ns3:TrackPointExtension>
        </extensions>
      </trkpt>
      <trkpt lat="22.32742021791636943817138671875" lon="114.1862305440008640289306640625">
        <ele>18.6000003814697265625</ele>
        <time>2026-01-17T07:00:18.000Z</time>
        <extensions>
          <ns3:TrackPointExtension>
            <ns3:hr>76</ns3:hr>
          </ns3:TrackPointExtension>
        </extensions>
      </trkpt>
      <trkpt lat="22.32741988264024257659912109375" lon="114.18621721677482128143310546875">
        <ele>18.6000003814697265625</ele>
        <time>2026-01-17T07:00:19.000Z</time>
        <extensions>
          <ns3:TrackPointExtension>
            <ns3:hr>76</ns3:hr>
          </ns3:TrackPointExtension>
        </extensions>
      </trkpt>
      <trkpt lat="22.32741937972605228424072265625" lon="114.18620347045361995697021484375">
        <ele>18.6000003814697265625</ele>
        <time>2026-01-17T07:00:20.000Z</time>
        <extensions>
          <ns3:TrackPointExtension>
            <ns3:hr>76</ns3:hr>
          </ns3:TrackPointExtension>
        </extensions>
      </trkpt>
      <trkpt lat="22.3274191282689571380615234375" lon="114.18618972413241863250732421875">
        <ele>18.6000003814697265625</ele>
        <time>2026-01-17T07:00:21.000Z</time>
        <extensions>
          <ns3:TrackPointExtension>
            <ns3:hr>76</ns3:hr>
          </ns3:TrackPointExtension>
        </extensions>
      </trkpt>
      <trkpt lat="22.3274191282689571380615234375" lon="114.18617715127766132354736328125">
        <ele>18.799999237060546875</ele>
        <time>2026-01-17T07:00:22.000Z</time>
        <extensions>
          <ns3:TrackPointExtension>
            <ns3:hr>76</ns3:hr>
          </ns3:TrackPointExtension>
        </extensions>
      </trkpt>
      <trkpt lat="22.32741803862154483795166015625" lon="114.18616407550871372222900390625">
        <ele>18.799999237060546875</ele>
        <time>2026-01-17T07:00:23.000Z</time>
        <extensions>
          <ns3:TrackPointExtension>
            <ns3:hr>76</ns3:hr>
          </ns3:TrackPointExtension>
        </extensions>
      </trkpt>
      <trkpt lat="22.32741527259349822998046875" lon="114.18614781461656093597412109375">
        <ele>18.799999237060546875</ele>
        <time>2026-01-17T07:00:24.000Z</time>
        <extensions>
          <ns3:TrackPointExtension>
            <ns3:hr>77</ns3:hr>
          </ns3:TrackPointExtension>
        </extensions>
      </trkpt>
      <trkpt lat="22.32741217128932476043701171875" lon="114.18613188900053501129150390625">
        <ele>18.799999237060546875</ele>
        <time>2026-01-17T07:00:25.000Z</time>
        <extensions>
          <ns3:TrackPointExtension>
            <ns3:hr>77</ns3:hr>
          </ns3:TrackPointExtension>
        </extensions>
      </trkpt>
      <trkpt lat="22.3274090699851512908935546875" lon="114.1861182264983654022216796875">
        <ele>18.799999237060546875</ele>
        <time>2026-01-17T07:00:26.000Z</time>
        <extensions>
          <ns3:TrackPointExtension>
            <ns3:hr>77</ns3:hr>
          </ns3:TrackPointExtension>
        </extensions>
      </trkpt>
      <trkpt lat="22.32740588486194610595703125" lon="114.18610305525362491607666015625">
        <ele>19</ele>
        <time>2026-01-17T07:00:27.000Z</time>
        <extensions>
          <ns3:TrackPointExtension>
            <ns3:hr>77</ns3:hr>
          </ns3:TrackPointExtension>
        </extensions>
      </trkpt>
      <trkpt lat="22.32740412466228008270263671875" lon="114.18608821928501129150390625">
        <ele>19</ele>
        <time>2026-01-17T07:00:28.000Z</time>
        <extensions>
          <ns3:TrackPointExtension>
            <ns3:hr>77</ns3:hr>
          </ns3:TrackPointExtension>
        </extensions>
      </trkpt>
      <trkpt lat="22.327402532100677490234375" lon="114.1860729642212390899658203125">
        <ele>19</ele>
        <time>2026-01-17T07:00:29.000Z</time>
        <extensions>
          <ns3:TrackPointExtension>
            <ns3:hr>77</ns3:hr>
          </ns3:TrackPointExtension>
        </extensions>
      </trkpt>
      <trkpt lat="22.32740194536745548248291015625" lon="114.1860582120716571807861328125">
        <ele>19</ele>
        <time>2026-01-17T07:00:30.000Z</time>
        <extensions>
          <ns3:TrackPointExtension>
            <ns3:hr>76</ns3:hr>
          </ns3:TrackPointExtension>
        </extensions>
      </trkpt>
      <trkpt lat="22.327402867376804351806640625" lon="114.186044298112392425537109375">
        <ele>19</ele>
        <time>2026-01-17T07:00:31.000Z</time>
        <extensions>
          <ns3:TrackPointExtension>
            <ns3:hr>77</ns3:hr>
          </ns3:TrackPointExtension>
        </extensions>
      </trkpt>
      <trkpt lat="22.32740429230034351348876953125" lon="114.186028875410556793212890625">
        <ele>19</ele>
        <time>2026-01-17T07:00:32.000Z</time>
        <extensions>
          <ns3:TrackPointExtension>
            <ns3:hr>77</ns3:hr>
          </ns3:TrackPointExtension>
        </extensions>
      </trkpt>
      <trkpt lat="22.32740454375743865966796875" lon="114.186014123260974884033203125">
        <ele>19</ele>
        <time>2026-01-17T07:00:33.000Z</time>
        <extensions>
          <ns3:TrackPointExtension>
            <ns3:hr>77</ns3:hr>
          </ns3:TrackPointExtension>
        </extensions>
      </trkpt>
      <trkpt lat="22.32740546576678752899169921875" lon="114.18600029312074184417724609375">
        <ele>19</ele>
        <time>2026-01-17T07:00:34.000Z</time>
        <extensions>
          <ns3:TrackPointExtension>
            <ns3:hr>77</ns3:hr>
          </ns3:TrackPointExtension>
        </extensions>
      </trkpt>
      <trkpt lat="22.3274053819477558135986328125" lon="114.18598520569503307342529296875">
        <ele>19</ele>
        <time>2026-01-17T07:00:35.000Z</time>
        <extensions>
          <ns3:TrackPointExtension>
            <ns3:hr>78</ns3:hr>
          </ns3:TrackPointExtension>
        </extensions>
      </trkpt>
      <trkpt lat="22.32740496285259723663330078125" lon="114.185969531536102294921875">
        <ele>19</ele>
        <time>2026-01-17T07:00:36.000Z</time>
        <extensions>
          <ns3:TrackPointExtension>
            <ns3:hr>80</ns3:hr>
          </ns3:TrackPointExtension>
        </extensions>
      </trkpt>
      <trkpt lat="22.3274060525000095367431640625" lon="114.18595016933977603912353515625">
        <ele>19</ele>
        <time>2026-01-17T07:00:37.000Z</time>
        <extensions>
          <ns3:TrackPointExtension>
            <ns3:hr>81</ns3:hr>
          </ns3:TrackPointExtension>
        </extensions>
      </trkpt>
      <trkpt lat="22.32740613631904125213623046875" lon="114.1859331540763378143310546875">
        <ele>19</ele>
        <time>2026-01-17T07:00:38.000Z</time>
        <extensions>
          <ns3:TrackPointExtension>
            <ns3:hr>81</ns3:hr>
          </ns3:TrackPointExtension>
        </extensions>
      </trkpt>
      <trkpt lat="22.32740722596645355224609375" lon="114.18591731227934360504150390625">
        <ele>19</ele>
        <time>2026-01-17T07:00:39.000Z</time>
        <extensions>
          <ns3:TrackPointExtension>
            <ns3:hr>81</ns3:hr>
          </ns3:TrackPointExtension>
        </extensions>
      </trkpt>
      <trkpt lat="22.32740831561386585235595703125" lon="114.18590239249169826507568359375">
        <ele>19</ele>
        <time>2026-01-17T07:00:40.000Z</time>
        <extensions>
          <ns3:TrackPointExtension>
            <ns3:hr>81</ns3:hr>
          </ns3:TrackPointExtension>
        </extensions>
      </trkpt>
      <trkpt lat="22.32740831561386585235595703125" lon="114.1858885623514652252197265625">
        <ele>19</ele>
        <time>2026-01-17T07:00:41.000Z</time>
        <extensions>
          <ns3:TrackPointExtension>
            <ns3:hr>80</ns3:hr>
          </ns3:TrackPointExtension>
        </extensions>
      </trkpt>
      <trkpt lat="22.32740697450935840606689453125" lon="114.1858751513063907623291015625">
        <ele>19</ele>
        <time>2026-01-17T07:00:42.000Z</time>
        <extensions>
          <ns3:TrackPointExtension>
            <ns3:hr>80</ns3:hr>
          </ns3:TrackPointExtension>
        </extensions>
      </trkpt>
      <trkpt lat="22.32740496285259723663330078125" lon="114.185862243175506591796875">
        <ele>19</ele>
        <time>2026-01-17T07:00:43.000Z</time>
        <extensions>
          <ns3:TrackPointExtension>
            <ns3:hr>80</ns3:hr>
          </ns3:TrackPointExtension>
        </extensions>
      </trkpt>
      <trkpt lat="22.327402532100677490234375" lon="114.18584883213043212890625">
        <ele>19</ele>
        <time>2026-01-17T07:00:44.000Z</time>
        <extensions>
          <ns3:TrackPointExtension>
            <ns3:hr>81</ns3:hr>
          </ns3:TrackPointExtension>
        </extensions>
      </trkpt>
      <trkpt lat="22.32739984989166259765625" lon="114.1858355887234210968017578125">
        <ele>19</ele>
        <time>2026-01-17T07:00:45.000Z</time>
        <extensions>
          <ns3:TrackPointExtension>
            <ns3:hr>81</ns3:hr>
          </ns3:TrackPointExtension>
        </extensions>
      </trkpt>
      <trkpt lat="22.327397502958774566650390625" lon="114.18582075275480747222900390625">
        <ele>19</ele>
        <time>2026-01-17T07:00:46.000Z</time>
        <extensions>
          <ns3:TrackPointExtension>
            <ns3:hr>81</ns3:hr>
          </ns3:TrackPointExtension>
        </extensions>
      </trkpt>
      <trkpt lat="22.32739515602588653564453125" lon="114.1858060844242572784423828125">
        <ele>19</ele>
        <time>2026-01-17T07:00:47.000Z</time>
        <extensions>
          <ns3:TrackPointExtension>
            <ns3:hr>81</ns3:hr>
          </ns3:TrackPointExtension>
        </extensions>
      </trkpt>
      <trkpt lat="22.3273936472833156585693359375" lon="114.1857913322746753692626953125">
        <ele>19</ele>
        <time>2026-01-17T07:00:48.000Z</time>
        <extensions>
          <ns3:TrackPointExtension>
            <ns3:hr>81</ns3:hr>
          </ns3:TrackPointExtension>
        </extensions>
      </trkpt>
      <trkpt lat="22.32739222235977649688720703125" lon="114.18577750213444232940673828125">
        <ele>19</ele>
        <time>2026-01-17T07:00:49.000Z</time>
        <extensions>
          <ns3:TrackPointExtension>
            <ns3:hr>82</ns3:hr>
          </ns3:TrackPointExtension>
        </extensions>
      </trkpt>
      <trkpt lat="22.32739113271236419677734375" lon="114.18576258234679698944091796875">
        <ele>19</ele>
        <time>2026-01-17T07:00:50.000Z</time>
        <extensions>
          <ns3:TrackPointExtension>
            <ns3:hr>82</ns3:hr>
          </ns3:TrackPointExtension>
        </extensions>
      </trkpt>
      <trkpt lat="22.327389456331729888916015625" lon="114.18574891984462738037109375">
        <ele>19</ele>
        <time>2026-01-17T07:00:51.000Z</time>
        <extensions>
          <ns3:TrackPointExtension>
            <ns3:hr>82</ns3:hr>
          </ns3:TrackPointExtension>
        </extensions>
      </trkpt>
      <trkpt lat="22.32738819904625415802001953125" lon="114.1857333295047283172607421875">
        <ele>19</ele>
        <time>2026-01-17T07:00:52.000Z</time>
        <extensions>
          <ns3:TrackPointExtension>
            <ns3:hr>81</ns3:hr>
          </ns3:TrackPointExtension>
        </extensions>
      </trkpt>
      <trkpt lat="22.32738585211336612701416015625" lon="114.18572084046900272369384765625">
        <ele>19</ele>
        <time>2026-01-17T07:00:53.000Z</time>
        <extensions>
          <ns3:TrackPointExtension>
            <ns3:hr>81</ns3:hr>
          </ns3:TrackPointExtension>
        </extensions>
      </trkpt>
      <trkpt lat="22.327383421361446380615234375" lon="114.185709021985530853271484375">
        <ele>19</ele>
        <time>2026-01-17T07:00:54.000Z</time>
        <extensions>
          <ns3:TrackPointExtension>
            <ns3:hr>81</ns3:hr>
          </ns3:TrackPointExtension>
        </extensions>
      </trkpt>
      <trkpt lat="22.327380739152431488037109375" lon="114.18569586239755153656005859375">
        <ele>19</ele>
        <time>2026-01-17T07:00:55.000Z</time>
        <extensions>
          <ns3:TrackPointExtension>
            <ns3:hr>82</ns3:hr>
          </ns3:TrackPointExtension>
        </extensions>
      </trkpt>
      <trkpt lat="22.32737864367663860321044921875" lon="114.1856816969811916351318359375">
        <ele>19</ele>
        <time>2026-01-17T07:00:56.000Z</time>
        <extensions>
          <ns3:TrackPointExtension>
            <ns3:hr>81</ns3:hr>
          </ns3:TrackPointExtension>
        </extensions>
      </trkpt>
      <trkpt lat="22.3273765482008457183837890625" lon="114.18566719628870487213134765625">
        <ele>19</ele>
        <time>2026-01-17T07:00:57.000Z</time>
        <extensions>
          <ns3:TrackPointExtension>
            <ns3:hr>81</ns3:hr>
          </ns3:TrackPointExtension>
        </extensions>
      </trkpt>
      <trkpt lat="22.32737495563924312591552734375" lon="114.1856518574059009552001953125">
        <ele>19</ele>
        <time>2026-01-17T07:00:58.000Z</time>
        <extensions>
          <ns3:TrackPointExtension>
            <ns3:hr>82</ns3:hr>
          </ns3:TrackPointExtension>
        </extensions>
      </trkpt>
      <trkpt lat="22.32737361453473567962646484375" lon="114.18563484214246273040771484375">
        <ele>19</ele>
        <time>2026-01-17T07:00:59.000Z</time>
        <extensions>
          <ns3:TrackPointExtension>
            <ns3:hr>81</ns3:hr>
          </ns3:TrackPointExtension>
        </extensions>
      </trkpt>
      <trkpt lat="22.32737277634441852569580078125" lon="114.18562193401157855987548828125">
        <ele>19</ele>
        <time>2026-01-17T07:01:00.000Z</time>
        <extensions>
          <ns3:TrackPointExtension>
            <ns3:hr>81</ns3:hr>
          </ns3:TrackPointExtension>
        </extensions>
      </trkpt>
      <trkpt lat="22.3273725248873233795166015625" lon="114.1856087744235992431640625">
        <ele>19</ele>
        <time>2026-01-17T07:01:01.000Z</time>
        <extensions>
          <ns3:TrackPointExtension>
            <ns3:hr>82</ns3:hr>
          </ns3:TrackPointExtension>
        </extensions>
      </trkpt>
      <trkpt lat="22.32737227343022823333740234375" lon="114.18559595011174678802490234375">
        <ele>19</ele>
        <time>2026-01-17T07:01:02.000Z</time>
        <extensions>
          <ns3:TrackPointExtension>
            <ns3:hr>81</ns3:hr>
          </ns3:TrackPointExtension>
        </extensions>
      </trkpt>
      <trkpt lat="22.32737160287797451019287109375" lon="114.1855837963521480560302734375">
        <ele>19</ele>
        <time>2026-01-17T07:01:03.000Z</time>
        <extensions>
          <ns3:TrackPointExtension>
            <ns3:hr>82</ns3:hr>
          </ns3:TrackPointExtension>
        </extensions>
      </trkpt>
      <trkpt lat="22.327370680868625640869140625" lon="114.18557164259254932403564453125">
        <ele>19</ele>
        <time>2026-01-17T07:01:04.000Z</time>
        <extensions>
          <ns3:TrackPointExtension>
            <ns3:hr>82</ns3:hr>
          </ns3:TrackPointExtension>
        </extensions>
      </trkpt>
      <trkpt lat="22.32736942358314990997314453125" lon="114.185557477176189422607421875">
        <ele>19</ele>
        <time>2026-01-17T07:01:05.000Z</time>
        <extensions>
          <ns3:TrackPointExtension>
            <ns3:hr>82</ns3:hr>
          </ns3:TrackPointExtension>
        </extensions>
      </trkpt>
      <trkpt lat="22.32736825011670589447021484375" lon="114.1855425573885440826416015625">
        <ele>19.200000762939453125</ele>
        <time>2026-01-17T07:01:06.000Z</time>
        <extensions>
          <ns3:TrackPointExtension>
            <ns3:hr>82</ns3:hr>
          </ns3:TrackPointExtension>
        </extensions>
      </trkpt>
      <trkpt lat="22.32736808247864246368408203125" lon="114.1855278052389621734619140625">
        <ele>19.200000762939453125</ele>
        <time>2026-01-17T07:01:07.000Z</time>
        <extensions>
          <ns3:TrackPointExtension>
            <ns3:hr>82</ns3:hr>
          </ns3:TrackPointExtension>
        </extensions>
      </trkpt>
      <trkpt lat="22.32736858539283275604248046875" lon="114.185511879622936248779296875">
        <ele>19.200000762939453125</ele>
        <time>2026-01-17T07:01:08.000Z</time>
        <extensions>
          <ns3:TrackPointExtension>
            <ns3:hr>83</ns3:hr>
          </ns3:TrackPointExtension>
        </extensions>
      </trkpt>
      <trkpt lat="22.32736841775476932525634765625" lon="114.18549469672143459320068359375">
        <ele>19.200000762939453125</ele>
        <time>2026-01-17T07:01:09.000Z</time>
        <extensions>
          <ns3:TrackPointExtension>
            <ns3:hr>83</ns3:hr>
          </ns3:TrackPointExtension>
        </extensions>
      </trkpt>
      <trkpt lat="22.3273688368499279022216796875" lon="114.18548044748604297637939453125">
        <ele>19.200000762939453125</ele>
        <time>2026-01-17T07:01:10.000Z</time>
        <extensions>
          <ns3:TrackPointExtension>
            <ns3:hr>83</ns3:hr>
          </ns3:TrackPointExtension>
        </extensions>
      </trkpt>
      <trkpt lat="22.32736942358314990997314453125" lon="114.18546519242227077484130859375">
        <ele>19.3999996185302734375</ele>
        <time>2026-01-17T07:01:11.000Z</time>
        <extensions>
          <ns3:TrackPointExtension>
            <ns3:hr>82</ns3:hr>
          </ns3:TrackPointExtension>
        </extensions>
      </trkpt>
      <trkpt lat="22.32736975885927677154541015625" lon="114.18545127846300601959228515625">
        <ele>19.3999996185302734375</ele>
        <time>2026-01-17T07:01:12.000Z</time>
        <extensions>
          <ns3:TrackPointExtension>
            <ns3:hr>83</ns3:hr>
          </ns3:TrackPointExtension>
        </extensions>
      </trkpt>
      <trkpt lat="22.32737076468765735626220703125" lon="114.18543451465666294097900390625">
        <ele>19.3999996185302734375</ele>
        <time>2026-01-17T07:01:13.000Z</time>
        <extensions>
          <ns3:TrackPointExtension>
            <ns3:hr>83</ns3:hr>
          </ns3:TrackPointExtension>
        </extensions>
      </trkpt>
      <trkpt lat="22.32737210579216480255126953125" lon="114.18541766703128814697265625">
        <ele>19.3999996185302734375</ele>
        <time>2026-01-17T07:01:14.000Z</time>
        <extensions>
          <ns3:TrackPointExtension>
            <ns3:hr>83</ns3:hr>
          </ns3:TrackPointExtension>
        </extensions>
      </trkpt>
      <trkpt lat="22.32737311162054538726806640625" lon="114.18540425598621368408203125">
        <ele>19.3999996185302734375</ele>
        <time>2026-01-17T07:01:15.000Z</time>
        <extensions>
          <ns3:TrackPointExtension>
            <ns3:hr>83</ns3:hr>
          </ns3:TrackPointExtension>
        </extensions>
      </trkpt>
      <trkpt lat="22.32737462036311626434326171875" lon="114.18539310805499553680419921875">
        <ele>19.3999996185302734375</ele>
        <time>2026-01-17T07:01:16.000Z</time>
        <extensions>
          <ns3:TrackPointExtension>
            <ns3:hr>84</ns3:hr>
          </ns3:TrackPointExtension>
        </extensions>
      </trkpt>
      <trkpt lat="22.32737579382956027984619140625" lon="114.18537735007703304290771484375">
        <ele>19.3999996185302734375</ele>
        <time>2026-01-17T07:01:17.000Z</time>
        <extensions>
          <ns3:TrackPointExtension>
            <ns3:hr>84</ns3:hr>
          </ns3:TrackPointExtension>
        </extensions>
      </trkpt>
      <trkpt lat="22.32737679965794086456298828125" lon="114.18536729179322719573974609375">
        <ele>19.6000003814697265625</ele>
        <time>2026-01-17T07:01:18.000Z</time>
        <extensions>
          <ns3:TrackPointExtension>
            <ns3:hr>84</ns3:hr>
          </ns3:TrackPointExtension>
        </extensions>
      </trkpt>
      <trkpt lat="22.327377386391162872314453125" lon="114.185363352298736572265625">
        <ele>19.6000003814697265625</ele>
        <time>2026-01-17T07:01:19.000Z</time>
        <extensions>
          <ns3:TrackPointExtension>
            <ns3:hr>85</ns3:hr>
          </ns3:TrackPointExtension>
        </extensions>
      </trkpt>
      <trkpt lat="22.32737763784825801849365234375" lon="114.18536544777452945709228515625">
        <ele>19.6000003814697265625</ele>
        <time>2026-01-17T07:01:20.000Z</time>
        <extensions>
          <ns3:TrackPointExtension>
            <ns3:hr>85</ns3:hr>
          </ns3:TrackPointExtension>
        </extensions>
      </trkpt>
      <trkpt lat="22.32737612910568714141845703125" lon="114.1853645257651805877685546875">
        <ele>19.799999237060546875</ele>
        <time>2026-01-17T07:01:21.000Z</time>
        <extensions>
          <ns3:TrackPointExtension>
            <ns3:hr>85</ns3:hr>
          </ns3:TrackPointExtension>
        </extensions>
      </trkpt>
      <trkpt lat="22.3273743689060211181640625" lon="114.18536611832678318023681640625">
        <ele>19.799999237060546875</ele>
        <time>2026-01-17T07:01:22.000Z</time>
        <extensions>
          <ns3:TrackPointExtension>
            <ns3:hr>85</ns3:hr>
          </ns3:TrackPointExtension>
        </extensions>
      </trkpt>
      <trkpt lat="22.3273762129247188568115234375" lon="114.1853735782206058502197265625">
        <ele>19.799999237060546875</ele>
        <time>2026-01-17T07:01:23.000Z</time>
        <extensions>
          <ns3:TrackPointExtension>
            <ns3:hr>86</ns3:hr>
          </ns3:TrackPointExtension>
        </extensions>
      </trkpt>
      <trkpt lat="22.32737679965794086456298828125" lon="114.18538053520023822784423828125">
        <ele>19.799999237060546875</ele>
        <time>2026-01-17T07:01:24.000Z</time>
        <extensions>
          <ns3:TrackPointExtension>
            <ns3:hr>86</ns3:hr>
          </ns3:TrackPointExtension>
        </extensions>
      </trkpt>
      <trkpt lat="22.327376715838909149169921875" lon="114.18538606725633144378662109375">
        <ele>19.6000003814697265625</ele>
        <time>2026-01-17T07:01:25.000Z</time>
        <extensions>
          <ns3:TrackPointExtension>
            <ns3:hr>87</ns3:hr>
          </ns3:TrackPointExtension>
        </extensions>
      </trkpt>
      <trkpt lat="22.32737730257213115692138671875" lon="114.18539076112210750579833984375">
        <ele>19.6000003814697265625</ele>
        <time>2026-01-17T07:01:26.000Z</time>
        <extensions>
          <ns3:TrackPointExtension>
            <ns3:hr>87</ns3:hr>
          </ns3:TrackPointExtension>
        </extensions>
      </trkpt>
      <trkpt lat="22.32737730257213115692138671875" lon="114.1853926889598369598388671875">
        <ele>19.6000003814697265625</ele>
        <time>2026-01-17T07:01:27.000Z</time>
        <extensions>
          <ns3:TrackPointExtension>
            <ns3:hr>88</ns3:hr>
          </ns3:TrackPointExtension>
        </extensions>
      </trkpt>
      <trkpt lat="22.3273775540292263031005859375" lon="114.18539411388337612152099609375">
        <ele>19.6000003814697265625</ele>
        <time>2026-01-17T07:01:28.000Z</time>
        <extensions>
          <ns3:TrackPointExtension>
            <ns3:hr>87</ns3:hr>
          </ns3:TrackPointExtension>
        </extensions>
      </trkpt>
      <trkpt lat="22.32737772166728973388671875" lon="114.1853947006165981292724609375">
        <ele>19.6000003814697265625</ele>
        <time>2026-01-17T07:01:29.000Z</time>
        <extensions>
          <ns3:TrackPointExtension>
            <ns3:hr>87</ns3:hr>
          </ns3:TrackPointExtension>
        </extensions>
      </trkpt>
      <trkpt lat="22.3273778893053531646728515625" lon="114.1853950358927249908447265625">
        <ele>19.6000003814697265625</ele>
        <time>2026-01-17T07:01:30.000Z</time>
        <extensions>
          <ns3:TrackPointExtension>
            <ns3:hr>87</ns3:hr>
          </ns3:TrackPointExtension>
        </extensions>
      </trkpt>
      <trkpt lat="22.327378056943416595458984375" lon="114.18539511971175670623779296875">
        <ele>19.6000003814697265625</ele>
        <time>2026-01-17T07:01:31.000Z</time>
        <extensions>
          <ns3:TrackPointExtension>
            <ns3:hr>87</ns3:hr>
          </ns3:TrackPointExtension>
        </extensions>
      </trkpt>
      <trkpt lat="22.32737814076244831085205078125" lon="114.1853950358927249908447265625">
        <ele>19.799999237060546875</ele>
        <time>2026-01-17T07:01:32.000Z</time>
        <extensions>
          <ns3:TrackPointExtension>
            <ns3:hr>87</ns3:hr>
          </ns3:TrackPointExtension>
        </extensions>
      </trkpt>
      <trkpt lat="22.3273782245814800262451171875" lon="114.1853947006165981292724609375">
        <ele>19.799999237060546875</ele>
        <time>2026-01-17T07:01:33.000Z</time>
        <extensions>
          <ns3:TrackPointExtension>
            <ns3:hr>87</ns3:hr>
          </ns3:TrackPointExtension>
        </extensions>
      </trkpt>
      <trkpt lat="22.32737830840051174163818359375" lon="114.1853943653404712677001953125">
        <ele>19.799999237060546875</ele>
        <time>2026-01-17T07:01:34.000Z</time>
        <extensions>
          <ns3:TrackPointExtension>
            <ns3:hr>87</ns3:hr>
          </ns3:TrackPointExtension>
        </extensions>
      </trkpt>
      <trkpt lat="22.327378056943416595458984375" lon="114.1853903420269489288330078125">
        <ele>20</ele>
        <time>2026-01-17T07:01:35.000Z</time>
        <extensions>
          <ns3:TrackPointExtension>
            <ns3:hr>87</ns3:hr>
          </ns3:TrackPointExtension>
        </extensions>
      </trkpt>
      <trkpt lat="22.3273762129247188568115234375" lon="114.1853822953999042510986328125">
        <ele>20</ele>
        <time>2026-01-17T07:01:36.000Z</time>
        <extensions>
          <ns3:TrackPointExtension>
            <ns3:hr>86</ns3:hr>
          </ns3:TrackPointExtension>
        </extensions>
      </trkpt>
      <trkpt lat="22.327375374734401702880859375" lon="114.1853765957057476043701171875">
        <ele>20</ele>
        <time>2026-01-17T07:01:37.000Z</time>
        <extensions>
          <ns3:TrackPointExtension>
            <ns3:hr>86</ns3:hr>
          </ns3:TrackPointExtension>
        </extensions>
      </trkpt>
      <trkpt lat="22.32737394981086254119873046875" lon="114.185373075306415557861328125">
        <ele>20</ele>
        <time>2026-01-17T07:01:38.000Z</time>
        <extensions>
          <ns3:TrackPointExtension>
            <ns3:hr>84</ns3:hr>
          </ns3:TrackPointExtension>
        </extensions>
      </trkpt>
      <trkpt lat="22.327373363077640533447265625" lon="114.18536980636417865753173828125">
        <ele>20</ele>
        <time>2026-01-17T07:01:39.000Z</time>
        <extensions>
          <ns3:TrackPointExtension>
            <ns3:hr>81</ns3:hr>
          </ns3:TrackPointExtension>
        </extensions>
      </trkpt>
      <trkpt lat="22.327373027801513671875" lon="114.18536745943129062652587890625">
        <ele>20</ele>
        <time>2026-01-17T07:01:40.000Z</time>
        <extensions>
          <ns3:TrackPointExtension>
            <ns3:hr>79</ns3:hr>
          </ns3:TrackPointExtension>
        </extensions>
      </trkpt>
      <trkpt lat="22.32737311162054538726806640625" lon="114.18536595068871974945068359375">
        <ele>20</ele>
        <time>2026-01-17T07:01:41.000Z</time>
        <extensions>
          <ns3:TrackPointExtension>
            <ns3:hr>79</ns3:hr>
          </ns3:TrackPointExtension>
        </extensions>
      </trkpt>
      <trkpt lat="22.32737311162054538726806640625" lon="114.18536511249840259552001953125">
        <ele>20</ele>
        <time>2026-01-17T07:01:42.000Z</time>
        <extensions>
          <ns3:TrackPointExtension>
            <ns3:hr>79</ns3:hr>
          </ns3:TrackPointExtension>
        </extensions>
      </trkpt>
      <trkpt lat="22.32737311162054538726806640625" lon="114.1853645257651805877685546875">
        <ele>19.799999237060546875</ele>
        <time>2026-01-17T07:01:43.000Z</time>
        <extensions>
          <ns3:TrackPointExtension>
            <ns3:hr>79</ns3:hr>
          </ns3:TrackPointExtension>
        </extensions>
      </trkpt>
      <trkpt lat="22.32737311162054538726806640625" lon="114.18536402285099029541015625">
        <ele>20</ele>
        <time>2026-01-17T07:01:44.000Z</time>
        <extensions>
          <ns3:TrackPointExtension>
            <ns3:hr>79</ns3:hr>
          </ns3:TrackPointExtension>
        </extensions>
      </trkpt>
      <trkpt lat="22.32737311162054538726806640625" lon="114.185363687574863433837890625">
        <ele>20</ele>
        <time>2026-01-17T07:01:45.000Z</time>
        <extensions>
          <ns3:TrackPointExtension>
            <ns3:hr>79</ns3:hr>
          </ns3:TrackPointExtension>
        </extensions>
      </trkpt>
      <trkpt lat="22.3273731954395771026611328125" lon="114.185363352298736572265625">
        <ele>20</ele>
        <time>2026-01-17T07:01:46.000Z</time>
        <extensions>
          <ns3:TrackPointExtension>
            <ns3:hr>79</ns3:hr>
          </ns3:TrackPointExtension>
        </extensions>
      </trkpt>
      <trkpt lat="22.32737311162054538726806640625" lon="114.18536310084164142608642578125">
        <ele>20.200000762939453125</ele>
        <time>2026-01-17T07:01:47.000Z</time>
        <extensions>
          <ns3:TrackPointExtension>
            <ns3:hr>80</ns3:hr>
          </ns3:TrackPointExtension>
        </extensions>
      </trkpt>
      <trkpt lat="22.32737311162054538726806640625" lon="114.1853628493845462799072265625">
        <ele>20.200000762939453125</ele>
        <time>2026-01-17T07:01:48.000Z</time>
        <extensions>
          <ns3:TrackPointExtension>
            <ns3:hr>79</ns3:hr>
          </ns3:TrackPointExtension>
        </extensions>
      </trkpt>
      <trkpt lat="22.327373027801513671875" lon="114.18536268174648284912109375">
        <ele>20.200000762939453125</ele>
        <time>2026-01-17T07:01:49.000Z</time>
        <extensions>
          <ns3:TrackPointExtension>
            <ns3:hr>79</ns3:hr>
          </ns3:TrackPointExtension>
        </extensions>
      </trkpt>
      <trkpt lat="22.3273728601634502410888671875" lon="114.1853625141084194183349609375">
        <ele>20</ele>
        <time>2026-01-17T07:01:50.000Z</time>
        <extensions>
          <ns3:TrackPointExtension>
            <ns3:hr>80</ns3:hr>
          </ns3:TrackPointExtension>
        </extensions>
      </trkpt>
      <trkpt lat="22.3273725248873233795166015625" lon="114.18536243028938770294189453125">
        <ele>20</ele>
        <time>2026-01-17T07:01:51.000Z</time>
        <extensions>
          <ns3:TrackPointExtension>
            <ns3:hr>79</ns3:hr>
          </ns3:TrackPointExtension>
        </extensions>
      </trkpt>
      <trkpt lat="22.3273718543350696563720703125" lon="114.18536243028938770294189453125">
        <ele>20</ele>
        <time>2026-01-17T07:01:52.000Z</time>
        <extensions>
          <ns3:TrackPointExtension>
            <ns3:hr>78</ns3:hr>
          </ns3:TrackPointExtension>
        </extensions>
      </trkpt>
      <trkpt lat="22.3273705132305622100830078125" lon="114.18536259792745113372802734375">
        <ele>20</ele>
        <time>2026-01-17T07:01:53.000Z</time>
        <extensions>
          <ns3:TrackPointExtension>
            <ns3:hr>77</ns3:hr>
          </ns3:TrackPointExtension>
        </extensions>
      </trkpt>
      <trkpt lat="22.3273674957454204559326171875" lon="114.185363352298736572265625">
        <ele>20</ele>
        <time>2026-01-17T07:01:54.000Z</time>
        <extensions>
          <ns3:TrackPointExtension>
            <ns3:hr>75</ns3:hr>
          </ns3:TrackPointExtension>
        </extensions>
      </trkpt>
      <trkpt lat="22.32736221514642238616943359375" lon="114.18536377139389514923095703125">
        <ele>20</ele>
        <time>2026-01-17T07:01:55.000Z</time>
        <extensions>
          <ns3:TrackPointExtension>
            <ns3:hr>74</ns3:hr>
          </ns3:TrackPointExtension>
        </extensions>
      </trkpt>
      <trkpt lat="22.32735014520585536956787109375" lon="114.18536460958421230316162109375">
        <ele>20</ele>
        <time>2026-01-17T07:01:56.000Z</time>
        <extensions>
          <ns3:TrackPointExtension>
            <ns3:hr>72</ns3:hr>
          </ns3:TrackPointExtension>
        </extensions>
      </trkpt>
      <trkpt lat="22.3273312859237194061279296875" lon="114.185363687574863433837890625">
        <ele>20</ele>
        <time>2026-01-17T07:01:57.000Z</time>
        <extensions>
          <ns3:TrackPointExtension>
            <ns3:hr>72</ns3:hr>
          </ns3:TrackPointExtension>
        </extensions>
      </trkpt>
      <trkpt lat="22.32731468975543975830078125" lon="114.1853620111942291259765625">
        <ele>20</ele>
        <time>2026-01-17T07:01:58.000Z</time>
        <extensions>
          <ns3:TrackPointExtension>
            <ns3:hr>72</ns3:hr>
          </ns3:TrackPointExtension>
        </extensions>
      </trkpt>
      <trkpt lat="22.32730153016746044158935546875" lon="114.1853608377277851104736328125">
        <ele>20</ele>
        <time>2026-01-17T07:01:59.000Z</time>
        <extensions>
          <ns3:TrackPointExtension>
            <ns3:hr>72</ns3:hr>
          </ns3:TrackPointExtension>
        </extensions>
      </trkpt>
      <trkpt lat="22.3272856883704662322998046875" lon="114.18536058627068996429443359375">
        <ele>20</ele>
        <time>2026-01-17T07:02:00.000Z</time>
        <extensions>
          <ns3:TrackPointExtension>
            <ns3:hr>73</ns3:hr>
          </ns3:TrackPointExtension>
        </extensions>
      </trkpt>
      <trkpt lat="22.32726850546896457672119140625" lon="114.1853618435561656951904296875">
        <ele>20</ele>
        <time>2026-01-17T07:02:01.000Z</time>
        <extensions>
          <ns3:TrackPointExtension>
            <ns3:hr>73</ns3:hr>
          </ns3:TrackPointExtension>
        </extensions>
      </trkpt>
      <trkpt lat="22.32725475914776325225830078125" lon="114.18536611832678318023681640625">
        <ele>20</ele>
        <time>2026-01-17T07:02:02.000Z</time>
        <extensions>
          <ns3:TrackPointExtension>
            <ns3:hr>73</ns3:hr>
          </ns3:TrackPointExtension>
        </extensions>
      </trkpt>
      <trkpt lat="22.3272404260933399200439453125" lon="114.18537165038287639617919921875">
        <ele>20</ele>
        <time>2026-01-17T07:02:03.000Z</time>
        <extensions>
          <ns3:TrackPointExtension>
            <ns3:hr>73</ns3:hr>
          </ns3:TrackPointExtension>
        </extensions>
      </trkpt>
      <trkpt lat="22.3272263444960117340087890625" lon="114.18537852354347705841064453125">
        <ele>19.799999237060546875</ele>
        <time>2026-01-17T07:02:04.000Z</time>
        <extensions>
          <ns3:TrackPointExtension>
            <ns3:hr>73</ns3:hr>
          </ns3:TrackPointExtension>
        </extensions>
      </trkpt>
      <trkpt lat="22.32721502892673015594482421875" lon="114.18538589961826801300048828125">
        <ele>19.799999237060546875</ele>
        <time>2026-01-17T07:02:05.000Z</time>
        <extensions>
          <ns3:TrackPointExtension>
            <ns3:hr>74</ns3:hr>
          </ns3:TrackPointExtension>
        </extensions>
      </trkpt>
      <trkpt lat="22.3272025398910045623779296875" lon="114.18539377860724925994873046875">
        <ele>19.799999237060546875</ele>
        <time>2026-01-17T07:02:06.000Z</time>
        <extensions>
          <ns3:TrackPointExtension>
            <ns3:hr>74</ns3:hr>
          </ns3:TrackPointExtension>
        </extensions>
      </trkpt>
      <trkpt lat="22.32719155959784984588623046875" lon="114.18539713136851787567138671875">
        <ele>19.799999237060546875</ele>
        <time>2026-01-17T07:02:07.000Z</time>
        <extensions>
          <ns3:TrackPointExtension>
            <ns3:hr>74</ns3:hr>
          </ns3:TrackPointExtension>
        </extensions>
      </trkpt>
      <trkpt lat="22.327178232371807098388671875" lon="114.18539964593946933746337890625">
        <ele>19.799999237060546875</ele>
        <time>2026-01-17T07:02:08.000Z</time>
        <extensions>
          <ns3:TrackPointExtension>
            <ns3:hr>74</ns3:hr>
          </ns3:TrackPointExtension>
        </extensions>
      </trkpt>
      <trkpt lat="22.3271649889647960662841796875" lon="114.18540098704397678375244140625">
        <ele>19.799999237060546875</ele>
        <time>2026-01-17T07:02:09.000Z</time>
        <extensions>
          <ns3:TrackPointExtension>
            <ns3:hr>74</ns3:hr>
          </ns3:TrackPointExtension>
        </extensions>
      </trkpt>
      <trkpt lat="22.3271571099758148193359375" lon="114.1854024119675159454345703125">
        <ele>19.799999237060546875</ele>
        <time>2026-01-17T07:02:10.000Z</time>
        <extensions>
          <ns3:TrackPointExtension>
            <ns3:hr>75</ns3:hr>
          </ns3:TrackPointExtension>
        </extensions>
      </trkpt>
      <trkpt lat="22.3271519131958484649658203125" lon="114.18540425598621368408203125">
        <ele>20</ele>
        <time>2026-01-17T07:02:11.000Z</time>
        <extensions>
          <ns3:TrackPointExtension>
            <ns3:hr>75</ns3:hr>
          </ns3:TrackPointExtension>
        </extensions>
      </trkpt>
      <trkpt lat="22.32714780606329441070556640625" lon="114.1854067705571651458740234375">
        <ele>20</ele>
        <time>2026-01-17T07:02:12.000Z</time>
        <extensions>
          <ns3:TrackPointExtension>
            <ns3:hr>76</ns3:hr>
          </ns3:TrackPointExtension>
        </extensions>
      </trkpt>
      <trkpt lat="22.32714571058750152587890625" lon="114.18540685437619686126708984375">
        <ele>20</ele>
        <time>2026-01-17T07:02:13.000Z</time>
        <extensions>
          <ns3:TrackPointExtension>
            <ns3:hr>76</ns3:hr>
          </ns3:TrackPointExtension>
        </extensions>
      </trkpt>
      <trkpt lat="22.32714462094008922576904296875" lon="114.18540702201426029205322265625">
        <ele>20</ele>
        <time>2026-01-17T07:02:14.000Z</time>
        <extensions>
          <ns3:TrackPointExtension>
            <ns3:hr>77</ns3:hr>
          </ns3:TrackPointExtension>
        </extensions>
      </trkpt>
      <trkpt lat="22.3271438665688037872314453125" lon="114.18540735729038715362548828125">
        <ele>19.799999237060546875</ele>
        <time>2026-01-17T07:02:15.000Z</time>
        <extensions>
          <ns3:TrackPointExtension>
            <ns3:hr>77</ns3:hr>
          </ns3:TrackPointExtension>
        </extensions>
      </trkpt>
      <trkpt lat="22.3271435312926769256591796875" lon="114.185407273471355438232421875">
        <ele>19.799999237060546875</ele>
        <time>2026-01-17T07:02:16.000Z</time>
        <extensions>
          <ns3:TrackPointExtension>
            <ns3:hr>77</ns3:hr>
          </ns3:TrackPointExtension>
        </extensions>
      </trkpt>
      <trkpt lat="22.327143363654613494873046875" lon="114.18540735729038715362548828125">
        <ele>19.799999237060546875</ele>
        <time>2026-01-17T07:02:17.000Z</time>
        <extensions>
          <ns3:TrackPointExtension>
            <ns3:hr>76</ns3:hr>
          </ns3:TrackPointExtension>
        </extensions>
      </trkpt>
      <trkpt lat="22.32714327983558177947998046875" lon="114.1854074411094188690185546875">
        <ele>19.799999237060546875</ele>
        <time>2026-01-17T07:02:18.000Z</time>
        <extensions>
          <ns3:TrackPointExtension>
            <ns3:hr>76</ns3:hr>
          </ns3:TrackPointExtension>
        </extensions>
      </trkpt>
      <trkpt lat="22.3271431960165500640869140625" lon="114.18540752492845058441162109375">
        <ele>20</ele>
        <time>2026-01-17T07:02:19.000Z</time>
        <extensions>
          <ns3:TrackPointExtension>
            <ns3:hr>75</ns3:hr>
          </ns3:TrackPointExtension>
        </extensions>
      </trkpt>
      <trkpt lat="22.3271431960165500640869140625" lon="114.1854076087474822998046875">
        <ele>20</ele>
        <time>2026-01-17T07:02:20.000Z</time>
        <extensions>
          <ns3:TrackPointExtension>
            <ns3:hr>74</ns3:hr>
          </ns3:TrackPointExtension>
        </extensions>
      </trkpt>
      <trkpt lat="22.3271431960165500640869140625" lon="114.1854076087474822998046875">
        <ele>20</ele>
        <time>2026-01-17T07:02:21.000Z</time>
        <extensions>
          <ns3:TrackPointExtension>
            <ns3:hr>73</ns3:hr>
          </ns3:TrackPointExtension>
        </extensions>
      </trkpt>
      <trkpt lat="22.3271431960165500640869140625" lon="114.1854076087474822998046875">
        <ele>20</ele>
        <time>2026-01-17T07:02:22.000Z</time>
        <extensions>
          <ns3:TrackPointExtension>
            <ns3:hr>72</ns3:hr>
          </ns3:TrackPointExtension>
        </extensions>
      </trkpt>
      <trkpt lat="22.3271431960165500640869140625" lon="114.18540752492845058441162109375">
        <ele>20</ele>
        <time>2026-01-17T07:02:23.000Z</time>
        <extensions>
          <ns3:TrackPointExtension>
            <ns3:hr>72</ns3:hr>
          </ns3:TrackPointExtension>
        </extensions>
      </trkpt>
      <trkpt lat="22.32714327983558177947998046875" lon="114.185407273471355438232421875">
        <ele>19.799999237060546875</ele>
        <time>2026-01-17T07:02:24.000Z</time>
        <extensions>
          <ns3:TrackPointExtension>
            <ns3:hr>72</ns3:hr>
          </ns3:TrackPointExtension>
        </extensions>
      </trkpt>
      <trkpt lat="22.327143363654613494873046875" lon="114.18540702201426029205322265625">
        <ele>19.799999237060546875</ele>
        <time>2026-01-17T07:02:25.000Z</time>
        <extensions>
          <ns3:TrackPointExtension>
            <ns3:hr>72</ns3:hr>
          </ns3:TrackPointExtension>
        </extensions>
      </trkpt>
      <trkpt lat="22.327143363654613494873046875" lon="114.1854067705571651458740234375">
        <ele>19.799999237060546875</ele>
        <time>2026-01-17T07:02:26.000Z</time>
        <extensions>
          <ns3:TrackPointExtension>
            <ns3:hr>72</ns3:hr>
          </ns3:TrackPointExtension>
        </extensions>
      </trkpt>
      <trkpt lat="22.32714344747364521026611328125" lon="114.1854064352810382843017578125">
        <ele>19.799999237060546875</ele>
        <time>2026-01-17T07:02:27.000Z</time>
        <extensions>
          <ns3:TrackPointExtension>
            <ns3:hr>73</ns3:hr>
          </ns3:TrackPointExtension>
        </extensions>
      </trkpt>
      <trkpt lat="22.3271435312926769256591796875" lon="114.1854061000049114227294921875">
        <ele>19.799999237060546875</ele>
        <time>2026-01-17T07:02:28.000Z</time>
        <extensions>
          <ns3:TrackPointExtension>
            <ns3:hr>73</ns3:hr>
          </ns3:TrackPointExtension>
        </extensions>
      </trkpt>
      <trkpt lat="22.3271436989307403564453125" lon="114.1854057647287845611572265625">
        <ele>19.799999237060546875</ele>
        <time>2026-01-17T07:02:29.000Z</time>
        <extensions>
          <ns3:TrackPointExtension>
            <ns3:hr>73</ns3:hr>
          </ns3:TrackPointExtension>
        </extensions>
      </trkpt>
      <trkpt lat="22.32714378274977207183837890625" lon="114.1854054294526576995849609375">
        <ele>19.799999237060546875</ele>
        <time>2026-01-17T07:02:30.000Z</time>
        <extensions>
          <ns3:TrackPointExtension>
            <ns3:hr>73</ns3:hr>
          </ns3:TrackPointExtension>
        </extensions>
      </trkpt>
      <trkpt lat="22.3271438665688037872314453125" lon="114.1854050941765308380126953125">
        <ele>19.799999237060546875</ele>
        <time>2026-01-17T07:02:31.000Z</time>
        <extensions>
          <ns3:TrackPointExtension>
            <ns3:hr>73</ns3:hr>
          </ns3:TrackPointExtension>
        </extensions>
      </trkpt>
      <trkpt lat="22.32714395038783550262451171875" lon="114.1854047589004039764404296875">
        <ele>19.799999237060546875</ele>
        <time>2026-01-17T07:02:32.000Z</time>
        <extensions>
          <ns3:TrackPointExtension>
            <ns3:hr>73</ns3:hr>
          </ns3:TrackPointExtension>
        </extensions>
      </trkpt>
      <trkpt lat="22.327144034206867218017578125" lon="114.18540433980524539947509765625">
        <ele>19.799999237060546875</ele>
        <time>2026-01-17T07:02:33.000Z</time>
        <extensions>
          <ns3:TrackPointExtension>
            <ns3:hr>72</ns3:hr>
          </ns3:TrackPointExtension>
        </extensions>
      </trkpt>
      <trkpt lat="22.3271442018449306488037109375" lon="114.18540400452911853790283203125">
        <ele>19.799999237060546875</ele>
        <time>2026-01-17T07:02:34.000Z</time>
        <extensions>
          <ns3:TrackPointExtension>
            <ns3:hr>72</ns3:hr>
          </ns3:TrackPointExtension>
        </extensions>
      </trkpt>
      <trkpt lat="22.32714428566396236419677734375" lon="114.18540366925299167633056640625">
        <ele>19.799999237060546875</ele>
        <time>2026-01-17T07:02:35.000Z</time>
        <extensions>
          <ns3:TrackPointExtension>
            <ns3:hr>72</ns3:hr>
          </ns3:TrackPointExtension>
        </extensions>
      </trkpt>
      <trkpt lat="22.32714436948299407958984375" lon="114.18540333397686481475830078125">
        <ele>20</ele>
        <time>2026-01-17T07:02:36.000Z</time>
        <extensions>
          <ns3:TrackPointExtension>
            <ns3:hr>72</ns3:hr>
          </ns3:TrackPointExtension>
        </extensions>
      </trkpt>
      <trkpt lat="22.32714445330202579498291015625" lon="114.18540299870073795318603515625">
        <ele>20</ele>
        <time>2026-01-17T07:02:37.000Z</time>
        <extensions>
          <ns3:TrackPointExtension>
            <ns3:hr>72</ns3:hr>
          </ns3:TrackPointExtension>
        </extensions>
      </trkpt>
      <trkpt lat="22.32714462094008922576904296875" lon="114.18540266342461109161376953125">
        <ele>20</ele>
        <time>2026-01-17T07:02:38.000Z</time>
        <extensions>
          <ns3:TrackPointExtension>
            <ns3:hr>72</ns3:hr>
          </ns3:TrackPointExtension>
        </extensions>
      </trkpt>
      <trkpt lat="22.327144704759120941162109375" lon="114.1854024119675159454345703125">
        <ele>20</ele>
        <time>2026-01-17T07:02:39.000Z</time>
        <extensions>
          <ns3:TrackPointExtension>
            <ns3:hr>71</ns3:hr>
          </ns3:TrackPointExtension>
        </extensions>
      </trkpt>
      <trkpt lat="22.32714478857815265655517578125" lon="114.1854020766913890838623046875">
        <ele>20</ele>
        <time>2026-01-17T07:02:40.000Z</time>
        <extensions>
          <ns3:TrackPointExtension>
            <ns3:hr>71</ns3:hr>
          </ns3:TrackPointExtension>
        </extensions>
      </trkpt>
      <trkpt lat="22.3271448723971843719482421875" lon="114.1854017414152622222900390625">
        <ele>20</ele>
        <time>2026-01-17T07:02:41.000Z</time>
        <extensions>
          <ns3:TrackPointExtension>
            <ns3:hr>71</ns3:hr>
          </ns3:TrackPointExtension>
        </extensions>
      </trkpt>
      <trkpt lat="22.327145040035247802734375" lon="114.1854014061391353607177734375">
        <ele>20</ele>
        <time>2026-01-17T07:02:42.000Z</time>
        <extensions>
          <ns3:TrackPointExtension>
            <ns3:hr>72</ns3:hr>
          </ns3:TrackPointExtension>
        </extensions>
      </trkpt>
      <trkpt lat="22.32714512385427951812744140625" lon="114.1854010708630084991455078125">
        <ele>19.799999237060546875</ele>
        <time>2026-01-17T07:02:43.000Z</time>
        <extensions>
          <ns3:TrackPointExtension>
            <ns3:hr>71</ns3:hr>
          </ns3:TrackPointExtension>
        </extensions>
      </trkpt>
      <trkpt lat="22.3271452076733112335205078125" lon="114.18540081940591335296630859375">
        <ele>19.799999237060546875</ele>
        <time>2026-01-17T07:02:44.000Z</time>
        <extensions>
          <ns3:TrackPointExtension>
            <ns3:hr>72</ns3:hr>
          </ns3:TrackPointExtension>
        </extensions>
      </trkpt>
      <trkpt lat="22.32714529149234294891357421875" lon="114.18540048412978649139404296875">
        <ele>19.799999237060546875</ele>
        <time>2026-01-17T07:02:45.000Z</time>
        <extensions>
          <ns3:TrackPointExtension>
            <ns3:hr>72</ns3:hr>
          </ns3:TrackPointExtension>
        </extensions>
      </trkpt>
      <trkpt lat="22.32714545913040637969970703125" lon="114.18540014885365962982177734375">
        <ele>19.799999237060546875</ele>
        <time>2026-01-17T07:02:46.000Z</time>
        <extensions>
          <ns3:TrackPointExtension>
            <ns3:hr>71</ns3:hr>
          </ns3:TrackPointExtension>
        </extensions>
      </trkpt>
      <trkpt lat="22.3271455429494380950927734375" lon="114.18539981357753276824951171875">
        <ele>19.799999237060546875</ele>
        <time>2026-01-17T07:02:47.000Z</time>
        <extensions>
          <ns3:TrackPointExtension>
            <ns3:hr>70</ns3:hr>
          </ns3:TrackPointExtension>
        </extensions>
      </trkpt>
      <trkpt lat="22.32714562676846981048583984375" lon="114.1853995621204376220703125">
        <ele>19.799999237060546875</ele>
        <time>2026-01-17T07:02:48.000Z</time>
        <extensions>
          <ns3:TrackPointExtension>
            <ns3:hr>69</ns3:hr>
          </ns3:TrackPointExtension>
        </extensions>
      </trkpt>
      <trkpt lat="22.32714571058750152587890625" lon="114.185399226844310760498046875">
        <ele>19.799999237060546875</ele>
        <time>2026-01-17T07:02:49.000Z</time>
        <extensions>
          <ns3:TrackPointExtension>
            <ns3:hr>68</ns3:hr>
          </ns3:TrackPointExtension>
        </extensions>
      </trkpt>
      <trkpt lat="22.32714579440653324127197265625" lon="114.18539897538721561431884765625">
        <ele>19.799999237060546875</ele>
        <time>2026-01-17T07:02:50.000Z</time>
        <extensions>
          <ns3:TrackPointExtension>
            <ns3:hr>67</ns3:hr>
          </ns3:TrackPointExtension>
        </extensions>
      </trkpt>
      <trkpt lat="22.32714596204459667205810546875" lon="114.18539864011108875274658203125">
        <ele>19.799999237060546875</ele>
        <time>2026-01-17T07:02:51.000Z</time>
        <extensions>
          <ns3:TrackPointExtension>
            <ns3:hr>67</ns3:hr>
          </ns3:TrackPointExtension>
        </extensions>
      </trkpt>
      <trkpt lat="22.327146045863628387451171875" lon="114.1853983886539936065673828125">
        <ele>19.799999237060546875</ele>
        <time>2026-01-17T07:02:52.000Z</time>
        <extensions>
          <ns3:TrackPointExtension>
            <ns3:hr>67</ns3:hr>
          </ns3:TrackPointExtension>
        </extensions>
      </trkpt>
      <trkpt lat="22.32714612968266010284423828125" lon="114.1853980533778667449951171875">
        <ele>19.799999237060546875</ele>
        <time>2026-01-17T07:02:53.000Z</time>
        <extensions>
          <ns3:TrackPointExtension>
            <ns3:hr>67</ns3:hr>
          </ns3:TrackPointExtension>
        </extensions>
      </trkpt>
      <trkpt lat="22.3271462135016918182373046875" lon="114.18539780192077159881591796875">
        <ele>19.799999237060546875</ele>
        <time>2026-01-17T07:02:54.000Z</time>
        <extensions>
          <ns3:TrackPointExtension>
            <ns3:hr>67</ns3:hr>
          </ns3:TrackPointExtension>
        </extensions>
      </trkpt>
      <trkpt lat="22.32714629732072353363037109375" lon="114.18539755046367645263671875">
        <ele>19.799999237060546875</ele>
        <time>2026-01-17T07:02:55.000Z</time>
        <extensions>
          <ns3:TrackPointExtension>
            <ns3:hr>67</ns3:hr>
          </ns3:TrackPointExtension>
        </extensions>
      </trkpt>
      <trkpt lat="22.3271463811397552490234375" lon="114.18539729900658130645751953125">
        <ele>19.799999237060546875</ele>
        <time>2026-01-17T07:02:56.000Z</time>
        <extensions>
          <ns3:TrackPointExtension>
            <ns3:hr>67</ns3:hr>
          </ns3:TrackPointExtension>
        </extensions>
      </trkpt>
      <trkpt lat="22.32714646495878696441650390625" lon="114.1853970475494861602783203125">
        <ele>19.799999237060546875</ele>
        <time>2026-01-17T07:02:57.000Z</time>
        <extensions>
          <ns3:TrackPointExtension>
            <ns3:hr>67</ns3:hr>
          </ns3:TrackPointExtension>
        </extensions>
      </trkpt>
      <trkpt lat="22.3271465487778186798095703125" lon="114.1853968799114227294921875">
        <ele>19.799999237060546875</ele>
        <time>2026-01-17T07:02:58.000Z</time>
        <extensions>
          <ns3:TrackPointExtension>
            <ns3:hr>67</ns3:hr>
          </ns3:TrackPointExtension>
        </extensions>
      </trkpt>
      <trkpt lat="22.32714663259685039520263671875" lon="114.18539662845432758331298828125">
        <ele>19.799999237060546875</ele>
        <time>2026-01-17T07:02:59.000Z</time>
        <extensions>
          <ns3:TrackPointExtension>
            <ns3:hr>67</ns3:hr>
          </ns3:TrackPointExtension>
        </extensions>
      </trkpt>
      <trkpt lat="22.327146716415882110595703125" lon="114.18539646081626415252685546875">
        <ele>19.799999237060546875</ele>
        <time>2026-01-17T07:03:00.000Z</time>
        <extensions>
          <ns3:TrackPointExtension>
            <ns3:hr>67</ns3:hr>
          </ns3:TrackPointExtension>
        </extensions>
      </trkpt>
      <trkpt lat="22.327146716415882110595703125" lon="114.18539629317820072174072265625">
        <ele>19.799999237060546875</ele>
        <time>2026-01-17T07:03:01.000Z</time>
        <extensions>
          <ns3:TrackPointExtension>
            <ns3:hr>67</ns3:hr>
          </ns3:TrackPointExtension>
        </extensions>
      </trkpt>
      <trkpt lat="22.327146716415882110595703125" lon="114.18539620935916900634765625">
        <ele>19.799999237060546875</ele>
        <time>2026-01-17T07:03:02.000Z</time>
        <extensions>
          <ns3:TrackPointExtension>
            <ns3:hr>68</ns3:hr>
          </ns3:TrackPointExtension>
        </extensions>
      </trkpt>
      <trkpt lat="22.32714663259685039520263671875" lon="114.18539612554013729095458984375">
        <ele>19.799999237060546875</ele>
        <time>2026-01-17T07:03:03.000Z</time>
        <extensions>
          <ns3:TrackPointExtension>
            <ns3:hr>68</ns3:hr>
          </ns3:TrackPointExtension>
        </extensions>
      </trkpt>
      <trkpt lat="22.3271465487778186798095703125" lon="114.1853960417211055755615234375">
        <ele>19.799999237060546875</ele>
        <time>2026-01-17T07:03:04.000Z</time>
        <extensions>
          <ns3:TrackPointExtension>
            <ns3:hr>68</ns3:hr>
          </ns3:TrackPointExtension>
        </extensions>
      </trkpt>
      <trkpt lat="22.3271462135016918182373046875" lon="114.1853960417211055755615234375">
        <ele>19.799999237060546875</ele>
        <time>2026-01-17T07:03:05.000Z</time>
        <extensions>
          <ns3:TrackPointExtension>
            <ns3:hr>69</ns3:hr>
          </ns3:TrackPointExtension>
        </extensions>
      </trkpt>
      <trkpt lat="22.32714571058750152587890625" lon="114.1853960417211055755615234375">
        <ele>19.799999237060546875</ele>
        <time>2026-01-17T07:03:06.000Z</time>
        <extensions>
          <ns3:TrackPointExtension>
            <ns3:hr>70</ns3:hr>
          </ns3:TrackPointExtension>
        </extensions>
      </trkpt>
      <trkpt lat="22.32714462094008922576904296875" lon="114.18539620935916900634765625">
        <ele>19.799999237060546875</ele>
        <time>2026-01-17T07:03:07.000Z</time>
        <extensions>
          <ns3:TrackPointExtension>
            <ns3:hr>70</ns3:hr>
          </ns3:TrackPointExtension>
        </extensions>
      </trkpt>
      <trkpt lat="22.32714227400720119476318359375" lon="114.18539662845432758331298828125">
        <ele>19.799999237060546875</ele>
        <time>2026-01-17T07:03:08.000Z</time>
        <extensions>
          <ns3:TrackPointExtension>
            <ns3:hr>70</ns3:hr>
          </ns3:TrackPointExtension>
        </extensions>
      </trkpt>
      <trkpt lat="22.32713774777948856353759765625" lon="114.18539746664464473724365234375">
        <ele>19.799999237060546875</ele>
        <time>2026-01-17T07:03:09.000Z</time>
        <extensions>
          <ns3:TrackPointExtension>
            <ns3:hr>70</ns3:hr>
          </ns3:TrackPointExtension>
        </extensions>
      </trkpt>
      <trkpt lat="22.3271274380385875701904296875" lon="114.185400903224945068359375">
        <ele>19.799999237060546875</ele>
        <time>2026-01-17T07:03:10.000Z</time>
        <extensions>
          <ns3:TrackPointExtension>
            <ns3:hr>70</ns3:hr>
          </ns3:TrackPointExtension>
        </extensions>
      </trkpt>
      <trkpt lat="22.32711243443191051483154296875" lon="114.1854027472436428070068359375">
        <ele>20</ele>
        <time>2026-01-17T07:03:11.000Z</time>
        <extensions>
          <ns3:TrackPointExtension>
            <ns3:hr>71</ns3:hr>
          </ns3:TrackPointExtension>
        </extensions>
      </trkpt>
      <trkpt lat="22.32710120268166065216064453125" lon="114.18540425598621368408203125">
        <ele>20</ele>
        <time>2026-01-17T07:03:12.000Z</time>
        <extensions>
          <ns3:TrackPointExtension>
            <ns3:hr>71</ns3:hr>
          </ns3:TrackPointExtension>
        </extensions>
      </trkpt>
      <trkpt lat="22.3270918987691402435302734375" lon="114.1854071058332920074462890625">
        <ele>19.799999237060546875</ele>
        <time>2026-01-17T07:03:13.000Z</time>
        <extensions>
          <ns3:TrackPointExtension>
            <ns3:hr>70</ns3:hr>
          </ns3:TrackPointExtension>
        </extensions>
      </trkpt>
      <trkpt lat="22.32708410359919071197509765625" lon="114.18540987186133861541748046875">
        <ele>19.799999237060546875</ele>
        <time>2026-01-17T07:03:14.000Z</time>
        <extensions>
          <ns3:TrackPointExtension>
            <ns3:hr>69</ns3:hr>
          </ns3:TrackPointExtension>
        </extensions>
      </trkpt>
      <trkpt lat="22.32707756571471691131591796875" lon="114.18541171588003635406494140625">
        <ele>20</ele>
        <time>2026-01-17T07:03:15.000Z</time>
        <extensions>
          <ns3:TrackPointExtension>
            <ns3:hr>69</ns3:hr>
          </ns3:TrackPointExtension>
        </extensions>
      </trkpt>
      <trkpt lat="22.3270747996866703033447265625" lon="114.18541171588003635406494140625">
        <ele>20</ele>
        <time>2026-01-17T07:03:16.000Z</time>
        <extensions>
          <ns3:TrackPointExtension>
            <ns3:hr>69</ns3:hr>
          </ns3:TrackPointExtension>
        </extensions>
      </trkpt>
      <trkpt lat="22.32707387767732143402099609375" lon="114.18541096150875091552734375">
        <ele>20</ele>
        <time>2026-01-17T07:03:17.000Z</time>
        <extensions>
          <ns3:TrackPointExtension>
            <ns3:hr>70</ns3:hr>
          </ns3:TrackPointExtension>
        </extensions>
      </trkpt>
      <trkpt lat="22.327072285115718841552734375" lon="114.185412637889385223388671875">
        <ele>20.200000762939453125</ele>
        <time>2026-01-17T07:03:18.000Z</time>
        <extensions>
          <ns3:TrackPointExtension>
            <ns3:hr>69</ns3:hr>
          </ns3:TrackPointExtension>
        </extensions>
      </trkpt>
      <trkpt lat="22.327070944011211395263671875" lon="114.18541339226067066192626953125">
        <ele>20.200000762939453125</ele>
        <time>2026-01-17T07:03:19.000Z</time>
        <extensions>
          <ns3:TrackPointExtension>
            <ns3:hr>69</ns3:hr>
          </ns3:TrackPointExtension>
        </extensions>
      </trkpt>
      <trkpt lat="22.32706951908767223358154296875" lon="114.18541590683162212371826171875">
        <ele>20</ele>
        <time>2026-01-17T07:03:20.000Z</time>
        <extensions>
          <ns3:TrackPointExtension>
            <ns3:hr>69</ns3:hr>
          </ns3:TrackPointExtension>
        </extensions>
      </trkpt>
      <trkpt lat="22.32706298120319843292236328125" lon="114.18541993014514446258544921875">
        <ele>20</ele>
        <time>2026-01-17T07:03:21.000Z</time>
        <extensions>
          <ns3:TrackPointExtension>
            <ns3:hr>69</ns3:hr>
          </ns3:TrackPointExtension>
        </extensions>
      </trkpt>
      <trkpt lat="22.32705577276647090911865234375" lon="114.18542378582060337066650390625">
        <ele>20</ele>
        <time>2026-01-17T07:03:22.000Z</time>
        <extensions>
          <ns3:TrackPointExtension>
            <ns3:hr>70</ns3:hr>
          </ns3:TrackPointExtension>
        </extensions>
      </trkpt>
      <trkpt lat="22.3270498216152191162109375" lon="114.1854282282292842864990234375">
        <ele>19.799999237060546875</ele>
        <time>2026-01-17T07:03:23.000Z</time>
        <extensions>
          <ns3:TrackPointExtension>
            <ns3:hr>71</ns3:hr>
          </ns3:TrackPointExtension>
        </extensions>
      </trkpt>
      <trkpt lat="22.327046133577823638916015625" lon="114.18543241918087005615234375">
        <ele>19.799999237060546875</ele>
        <time>2026-01-17T07:03:24.000Z</time>
        <extensions>
          <ns3:TrackPointExtension>
            <ns3:hr>72</ns3:hr>
          </ns3:TrackPointExtension>
        </extensions>
      </trkpt>
      <trkpt lat="22.32704370282590389251708984375" lon="114.18543652631342411041259765625">
        <ele>20</ele>
        <time>2026-01-17T07:03:25.000Z</time>
        <extensions>
          <ns3:TrackPointExtension>
            <ns3:hr>75</ns3:hr>
          </ns3:TrackPointExtension>
        </extensions>
      </trkpt>
      <trkpt lat="22.3270402662456035614013671875" lon="114.18544046580791473388671875">
        <ele>20</ele>
        <time>2026-01-17T07:03:26.000Z</time>
        <extensions>
          <ns3:TrackPointExtension>
            <ns3:hr>75</ns3:hr>
          </ns3:TrackPointExtension>
        </extensions>
      </trkpt>
      <trkpt lat="22.3270379193127155303955078125" lon="114.18544390238821506500244140625">
        <ele>20</ele>
        <time>2026-01-17T07:03:27.000Z</time>
        <extensions>
          <ns3:TrackPointExtension>
            <ns3:hr>75</ns3:hr>
          </ns3:TrackPointExtension>
        </extensions>
      </trkpt>
      <trkpt lat="22.3270352371037006378173828125" lon="114.18544608168303966522216796875">
        <ele>20</ele>
        <time>2026-01-17T07:03:28.000Z</time>
        <extensions>
          <ns3:TrackPointExtension>
            <ns3:hr>76</ns3:hr>
          </ns3:TrackPointExtension>
        </extensions>
      </trkpt>
      <trkpt lat="22.32703230343759059906005859375" lon="114.185446165502071380615234375">
        <ele>20</ele>
        <time>2026-01-17T07:03:29.000Z</time>
        <extensions>
          <ns3:TrackPointExtension>
            <ns3:hr>76</ns3:hr>
          </ns3:TrackPointExtension>
        </extensions>
      </trkpt>
      <trkpt lat="22.327031381428241729736328125" lon="114.1854466684162616729736328125">
        <ele>20</ele>
        <time>2026-01-17T07:03:30.000Z</time>
        <extensions>
          <ns3:TrackPointExtension>
            <ns3:hr>77</ns3:hr>
          </ns3:TrackPointExtension>
        </extensions>
      </trkpt>
      <trkpt lat="22.3270310461521148681640625" lon="114.1854470036923885345458984375">
        <ele>20</ele>
        <time>2026-01-17T07:03:31.000Z</time>
        <extensions>
          <ns3:TrackPointExtension>
            <ns3:hr>77</ns3:hr>
          </ns3:TrackPointExtension>
        </extensions>
      </trkpt>
      <trkpt lat="22.32703096233308315277099609375" lon="114.18544725514948368072509765625">
        <ele>20</ele>
        <time>2026-01-17T07:03:32.000Z</time>
        <extensions>
          <ns3:TrackPointExtension>
            <ns3:hr>77</ns3:hr>
          </ns3:TrackPointExtension>
        </extensions>
      </trkpt>
      <trkpt lat="22.32703112997114658355712890625" lon="114.18544742278754711151123046875">
        <ele>20</ele>
        <time>2026-01-17T07:03:33.000Z</time>
        <extensions>
          <ns3:TrackPointExtension>
            <ns3:hr>77</ns3:hr>
          </ns3:TrackPointExtension>
        </extensions>
      </trkpt>
      <trkpt lat="22.3270315490663051605224609375" lon="114.18544742278754711151123046875">
        <ele>20</ele>
        <time>2026-01-17T07:03:34.000Z</time>
        <extensions>
          <ns3:TrackPointExtension>
            <ns3:hr>77</ns3:hr>
          </ns3:TrackPointExtension>
        </extensions>
      </trkpt>
      <trkpt lat="22.32703247107565402984619140625" lon="114.1854470036923885345458984375">
        <ele>20</ele>
        <time>2026-01-17T07:03:35.000Z</time>
        <extensions>
          <ns3:TrackPointExtension>
            <ns3:hr>78</ns3:hr>
          </ns3:TrackPointExtension>
        </extensions>
      </trkpt>
      <trkpt lat="22.32703347690403461456298828125" lon="114.18544658459722995758056640625">
        <ele>20</ele>
        <time>2026-01-17T07:03:36.000Z</time>
        <extensions>
          <ns3:TrackPointExtension>
            <ns3:hr>78</ns3:hr>
          </ns3:TrackPointExtension>
        </extensions>
      </trkpt>
      <trkpt lat="22.32703448273241519927978515625" lon="114.18544608168303966522216796875">
        <ele>20</ele>
        <time>2026-01-17T07:03:37.000Z</time>
        <extensions>
          <ns3:TrackPointExtension>
            <ns3:hr>78</ns3:hr>
          </ns3:TrackPointExtension>
        </extensions>
      </trkpt>
      <trkpt lat="22.32703548856079578399658203125" lon="114.18544557876884937286376953125">
        <ele>20</ele>
        <time>2026-01-17T07:03:38.000Z</time>
        <extensions>
          <ns3:TrackPointExtension>
            <ns3:hr>78</ns3:hr>
          </ns3:TrackPointExtension>
        </extensions>
      </trkpt>
      <trkpt lat="22.32703649438917636871337890625" lon="114.1854451596736907958984375">
        <ele>20</ele>
        <time>2026-01-17T07:03:39.000Z</time>
        <extensions>
          <ns3:TrackPointExtension>
            <ns3:hr>77</ns3:hr>
          </ns3:TrackPointExtension>
        </extensions>
      </trkpt>
      <trkpt lat="22.327037416398525238037109375" lon="114.185444824397563934326171875">
        <ele>20</ele>
        <time>2026-01-17T07:03:40.000Z</time>
        <extensions>
          <ns3:TrackPointExtension>
            <ns3:hr>77</ns3:hr>
          </ns3:TrackPointExtension>
        </extensions>
      </trkpt>
      <trkpt lat="22.32703817076981067657470703125" lon="114.18544448912143707275390625">
        <ele>20</ele>
        <time>2026-01-17T07:03:41.000Z</time>
        <extensions>
          <ns3:TrackPointExtension>
            <ns3:hr>76</ns3:hr>
          </ns3:TrackPointExtension>
        </extensions>
      </trkpt>
      <trkpt lat="22.3270385898649692535400390625" lon="114.18544440530240535736083984375">
        <ele>20</ele>
        <time>2026-01-17T07:03:42.000Z</time>
        <extensions>
          <ns3:TrackPointExtension>
            <ns3:hr>75</ns3:hr>
          </ns3:TrackPointExtension>
        </extensions>
      </trkpt>
      <trkpt lat="22.327038757503032684326171875" lon="114.1854443214833736419677734375">
        <ele>20</ele>
        <time>2026-01-17T07:03:43.000Z</time>
        <extensions>
          <ns3:TrackPointExtension>
            <ns3:hr>75</ns3:hr>
          </ns3:TrackPointExtension>
        </extensions>
      </trkpt>
      <trkpt lat="22.32703884132206439971923828125" lon="114.18544423766434192657470703125">
        <ele>20</ele>
        <time>2026-01-17T07:03:44.000Z</time>
        <extensions>
          <ns3:TrackPointExtension>
            <ns3:hr>74</ns3:hr>
          </ns3:TrackPointExtension>
        </extensions>
      </trkpt>
      <trkpt lat="22.32703867368400096893310546875" lon="114.18544423766434192657470703125">
        <ele>20</ele>
        <time>2026-01-17T07:03:45.000Z</time>
        <extensions>
          <ns3:TrackPointExtension>
            <ns3:hr>73</ns3:hr>
          </ns3:TrackPointExtension>
        </extensions>
      </trkpt>
      <trkpt lat="22.32703833840787410736083984375" lon="114.18544423766434192657470703125">
        <ele>20</ele>
        <time>2026-01-17T07:03:46.000Z</time>
        <extensions>
          <ns3:TrackPointExtension>
            <ns3:hr>72</ns3:hr>
          </ns3:TrackPointExtension>
        </extensions>
      </trkpt>
      <trkpt lat="22.3270379193127155303955078125" lon="114.185444153845310211181640625">
        <ele>20</ele>
        <time>2026-01-17T07:03:47.000Z</time>
        <extensions>
          <ns3:TrackPointExtension>
            <ns3:hr>70</ns3:hr>
          </ns3:TrackPointExtension>
        </extensions>
      </trkpt>
      <trkpt lat="22.32703716494143009185791015625" lon="114.185443818569183349609375">
        <ele>20</ele>
        <time>2026-01-17T07:03:48.000Z</time>
        <extensions>
          <ns3:TrackPointExtension>
            <ns3:hr>70</ns3:hr>
          </ns3:TrackPointExtension>
        </extensions>
      </trkpt>
      <trkpt lat="22.327036075294017791748046875" lon="114.18544256128370761871337890625">
        <ele>20</ele>
        <time>2026-01-17T07:03:49.000Z</time>
        <extensions>
          <ns3:TrackPointExtension>
            <ns3:hr>70</ns3:hr>
          </ns3:TrackPointExtension>
        </extensions>
      </trkpt>
      <trkpt lat="22.3270345665514469146728515625" lon="114.185440801084041595458984375">
        <ele>19.799999237060546875</ele>
        <time>2026-01-17T07:03:50.000Z</time>
        <extensions>
          <ns3:TrackPointExtension>
            <ns3:hr>69</ns3:hr>
          </ns3:TrackPointExtension>
        </extensions>
      </trkpt>
      <trkpt lat="22.32702962122857570648193359375" lon="114.185439459979534149169921875">
        <ele>19.799999237060546875</ele>
        <time>2026-01-17T07:03:51.000Z</time>
        <extensions>
          <ns3:TrackPointExtension>
            <ns3:hr>69</ns3:hr>
          </ns3:TrackPointExtension>
        </extensions>
      </trkpt>
      <trkpt lat="22.327021993696689605712890625" lon="114.18543870560824871063232421875">
        <ele>19.799999237060546875</ele>
        <time>2026-01-17T07:03:52.000Z</time>
        <extensions>
          <ns3:TrackPointExtension>
            <ns3:hr>69</ns3:hr>
          </ns3:TrackPointExtension>
        </extensions>
      </trkpt>
      <trkpt lat="22.3270060680806636810302734375" lon="114.185440801084041595458984375">
        <ele>19.799999237060546875</ele>
        <time>2026-01-17T07:03:53.000Z</time>
        <extensions>
          <ns3:TrackPointExtension>
            <ns3:hr>69</ns3:hr>
          </ns3:TrackPointExtension>
        </extensions>
      </trkpt>
      <trkpt lat="22.32699156738817691802978515625" lon="114.18544189073145389556884765625">
        <ele>19.799999237060546875</ele>
        <time>2026-01-17T07:03:54.000Z</time>
        <extensions>
          <ns3:TrackPointExtension>
            <ns3:hr>69</ns3:hr>
          </ns3:TrackPointExtension>
        </extensions>
      </trkpt>
      <trkpt lat="22.326977066695690155029296875" lon="114.18544373475015163421630859375">
        <ele>19.6000003814697265625</ele>
        <time>2026-01-17T07:03:55.000Z</time>
        <extensions>
          <ns3:TrackPointExtension>
            <ns3:hr>68</ns3:hr>
          </ns3:TrackPointExtension>
        </extensions>
      </trkpt>
      <trkpt lat="22.3269665054976940155029296875" lon="114.18544356711208820343017578125">
        <ele>19.6000003814697265625</ele>
        <time>2026-01-17T07:03:56.000Z</time>
        <extensions>
          <ns3:TrackPointExtension>
            <ns3:hr>69</ns3:hr>
          </ns3:TrackPointExtension>
        </extensions>
      </trkpt>
      <trkpt lat="22.3269581235945224761962890625" lon="114.185442812740802764892578125">
        <ele>19.6000003814697265625</ele>
        <time>2026-01-17T07:03:57.000Z</time>
        <extensions>
          <ns3:TrackPointExtension>
            <ns3:hr>69</ns3:hr>
          </ns3:TrackPointExtension>
        </extensions>
      </trkpt>
      <trkpt lat="22.3269504122436046600341796875" lon="114.18544205836951732635498046875">
        <ele>19.6000003814697265625</ele>
        <time>2026-01-17T07:03:58.000Z</time>
        <extensions>
          <ns3:TrackPointExtension>
            <ns3:hr>70</ns3:hr>
          </ns3:TrackPointExtension>
        </extensions>
      </trkpt>
      <trkpt lat="22.326940856873989105224609375" lon="114.18544356711208820343017578125">
        <ele>19.6000003814697265625</ele>
        <time>2026-01-17T07:03:59.000Z</time>
        <extensions>
          <ns3:TrackPointExtension>
            <ns3:hr>69</ns3:hr>
          </ns3:TrackPointExtension>
        </extensions>
      </trkpt>
      <trkpt lat="22.32693188823759555816650390625" lon="114.18544356711208820343017578125">
        <ele>19.6000003814697265625</ele>
        <time>2026-01-17T07:04:00.000Z</time>
        <extensions>
          <ns3:TrackPointExtension>
            <ns3:hr>69</ns3:hr>
          </ns3:TrackPointExtension>
        </extensions>
      </trkpt>
      <trkpt lat="22.3269232548773288726806640625" lon="114.18544289655983448028564453125">
        <ele>19.6000003814697265625</ele>
        <time>2026-01-17T07:04:01.000Z</time>
        <extensions>
          <ns3:TrackPointExtension>
            <ns3:hr>69</ns3:hr>
          </ns3:TrackPointExtension>
        </extensions>
      </trkpt>
      <trkpt lat="22.32691847719252109527587890625" lon="114.1854406334459781646728515625">
        <ele>19.6000003814697265625</ele>
        <time>2026-01-17T07:04:02.000Z</time>
        <extensions>
          <ns3:TrackPointExtension>
            <ns3:hr>69</ns3:hr>
          </ns3:TrackPointExtension>
        </extensions>
      </trkpt>
      <trkpt lat="22.32691369950771331787109375" lon="114.18543510138988494873046875">
        <ele>19.6000003814697265625</ele>
        <time>2026-01-17T07:04:03.000Z</time>
        <extensions>
          <ns3:TrackPointExtension>
            <ns3:hr>68</ns3:hr>
          </ns3:TrackPointExtension>
        </extensions>
      </trkpt>
      <trkpt lat="22.3269064910709857940673828125" lon="114.18542579747736454010009765625">
        <ele>19.799999237060546875</ele>
        <time>2026-01-17T07:04:04.000Z</time>
        <extensions>
          <ns3:TrackPointExtension>
            <ns3:hr>68</ns3:hr>
          </ns3:TrackPointExtension>
        </extensions>
      </trkpt>
      <trkpt lat="22.3269011266529560089111328125" lon="114.18541498482227325439453125">
        <ele>20</ele>
        <time>2026-01-17T07:04:05.000Z</time>
        <extensions>
          <ns3:TrackPointExtension>
            <ns3:hr>68</ns3:hr>
          </ns3:TrackPointExtension>
        </extensions>
      </trkpt>
      <trkpt lat="22.32689760625362396240234375" lon="114.1854050941765308380126953125">
        <ele>20</ele>
        <time>2026-01-17T07:04:06.000Z</time>
        <extensions>
          <ns3:TrackPointExtension>
            <ns3:hr>67</ns3:hr>
          </ns3:TrackPointExtension>
        </extensions>
      </trkpt>
      <trkpt lat="22.326895259320735931396484375" lon="114.18539629317820072174072265625">
        <ele>20</ele>
        <time>2026-01-17T07:04:07.000Z</time>
        <extensions>
          <ns3:TrackPointExtension>
            <ns3:hr>67</ns3:hr>
          </ns3:TrackPointExtension>
        </extensions>
      </trkpt>
      <trkpt lat="22.32689333148300647735595703125" lon="114.18538950383663177490234375">
        <ele>20.200000762939453125</ele>
        <time>2026-01-17T07:04:08.000Z</time>
        <extensions>
          <ns3:TrackPointExtension>
            <ns3:hr>67</ns3:hr>
          </ns3:TrackPointExtension>
        </extensions>
      </trkpt>
      <trkpt lat="22.3268924094736576080322265625" lon="114.185385145246982574462890625">
        <ele>20.200000762939453125</ele>
        <time>2026-01-17T07:04:09.000Z</time>
        <extensions>
          <ns3:TrackPointExtension>
            <ns3:hr>67</ns3:hr>
          </ns3:TrackPointExtension>
        </extensions>
      </trkpt>
      <trkpt lat="22.32688997872173786163330078125" lon="114.18537877500057220458984375">
        <ele>20.200000762939453125</ele>
        <time>2026-01-17T07:04:10.000Z</time>
        <extensions>
          <ns3:TrackPointExtension>
            <ns3:hr>67</ns3:hr>
          </ns3:TrackPointExtension>
        </extensions>
      </trkpt>
      <trkpt lat="22.326887883245944976806640625" lon="114.18537332676351070404052734375">
        <ele>20.200000762939453125</ele>
        <time>2026-01-17T07:04:11.000Z</time>
        <extensions>
          <ns3:TrackPointExtension>
            <ns3:hr>67</ns3:hr>
          </ns3:TrackPointExtension>
        </extensions>
      </trkpt>
      <trkpt lat="22.32688528485596179962158203125" lon="114.18536880053579807281494140625">
        <ele>20.200000762939453125</ele>
        <time>2026-01-17T07:04:12.000Z</time>
        <extensions>
          <ns3:TrackPointExtension>
            <ns3:hr>67</ns3:hr>
          </ns3:TrackPointExtension>
        </extensions>
      </trkpt>
      <trkpt lat="22.32688042335212230682373046875" lon="114.18536402285099029541015625">
        <ele>20.200000762939453125</ele>
        <time>2026-01-17T07:04:13.000Z</time>
        <extensions>
          <ns3:TrackPointExtension>
            <ns3:hr>67</ns3:hr>
          </ns3:TrackPointExtension>
        </extensions>
      </trkpt>
      <trkpt lat="22.326875813305377960205078125" lon="114.18535941280424594879150390625">
        <ele>20.200000762939453125</ele>
        <time>2026-01-17T07:04:14.000Z</time>
        <extensions>
          <ns3:TrackPointExtension>
            <ns3:hr>67</ns3:hr>
          </ns3:TrackPointExtension>
        </extensions>
      </trkpt>
      <trkpt lat="22.32687078416347503662109375" lon="114.18535463511943817138671875">
        <ele>20.200000762939453125</ele>
        <time>2026-01-17T07:04:15.000Z</time>
        <extensions>
          <ns3:TrackPointExtension>
            <ns3:hr>66</ns3:hr>
          </ns3:TrackPointExtension>
        </extensions>
      </trkpt>
      <trkpt lat="22.326865084469318389892578125" lon="114.18534952215850353240966796875">
        <ele>20.200000762939453125</ele>
        <time>2026-01-17T07:04:16.000Z</time>
        <extensions>
          <ns3:TrackPointExtension>
            <ns3:hr>67</ns3:hr>
          </ns3:TrackPointExtension>
        </extensions>
      </trkpt>
      <trkpt lat="22.32686148025095462799072265625" lon="114.1853437386453151702880859375">
        <ele>20.200000762939453125</ele>
        <time>2026-01-17T07:04:17.000Z</time>
        <extensions>
          <ns3:TrackPointExtension>
            <ns3:hr>68</ns3:hr>
          </ns3:TrackPointExtension>
        </extensions>
      </trkpt>
      <trkpt lat="22.32685946859419345855712890625" lon="114.18534080497920513153076171875">
        <ele>20.200000762939453125</ele>
        <time>2026-01-17T07:04:18.000Z</time>
        <extensions>
          <ns3:TrackPointExtension>
            <ns3:hr>70</ns3:hr>
          </ns3:TrackPointExtension>
        </extensions>
      </trkpt>
      <trkpt lat="22.326858378946781158447265625" lon="114.1853390447795391082763671875">
        <ele>20.200000762939453125</ele>
        <time>2026-01-17T07:04:19.000Z</time>
        <extensions>
          <ns3:TrackPointExtension>
            <ns3:hr>71</ns3:hr>
          </ns3:TrackPointExtension>
        </extensions>
      </trkpt>
      <trkpt lat="22.32685779221355915069580078125" lon="114.18533854186534881591796875">
        <ele>20.3999996185302734375</ele>
        <time>2026-01-17T07:04:20.000Z</time>
        <extensions>
          <ns3:TrackPointExtension>
            <ns3:hr>72</ns3:hr>
          </ns3:TrackPointExtension>
        </extensions>
      </trkpt>
      <trkpt lat="22.32685737311840057373046875" lon="114.1853383742272853851318359375">
        <ele>20.3999996185302734375</ele>
        <time>2026-01-17T07:04:21.000Z</time>
        <extensions>
          <ns3:TrackPointExtension>
            <ns3:hr>72</ns3:hr>
          </ns3:TrackPointExtension>
        </extensions>
      </trkpt>
      <trkpt lat="22.32685695402324199676513671875" lon="114.18533845804631710052490234375">
        <ele>20.3999996185302734375</ele>
        <time>2026-01-17T07:04:22.000Z</time>
        <extensions>
          <ns3:TrackPointExtension>
            <ns3:hr>72</ns3:hr>
          </ns3:TrackPointExtension>
        </extensions>
      </trkpt>
      <trkpt lat="22.3268565349280834197998046875" lon="114.18533879332244396209716796875">
        <ele>20.3999996185302734375</ele>
        <time>2026-01-17T07:04:23.000Z</time>
        <extensions>
          <ns3:TrackPointExtension>
            <ns3:hr>73</ns3:hr>
          </ns3:TrackPointExtension>
        </extensions>
      </trkpt>
      <trkpt lat="22.32685603201389312744140625" lon="114.18533929623663425445556640625">
        <ele>20.3999996185302734375</ele>
        <time>2026-01-17T07:04:24.000Z</time>
        <extensions>
          <ns3:TrackPointExtension>
            <ns3:hr>73</ns3:hr>
          </ns3:TrackPointExtension>
        </extensions>
      </trkpt>
      <trkpt lat="22.32685527764260768890380859375" lon="114.1853400506079196929931640625">
        <ele>20.3999996185302734375</ele>
        <time>2026-01-17T07:04:25.000Z</time>
        <extensions>
          <ns3:TrackPointExtension>
            <ns3:hr>74</ns3:hr>
          </ns3:TrackPointExtension>
        </extensions>
      </trkpt>
      <trkpt lat="22.326853685081005096435546875" lon="114.1853417269885540008544921875">
        <ele>20.6000003814697265625</ele>
        <time>2026-01-17T07:04:26.000Z</time>
        <extensions>
          <ns3:TrackPointExtension>
            <ns3:hr>74</ns3:hr>
          </ns3:TrackPointExtension>
        </extensions>
      </trkpt>
      <trkpt lat="22.326851002871990203857421875" lon="114.18534415774047374725341796875">
        <ele>20.6000003814697265625</ele>
        <time>2026-01-17T07:04:27.000Z</time>
        <extensions>
          <ns3:TrackPointExtension>
            <ns3:hr>74</ns3:hr>
          </ns3:TrackPointExtension>
        </extensions>
      </trkpt>
      <trkpt lat="22.326846979558467864990234375" lon="114.18534566648304462432861328125">
        <ele>20.6000003814697265625</ele>
        <time>2026-01-17T07:04:28.000Z</time>
        <extensions>
          <ns3:TrackPointExtension>
            <ns3:hr>74</ns3:hr>
          </ns3:TrackPointExtension>
        </extensions>
      </trkpt>
      <trkpt lat="22.32683985494077205657958984375" lon="114.185347594320774078369140625">
        <ele>20.6000003814697265625</ele>
        <time>2026-01-17T07:04:29.000Z</time>
        <extensions>
          <ns3:TrackPointExtension>
            <ns3:hr>74</ns3:hr>
          </ns3:TrackPointExtension>
        </extensions>
      </trkpt>
      <trkpt lat="22.32683189213275909423828125" lon="114.18534952215850353240966796875">
        <ele>20.6000003814697265625</ele>
        <time>2026-01-17T07:04:30.000Z</time>
        <extensions>
          <ns3:TrackPointExtension>
            <ns3:hr>73</ns3:hr>
          </ns3:TrackPointExtension>
        </extensions>
      </trkpt>
      <trkpt lat="22.32682426460087299346923828125" lon="114.18535019271075725555419921875">
        <ele>20.6000003814697265625</ele>
        <time>2026-01-17T07:04:31.000Z</time>
        <extensions>
          <ns3:TrackPointExtension>
            <ns3:hr>73</ns3:hr>
          </ns3:TrackPointExtension>
        </extensions>
      </trkpt>
      <trkpt lat="22.32681445777416229248046875" lon="114.1853507794439792633056640625">
        <ele>20.6000003814697265625</ele>
        <time>2026-01-17T07:04:32.000Z</time>
        <extensions>
          <ns3:TrackPointExtension>
            <ns3:hr>72</ns3:hr>
          </ns3:TrackPointExtension>
        </extensions>
      </trkpt>
      <trkpt lat="22.32680372893810272216796875" lon="114.1853524558246135711669921875">
        <ele>20.3999996185302734375</ele>
        <time>2026-01-17T07:04:33.000Z</time>
        <extensions>
          <ns3:TrackPointExtension>
            <ns3:hr>72</ns3:hr>
          </ns3:TrackPointExtension>
        </extensions>
      </trkpt>
      <trkpt lat="22.32679375447332859039306640625" lon="114.1853524558246135711669921875">
        <ele>20.3999996185302734375</ele>
        <time>2026-01-17T07:04:34.000Z</time>
        <extensions>
          <ns3:TrackPointExtension>
            <ns3:hr>73</ns3:hr>
          </ns3:TrackPointExtension>
        </extensions>
      </trkpt>
      <trkpt lat="22.3267847858369350433349609375" lon="114.1853531263768672943115234375">
        <ele>20.6000003814697265625</ele>
        <time>2026-01-17T07:04:35.000Z</time>
        <extensions>
          <ns3:TrackPointExtension>
            <ns3:hr>73</ns3:hr>
          </ns3:TrackPointExtension>
        </extensions>
      </trkpt>
      <trkpt lat="22.32677380554378032684326171875" lon="114.18535404838621616363525390625">
        <ele>20.6000003814697265625</ele>
        <time>2026-01-17T07:04:36.000Z</time>
        <extensions>
          <ns3:TrackPointExtension>
            <ns3:hr>73</ns3:hr>
          </ns3:TrackPointExtension>
        </extensions>
      </trkpt>
      <trkpt lat="22.326762489974498748779296875" lon="114.185354970395565032958984375">
        <ele>20.6000003814697265625</ele>
        <time>2026-01-17T07:04:37.000Z</time>
        <extensions>
          <ns3:TrackPointExtension>
            <ns3:hr>72</ns3:hr>
          </ns3:TrackPointExtension>
        </extensions>
      </trkpt>
      <trkpt lat="22.32675008475780487060546875" lon="114.18535597622394561767578125">
        <ele>20.6000003814697265625</ele>
        <time>2026-01-17T07:04:38.000Z</time>
        <extensions>
          <ns3:TrackPointExtension>
            <ns3:hr>73</ns3:hr>
          </ns3:TrackPointExtension>
        </extensions>
      </trkpt>
      <trkpt lat="22.3267348296940326690673828125" lon="114.18535606004297733306884765625">
        <ele>20.6000003814697265625</ele>
        <time>2026-01-17T07:04:39.000Z</time>
        <extensions>
          <ns3:TrackPointExtension>
            <ns3:hr>73</ns3:hr>
          </ns3:TrackPointExtension>
        </extensions>
      </trkpt>
      <trkpt lat="22.326722927391529083251953125" lon="114.18535530567169189453125">
        <ele>20.6000003814697265625</ele>
        <time>2026-01-17T07:04:40.000Z</time>
        <extensions>
          <ns3:TrackPointExtension>
            <ns3:hr>73</ns3:hr>
          </ns3:TrackPointExtension>
        </extensions>
      </trkpt>
      <trkpt lat="22.32671177946031093597412109375" lon="114.185354299843311309814453125">
        <ele>20.6000003814697265625</ele>
        <time>2026-01-17T07:04:41.000Z</time>
        <extensions>
          <ns3:TrackPointExtension>
            <ns3:hr>76</ns3:hr>
          </ns3:TrackPointExtension>
        </extensions>
      </trkpt>
      <trkpt lat="22.326700128614902496337890625" lon="114.185354970395565032958984375">
        <ele>20.6000003814697265625</ele>
        <time>2026-01-17T07:04:42.000Z</time>
        <extensions>
          <ns3:TrackPointExtension>
            <ns3:hr>77</ns3:hr>
          </ns3:TrackPointExtension>
        </extensions>
      </trkpt>
      <trkpt lat="22.32668881304562091827392578125" lon="114.1853564791381359100341796875">
        <ele>20.6000003814697265625</ele>
        <time>2026-01-17T07:04:43.000Z</time>
        <extensions>
          <ns3:TrackPointExtension>
            <ns3:hr>78</ns3:hr>
          </ns3:TrackPointExtension>
        </extensions>
      </trkpt>
      <trkpt lat="22.32667624019086360931396484375" lon="114.1853578202426433563232421875">
        <ele>20.6000003814697265625</ele>
        <time>2026-01-17T07:04:44.000Z</time>
        <extensions>
          <ns3:TrackPointExtension>
            <ns3:hr>78</ns3:hr>
          </ns3:TrackPointExtension>
        </extensions>
      </trkpt>
      <trkpt lat="22.3266630806028842926025390625" lon="114.1853594966232776641845703125">
        <ele>20.6000003814697265625</ele>
        <time>2026-01-17T07:04:45.000Z</time>
        <extensions>
          <ns3:TrackPointExtension>
            <ns3:hr>78</ns3:hr>
          </ns3:TrackPointExtension>
        </extensions>
      </trkpt>
      <trkpt lat="22.32664975337684154510498046875" lon="114.18535999953746795654296875">
        <ele>20.6000003814697265625</ele>
        <time>2026-01-17T07:04:46.000Z</time>
        <extensions>
          <ns3:TrackPointExtension>
            <ns3:hr>79</ns3:hr>
          </ns3:TrackPointExtension>
        </extensions>
      </trkpt>
      <trkpt lat="22.326635755598545074462890625" lon="114.1853618435561656951904296875">
        <ele>20.6000003814697265625</ele>
        <time>2026-01-17T07:04:47.000Z</time>
        <extensions>
          <ns3:TrackPointExtension>
            <ns3:hr>79</ns3:hr>
          </ns3:TrackPointExtension>
        </extensions>
      </trkpt>
      <trkpt lat="22.3266194947063922882080078125" lon="114.18536092154681682586669921875">
        <ele>20.6000003814697265625</ele>
        <time>2026-01-17T07:04:48.000Z</time>
        <extensions>
          <ns3:TrackPointExtension>
            <ns3:hr>79</ns3:hr>
          </ns3:TrackPointExtension>
        </extensions>
      </trkpt>
      <trkpt lat="22.3266034014523029327392578125" lon="114.185363352298736572265625">
        <ele>20.6000003814697265625</ele>
        <time>2026-01-17T07:04:49.000Z</time>
        <extensions>
          <ns3:TrackPointExtension>
            <ns3:hr>79</ns3:hr>
          </ns3:TrackPointExtension>
        </extensions>
      </trkpt>
      <trkpt lat="22.32658638618886470794677734375" lon="114.18536712415516376495361328125">
        <ele>20.6000003814697265625</ele>
        <time>2026-01-17T07:04:50.000Z</time>
        <extensions>
          <ns3:TrackPointExtension>
            <ns3:hr>79</ns3:hr>
          </ns3:TrackPointExtension>
        </extensions>
      </trkpt>
      <trkpt lat="22.3265712149441242218017578125" lon="114.1853727400302886962890625">
        <ele>20.6000003814697265625</ele>
        <time>2026-01-17T07:04:51.000Z</time>
        <extensions>
          <ns3:TrackPointExtension>
            <ns3:hr>80</ns3:hr>
          </ns3:TrackPointExtension>
        </extensions>
      </trkpt>
      <trkpt lat="22.32655839063227176666259765625" lon="114.1853789426386356353759765625">
        <ele>20.6000003814697265625</ele>
        <time>2026-01-17T07:04:52.000Z</time>
        <extensions>
          <ns3:TrackPointExtension>
            <ns3:hr>79</ns3:hr>
          </ns3:TrackPointExtension>
        </extensions>
      </trkpt>
      <trkpt lat="22.32654481194913387298583984375" lon="114.1853839717805385589599609375">
        <ele>20.6000003814697265625</ele>
        <time>2026-01-17T07:04:53.000Z</time>
        <extensions>
          <ns3:TrackPointExtension>
            <ns3:hr>79</ns3:hr>
          </ns3:TrackPointExtension>
        </extensions>
      </trkpt>
      <trkpt lat="22.32653014361858367919921875" lon="114.185389168560504913330078125">
        <ele>20.6000003814697265625</ele>
        <time>2026-01-17T07:04:54.000Z</time>
        <extensions>
          <ns3:TrackPointExtension>
            <ns3:hr>80</ns3:hr>
          </ns3:TrackPointExtension>
        </extensions>
      </trkpt>
      <trkpt lat="22.3265185765922069549560546875" lon="114.18539294041693210601806640625">
        <ele>20.6000003814697265625</ele>
        <time>2026-01-17T07:04:55.000Z</time>
        <extensions>
          <ns3:TrackPointExtension>
            <ns3:hr>80</ns3:hr>
          </ns3:TrackPointExtension>
        </extensions>
      </trkpt>
      <trkpt lat="22.326510362327098846435546875" lon="114.1853987239301204681396484375">
        <ele>20.6000003814697265625</ele>
        <time>2026-01-17T07:04:56.000Z</time>
        <extensions>
          <ns3:TrackPointExtension>
            <ns3:hr>80</ns3:hr>
          </ns3:TrackPointExtension>
        </extensions>
      </trkpt>
      <trkpt lat="22.3264984600245952606201171875" lon="114.185403250157833099365234375">
        <ele>20.6000003814697265625</ele>
        <time>2026-01-17T07:04:57.000Z</time>
        <extensions>
          <ns3:TrackPointExtension>
            <ns3:hr>80</ns3:hr>
          </ns3:TrackPointExtension>
        </extensions>
      </trkpt>
      <trkpt lat="22.326484881341457366943359375" lon="114.18540752492845058441162109375">
        <ele>20.6000003814697265625</ele>
        <time>2026-01-17T07:04:58.000Z</time>
        <extensions>
          <ns3:TrackPointExtension>
            <ns3:hr>81</ns3:hr>
          </ns3:TrackPointExtension>
        </extensions>
      </trkpt>
      <trkpt lat="22.326471805572509765625" lon="114.18541364371776580810546875">
        <ele>20.6000003814697265625</ele>
        <time>2026-01-17T07:04:59.000Z</time>
        <extensions>
          <ns3:TrackPointExtension>
            <ns3:hr>81</ns3:hr>
          </ns3:TrackPointExtension>
        </extensions>
      </trkpt>
      <trkpt lat="22.32646132819354534149169921875" lon="114.18541909195482730865478515625">
        <ele>20.6000003814697265625</ele>
        <time>2026-01-17T07:05:00.000Z</time>
        <extensions>
          <ns3:TrackPointExtension>
            <ns3:hr>80</ns3:hr>
          </ns3:TrackPointExtension>
        </extensions>
      </trkpt>
      <trkpt lat="22.3264518566429615020751953125" lon="114.18542261235415935516357421875">
        <ele>20.799999237060546875</ele>
        <time>2026-01-17T07:05:01.000Z</time>
        <extensions>
          <ns3:TrackPointExtension>
            <ns3:hr>80</ns3:hr>
          </ns3:TrackPointExtension>
        </extensions>
      </trkpt>
      <trkpt lat="22.32644221745431423187255859375" lon="114.185425378382205963134765625">
        <ele>20.799999237060546875</ele>
        <time>2026-01-17T07:05:02.000Z</time>
        <extensions>
          <ns3:TrackPointExtension>
            <ns3:hr>80</ns3:hr>
          </ns3:TrackPointExtension>
        </extensions>
      </trkpt>
      <trkpt lat="22.326431237161159515380859375" lon="114.185427390038967132568359375">
        <ele>20.799999237060546875</ele>
        <time>2026-01-17T07:05:03.000Z</time>
        <extensions>
          <ns3:TrackPointExtension>
            <ns3:hr>80</ns3:hr>
          </ns3:TrackPointExtension>
        </extensions>
      </trkpt>
      <trkpt lat="22.3264193348586559295654296875" lon="114.1854305751621723175048828125">
        <ele>20.799999237060546875</ele>
        <time>2026-01-17T07:05:04.000Z</time>
        <extensions>
          <ns3:TrackPointExtension>
            <ns3:hr>80</ns3:hr>
          </ns3:TrackPointExtension>
        </extensions>
      </trkpt>
      <trkpt lat="22.32640944421291351318359375" lon="114.185436107218265533447265625">
        <ele>20.799999237060546875</ele>
        <time>2026-01-17T07:05:05.000Z</time>
        <extensions>
          <ns3:TrackPointExtension>
            <ns3:hr>80</ns3:hr>
          </ns3:TrackPointExtension>
        </extensions>
      </trkpt>
      <trkpt lat="22.3263992182910442352294921875" lon="114.18543887324631214141845703125">
        <ele>21</ele>
        <time>2026-01-17T07:05:06.000Z</time>
        <extensions>
          <ns3:TrackPointExtension>
            <ns3:hr>80</ns3:hr>
          </ns3:TrackPointExtension>
        </extensions>
      </trkpt>
      <trkpt lat="22.32639108784496784210205078125" lon="114.18544113636016845703125">
        <ele>21</ele>
        <time>2026-01-17T07:05:07.000Z</time>
        <extensions>
          <ns3:TrackPointExtension>
            <ns3:hr>80</ns3:hr>
          </ns3:TrackPointExtension>
        </extensions>
      </trkpt>
      <trkpt lat="22.32638237066566944122314453125" lon="114.18544474057853221893310546875">
        <ele>21</ele>
        <time>2026-01-17T07:05:08.000Z</time>
        <extensions>
          <ns3:TrackPointExtension>
            <ns3:hr>80</ns3:hr>
          </ns3:TrackPointExtension>
        </extensions>
      </trkpt>
      <trkpt lat="22.326370887458324432373046875" lon="114.18544574640691280364990234375">
        <ele>21</ele>
        <time>2026-01-17T07:05:09.000Z</time>
        <extensions>
          <ns3:TrackPointExtension>
            <ns3:hr>80</ns3:hr>
          </ns3:TrackPointExtension>
        </extensions>
      </trkpt>
      <trkpt lat="22.32635848224163055419921875" lon="114.18544717133045196533203125">
        <ele>21</ele>
        <time>2026-01-17T07:05:10.000Z</time>
        <extensions>
          <ns3:TrackPointExtension>
            <ns3:hr>80</ns3:hr>
          </ns3:TrackPointExtension>
        </extensions>
      </trkpt>
      <trkpt lat="22.32634632848203182220458984375" lon="114.1854493506252765655517578125">
        <ele>21</ele>
        <time>2026-01-17T07:05:11.000Z</time>
        <extensions>
          <ns3:TrackPointExtension>
            <ns3:hr>80</ns3:hr>
          </ns3:TrackPointExtension>
        </extensions>
      </trkpt>
      <trkpt lat="22.3263324983417987823486328125" lon="114.18545446358621120452880859375">
        <ele>21</ele>
        <time>2026-01-17T07:05:12.000Z</time>
        <extensions>
          <ns3:TrackPointExtension>
            <ns3:hr>80</ns3:hr>
          </ns3:TrackPointExtension>
        </extensions>
      </trkpt>
      <trkpt lat="22.3263197578489780426025390625" lon="114.185458235442638397216796875">
        <ele>21</ele>
        <time>2026-01-17T07:05:13.000Z</time>
        <extensions>
          <ns3:TrackPointExtension>
            <ns3:hr>80</ns3:hr>
          </ns3:TrackPointExtension>
        </extensions>
      </trkpt>
      <trkpt lat="22.32630827464163303375244140625" lon="114.18545815162360668182373046875">
        <ele>21</ele>
        <time>2026-01-17T07:05:14.000Z</time>
        <extensions>
          <ns3:TrackPointExtension>
            <ns3:hr>80</ns3:hr>
          </ns3:TrackPointExtension>
        </extensions>
      </trkpt>
      <trkpt lat="22.32629687525331974029541015625" lon="114.1854600794613361358642578125">
        <ele>21</ele>
        <time>2026-01-17T07:05:15.000Z</time>
        <extensions>
          <ns3:TrackPointExtension>
            <ns3:hr>81</ns3:hr>
          </ns3:TrackPointExtension>
        </extensions>
      </trkpt>
      <trkpt lat="22.32628497295081615447998046875" lon="114.1854627616703510284423828125">
        <ele>21</ele>
        <time>2026-01-17T07:05:16.000Z</time>
        <extensions>
          <ns3:TrackPointExtension>
            <ns3:hr>81</ns3:hr>
          </ns3:TrackPointExtension>
        </extensions>
      </trkpt>
      <trkpt lat="22.32627156190574169158935546875" lon="114.1854647733271121978759765625">
        <ele>21</ele>
        <time>2026-01-17T07:05:17.000Z</time>
        <extensions>
          <ns3:TrackPointExtension>
            <ns3:hr>81</ns3:hr>
          </ns3:TrackPointExtension>
        </extensions>
      </trkpt>
      <trkpt lat="22.32626058161258697509765625" lon="114.185464940965175628662109375">
        <ele>21</ele>
        <time>2026-01-17T07:05:18.000Z</time>
        <extensions>
          <ns3:TrackPointExtension>
            <ns3:hr>81</ns3:hr>
          </ns3:TrackPointExtension>
        </extensions>
      </trkpt>
      <trkpt lat="22.3262483440339565277099609375" lon="114.18546569533646106719970703125">
        <ele>21</ele>
        <time>2026-01-17T07:05:19.000Z</time>
        <extensions>
          <ns3:TrackPointExtension>
            <ns3:hr>82</ns3:hr>
          </ns3:TrackPointExtension>
        </extensions>
      </trkpt>
      <trkpt lat="22.3262362740933895111083984375" lon="114.18546653352677822113037109375">
        <ele>21</ele>
        <time>2026-01-17T07:05:20.000Z</time>
        <extensions>
          <ns3:TrackPointExtension>
            <ns3:hr>82</ns3:hr>
          </ns3:TrackPointExtension>
        </extensions>
      </trkpt>
      <trkpt lat="22.326224707067012786865234375" lon="114.18546737171709537506103515625">
        <ele>21.200000762939453125</ele>
        <time>2026-01-17T07:05:21.000Z</time>
        <extensions>
          <ns3:TrackPointExtension>
            <ns3:hr>82</ns3:hr>
          </ns3:TrackPointExtension>
        </extensions>
      </trkpt>
      <trkpt lat="22.326211631298065185546875" lon="114.18546787463128566741943359375">
        <ele>21.200000762939453125</ele>
        <time>2026-01-17T07:05:22.000Z</time>
        <extensions>
          <ns3:TrackPointExtension>
            <ns3:hr>82</ns3:hr>
          </ns3:TrackPointExtension>
        </extensions>
      </trkpt>
      <trkpt lat="22.32619746588170528411865234375" lon="114.18546787463128566741943359375">
        <ele>21.200000762939453125</ele>
        <time>2026-01-17T07:05:23.000Z</time>
        <extensions>
          <ns3:TrackPointExtension>
            <ns3:hr>82</ns3:hr>
          </ns3:TrackPointExtension>
        </extensions>
      </trkpt>
      <trkpt lat="22.32618254609405994415283203125" lon="114.18546862900257110595703125">
        <ele>21.200000762939453125</ele>
        <time>2026-01-17T07:05:24.000Z</time>
        <extensions>
          <ns3:TrackPointExtension>
            <ns3:hr>83</ns3:hr>
          </ns3:TrackPointExtension>
        </extensions>
      </trkpt>
      <trkpt lat="22.32616896741092205047607421875" lon="114.185470975935459136962890625">
        <ele>21.200000762939453125</ele>
        <time>2026-01-17T07:05:25.000Z</time>
        <extensions>
          <ns3:TrackPointExtension>
            <ns3:hr>83</ns3:hr>
          </ns3:TrackPointExtension>
        </extensions>
      </trkpt>
      <trkpt lat="22.32615555636584758758544921875" lon="114.1854731552302837371826171875">
        <ele>21</ele>
        <time>2026-01-17T07:05:26.000Z</time>
        <extensions>
          <ns3:TrackPointExtension>
            <ns3:hr>82</ns3:hr>
          </ns3:TrackPointExtension>
        </extensions>
      </trkpt>
      <trkpt lat="22.32614298351109027862548828125" lon="114.18547474779188632965087890625">
        <ele>21</ele>
        <time>2026-01-17T07:05:27.000Z</time>
        <extensions>
          <ns3:TrackPointExtension>
            <ns3:hr>82</ns3:hr>
          </ns3:TrackPointExtension>
        </extensions>
      </trkpt>
      <trkpt lat="22.3261298239231109619140625" lon="114.18547608889639377593994140625">
        <ele>21</ele>
        <time>2026-01-17T07:05:28.000Z</time>
        <extensions>
          <ns3:TrackPointExtension>
            <ns3:hr>81</ns3:hr>
          </ns3:TrackPointExtension>
        </extensions>
      </trkpt>
      <trkpt lat="22.3261162452399730682373046875" lon="114.185477010905742645263671875">
        <ele>21</ele>
        <time>2026-01-17T07:05:29.000Z</time>
        <extensions>
          <ns3:TrackPointExtension>
            <ns3:hr>81</ns3:hr>
          </ns3:TrackPointExtension>
        </extensions>
      </trkpt>
      <trkpt lat="22.32610224746167659759521484375" lon="114.18547810055315494537353515625">
        <ele>21</ele>
        <time>2026-01-17T07:05:30.000Z</time>
        <extensions>
          <ns3:TrackPointExtension>
            <ns3:hr>81</ns3:hr>
          </ns3:TrackPointExtension>
        </extensions>
      </trkpt>
      <trkpt lat="22.3260907642543315887451171875" lon="114.18547692708671092987060546875">
        <ele>21</ele>
        <time>2026-01-17T07:05:31.000Z</time>
        <extensions>
          <ns3:TrackPointExtension>
            <ns3:hr>81</ns3:hr>
          </ns3:TrackPointExtension>
        </extensions>
      </trkpt>
      <trkpt lat="22.32607944868505001068115234375" lon="114.18547424487769603729248046875">
        <ele>21</ele>
        <time>2026-01-17T07:05:32.000Z</time>
        <extensions>
          <ns3:TrackPointExtension>
            <ns3:hr>81</ns3:hr>
          </ns3:TrackPointExtension>
        </extensions>
      </trkpt>
      <trkpt lat="22.32606972567737102508544921875" lon="114.1854708082973957061767578125">
        <ele>20.799999237060546875</ele>
        <time>2026-01-17T07:05:33.000Z</time>
        <extensions>
          <ns3:TrackPointExtension>
            <ns3:hr>81</ns3:hr>
          </ns3:TrackPointExtension>
        </extensions>
      </trkpt>
      <trkpt lat="22.3260558955371379852294921875" lon="114.18546385131776332855224609375">
        <ele>20.799999237060546875</ele>
        <time>2026-01-17T07:05:34.000Z</time>
        <extensions>
          <ns3:TrackPointExtension>
            <ns3:hr>82</ns3:hr>
          </ns3:TrackPointExtension>
        </extensions>
      </trkpt>
      <trkpt lat="22.32604625634849071502685546875" lon="114.18545815162360668182373046875">
        <ele>20.799999237060546875</ele>
        <time>2026-01-17T07:05:35.000Z</time>
        <extensions>
          <ns3:TrackPointExtension>
            <ns3:hr>82</ns3:hr>
          </ns3:TrackPointExtension>
        </extensions>
      </trkpt>
      <trkpt lat="22.326037622988224029541015625" lon="114.18545194901525974273681640625">
        <ele>20.6000003814697265625</ele>
        <time>2026-01-17T07:05:36.000Z</time>
        <extensions>
          <ns3:TrackPointExtension>
            <ns3:hr>82</ns3:hr>
          </ns3:TrackPointExtension>
        </extensions>
      </trkpt>
      <trkpt lat="22.3260287381708621978759765625" lon="114.1854453273117542266845703125">
        <ele>20.799999237060546875</ele>
        <time>2026-01-17T07:05:37.000Z</time>
        <extensions>
          <ns3:TrackPointExtension>
            <ns3:hr>82</ns3:hr>
          </ns3:TrackPointExtension>
        </extensions>
      </trkpt>
      <trkpt lat="22.3260210268199443817138671875" lon="114.1854382865130901336669921875">
        <ele>20.799999237060546875</ele>
        <time>2026-01-17T07:05:38.000Z</time>
        <extensions>
          <ns3:TrackPointExtension>
            <ns3:hr>82</ns3:hr>
          </ns3:TrackPointExtension>
        </extensions>
      </trkpt>
      <trkpt lat="22.32601071707904338836669921875" lon="114.1854295693337917327880859375">
        <ele>20.799999237060546875</ele>
        <time>2026-01-17T07:05:39.000Z</time>
        <extensions>
          <ns3:TrackPointExtension>
            <ns3:hr>82</ns3:hr>
          </ns3:TrackPointExtension>
        </extensions>
      </trkpt>
      <trkpt lat="22.32600199989974498748779296875" lon="114.1854221932590007781982421875">
        <ele>21</ele>
        <time>2026-01-17T07:05:40.000Z</time>
        <extensions>
          <ns3:TrackPointExtension>
            <ns3:hr>82</ns3:hr>
          </ns3:TrackPointExtension>
        </extensions>
      </trkpt>
      <trkpt lat="22.32599395327270030975341796875" lon="114.185415320098400115966796875">
        <ele>21</ele>
        <time>2026-01-17T07:05:41.000Z</time>
        <extensions>
          <ns3:TrackPointExtension>
            <ns3:hr>81</ns3:hr>
          </ns3:TrackPointExtension>
        </extensions>
      </trkpt>
      <trkpt lat="22.3259851522743701934814453125" lon="114.18540886603295803070068359375">
        <ele>21</ele>
        <time>2026-01-17T07:05:42.000Z</time>
        <extensions>
          <ns3:TrackPointExtension>
            <ns3:hr>81</ns3:hr>
          </ns3:TrackPointExtension>
        </extensions>
      </trkpt>
      <trkpt lat="22.32597283087670803070068359375" lon="114.1854030825197696685791015625">
        <ele>21</ele>
        <time>2026-01-17T07:05:43.000Z</time>
        <extensions>
          <ns3:TrackPointExtension>
            <ns3:hr>81</ns3:hr>
          </ns3:TrackPointExtension>
        </extensions>
      </trkpt>
      <trkpt lat="22.32596327550709247589111328125" lon="114.18539813719689846038818359375">
        <ele>21</ele>
        <time>2026-01-17T07:05:44.000Z</time>
        <extensions>
          <ns3:TrackPointExtension>
            <ns3:hr>81</ns3:hr>
          </ns3:TrackPointExtension>
        </extensions>
      </trkpt>
      <trkpt lat="22.3259512893855571746826171875" lon="114.18539327569305896759033203125">
        <ele>21</ele>
        <time>2026-01-17T07:05:45.000Z</time>
        <extensions>
          <ns3:TrackPointExtension>
            <ns3:hr>81</ns3:hr>
          </ns3:TrackPointExtension>
        </extensions>
      </trkpt>
      <trkpt lat="22.32593779452145099639892578125" lon="114.1853888332843780517578125">
        <ele>21</ele>
        <time>2026-01-17T07:05:46.000Z</time>
        <extensions>
          <ns3:TrackPointExtension>
            <ns3:hr>81</ns3:hr>
          </ns3:TrackPointExtension>
        </extensions>
      </trkpt>
      <trkpt lat="22.32592438347637653350830078125" lon="114.18538707308471202850341796875">
        <ele>21.200000762939453125</ele>
        <time>2026-01-17T07:05:47.000Z</time>
        <extensions>
          <ns3:TrackPointExtension>
            <ns3:hr>81</ns3:hr>
          </ns3:TrackPointExtension>
        </extensions>
      </trkpt>
      <trkpt lat="22.3259144090116024017333984375" lon="114.18538606725633144378662109375">
        <ele>21.200000762939453125</ele>
        <time>2026-01-17T07:05:48.000Z</time>
        <extensions>
          <ns3:TrackPointExtension>
            <ns3:hr>81</ns3:hr>
          </ns3:TrackPointExtension>
        </extensions>
      </trkpt>
      <trkpt lat="22.325902841985225677490234375" lon="114.1853861510753631591796875">
        <ele>21.3999996185302734375</ele>
        <time>2026-01-17T07:05:49.000Z</time>
        <extensions>
          <ns3:TrackPointExtension>
            <ns3:hr>81</ns3:hr>
          </ns3:TrackPointExtension>
        </extensions>
      </trkpt>
      <trkpt lat="22.3258899338543415069580078125" lon="114.18538640253245830535888671875">
        <ele>21.3999996185302734375</ele>
        <time>2026-01-17T07:05:50.000Z</time>
        <extensions>
          <ns3:TrackPointExtension>
            <ns3:hr>81</ns3:hr>
          </ns3:TrackPointExtension>
        </extensions>
      </trkpt>
      <trkpt lat="22.325876690447330474853515625" lon="114.18538673780858516693115234375">
        <ele>21.6000003814697265625</ele>
        <time>2026-01-17T07:05:51.000Z</time>
        <extensions>
          <ns3:TrackPointExtension>
            <ns3:hr>81</ns3:hr>
          </ns3:TrackPointExtension>
        </extensions>
      </trkpt>
      <trkpt lat="22.32586319558322429656982421875" lon="114.1853879950940608978271484375">
        <ele>21.6000003814697265625</ele>
        <time>2026-01-17T07:05:52.000Z</time>
        <extensions>
          <ns3:TrackPointExtension>
            <ns3:hr>81</ns3:hr>
          </ns3:TrackPointExtension>
        </extensions>
      </trkpt>
      <trkpt lat="22.3258490301668643951416015625" lon="114.18538816273212432861328125">
        <ele>21.6000003814697265625</ele>
        <time>2026-01-17T07:05:53.000Z</time>
        <extensions>
          <ns3:TrackPointExtension>
            <ns3:hr>81</ns3:hr>
          </ns3:TrackPointExtension>
        </extensions>
      </trkpt>
      <trkpt lat="22.32583385892212390899658203125" lon="114.18538841418921947479248046875">
        <ele>21.6000003814697265625</ele>
        <time>2026-01-17T07:05:54.000Z</time>
        <extensions>
          <ns3:TrackPointExtension>
            <ns3:hr>81</ns3:hr>
          </ns3:TrackPointExtension>
        </extensions>
      </trkpt>
      <trkpt lat="22.3258198611438274383544921875" lon="114.1853896714746952056884765625">
        <ele>21.6000003814697265625</ele>
        <time>2026-01-17T07:05:55.000Z</time>
        <extensions>
          <ns3:TrackPointExtension>
            <ns3:hr>82</ns3:hr>
          </ns3:TrackPointExtension>
        </extensions>
      </trkpt>
      <trkpt lat="22.3258098028600215911865234375" lon="114.18539042584598064422607421875">
        <ele>21.6000003814697265625</ele>
        <time>2026-01-17T07:05:56.000Z</time>
        <extensions>
          <ns3:TrackPointExtension>
            <ns3:hr>82</ns3:hr>
          </ns3:TrackPointExtension>
        </extensions>
      </trkpt>
      <trkpt lat="22.32579546980559825897216796875" lon="114.1853930242359638214111328125">
        <ele>21.6000003814697265625</ele>
        <time>2026-01-17T07:05:57.000Z</time>
        <extensions>
          <ns3:TrackPointExtension>
            <ns3:hr>82</ns3:hr>
          </ns3:TrackPointExtension>
        </extensions>
      </trkpt>
      <trkpt lat="22.3257806338369846343994140625" lon="114.185395538806915283203125">
        <ele>21.6000003814697265625</ele>
        <time>2026-01-17T07:05:58.000Z</time>
        <extensions>
          <ns3:TrackPointExtension>
            <ns3:hr>82</ns3:hr>
          </ns3:TrackPointExtension>
        </extensions>
      </trkpt>
      <trkpt lat="22.32576663605868816375732421875" lon="114.185397215187549591064453125">
        <ele>21.6000003814697265625</ele>
        <time>2026-01-17T07:05:59.000Z</time>
        <extensions>
          <ns3:TrackPointExtension>
            <ns3:hr>83</ns3:hr>
          </ns3:TrackPointExtension>
        </extensions>
      </trkpt>
      <trkpt lat="22.32575364410877227783203125" lon="114.1853987239301204681396484375">
        <ele>21.6000003814697265625</ele>
        <time>2026-01-17T07:06:00.000Z</time>
        <extensions>
          <ns3:TrackPointExtension>
            <ns3:hr>84</ns3:hr>
          </ns3:TrackPointExtension>
        </extensions>
      </trkpt>
      <trkpt lat="22.32573998160660266876220703125" lon="114.1854020766913890838623046875">
        <ele>21.6000003814697265625</ele>
        <time>2026-01-17T07:06:01.000Z</time>
        <extensions>
          <ns3:TrackPointExtension>
            <ns3:hr>83</ns3:hr>
          </ns3:TrackPointExtension>
        </extensions>
      </trkpt>
      <trkpt lat="22.3257273249328136444091796875" lon="114.185403920710086822509765625">
        <ele>21.6000003814697265625</ele>
        <time>2026-01-17T07:06:02.000Z</time>
        <extensions>
          <ns3:TrackPointExtension>
            <ns3:hr>83</ns3:hr>
          </ns3:TrackPointExtension>
        </extensions>
      </trkpt>
      <trkpt lat="22.32571450062096118927001953125" lon="114.1854054294526576995849609375">
        <ele>21.6000003814697265625</ele>
        <time>2026-01-17T07:06:03.000Z</time>
        <extensions>
          <ns3:TrackPointExtension>
            <ns3:hr>83</ns3:hr>
          </ns3:TrackPointExtension>
        </extensions>
      </trkpt>
      <trkpt lat="22.32570192776620388031005859375" lon="114.1854064352810382843017578125">
        <ele>21.3999996185302734375</ele>
        <time>2026-01-17T07:06:04.000Z</time>
        <extensions>
          <ns3:TrackPointExtension>
            <ns3:hr>83</ns3:hr>
          </ns3:TrackPointExtension>
        </extensions>
      </trkpt>
      <trkpt lat="22.325687594711780548095703125" lon="114.1854077763855457305908203125">
        <ele>21.3999996185302734375</ele>
        <time>2026-01-17T07:06:05.000Z</time>
        <extensions>
          <ns3:TrackPointExtension>
            <ns3:hr>83</ns3:hr>
          </ns3:TrackPointExtension>
        </extensions>
      </trkpt>
      <trkpt lat="22.3256726749241352081298828125" lon="114.1854107938706874847412109375">
        <ele>21.3999996185302734375</ele>
        <time>2026-01-17T07:06:06.000Z</time>
        <extensions>
          <ns3:TrackPointExtension>
            <ns3:hr>82</ns3:hr>
          </ns3:TrackPointExtension>
        </extensions>
      </trkpt>
      <trkpt lat="22.325659096240997314453125" lon="114.1854148171842098236083984375">
        <ele>21.200000762939453125</ele>
        <time>2026-01-17T07:06:07.000Z</time>
        <extensions>
          <ns3:TrackPointExtension>
            <ns3:hr>82</ns3:hr>
          </ns3:TrackPointExtension>
        </extensions>
      </trkpt>
      <trkpt lat="22.325644679367542266845703125" lon="114.18541909195482730865478515625">
        <ele>21.200000762939453125</ele>
        <time>2026-01-17T07:06:08.000Z</time>
        <extensions>
          <ns3:TrackPointExtension>
            <ns3:hr>82</ns3:hr>
          </ns3:TrackPointExtension>
        </extensions>
      </trkpt>
      <trkpt lat="22.3256327770650386810302734375" lon="114.185422360897064208984375">
        <ele>21.200000762939453125</ele>
        <time>2026-01-17T07:06:09.000Z</time>
        <extensions>
          <ns3:TrackPointExtension>
            <ns3:hr>82</ns3:hr>
          </ns3:TrackPointExtension>
        </extensions>
      </trkpt>
      <trkpt lat="22.32562179677188396453857421875" lon="114.1854250431060791015625">
        <ele>21.3999996185302734375</ele>
        <time>2026-01-17T07:06:10.000Z</time>
        <extensions>
          <ns3:TrackPointExtension>
            <ns3:hr>81</ns3:hr>
          </ns3:TrackPointExtension>
        </extensions>
      </trkpt>
      <trkpt lat="22.32561014592647552490234375" lon="114.1854282282292842864990234375">
        <ele>21.3999996185302734375</ele>
        <time>2026-01-17T07:06:11.000Z</time>
        <extensions>
          <ns3:TrackPointExtension>
            <ns3:hr>81</ns3:hr>
          </ns3:TrackPointExtension>
        </extensions>
      </trkpt>
      <trkpt lat="22.32560117729008197784423828125" lon="114.1854305751621723175048828125">
        <ele>21.799999237060546875</ele>
        <time>2026-01-17T07:06:12.000Z</time>
        <extensions>
          <ns3:TrackPointExtension>
            <ns3:hr>81</ns3:hr>
          </ns3:TrackPointExtension>
        </extensions>
      </trkpt>
      <trkpt lat="22.32559162192046642303466796875" lon="114.1854335926473140716552734375">
        <ele>22</ele>
        <time>2026-01-17T07:06:13.000Z</time>
        <extensions>
          <ns3:TrackPointExtension>
            <ns3:hr>81</ns3:hr>
          </ns3:TrackPointExtension>
        </extensions>
      </trkpt>
      <trkpt lat="22.32558240182697772979736328125" lon="114.18543619103729724884033203125">
        <ele>22.200000762939453125</ele>
        <time>2026-01-17T07:06:14.000Z</time>
        <extensions>
          <ns3:TrackPointExtension>
            <ns3:hr>81</ns3:hr>
          </ns3:TrackPointExtension>
        </extensions>
      </trkpt>
      <trkpt lat="22.3255719244480133056640625" lon="114.18543954379856586456298828125">
        <ele>22.3999996185302734375</ele>
        <time>2026-01-17T07:06:15.000Z</time>
        <extensions>
          <ns3:TrackPointExtension>
            <ns3:hr>81</ns3:hr>
          </ns3:TrackPointExtension>
        </extensions>
      </trkpt>
      <trkpt lat="22.32556245289742946624755859375" lon="114.18544373475015163421630859375">
        <ele>22.200000762939453125</ele>
        <time>2026-01-17T07:06:16.000Z</time>
        <extensions>
          <ns3:TrackPointExtension>
            <ns3:hr>81</ns3:hr>
          </ns3:TrackPointExtension>
        </extensions>
      </trkpt>
      <trkpt lat="22.32555138878524303436279296875" lon="114.18544759042561054229736328125">
        <ele>22.200000762939453125</ele>
        <time>2026-01-17T07:06:17.000Z</time>
        <extensions>
          <ns3:TrackPointExtension>
            <ns3:hr>81</ns3:hr>
          </ns3:TrackPointExtension>
        </extensions>
      </trkpt>
      <trkpt lat="22.325538061559200286865234375" lon="114.18545228429138660430908203125">
        <ele>22.200000762939453125</ele>
        <time>2026-01-17T07:06:18.000Z</time>
        <extensions>
          <ns3:TrackPointExtension>
            <ns3:hr>81</ns3:hr>
          </ns3:TrackPointExtension>
        </extensions>
      </trkpt>
      <trkpt lat="22.32552590779960155487060546875" lon="114.1854543797671794891357421875">
        <ele>22</ele>
        <time>2026-01-17T07:06:19.000Z</time>
        <extensions>
          <ns3:TrackPointExtension>
            <ns3:hr>81</ns3:hr>
          </ns3:TrackPointExtension>
        </extensions>
      </trkpt>
      <trkpt lat="22.32551467604935169219970703125" lon="114.185455553233623504638671875">
        <ele>21.799999237060546875</ele>
        <time>2026-01-17T07:06:20.000Z</time>
        <extensions>
          <ns3:TrackPointExtension>
            <ns3:hr>81</ns3:hr>
          </ns3:TrackPointExtension>
        </extensions>
      </trkpt>
      <trkpt lat="22.32550126500427722930908203125" lon="114.18545731343328952789306640625">
        <ele>21.799999237060546875</ele>
        <time>2026-01-17T07:06:21.000Z</time>
        <extensions>
          <ns3:TrackPointExtension>
            <ns3:hr>81</ns3:hr>
          </ns3:TrackPointExtension>
        </extensions>
      </trkpt>
      <trkpt lat="22.325487099587917327880859375" lon="114.1854587383568286895751953125">
        <ele>21.6000003814697265625</ele>
        <time>2026-01-17T07:06:22.000Z</time>
        <extensions>
          <ns3:TrackPointExtension>
            <ns3:hr>81</ns3:hr>
          </ns3:TrackPointExtension>
        </extensions>
      </trkpt>
      <trkpt lat="22.32547243125736713409423828125" lon="114.1854604147374629974365234375">
        <ele>21.6000003814697265625</ele>
        <time>2026-01-17T07:06:23.000Z</time>
        <extensions>
          <ns3:TrackPointExtension>
            <ns3:hr>82</ns3:hr>
          </ns3:TrackPointExtension>
        </extensions>
      </trkpt>
      <trkpt lat="22.32545935548841953277587890625" lon="114.18546326458454132080078125">
        <ele>21.6000003814697265625</ele>
        <time>2026-01-17T07:06:24.000Z</time>
        <extensions>
          <ns3:TrackPointExtension>
            <ns3:hr>81</ns3:hr>
          </ns3:TrackPointExtension>
        </extensions>
      </trkpt>
      <trkpt lat="22.32544720172882080078125" lon="114.18546804226934909820556640625">
        <ele>21.6000003814697265625</ele>
        <time>2026-01-17T07:06:25.000Z</time>
        <extensions>
          <ns3:TrackPointExtension>
            <ns3:hr>81</ns3:hr>
          </ns3:TrackPointExtension>
        </extensions>
      </trkpt>
      <trkpt lat="22.3254376463592052459716796875" lon="114.18547265231609344482421875">
        <ele>21.799999237060546875</ele>
        <time>2026-01-17T07:06:26.000Z</time>
        <extensions>
          <ns3:TrackPointExtension>
            <ns3:hr>81</ns3:hr>
          </ns3:TrackPointExtension>
        </extensions>
      </trkpt>
      <trkpt lat="22.3254285939037799835205078125" lon="114.18547659181058406829833984375">
        <ele>21.799999237060546875</ele>
        <time>2026-01-17T07:06:27.000Z</time>
        <extensions>
          <ns3:TrackPointExtension>
            <ns3:hr>81</ns3:hr>
          </ns3:TrackPointExtension>
        </extensions>
      </trkpt>
      <trkpt lat="22.32541962526738643646240234375" lon="114.18547935783863067626953125">
        <ele>22</ele>
        <time>2026-01-17T07:06:28.000Z</time>
        <extensions>
          <ns3:TrackPointExtension>
            <ns3:hr>81</ns3:hr>
          </ns3:TrackPointExtension>
        </extensions>
      </trkpt>
      <trkpt lat="22.32540889643132686614990234375" lon="114.1854822076857089996337890625">
        <ele>22</ele>
        <time>2026-01-17T07:06:29.000Z</time>
        <extensions>
          <ns3:TrackPointExtension>
            <ns3:hr>81</ns3:hr>
          </ns3:TrackPointExtension>
        </extensions>
      </trkpt>
      <trkpt lat="22.32539682649075984954833984375" lon="114.1854838840663433074951171875">
        <ele>22.200000762939453125</ele>
        <time>2026-01-17T07:06:30.000Z</time>
        <extensions>
          <ns3:TrackPointExtension>
            <ns3:hr>82</ns3:hr>
          </ns3:TrackPointExtension>
        </extensions>
      </trkpt>
      <trkpt lat="22.32538559474050998687744140625" lon="114.18548547662794589996337890625">
        <ele>22.200000762939453125</ele>
        <time>2026-01-17T07:06:31.000Z</time>
        <extensions>
          <ns3:TrackPointExtension>
            <ns3:hr>82</ns3:hr>
          </ns3:TrackPointExtension>
        </extensions>
      </trkpt>
      <trkpt lat="22.32537520118057727813720703125" lon="114.1854872368276119232177734375">
        <ele>22</ele>
        <time>2026-01-17T07:06:32.000Z</time>
        <extensions>
          <ns3:TrackPointExtension>
            <ns3:hr>82</ns3:hr>
          </ns3:TrackPointExtension>
        </extensions>
      </trkpt>
      <trkpt lat="22.325364053249359130859375" lon="114.1854892484843730926513671875">
        <ele>22.200000762939453125</ele>
        <time>2026-01-17T07:06:33.000Z</time>
        <extensions>
          <ns3:TrackPointExtension>
            <ns3:hr>82</ns3:hr>
          </ns3:TrackPointExtension>
        </extensions>
      </trkpt>
      <trkpt lat="22.32535290531814098358154296875" lon="114.185490421950817108154296875">
        <ele>22.200000762939453125</ele>
        <time>2026-01-17T07:06:34.000Z</time>
        <extensions>
          <ns3:TrackPointExtension>
            <ns3:hr>82</ns3:hr>
          </ns3:TrackPointExtension>
        </extensions>
      </trkpt>
      <trkpt lat="22.3253407515585422515869140625" lon="114.18549100868403911590576171875">
        <ele>22.200000762939453125</ele>
        <time>2026-01-17T07:06:35.000Z</time>
        <extensions>
          <ns3:TrackPointExtension>
            <ns3:hr>83</ns3:hr>
          </ns3:TrackPointExtension>
        </extensions>
      </trkpt>
      <trkpt lat="22.325326837599277496337890625" lon="114.1854915954172611236572265625">
        <ele>22.200000762939453125</ele>
        <time>2026-01-17T07:06:36.000Z</time>
        <extensions>
          <ns3:TrackPointExtension>
            <ns3:hr>82</ns3:hr>
          </ns3:TrackPointExtension>
        </extensions>
      </trkpt>
      <trkpt lat="22.3253125883638858795166015625" lon="114.18549369089305400848388671875">
        <ele>22.200000762939453125</ele>
        <time>2026-01-17T07:06:37.000Z</time>
        <extensions>
          <ns3:TrackPointExtension>
            <ns3:hr>82</ns3:hr>
          </ns3:TrackPointExtension>
        </extensions>
      </trkpt>
      <trkpt lat="22.32529808767139911651611328125" lon="114.18549687601625919342041015625">
        <ele>22.200000762939453125</ele>
        <time>2026-01-17T07:06:38.000Z</time>
        <extensions>
          <ns3:TrackPointExtension>
            <ns3:hr>83</ns3:hr>
          </ns3:TrackPointExtension>
        </extensions>
      </trkpt>
      <trkpt lat="22.32528585009276866912841796875" lon="114.18549939058721065521240234375">
        <ele>22.200000762939453125</ele>
        <time>2026-01-17T07:06:39.000Z</time>
        <extensions>
          <ns3:TrackPointExtension>
            <ns3:hr>82</ns3:hr>
          </ns3:TrackPointExtension>
        </extensions>
      </trkpt>
      <trkpt lat="22.32527193613350391387939453125" lon="114.1855019889771938323974609375">
        <ele>22</ele>
        <time>2026-01-17T07:06:40.000Z</time>
        <extensions>
          <ns3:TrackPointExtension>
            <ns3:hr>82</ns3:hr>
          </ns3:TrackPointExtension>
        </extensions>
      </trkpt>
      <trkpt lat="22.32525852508842945098876953125" lon="114.1855040006339550018310546875">
        <ele>22</ele>
        <time>2026-01-17T07:06:41.000Z</time>
        <extensions>
          <ns3:TrackPointExtension>
            <ns3:hr>83</ns3:hr>
          </ns3:TrackPointExtension>
        </extensions>
      </trkpt>
      <trkpt lat="22.32524561695754528045654296875" lon="114.1855060122907161712646484375">
        <ele>22</ele>
        <time>2026-01-17T07:06:42.000Z</time>
        <extensions>
          <ns3:TrackPointExtension>
            <ns3:hr>83</ns3:hr>
          </ns3:TrackPointExtension>
        </extensions>
      </trkpt>
      <trkpt lat="22.325232960283756256103515625" lon="114.185508191585540771484375">
        <ele>22</ele>
        <time>2026-01-17T07:06:43.000Z</time>
        <extensions>
          <ns3:TrackPointExtension>
            <ns3:hr>83</ns3:hr>
          </ns3:TrackPointExtension>
        </extensions>
      </trkpt>
      <trkpt lat="22.32522147707641124725341796875" lon="114.185509867966175079345703125">
        <ele>22</ele>
        <time>2026-01-17T07:06:44.000Z</time>
        <extensions>
          <ns3:TrackPointExtension>
            <ns3:hr>82</ns3:hr>
          </ns3:TrackPointExtension>
        </extensions>
      </trkpt>
      <trkpt lat="22.325210161507129669189453125" lon="114.18551196344196796417236328125">
        <ele>22</ele>
        <time>2026-01-17T07:06:45.000Z</time>
        <extensions>
          <ns3:TrackPointExtension>
            <ns3:hr>82</ns3:hr>
          </ns3:TrackPointExtension>
        </extensions>
      </trkpt>
      <trkpt lat="22.325198091566562652587890625" lon="114.1855148971080780029296875">
        <ele>22</ele>
        <time>2026-01-17T07:06:46.000Z</time>
        <extensions>
          <ns3:TrackPointExtension>
            <ns3:hr>82</ns3:hr>
          </ns3:TrackPointExtension>
        </extensions>
      </trkpt>
      <trkpt lat="22.32518660835921764373779296875" lon="114.185517244040966033935546875">
        <ele>22</ele>
        <time>2026-01-17T07:06:47.000Z</time>
        <extensions>
          <ns3:TrackPointExtension>
            <ns3:hr>81</ns3:hr>
          </ns3:TrackPointExtension>
        </extensions>
      </trkpt>
      <trkpt lat="22.32517571188509464263916015625" lon="114.18552034534513950347900390625">
        <ele>21.799999237060546875</ele>
        <time>2026-01-17T07:06:48.000Z</time>
        <extensions>
          <ns3:TrackPointExtension>
            <ns3:hr>81</ns3:hr>
          </ns3:TrackPointExtension>
        </extensions>
      </trkpt>
      <trkpt lat="22.32516431249678134918212890625" lon="114.185523949563503265380859375">
        <ele>21.799999237060546875</ele>
        <time>2026-01-17T07:06:49.000Z</time>
        <extensions>
          <ns3:TrackPointExtension>
            <ns3:hr>81</ns3:hr>
          </ns3:TrackPointExtension>
        </extensions>
      </trkpt>
      <trkpt lat="22.325154840946197509765625" lon="114.18552654795348644256591796875">
        <ele>21.799999237060546875</ele>
        <time>2026-01-17T07:06:50.000Z</time>
        <extensions>
          <ns3:TrackPointExtension>
            <ns3:hr>81</ns3:hr>
          </ns3:TrackPointExtension>
        </extensions>
      </trkpt>
      <trkpt lat="22.32514478266239166259765625" lon="114.18552822433412075042724609375">
        <ele>21.799999237060546875</ele>
        <time>2026-01-17T07:06:51.000Z</time>
        <extensions>
          <ns3:TrackPointExtension>
            <ns3:hr>81</ns3:hr>
          </ns3:TrackPointExtension>
        </extensions>
      </trkpt>
      <trkpt lat="22.3251328803598880767822265625" lon="114.185529313981533050537109375">
        <ele>21.799999237060546875</ele>
        <time>2026-01-17T07:06:52.000Z</time>
        <extensions>
          <ns3:TrackPointExtension>
            <ns3:hr>81</ns3:hr>
          </ns3:TrackPointExtension>
        </extensions>
      </trkpt>
      <trkpt lat="22.32511821202933788299560546875" lon="114.1855281405150890350341796875">
        <ele>21.799999237060546875</ele>
        <time>2026-01-17T07:06:53.000Z</time>
        <extensions>
          <ns3:TrackPointExtension>
            <ns3:hr>80</ns3:hr>
          </ns3:TrackPointExtension>
        </extensions>
      </trkpt>
      <trkpt lat="22.32510362751781940460205078125" lon="114.18552302755415439605712890625">
        <ele>21.799999237060546875</ele>
        <time>2026-01-17T07:06:54.000Z</time>
        <extensions>
          <ns3:TrackPointExtension>
            <ns3:hr>80</ns3:hr>
          </ns3:TrackPointExtension>
        </extensions>
      </trkpt>
      <trkpt lat="22.325092814862728118896484375" lon="114.1855167411267757415771484375">
        <ele>21.799999237060546875</ele>
        <time>2026-01-17T07:06:55.000Z</time>
        <extensions>
          <ns3:TrackPointExtension>
            <ns3:hr>80</ns3:hr>
          </ns3:TrackPointExtension>
        </extensions>
      </trkpt>
      <trkpt lat="22.32508049346506595611572265625" lon="114.185509197413921356201171875">
        <ele>21.799999237060546875</ele>
        <time>2026-01-17T07:06:56.000Z</time>
        <extensions>
          <ns3:TrackPointExtension>
            <ns3:hr>79</ns3:hr>
          </ns3:TrackPointExtension>
        </extensions>
      </trkpt>
      <trkpt lat="22.32506976462900638580322265625" lon="114.18550257571041584014892578125">
        <ele>22</ele>
        <time>2026-01-17T07:06:57.000Z</time>
        <extensions>
          <ns3:TrackPointExtension>
            <ns3:hr>80</ns3:hr>
          </ns3:TrackPointExtension>
        </extensions>
      </trkpt>
      <trkpt lat="22.32505853287875652313232421875" lon="114.185495786368846893310546875">
        <ele>22</ele>
        <time>2026-01-17T07:06:58.000Z</time>
        <extensions>
          <ns3:TrackPointExtension>
            <ns3:hr>80</ns3:hr>
          </ns3:TrackPointExtension>
        </extensions>
      </trkpt>
      <trkpt lat="22.32504688203334808349609375" lon="114.18548966757953166961669921875">
        <ele>22.200000762939453125</ele>
        <time>2026-01-17T07:06:59.000Z</time>
        <extensions>
          <ns3:TrackPointExtension>
            <ns3:hr>80</ns3:hr>
          </ns3:TrackPointExtension>
        </extensions>
      </trkpt>
      <trkpt lat="22.3250343091785907745361328125" lon="114.1854845546185970306396484375">
        <ele>22.200000762939453125</ele>
        <time>2026-01-17T07:07:00.000Z</time>
        <extensions>
          <ns3:TrackPointExtension>
            <ns3:hr>80</ns3:hr>
          </ns3:TrackPointExtension>
        </extensions>
      </trkpt>
      <trkpt lat="22.325021065771579742431640625" lon="114.18548178859055042266845703125">
        <ele>22.200000762939453125</ele>
        <time>2026-01-17T07:07:01.000Z</time>
        <extensions>
          <ns3:TrackPointExtension>
            <ns3:hr>80</ns3:hr>
          </ns3:TrackPointExtension>
        </extensions>
      </trkpt>
      <trkpt lat="22.32500824145972728729248046875" lon="114.185481034219264984130859375">
        <ele>22.3999996185302734375</ele>
        <time>2026-01-17T07:07:02.000Z</time>
        <extensions>
          <ns3:TrackPointExtension>
            <ns3:hr>80</ns3:hr>
          </ns3:TrackPointExtension>
        </extensions>
      </trkpt>
      <trkpt lat="22.32499533332884311676025390625" lon="114.185482375323772430419921875">
        <ele>22.3999996185302734375</ele>
        <time>2026-01-17T07:07:03.000Z</time>
        <extensions>
          <ns3:TrackPointExtension>
            <ns3:hr>80</ns3:hr>
          </ns3:TrackPointExtension>
        </extensions>
      </trkpt>
      <trkpt lat="22.3249836824834346771240234375" lon="114.18548715300858020782470703125">
        <ele>22.3999996185302734375</ele>
        <time>2026-01-17T07:07:04.000Z</time>
        <extensions>
          <ns3:TrackPointExtension>
            <ns3:hr>79</ns3:hr>
          </ns3:TrackPointExtension>
        </extensions>
      </trkpt>
      <trkpt lat="22.32497178018093109130859375" lon="114.18549276888370513916015625">
        <ele>22.3999996185302734375</ele>
        <time>2026-01-17T07:07:05.000Z</time>
        <extensions>
          <ns3:TrackPointExtension>
            <ns3:hr>79</ns3:hr>
          </ns3:TrackPointExtension>
        </extensions>
      </trkpt>
      <trkpt lat="22.32496281154453754425048828125" lon="114.18549888767302036285400390625">
        <ele>22.3999996185302734375</ele>
        <time>2026-01-17T07:07:06.000Z</time>
        <extensions>
          <ns3:TrackPointExtension>
            <ns3:hr>79</ns3:hr>
          </ns3:TrackPointExtension>
        </extensions>
      </trkpt>
      <trkpt lat="22.32495476491749286651611328125" lon="114.18550827540457248687744140625">
        <ele>22.3999996185302734375</ele>
        <time>2026-01-17T07:07:07.000Z</time>
        <extensions>
          <ns3:TrackPointExtension>
            <ns3:hr>80</ns3:hr>
          </ns3:TrackPointExtension>
        </extensions>
      </trkpt>
      <trkpt lat="22.32494839467108249664306640625" lon="114.185519255697727203369140625">
        <ele>22.3999996185302734375</ele>
        <time>2026-01-17T07:07:08.000Z</time>
        <extensions>
          <ns3:TrackPointExtension>
            <ns3:hr>80</ns3:hr>
          </ns3:TrackPointExtension>
        </extensions>
      </trkpt>
      <trkpt lat="22.32494386844336986541748046875" lon="114.1855324991047382354736328125">
        <ele>22.3999996185302734375</ele>
        <time>2026-01-17T07:07:09.000Z</time>
        <extensions>
          <ns3:TrackPointExtension>
            <ns3:hr>79</ns3:hr>
          </ns3:TrackPointExtension>
        </extensions>
      </trkpt>
      <trkpt lat="22.32493984512984752655029296875" lon="114.18554565869271755218505859375">
        <ele>22.6000003814697265625</ele>
        <time>2026-01-17T07:07:10.000Z</time>
        <extensions>
          <ns3:TrackPointExtension>
            <ns3:hr>79</ns3:hr>
          </ns3:TrackPointExtension>
        </extensions>
      </trkpt>
      <trkpt lat="22.32493154704570770263671875" lon="114.1855569742619991302490234375">
        <ele>22.3999996185302734375</ele>
        <time>2026-01-17T07:07:11.000Z</time>
        <extensions>
          <ns3:TrackPointExtension>
            <ns3:hr>80</ns3:hr>
          </ns3:TrackPointExtension>
        </extensions>
      </trkpt>
      <trkpt lat="22.32492140494287014007568359375" lon="114.1855673678219318389892578125">
        <ele>22.3999996185302734375</ele>
        <time>2026-01-17T07:07:12.000Z</time>
        <extensions>
          <ns3:TrackPointExtension>
            <ns3:hr>80</ns3:hr>
          </ns3:TrackPointExtension>
        </extensions>
      </trkpt>
      <trkpt lat="22.3249067366123199462890625" lon="114.18557633645832538604736328125">
        <ele>22.3999996185302734375</ele>
        <time>2026-01-17T07:07:13.000Z</time>
        <extensions>
          <ns3:TrackPointExtension>
            <ns3:hr>80</ns3:hr>
          </ns3:TrackPointExtension>
        </extensions>
      </trkpt>
      <trkpt lat="22.3248928226530551910400390625" lon="114.18558304198086261749267578125">
        <ele>22.200000762939453125</ele>
        <time>2026-01-17T07:07:14.000Z</time>
        <extensions>
          <ns3:TrackPointExtension>
            <ns3:hr>80</ns3:hr>
          </ns3:TrackPointExtension>
        </extensions>
      </trkpt>
      <trkpt lat="22.3248794116079807281494140625" lon="114.18558840639889240264892578125">
        <ele>22.200000762939453125</ele>
        <time>2026-01-17T07:07:15.000Z</time>
        <extensions>
          <ns3:TrackPointExtension>
            <ns3:hr>81</ns3:hr>
          </ns3:TrackPointExtension>
        </extensions>
      </trkpt>
      <trkpt lat="22.3248649947345256805419921875" lon="114.185591004788875579833984375">
        <ele>22.200000762939453125</ele>
        <time>2026-01-17T07:07:16.000Z</time>
        <extensions>
          <ns3:TrackPointExtension>
            <ns3:hr>82</ns3:hr>
          </ns3:TrackPointExtension>
        </extensions>
      </trkpt>
      <trkpt lat="22.3248509131371974945068359375" lon="114.18559276498854160308837890625">
        <ele>22.200000762939453125</ele>
        <time>2026-01-17T07:07:17.000Z</time>
        <extensions>
          <ns3:TrackPointExtension>
            <ns3:hr>82</ns3:hr>
          </ns3:TrackPointExtension>
        </extensions>
      </trkpt>
      <trkpt lat="22.32483909465372562408447265625" lon="114.1855926811695098876953125">
        <ele>22</ele>
        <time>2026-01-17T07:07:18.000Z</time>
        <extensions>
          <ns3:TrackPointExtension>
            <ns3:hr>83</ns3:hr>
          </ns3:TrackPointExtension>
        </extensions>
      </trkpt>
      <trkpt lat="22.324827611446380615234375" lon="114.18558941222727298736572265625">
        <ele>22</ele>
        <time>2026-01-17T07:07:19.000Z</time>
        <extensions>
          <ns3:TrackPointExtension>
            <ns3:hr>83</ns3:hr>
          </ns3:TrackPointExtension>
        </extensions>
      </trkpt>
      <trkpt lat="22.3248177208006381988525390625" lon="114.18558287434279918670654296875">
        <ele>22.200000762939453125</ele>
        <time>2026-01-17T07:07:20.000Z</time>
        <extensions>
          <ns3:TrackPointExtension>
            <ns3:hr>83</ns3:hr>
          </ns3:TrackPointExtension>
        </extensions>
      </trkpt>
      <trkpt lat="22.32480808161199092864990234375" lon="114.1855720616877079010009765625">
        <ele>22.200000762939453125</ele>
        <time>2026-01-17T07:07:21.000Z</time>
        <extensions>
          <ns3:TrackPointExtension>
            <ns3:hr>83</ns3:hr>
          </ns3:TrackPointExtension>
        </extensions>
      </trkpt>
      <trkpt lat="22.32480011880397796630859375" lon="114.18556074611842632293701171875">
        <ele>22</ele>
        <time>2026-01-17T07:07:22.000Z</time>
        <extensions>
          <ns3:TrackPointExtension>
            <ns3:hr>83</ns3:hr>
          </ns3:TrackPointExtension>
        </extensions>
      </trkpt>
      <trkpt lat="22.32479316182434558868408203125" lon="114.18554641306400299072265625">
        <ele>22</ele>
        <time>2026-01-17T07:07:23.000Z</time>
        <extensions>
          <ns3:TrackPointExtension>
            <ns3:hr>82</ns3:hr>
          </ns3:TrackPointExtension>
        </extensions>
      </trkpt>
      <trkpt lat="22.32478796504437923431396484375" lon="114.1855318285524845123291015625">
        <ele>22</ele>
        <time>2026-01-17T07:07:24.000Z</time>
        <extensions>
          <ns3:TrackPointExtension>
            <ns3:hr>82</ns3:hr>
          </ns3:TrackPointExtension>
        </extensions>
      </trkpt>
      <trkpt lat="22.32478343881666660308837890625" lon="114.1855174116790294647216796875">
        <ele>22.200000762939453125</ele>
        <time>2026-01-17T07:07:25.000Z</time>
        <extensions>
          <ns3:TrackPointExtension>
            <ns3:hr>82</ns3:hr>
          </ns3:TrackPointExtension>
        </extensions>
      </trkpt>
      <trkpt lat="22.32477891258895397186279296875" lon="114.185501821339130401611328125">
        <ele>22.200000762939453125</ele>
        <time>2026-01-17T07:07:26.000Z</time>
        <extensions>
          <ns3:TrackPointExtension>
            <ns3:hr>82</ns3:hr>
          </ns3:TrackPointExtension>
        </extensions>
      </trkpt>
      <trkpt lat="22.32477338053286075592041015625" lon="114.1854879073798656463623046875">
        <ele>22.3999996185302734375</ele>
        <time>2026-01-17T07:07:27.000Z</time>
        <extensions>
          <ns3:TrackPointExtension>
            <ns3:hr>82</ns3:hr>
          </ns3:TrackPointExtension>
        </extensions>
      </trkpt>
      <trkpt lat="22.324767597019672393798828125" lon="114.1854738257825374603271484375">
        <ele>22.3999996185302734375</ele>
        <time>2026-01-17T07:07:28.000Z</time>
        <extensions>
          <ns3:TrackPointExtension>
            <ns3:hr>82</ns3:hr>
          </ns3:TrackPointExtension>
        </extensions>
      </trkpt>
      <trkpt lat="22.32476147823035717010498046875" lon="114.18545999564230442047119140625">
        <ele>22.6000003814697265625</ele>
        <time>2026-01-17T07:07:29.000Z</time>
        <extensions>
          <ns3:TrackPointExtension>
            <ns3:hr>82</ns3:hr>
          </ns3:TrackPointExtension>
        </extensions>
      </trkpt>
      <trkpt lat="22.32475426979362964630126953125" lon="114.1854456625878810882568359375">
        <ele>22.6000003814697265625</ele>
        <time>2026-01-17T07:07:30.000Z</time>
        <extensions>
          <ns3:TrackPointExtension>
            <ns3:hr>82</ns3:hr>
          </ns3:TrackPointExtension>
        </extensions>
      </trkpt>
      <trkpt lat="22.32474706135690212249755859375" lon="114.1854349337518215179443359375">
        <ele>22.799999237060546875</ele>
        <time>2026-01-17T07:07:31.000Z</time>
        <extensions>
          <ns3:TrackPointExtension>
            <ns3:hr>82</ns3:hr>
          </ns3:TrackPointExtension>
        </extensions>
      </trkpt>
      <trkpt lat="22.3247399367392063140869140625" lon="114.18542579747736454010009765625">
        <ele>22.799999237060546875</ele>
        <time>2026-01-17T07:07:32.000Z</time>
        <extensions>
          <ns3:TrackPointExtension>
            <ns3:hr>83</ns3:hr>
          </ns3:TrackPointExtension>
        </extensions>
      </trkpt>
      <trkpt lat="22.32473365031182765960693359375" lon="114.18541632592678070068359375">
        <ele>22.799999237060546875</ele>
        <time>2026-01-17T07:07:33.000Z</time>
        <extensions>
          <ns3:TrackPointExtension>
            <ns3:hr>82</ns3:hr>
          </ns3:TrackPointExtension>
        </extensions>
      </trkpt>
      <trkpt lat="22.32472677715122699737548828125" lon="114.18540559709072113037109375">
        <ele>22.799999237060546875</ele>
        <time>2026-01-17T07:07:34.000Z</time>
        <extensions>
          <ns3:TrackPointExtension>
            <ns3:hr>82</ns3:hr>
          </ns3:TrackPointExtension>
        </extensions>
      </trkpt>
      <trkpt lat="22.32472040690481662750244140625" lon="114.18539461679756641387939453125">
        <ele>22.799999237060546875</ele>
        <time>2026-01-17T07:07:35.000Z</time>
        <extensions>
          <ns3:TrackPointExtension>
            <ns3:hr>82</ns3:hr>
          </ns3:TrackPointExtension>
        </extensions>
      </trkpt>
      <trkpt lat="22.3247147910296916961669921875" lon="114.18538304977118968963623046875">
        <ele>22.799999237060546875</ele>
        <time>2026-01-17T07:07:36.000Z</time>
        <extensions>
          <ns3:TrackPointExtension>
            <ns3:hr>83</ns3:hr>
          </ns3:TrackPointExtension>
        </extensions>
      </trkpt>
      <trkpt lat="22.3247082531452178955078125" lon="114.18537165038287639617919921875">
        <ele>22.799999237060546875</ele>
        <time>2026-01-17T07:07:37.000Z</time>
        <extensions>
          <ns3:TrackPointExtension>
            <ns3:hr>83</ns3:hr>
          </ns3:TrackPointExtension>
        </extensions>
      </trkpt>
      <trkpt lat="22.32470163144171237945556640625" lon="114.18536092154681682586669921875">
        <ele>22.799999237060546875</ele>
        <time>2026-01-17T07:07:38.000Z</time>
        <extensions>
          <ns3:TrackPointExtension>
            <ns3:hr>83</ns3:hr>
          </ns3:TrackPointExtension>
        </extensions>
      </trkpt>
      <trkpt lat="22.32469475828111171722412109375" lon="114.1853484325110912322998046875">
        <ele>23</ele>
        <time>2026-01-17T07:07:39.000Z</time>
        <extensions>
          <ns3:TrackPointExtension>
            <ns3:hr>83</ns3:hr>
          </ns3:TrackPointExtension>
        </extensions>
      </trkpt>
      <trkpt lat="22.32468754984438419342041015625" lon="114.185335524380207061767578125">
        <ele>23</ele>
        <time>2026-01-17T07:07:40.000Z</time>
        <extensions>
          <ns3:TrackPointExtension>
            <ns3:hr>82</ns3:hr>
          </ns3:TrackPointExtension>
        </extensions>
      </trkpt>
      <trkpt lat="22.32468000613152980804443359375" lon="114.18532219715416431427001953125">
        <ele>23</ele>
        <time>2026-01-17T07:07:41.000Z</time>
        <extensions>
          <ns3:TrackPointExtension>
            <ns3:hr>83</ns3:hr>
          </ns3:TrackPointExtension>
        </extensions>
      </trkpt>
      <trkpt lat="22.324673049151897430419921875" lon="114.18530778028070926666259765625">
        <ele>23</ele>
        <time>2026-01-17T07:07:42.000Z</time>
        <extensions>
          <ns3:TrackPointExtension>
            <ns3:hr>83</ns3:hr>
          </ns3:TrackPointExtension>
        </extensions>
      </trkpt>
      <trkpt lat="22.32466625981032848358154296875" lon="114.18529403395950794219970703125">
        <ele>23</ele>
        <time>2026-01-17T07:07:43.000Z</time>
        <extensions>
          <ns3:TrackPointExtension>
            <ns3:hr>82</ns3:hr>
          </ns3:TrackPointExtension>
        </extensions>
      </trkpt>
      <trkpt lat="22.32466005720198154449462890625" lon="114.18527978472411632537841796875">
        <ele>23.200000762939453125</ele>
        <time>2026-01-17T07:07:44.000Z</time>
        <extensions>
          <ns3:TrackPointExtension>
            <ns3:hr>83</ns3:hr>
          </ns3:TrackPointExtension>
        </extensions>
      </trkpt>
      <trkpt lat="22.32465335167944431304931640625" lon="114.185266792774200439453125">
        <ele>23.200000762939453125</ele>
        <time>2026-01-17T07:07:45.000Z</time>
        <extensions>
          <ns3:TrackPointExtension>
            <ns3:hr>83</ns3:hr>
          </ns3:TrackPointExtension>
        </extensions>
      </trkpt>
      <trkpt lat="22.324646897614002227783203125" lon="114.18525279499590396881103515625">
        <ele>23.200000762939453125</ele>
        <time>2026-01-17T07:07:46.000Z</time>
        <extensions>
          <ns3:TrackPointExtension>
            <ns3:hr>83</ns3:hr>
          </ns3:TrackPointExtension>
        </extensions>
      </trkpt>
      <trkpt lat="22.32464195229113101959228515625" lon="114.18524089269340038299560546875">
        <ele>23.3999996185302734375</ele>
        <time>2026-01-17T07:07:47.000Z</time>
        <extensions>
          <ns3:TrackPointExtension>
            <ns3:hr>83</ns3:hr>
          </ns3:TrackPointExtension>
        </extensions>
      </trkpt>
      <trkpt lat="22.32463625259697437286376953125" lon="114.1852279007434844970703125">
        <ele>23.3999996185302734375</ele>
        <time>2026-01-17T07:07:48.000Z</time>
        <extensions>
          <ns3:TrackPointExtension>
            <ns3:hr>82</ns3:hr>
          </ns3:TrackPointExtension>
        </extensions>
      </trkpt>
      <trkpt lat="22.32463113963603973388671875" lon="114.18521524406969547271728515625">
        <ele>23.6000003814697265625</ele>
        <time>2026-01-17T07:07:49.000Z</time>
        <extensions>
          <ns3:TrackPointExtension>
            <ns3:hr>83</ns3:hr>
          </ns3:TrackPointExtension>
        </extensions>
      </trkpt>
      <trkpt lat="22.32462619431316852569580078125" lon="114.1852010786533355712890625">
        <ele>23.6000003814697265625</ele>
        <time>2026-01-17T07:07:50.000Z</time>
        <extensions>
          <ns3:TrackPointExtension>
            <ns3:hr>83</ns3:hr>
          </ns3:TrackPointExtension>
        </extensions>
      </trkpt>
      <trkpt lat="22.32462108135223388671875" lon="114.18518791906535625457763671875">
        <ele>23.6000003814697265625</ele>
        <time>2026-01-17T07:07:51.000Z</time>
        <extensions>
          <ns3:TrackPointExtension>
            <ns3:hr>83</ns3:hr>
          </ns3:TrackPointExtension>
        </extensions>
      </trkpt>
      <trkpt lat="22.32461630366742610931396484375" lon="114.18517400510609149932861328125">
        <ele>23.6000003814697265625</ele>
        <time>2026-01-17T07:07:52.000Z</time>
        <extensions>
          <ns3:TrackPointExtension>
            <ns3:hr>83</ns3:hr>
          </ns3:TrackPointExtension>
        </extensions>
      </trkpt>
      <trkpt lat="22.32461160980165004730224609375" lon="114.1851610131561756134033203125">
        <ele>23.799999237060546875</ele>
        <time>2026-01-17T07:07:53.000Z</time>
        <extensions>
          <ns3:TrackPointExtension>
            <ns3:hr>83</ns3:hr>
          </ns3:TrackPointExtension>
        </extensions>
      </trkpt>
      <trkpt lat="22.3246063292026519775390625" lon="114.185148440301418304443359375">
        <ele>23.799999237060546875</ele>
        <time>2026-01-17T07:07:54.000Z</time>
        <extensions>
          <ns3:TrackPointExtension>
            <ns3:hr>82</ns3:hr>
          </ns3:TrackPointExtension>
        </extensions>
      </trkpt>
      <trkpt lat="22.3246007971465587615966796875" lon="114.185135364532470703125">
        <ele>24</ele>
        <time>2026-01-17T07:07:55.000Z</time>
        <extensions>
          <ns3:TrackPointExtension>
            <ns3:hr>81</ns3:hr>
          </ns3:TrackPointExtension>
        </extensions>
      </trkpt>
      <trkpt lat="22.32459518127143383026123046875" lon="114.18512203730642795562744140625">
        <ele>24</ele>
        <time>2026-01-17T07:07:56.000Z</time>
        <extensions>
          <ns3:TrackPointExtension>
            <ns3:hr>80</ns3:hr>
          </ns3:TrackPointExtension>
        </extensions>
      </trkpt>
      <trkpt lat="22.3245893977582454681396484375" lon="114.18510879389941692352294921875">
        <ele>24</ele>
        <time>2026-01-17T07:07:57.000Z</time>
        <extensions>
          <ns3:TrackPointExtension>
            <ns3:hr>81</ns3:hr>
          </ns3:TrackPointExtension>
        </extensions>
      </trkpt>
      <trkpt lat="22.3245833627879619598388671875" lon="114.18509622104465961456298828125">
        <ele>24</ele>
        <time>2026-01-17T07:07:58.000Z</time>
        <extensions>
          <ns3:TrackPointExtension>
            <ns3:hr>81</ns3:hr>
          </ns3:TrackPointExtension>
        </extensions>
      </trkpt>
      <trkpt lat="22.324577160179615020751953125" lon="114.18508230708539485931396484375">
        <ele>24</ele>
        <time>2026-01-17T07:07:59.000Z</time>
        <extensions>
          <ns3:TrackPointExtension>
            <ns3:hr>81</ns3:hr>
          </ns3:TrackPointExtension>
        </extensions>
      </trkpt>
      <trkpt lat="22.32457104139029979705810546875" lon="114.185069315135478973388671875">
        <ele>24</ele>
        <time>2026-01-17T07:08:00.000Z</time>
        <extensions>
          <ns3:TrackPointExtension>
            <ns3:hr>82</ns3:hr>
          </ns3:TrackPointExtension>
        </extensions>
      </trkpt>
      <trkpt lat="22.32456416822969913482666015625" lon="114.18505598790943622589111328125">
        <ele>24</ele>
        <time>2026-01-17T07:08:01.000Z</time>
        <extensions>
          <ns3:TrackPointExtension>
            <ns3:hr>82</ns3:hr>
          </ns3:TrackPointExtension>
        </extensions>
      </trkpt>
      <trkpt lat="22.32455737888813018798828125" lon="114.18504425324499607086181640625">
        <ele>24</ele>
        <time>2026-01-17T07:08:02.000Z</time>
        <extensions>
          <ns3:TrackPointExtension>
            <ns3:hr>82</ns3:hr>
          </ns3:TrackPointExtension>
        </extensions>
      </trkpt>
      <trkpt lat="22.32455075718462467193603515625" lon="114.18503168039023876190185546875">
        <ele>24</ele>
        <time>2026-01-17T07:08:03.000Z</time>
        <extensions>
          <ns3:TrackPointExtension>
            <ns3:hr>82</ns3:hr>
          </ns3:TrackPointExtension>
        </extensions>
      </trkpt>
      <trkpt lat="22.3245444707572460174560546875" lon="114.1850205324590206146240234375">
        <ele>24</ele>
        <time>2026-01-17T07:08:04.000Z</time>
        <extensions>
          <ns3:TrackPointExtension>
            <ns3:hr>82</ns3:hr>
          </ns3:TrackPointExtension>
        </extensions>
      </trkpt>
      <trkpt lat="22.324537932872772216796875" lon="114.18500971980392932891845703125">
        <ele>24.200000762939453125</ele>
        <time>2026-01-17T07:08:05.000Z</time>
        <extensions>
          <ns3:TrackPointExtension>
            <ns3:hr>82</ns3:hr>
          </ns3:TrackPointExtension>
        </extensions>
      </trkpt>
      <trkpt lat="22.32453189790248870849609375" lon="114.1849984042346477508544921875">
        <ele>24.200000762939453125</ele>
        <time>2026-01-17T07:08:06.000Z</time>
        <extensions>
          <ns3:TrackPointExtension>
            <ns3:hr>82</ns3:hr>
          </ns3:TrackPointExtension>
        </extensions>
      </trkpt>
      <trkpt lat="22.3245258629322052001953125" lon="114.1849863342940807342529296875">
        <ele>24.200000762939453125</ele>
        <time>2026-01-17T07:08:07.000Z</time>
        <extensions>
          <ns3:TrackPointExtension>
            <ns3:hr>83</ns3:hr>
          </ns3:TrackPointExtension>
        </extensions>
      </trkpt>
      <trkpt lat="22.32451940886676311492919921875" lon="114.18497468344867229461669921875">
        <ele>24.200000762939453125</ele>
        <time>2026-01-17T07:08:08.000Z</time>
        <extensions>
          <ns3:TrackPointExtension>
            <ns3:hr>83</ns3:hr>
          </ns3:TrackPointExtension>
        </extensions>
      </trkpt>
      <trkpt lat="22.3245124518871307373046875" lon="114.1849628649652004241943359375">
        <ele>24.200000762939453125</ele>
        <time>2026-01-17T07:08:09.000Z</time>
        <extensions>
          <ns3:TrackPointExtension>
            <ns3:hr>83</ns3:hr>
          </ns3:TrackPointExtension>
        </extensions>
      </trkpt>
      <trkpt lat="22.324506081640720367431640625" lon="114.1849507950246334075927734375">
        <ele>24.200000762939453125</ele>
        <time>2026-01-17T07:08:10.000Z</time>
        <extensions>
          <ns3:TrackPointExtension>
            <ns3:hr>83</ns3:hr>
          </ns3:TrackPointExtension>
        </extensions>
      </trkpt>
      <trkpt lat="22.32449895702302455902099609375" lon="114.184939227998256683349609375">
        <ele>24.200000762939453125</ele>
        <time>2026-01-17T07:08:11.000Z</time>
        <extensions>
          <ns3:TrackPointExtension>
            <ns3:hr>83</ns3:hr>
          </ns3:TrackPointExtension>
        </extensions>
      </trkpt>
      <trkpt lat="22.3244914971292018890380859375" lon="114.1849266551434993743896484375">
        <ele>24.200000762939453125</ele>
        <time>2026-01-17T07:08:12.000Z</time>
        <extensions>
          <ns3:TrackPointExtension>
            <ns3:hr>83</ns3:hr>
          </ns3:TrackPointExtension>
        </extensions>
      </trkpt>
      <trkpt lat="22.32448437251150608062744140625" lon="114.18491383083164691925048828125">
        <ele>24.3999996185302734375</ele>
        <time>2026-01-17T07:08:13.000Z</time>
        <extensions>
          <ns3:TrackPointExtension>
            <ns3:hr>83</ns3:hr>
          </ns3:TrackPointExtension>
        </extensions>
      </trkpt>
      <trkpt lat="22.32447951100766658782958984375" lon="114.18490276671946048736572265625">
        <ele>24.3999996185302734375</ele>
        <time>2026-01-17T07:08:14.000Z</time>
        <extensions>
          <ns3:TrackPointExtension>
            <ns3:hr>83</ns3:hr>
          </ns3:TrackPointExtension>
        </extensions>
      </trkpt>
      <trkpt lat="22.32447716407477855682373046875" lon="114.18488868512213230133056640625">
        <ele>24.3999996185302734375</ele>
        <time>2026-01-17T07:08:15.000Z</time>
        <extensions>
          <ns3:TrackPointExtension>
            <ns3:hr>83</ns3:hr>
          </ns3:TrackPointExtension>
        </extensions>
      </trkpt>
      <trkpt lat="22.324473559856414794921875" lon="114.18487594462931156158447265625">
        <ele>24.3999996185302734375</ele>
        <time>2026-01-17T07:08:16.000Z</time>
        <extensions>
          <ns3:TrackPointExtension>
            <ns3:hr>83</ns3:hr>
          </ns3:TrackPointExtension>
        </extensions>
      </trkpt>
      <trkpt lat="22.32446978799998760223388671875" lon="114.184862785041332244873046875">
        <ele>24.3999996185302734375</ele>
        <time>2026-01-17T07:08:17.000Z</time>
        <extensions>
          <ns3:TrackPointExtension>
            <ns3:hr>83</ns3:hr>
          </ns3:TrackPointExtension>
        </extensions>
      </trkpt>
      <trkpt lat="22.32446618378162384033203125" lon="114.1848495416343212127685546875">
        <ele>24.3999996185302734375</ele>
        <time>2026-01-17T07:08:18.000Z</time>
        <extensions>
          <ns3:TrackPointExtension>
            <ns3:hr>83</ns3:hr>
          </ns3:TrackPointExtension>
        </extensions>
      </trkpt>
      <trkpt lat="22.324462831020355224609375" lon="114.18483587913215160369873046875">
        <ele>24.3999996185302734375</ele>
        <time>2026-01-17T07:08:19.000Z</time>
        <extensions>
          <ns3:TrackPointExtension>
            <ns3:hr>82</ns3:hr>
          </ns3:TrackPointExtension>
        </extensions>
      </trkpt>
      <trkpt lat="22.3244588077068328857421875" lon="114.18482146225869655609130859375">
        <ele>24.3999996185302734375</ele>
        <time>2026-01-17T07:08:20.000Z</time>
        <extensions>
          <ns3:TrackPointExtension>
            <ns3:hr>83</ns3:hr>
          </ns3:TrackPointExtension>
        </extensions>
      </trkpt>
      <trkpt lat="22.32445403002202510833740234375" lon="114.18480738066136837005615234375">
        <ele>24.3999996185302734375</ele>
        <time>2026-01-17T07:08:21.000Z</time>
        <extensions>
          <ns3:TrackPointExtension>
            <ns3:hr>83</ns3:hr>
          </ns3:TrackPointExtension>
        </extensions>
      </trkpt>
      <trkpt lat="22.32444866560399532318115234375" lon="114.18479396961629390716552734375">
        <ele>24.3999996185302734375</ele>
        <time>2026-01-17T07:08:22.000Z</time>
        <extensions>
          <ns3:TrackPointExtension>
            <ns3:hr>82</ns3:hr>
          </ns3:TrackPointExtension>
        </extensions>
      </trkpt>
      <trkpt lat="22.324442379176616668701171875" lon="114.18478022329509258270263671875">
        <ele>24.3999996185302734375</ele>
        <time>2026-01-17T07:08:23.000Z</time>
        <extensions>
          <ns3:TrackPointExtension>
            <ns3:hr>82</ns3:hr>
          </ns3:TrackPointExtension>
        </extensions>
      </trkpt>
      <trkpt lat="22.32443626038730144500732421875" lon="114.184768237173557281494140625">
        <ele>24.6000003814697265625</ele>
        <time>2026-01-17T07:08:24.000Z</time>
        <extensions>
          <ns3:TrackPointExtension>
            <ns3:hr>82</ns3:hr>
          </ns3:TrackPointExtension>
        </extensions>
      </trkpt>
      <trkpt lat="22.32442997395992279052734375" lon="114.18475625105202198028564453125">
        <ele>24.6000003814697265625</ele>
        <time>2026-01-17T07:08:25.000Z</time>
        <extensions>
          <ns3:TrackPointExtension>
            <ns3:hr>82</ns3:hr>
          </ns3:TrackPointExtension>
        </extensions>
      </trkpt>
      <trkpt lat="22.3244237713515758514404296875" lon="114.18474334292113780975341796875">
        <ele>24.6000003814697265625</ele>
        <time>2026-01-17T07:08:26.000Z</time>
        <extensions>
          <ns3:TrackPointExtension>
            <ns3:hr>83</ns3:hr>
          </ns3:TrackPointExtension>
        </extensions>
      </trkpt>
      <trkpt lat="22.32441798783838748931884765625" lon="114.18472926132380962371826171875">
        <ele>24.6000003814697265625</ele>
        <time>2026-01-17T07:08:27.000Z</time>
        <extensions>
          <ns3:TrackPointExtension>
            <ns3:hr>83</ns3:hr>
          </ns3:TrackPointExtension>
        </extensions>
      </trkpt>
      <trkpt lat="22.324411533772945404052734375" lon="114.1847144253551959991455078125">
        <ele>24.6000003814697265625</ele>
        <time>2026-01-17T07:08:28.000Z</time>
        <extensions>
          <ns3:TrackPointExtension>
            <ns3:hr>84</ns3:hr>
          </ns3:TrackPointExtension>
        </extensions>
      </trkpt>
      <trkpt lat="22.32440541498363018035888671875" lon="114.18469992466270923614501953125">
        <ele>24.6000003814697265625</ele>
        <time>2026-01-17T07:08:29.000Z</time>
        <extensions>
          <ns3:TrackPointExtension>
            <ns3:hr>85</ns3:hr>
          </ns3:TrackPointExtension>
        </extensions>
      </trkpt>
      <trkpt lat="22.32439921237528324127197265625" lon="114.184684418141841888427734375">
        <ele>24.3999996185302734375</ele>
        <time>2026-01-17T07:08:30.000Z</time>
        <extensions>
          <ns3:TrackPointExtension>
            <ns3:hr>84</ns3:hr>
          </ns3:TrackPointExtension>
        </extensions>
      </trkpt>
      <trkpt lat="22.324392758309841156005859375" lon="114.1846688278019428253173828125">
        <ele>24.3999996185302734375</ele>
        <time>2026-01-17T07:08:31.000Z</time>
        <extensions>
          <ns3:TrackPointExtension>
            <ns3:hr>84</ns3:hr>
          </ns3:TrackPointExtension>
        </extensions>
      </trkpt>
      <trkpt lat="22.324385382235050201416015625" lon="114.18465700931847095489501953125">
        <ele>24.3999996185302734375</ele>
        <time>2026-01-17T07:08:32.000Z</time>
        <extensions>
          <ns3:TrackPointExtension>
            <ns3:hr>84</ns3:hr>
          </ns3:TrackPointExtension>
        </extensions>
      </trkpt>
      <trkpt lat="22.324377335608005523681640625" lon="114.18464443646371364593505859375">
        <ele>24.3999996185302734375</ele>
        <time>2026-01-17T07:08:33.000Z</time>
        <extensions>
          <ns3:TrackPointExtension>
            <ns3:hr>83</ns3:hr>
          </ns3:TrackPointExtension>
        </extensions>
      </trkpt>
      <trkpt lat="22.32437121681869029998779296875" lon="114.1846316121518611907958984375">
        <ele>24.3999996185302734375</ele>
        <time>2026-01-17T07:08:34.000Z</time>
        <extensions>
          <ns3:TrackPointExtension>
            <ns3:hr>83</ns3:hr>
          </ns3:TrackPointExtension>
        </extensions>
      </trkpt>
      <trkpt lat="22.3243650980293750762939453125" lon="114.18461761437356472015380859375">
        <ele>24.3999996185302734375</ele>
        <time>2026-01-17T07:08:35.000Z</time>
        <extensions>
          <ns3:TrackPointExtension>
            <ns3:hr>82</ns3:hr>
          </ns3:TrackPointExtension>
        </extensions>
      </trkpt>
      <trkpt lat="22.324358560144901275634765625" lon="114.1846047900617122650146484375">
        <ele>24.6000003814697265625</ele>
        <time>2026-01-17T07:08:36.000Z</time>
        <extensions>
          <ns3:TrackPointExtension>
            <ns3:hr>82</ns3:hr>
          </ns3:TrackPointExtension>
        </extensions>
      </trkpt>
      <trkpt lat="22.3243526928126811981201171875" lon="114.18459230102598667144775390625">
        <ele>24.6000003814697265625</ele>
        <time>2026-01-17T07:08:37.000Z</time>
        <extensions>
          <ns3:TrackPointExtension>
            <ns3:hr>81</ns3:hr>
          </ns3:TrackPointExtension>
        </extensions>
      </trkpt>
      <trkpt lat="22.32434674166142940521240234375" lon="114.18457872234284877777099609375">
        <ele>24.799999237060546875</ele>
        <time>2026-01-17T07:08:38.000Z</time>
        <extensions>
          <ns3:TrackPointExtension>
            <ns3:hr>81</ns3:hr>
          </ns3:TrackPointExtension>
        </extensions>
      </trkpt>
      <trkpt lat="22.3243412934243679046630859375" lon="114.184565059840679168701171875">
        <ele>24.799999237060546875</ele>
        <time>2026-01-17T07:08:39.000Z</time>
        <extensions>
          <ns3:TrackPointExtension>
            <ns3:hr>79</ns3:hr>
          </ns3:TrackPointExtension>
        </extensions>
      </trkpt>
      <trkpt lat="22.32433567754924297332763671875" lon="114.1845511458814144134521484375">
        <ele>24.799999237060546875</ele>
        <time>2026-01-17T07:08:40.000Z</time>
        <extensions>
          <ns3:TrackPointExtension>
            <ns3:hr>79</ns3:hr>
          </ns3:TrackPointExtension>
        </extensions>
      </trkpt>
      <trkpt lat="22.32432964257895946502685546875" lon="114.18453765101730823516845703125">
        <ele>24.799999237060546875</ele>
        <time>2026-01-17T07:08:41.000Z</time>
        <extensions>
          <ns3:TrackPointExtension>
            <ns3:hr>79</ns3:hr>
          </ns3:TrackPointExtension>
        </extensions>
      </trkpt>
      <trkpt lat="22.324324361979961395263671875" lon="114.18452541343867778778076171875">
        <ele>24.799999237060546875</ele>
        <time>2026-01-17T07:08:42.000Z</time>
        <extensions>
          <ns3:TrackPointExtension>
            <ns3:hr>79</ns3:hr>
          </ns3:TrackPointExtension>
        </extensions>
      </trkpt>
      <trkpt lat="22.3243178240954875946044921875" lon="114.1845119185745716094970703125">
        <ele>25</ele>
        <time>2026-01-17T07:08:43.000Z</time>
        <extensions>
          <ns3:TrackPointExtension>
            <ns3:hr>79</ns3:hr>
          </ns3:TrackPointExtension>
        </extensions>
      </trkpt>
      <trkpt lat="22.3243121244013309478759765625" lon="114.184500016272068023681640625">
        <ele>25</ele>
        <time>2026-01-17T07:08:44.000Z</time>
        <extensions>
          <ns3:TrackPointExtension>
            <ns3:hr>79</ns3:hr>
          </ns3:TrackPointExtension>
        </extensions>
      </trkpt>
      <trkpt lat="22.32430650852620601654052734375" lon="114.184487946331501007080078125">
        <ele>25.200000762939453125</ele>
        <time>2026-01-17T07:08:45.000Z</time>
        <extensions>
          <ns3:TrackPointExtension>
            <ns3:hr>79</ns3:hr>
          </ns3:TrackPointExtension>
        </extensions>
      </trkpt>
      <trkpt lat="22.324301898479461669921875" lon="114.18447361327707767486572265625">
        <ele>25.200000762939453125</ele>
        <time>2026-01-17T07:08:46.000Z</time>
        <extensions>
          <ns3:TrackPointExtension>
            <ns3:hr>79</ns3:hr>
          </ns3:TrackPointExtension>
        </extensions>
      </trkpt>
      <trkpt lat="22.3242967016994953155517578125" lon="114.18446036987006664276123046875">
        <ele>25.200000762939453125</ele>
        <time>2026-01-17T07:08:47.000Z</time>
        <extensions>
          <ns3:TrackPointExtension>
            <ns3:hr>79</ns3:hr>
          </ns3:TrackPointExtension>
        </extensions>
      </trkpt>
      <trkpt lat="22.324291504919528961181640625" lon="114.18444712646305561065673828125">
        <ele>25.200000762939453125</ele>
        <time>2026-01-17T07:08:48.000Z</time>
        <extensions>
          <ns3:TrackPointExtension>
            <ns3:hr>80</ns3:hr>
          </ns3:TrackPointExtension>
        </extensions>
      </trkpt>
      <trkpt lat="22.32428639195859432220458984375" lon="114.184433631598949432373046875">
        <ele>25.200000762939453125</ele>
        <time>2026-01-17T07:08:49.000Z</time>
        <extensions>
          <ns3:TrackPointExtension>
            <ns3:hr>81</ns3:hr>
          </ns3:TrackPointExtension>
        </extensions>
      </trkpt>
      <trkpt lat="22.32428220100700855255126953125" lon="114.184420891106128692626953125">
        <ele>25.200000762939453125</ele>
        <time>2026-01-17T07:08:50.000Z</time>
        <extensions>
          <ns3:TrackPointExtension>
            <ns3:hr>82</ns3:hr>
          </ns3:TrackPointExtension>
        </extensions>
      </trkpt>
      <trkpt lat="22.32427775859832763671875" lon="114.18440781533718109130859375">
        <ele>25.200000762939453125</ele>
        <time>2026-01-17T07:08:51.000Z</time>
        <extensions>
          <ns3:TrackPointExtension>
            <ns3:hr>82</ns3:hr>
          </ns3:TrackPointExtension>
        </extensions>
      </trkpt>
      <trkpt lat="22.324272729456424713134765625" lon="114.18439499102532863616943359375">
        <ele>25.3999996185302734375</ele>
        <time>2026-01-17T07:08:52.000Z</time>
        <extensions>
          <ns3:TrackPointExtension>
            <ns3:hr>82</ns3:hr>
          </ns3:TrackPointExtension>
        </extensions>
      </trkpt>
      <trkpt lat="22.32426728121936321258544921875" lon="114.18438292108476161956787109375">
        <ele>25.3999996185302734375</ele>
        <time>2026-01-17T07:08:53.000Z</time>
        <extensions>
          <ns3:TrackPointExtension>
            <ns3:hr>83</ns3:hr>
          </ns3:TrackPointExtension>
        </extensions>
      </trkpt>
      <trkpt lat="22.32426292262971401214599609375" lon="114.18437235988676548004150390625">
        <ele>25.3999996185302734375</ele>
        <time>2026-01-17T07:08:54.000Z</time>
        <extensions>
          <ns3:TrackPointExtension>
            <ns3:hr>84</ns3:hr>
          </ns3:TrackPointExtension>
        </extensions>
      </trkpt>
      <trkpt lat="22.324258647859096527099609375" lon="114.1843613795936107635498046875">
        <ele>25.3999996185302734375</ele>
        <time>2026-01-17T07:08:55.000Z</time>
        <extensions>
          <ns3:TrackPointExtension>
            <ns3:hr>84</ns3:hr>
          </ns3:TrackPointExtension>
        </extensions>
      </trkpt>
      <trkpt lat="22.3242544569075107574462890625" lon="114.18434889055788516998291015625">
        <ele>25.3999996185302734375</ele>
        <time>2026-01-17T07:08:56.000Z</time>
        <extensions>
          <ns3:TrackPointExtension>
            <ns3:hr>84</ns3:hr>
          </ns3:TrackPointExtension>
        </extensions>
      </trkpt>
      <trkpt lat="22.3242495954036712646484375" lon="114.18433539569377899169921875">
        <ele>25.3999996185302734375</ele>
        <time>2026-01-17T07:08:57.000Z</time>
        <extensions>
          <ns3:TrackPointExtension>
            <ns3:hr>84</ns3:hr>
          </ns3:TrackPointExtension>
        </extensions>
      </trkpt>
      <trkpt lat="22.32424465008080005645751953125" lon="114.1843218170106410980224609375">
        <ele>25.3999996185302734375</ele>
        <time>2026-01-17T07:08:58.000Z</time>
        <extensions>
          <ns3:TrackPointExtension>
            <ns3:hr>84</ns3:hr>
          </ns3:TrackPointExtension>
        </extensions>
      </trkpt>
      <trkpt lat="22.3242386989295482635498046875" lon="114.18430698104202747344970703125">
        <ele>25.3999996185302734375</ele>
        <time>2026-01-17T07:08:59.000Z</time>
        <extensions>
          <ns3:TrackPointExtension>
            <ns3:hr>84</ns3:hr>
          </ns3:TrackPointExtension>
        </extensions>
      </trkpt>
      <trkpt lat="22.3242333345115184783935546875" lon="114.184292145073413848876953125">
        <ele>25.3999996185302734375</ele>
        <time>2026-01-17T07:09:00.000Z</time>
        <extensions>
          <ns3:TrackPointExtension>
            <ns3:hr>85</ns3:hr>
          </ns3:TrackPointExtension>
        </extensions>
      </trkpt>
      <trkpt lat="22.3242283053696155548095703125" lon="114.1842789016664028167724609375">
        <ele>25.6000003814697265625</ele>
        <time>2026-01-17T07:09:01.000Z</time>
        <extensions>
          <ns3:TrackPointExtension>
            <ns3:hr>84</ns3:hr>
          </ns3:TrackPointExtension>
        </extensions>
      </trkpt>
      <trkpt lat="22.32422352768480777740478515625" lon="114.1842658258974552154541015625">
        <ele>25.6000003814697265625</ele>
        <time>2026-01-17T07:09:02.000Z</time>
        <extensions>
          <ns3:TrackPointExtension>
            <ns3:hr>84</ns3:hr>
          </ns3:TrackPointExtension>
        </extensions>
      </trkpt>
      <trkpt lat="22.3242169059813022613525390625" lon="114.1842530854046344757080078125">
        <ele>25.799999237060546875</ele>
        <time>2026-01-17T07:09:03.000Z</time>
        <extensions>
          <ns3:TrackPointExtension>
            <ns3:hr>84</ns3:hr>
          </ns3:TrackPointExtension>
        </extensions>
      </trkpt>
      <trkpt lat="22.32421061955392360687255859375" lon="114.18424093164503574371337890625">
        <ele>25.799999237060546875</ele>
        <time>2026-01-17T07:09:04.000Z</time>
        <extensions>
          <ns3:TrackPointExtension>
            <ns3:hr>85</ns3:hr>
          </ns3:TrackPointExtension>
        </extensions>
      </trkpt>
      <trkpt lat="22.32420341111719608306884765625" lon="114.18422718532383441925048828125">
        <ele>25.799999237060546875</ele>
        <time>2026-01-17T07:09:05.000Z</time>
        <extensions>
          <ns3:TrackPointExtension>
            <ns3:hr>84</ns3:hr>
          </ns3:TrackPointExtension>
        </extensions>
      </trkpt>
      <trkpt lat="22.32419662177562713623046875" lon="114.1842148639261722564697265625">
        <ele>25.799999237060546875</ele>
        <time>2026-01-17T07:09:06.000Z</time>
        <extensions>
          <ns3:TrackPointExtension>
            <ns3:hr>84</ns3:hr>
          </ns3:TrackPointExtension>
        </extensions>
      </trkpt>
      <trkpt lat="22.32418932951986789703369140625" lon="114.1842017881572246551513671875">
        <ele>25.799999237060546875</ele>
        <time>2026-01-17T07:09:07.000Z</time>
        <extensions>
          <ns3:TrackPointExtension>
            <ns3:hr>85</ns3:hr>
          </ns3:TrackPointExtension>
        </extensions>
      </trkpt>
      <trkpt lat="22.3241825401782989501953125" lon="114.184189550578594207763671875">
        <ele>25.799999237060546875</ele>
        <time>2026-01-17T07:09:08.000Z</time>
        <extensions>
          <ns3:TrackPointExtension>
            <ns3:hr>85</ns3:hr>
          </ns3:TrackPointExtension>
        </extensions>
      </trkpt>
      <trkpt lat="22.3241763375699520111083984375" lon="114.18417655862867832183837890625">
        <ele>26</ele>
        <time>2026-01-17T07:09:09.000Z</time>
        <extensions>
          <ns3:TrackPointExtension>
            <ns3:hr>85</ns3:hr>
          </ns3:TrackPointExtension>
        </extensions>
      </trkpt>
      <trkpt lat="22.32416988350450992584228515625" lon="114.18416214175522327423095703125">
        <ele>26</ele>
        <time>2026-01-17T07:09:10.000Z</time>
        <extensions>
          <ns3:TrackPointExtension>
            <ns3:hr>85</ns3:hr>
          </ns3:TrackPointExtension>
        </extensions>
      </trkpt>
      <trkpt lat="22.324163429439067840576171875" lon="114.184148646891117095947265625">
        <ele>25.799999237060546875</ele>
        <time>2026-01-17T07:09:11.000Z</time>
        <extensions>
          <ns3:TrackPointExtension>
            <ns3:hr>85</ns3:hr>
          </ns3:TrackPointExtension>
        </extensions>
      </trkpt>
      <trkpt lat="22.3241562210023403167724609375" lon="114.184134900569915771484375">
        <ele>25.799999237060546875</ele>
        <time>2026-01-17T07:09:12.000Z</time>
        <extensions>
          <ns3:TrackPointExtension>
            <ns3:hr>85</ns3:hr>
          </ns3:TrackPointExtension>
        </extensions>
      </trkpt>
      <trkpt lat="22.32414842583239078521728515625" lon="114.1841226629912853240966796875">
        <ele>26</ele>
        <time>2026-01-17T07:09:13.000Z</time>
        <extensions>
          <ns3:TrackPointExtension>
            <ns3:hr>85</ns3:hr>
          </ns3:TrackPointExtension>
        </extensions>
      </trkpt>
      <trkpt lat="22.32414071448147296905517578125" lon="114.1841109283268451690673828125">
        <ele>26</ele>
        <time>2026-01-17T07:09:14.000Z</time>
        <extensions>
          <ns3:TrackPointExtension>
            <ns3:hr>85</ns3:hr>
          </ns3:TrackPointExtension>
        </extensions>
      </trkpt>
      <trkpt lat="22.32413358986377716064453125" lon="114.1840991936624050140380859375">
        <ele>26</ele>
        <time>2026-01-17T07:09:15.000Z</time>
        <extensions>
          <ns3:TrackPointExtension>
            <ns3:hr>85</ns3:hr>
          </ns3:TrackPointExtension>
        </extensions>
      </trkpt>
      <trkpt lat="22.32412680052220821380615234375" lon="114.18408720754086971282958984375">
        <ele>26</ele>
        <time>2026-01-17T07:09:16.000Z</time>
        <extensions>
          <ns3:TrackPointExtension>
            <ns3:hr>86</ns3:hr>
          </ns3:TrackPointExtension>
        </extensions>
      </trkpt>
      <trkpt lat="22.32411959208548069000244140625" lon="114.18407513760030269622802734375">
        <ele>26</ele>
        <time>2026-01-17T07:09:17.000Z</time>
        <extensions>
          <ns3:TrackPointExtension>
            <ns3:hr>86</ns3:hr>
          </ns3:TrackPointExtension>
        </extensions>
      </trkpt>
      <trkpt lat="22.32411305420100688934326171875" lon="114.18406323529779911041259765625">
        <ele>26</ele>
        <time>2026-01-17T07:09:18.000Z</time>
        <extensions>
          <ns3:TrackPointExtension>
            <ns3:hr>86</ns3:hr>
          </ns3:TrackPointExtension>
        </extensions>
      </trkpt>
      <trkpt lat="22.32410634867846965789794921875" lon="114.1840509139001369476318359375">
        <ele>26</ele>
        <time>2026-01-17T07:09:19.000Z</time>
        <extensions>
          <ns3:TrackPointExtension>
            <ns3:hr>86</ns3:hr>
          </ns3:TrackPointExtension>
        </extensions>
      </trkpt>
      <trkpt lat="22.32409947551786899566650390625" lon="114.1840381734073162078857421875">
        <ele>26</ele>
        <time>2026-01-17T07:09:20.000Z</time>
        <extensions>
          <ns3:TrackPointExtension>
            <ns3:hr>87</ns3:hr>
          </ns3:TrackPointExtension>
        </extensions>
      </trkpt>
      <trkpt lat="22.32409335672855377197265625" lon="114.18402585200965404510498046875">
        <ele>26</ele>
        <time>2026-01-17T07:09:21.000Z</time>
        <extensions>
          <ns3:TrackPointExtension>
            <ns3:hr>87</ns3:hr>
          </ns3:TrackPointExtension>
        </extensions>
      </trkpt>
      <trkpt lat="22.32408790849149227142333984375" lon="114.18401512317359447479248046875">
        <ele>26</ele>
        <time>2026-01-17T07:09:22.000Z</time>
        <extensions>
          <ns3:TrackPointExtension>
            <ns3:hr>87</ns3:hr>
          </ns3:TrackPointExtension>
        </extensions>
      </trkpt>
      <trkpt lat="22.32408187352120876312255859375" lon="114.18400389142334461212158203125">
        <ele>26</ele>
        <time>2026-01-17T07:09:23.000Z</time>
        <extensions>
          <ns3:TrackPointExtension>
            <ns3:hr>87</ns3:hr>
          </ns3:TrackPointExtension>
        </extensions>
      </trkpt>
      <trkpt lat="22.32407500036060810089111328125" lon="114.18399450369179248809814453125">
        <ele>26</ele>
        <time>2026-01-17T07:09:24.000Z</time>
        <extensions>
          <ns3:TrackPointExtension>
            <ns3:hr>87</ns3:hr>
          </ns3:TrackPointExtension>
        </extensions>
      </trkpt>
      <trkpt lat="22.324068211019039154052734375" lon="114.18398461304605007171630859375">
        <ele>26.200000762939453125</ele>
        <time>2026-01-17T07:09:25.000Z</time>
        <extensions>
          <ns3:TrackPointExtension>
            <ns3:hr>87</ns3:hr>
          </ns3:TrackPointExtension>
        </extensions>
      </trkpt>
      <trkpt lat="22.3240623436868190765380859375" lon="114.18397438712418079376220703125">
        <ele>26.200000762939453125</ele>
        <time>2026-01-17T07:09:26.000Z</time>
        <extensions>
          <ns3:TrackPointExtension>
            <ns3:hr>86</ns3:hr>
          </ns3:TrackPointExtension>
        </extensions>
      </trkpt>
      <trkpt lat="22.32405739836394786834716796875" lon="114.1839645802974700927734375">
        <ele>26.200000762939453125</ele>
        <time>2026-01-17T07:09:27.000Z</time>
        <extensions>
          <ns3:TrackPointExtension>
            <ns3:hr>86</ns3:hr>
          </ns3:TrackPointExtension>
        </extensions>
      </trkpt>
      <trkpt lat="22.32405220158398151397705078125" lon="114.18395242653787136077880859375">
        <ele>26.200000762939453125</ele>
        <time>2026-01-17T07:09:28.000Z</time>
        <extensions>
          <ns3:TrackPointExtension>
            <ns3:hr>86</ns3:hr>
          </ns3:TrackPointExtension>
        </extensions>
      </trkpt>
      <trkpt lat="22.32404583133757114410400390625" lon="114.183940775692462921142578125">
        <ele>26.200000762939453125</ele>
        <time>2026-01-17T07:09:29.000Z</time>
        <extensions>
          <ns3:TrackPointExtension>
            <ns3:hr>85</ns3:hr>
          </ns3:TrackPointExtension>
        </extensions>
      </trkpt>
      <trkpt lat="22.32403946109116077423095703125" lon="114.18392744846642017364501953125">
        <ele>26.200000762939453125</ele>
        <time>2026-01-17T07:09:30.000Z</time>
        <extensions>
          <ns3:TrackPointExtension>
            <ns3:hr>85</ns3:hr>
          </ns3:TrackPointExtension>
        </extensions>
      </trkpt>
      <trkpt lat="22.32403392903506755828857421875" lon="114.18391554616391658782958984375">
        <ele>26.200000762939453125</ele>
        <time>2026-01-17T07:09:31.000Z</time>
        <extensions>
          <ns3:TrackPointExtension>
            <ns3:hr>85</ns3:hr>
          </ns3:TrackPointExtension>
        </extensions>
      </trkpt>
      <trkpt lat="22.32402898371219635009765625" lon="114.18390582315623760223388671875">
        <ele>26.200000762939453125</ele>
        <time>2026-01-17T07:09:32.000Z</time>
        <extensions>
          <ns3:TrackPointExtension>
            <ns3:hr>85</ns3:hr>
          </ns3:TrackPointExtension>
        </extensions>
      </trkpt>
      <trkpt lat="22.32402387075126171112060546875" lon="114.18389677070081233978271484375">
        <ele>26.200000762939453125</ele>
        <time>2026-01-17T07:09:33.000Z</time>
        <extensions>
          <ns3:TrackPointExtension>
            <ns3:hr>84</ns3:hr>
          </ns3:TrackPointExtension>
        </extensions>
      </trkpt>
      <trkpt lat="22.32401967979967594146728515625" lon="114.18388939462602138519287109375">
        <ele>26.200000762939453125</ele>
        <time>2026-01-17T07:09:34.000Z</time>
        <extensions>
          <ns3:TrackPointExtension>
            <ns3:hr>84</ns3:hr>
          </ns3:TrackPointExtension>
        </extensions>
      </trkpt>
      <trkpt lat="22.3240150697529315948486328125" lon="114.18388335965573787689208984375">
        <ele>26.3999996185302734375</ele>
        <time>2026-01-17T07:09:35.000Z</time>
        <extensions>
          <ns3:TrackPointExtension>
            <ns3:hr>84</ns3:hr>
          </ns3:TrackPointExtension>
        </extensions>
      </trkpt>
      <trkpt lat="22.3240103758871555328369140625" lon="114.18387698940932750701904296875">
        <ele>26.3999996185302734375</ele>
        <time>2026-01-17T07:09:36.000Z</time>
        <extensions>
          <ns3:TrackPointExtension>
            <ns3:hr>84</ns3:hr>
          </ns3:TrackPointExtension>
        </extensions>
      </trkpt>
      <trkpt lat="22.32400509528815746307373046875" lon="114.18386961333453655242919921875">
        <ele>26.3999996185302734375</ele>
        <time>2026-01-17T07:09:37.000Z</time>
        <extensions>
          <ns3:TrackPointExtension>
            <ns3:hr>83</ns3:hr>
          </ns3:TrackPointExtension>
        </extensions>
      </trkpt>
      <trkpt lat="22.3239986412227153778076171875" lon="114.183858297765254974365234375">
        <ele>26.3999996185302734375</ele>
        <time>2026-01-17T07:09:38.000Z</time>
        <extensions>
          <ns3:TrackPointExtension>
            <ns3:hr>83</ns3:hr>
          </ns3:TrackPointExtension>
        </extensions>
      </trkpt>
      <trkpt lat="22.32399604283273220062255859375" lon="114.183854274451732635498046875">
        <ele>26.3999996185302734375</ele>
        <time>2026-01-17T07:09:39.000Z</time>
        <extensions>
          <ns3:TrackPointExtension>
            <ns3:hr>83</ns3:hr>
          </ns3:TrackPointExtension>
        </extensions>
      </trkpt>
      <trkpt lat="22.3239939473569393157958984375" lon="114.18385184369981288909912109375">
        <ele>26.3999996185302734375</ele>
        <time>2026-01-17T07:09:40.000Z</time>
        <extensions>
          <ns3:TrackPointExtension>
            <ns3:hr>83</ns3:hr>
          </ns3:TrackPointExtension>
        </extensions>
      </trkpt>
      <trkpt lat="22.32399302534759044647216796875" lon="114.1838500835001468658447265625">
        <ele>26.3999996185302734375</ele>
        <time>2026-01-17T07:09:41.000Z</time>
        <extensions>
          <ns3:TrackPointExtension>
            <ns3:hr>83</ns3:hr>
          </ns3:TrackPointExtension>
        </extensions>
      </trkpt>
      <trkpt lat="22.3239926062524318695068359375" lon="114.18384966440498828887939453125">
        <ele>26.3999996185302734375</ele>
        <time>2026-01-17T07:09:42.000Z</time>
        <extensions>
          <ns3:TrackPointExtension>
            <ns3:hr>82</ns3:hr>
          </ns3:TrackPointExtension>
        </extensions>
      </trkpt>
      <trkpt lat="22.32399235479533672332763671875" lon="114.183849580585956573486328125">
        <ele>26.3999996185302734375</ele>
        <time>2026-01-17T07:09:43.000Z</time>
        <extensions>
          <ns3:TrackPointExtension>
            <ns3:hr>82</ns3:hr>
          </ns3:TrackPointExtension>
        </extensions>
      </trkpt>
      <trkpt lat="22.3239922709763050079345703125" lon="114.1838497482240200042724609375">
        <ele>26.3999996185302734375</ele>
        <time>2026-01-17T07:09:44.000Z</time>
        <extensions>
          <ns3:TrackPointExtension>
            <ns3:hr>82</ns3:hr>
          </ns3:TrackPointExtension>
        </extensions>
      </trkpt>
      <trkpt lat="22.32399218715727329254150390625" lon="114.1838500835001468658447265625">
        <ele>26.3999996185302734375</ele>
        <time>2026-01-17T07:09:45.000Z</time>
        <extensions>
          <ns3:TrackPointExtension>
            <ns3:hr>82</ns3:hr>
          </ns3:TrackPointExtension>
        </extensions>
      </trkpt>
      <trkpt lat="22.3239921033382415771484375" lon="114.1838504187762737274169921875">
        <ele>26.3999996185302734375</ele>
        <time>2026-01-17T07:09:46.000Z</time>
        <extensions>
          <ns3:TrackPointExtension>
            <ns3:hr>82</ns3:hr>
          </ns3:TrackPointExtension>
        </extensions>
      </trkpt>
      <trkpt lat="22.3239921033382415771484375" lon="114.1838507540524005889892578125">
        <ele>26.200000762939453125</ele>
        <time>2026-01-17T07:09:47.000Z</time>
        <extensions>
          <ns3:TrackPointExtension>
            <ns3:hr>82</ns3:hr>
          </ns3:TrackPointExtension>
        </extensions>
      </trkpt>
      <trkpt lat="22.32399201951920986175537109375" lon="114.18385125696659088134765625">
        <ele>26.3999996185302734375</ele>
        <time>2026-01-17T07:09:48.000Z</time>
        <extensions>
          <ns3:TrackPointExtension>
            <ns3:hr>82</ns3:hr>
          </ns3:TrackPointExtension>
        </extensions>
      </trkpt>
      <trkpt lat="22.32399185188114643096923828125" lon="114.183851592242717742919921875">
        <ele>26.3999996185302734375</ele>
        <time>2026-01-17T07:09:49.000Z</time>
        <extensions>
          <ns3:TrackPointExtension>
            <ns3:hr>81</ns3:hr>
          </ns3:TrackPointExtension>
        </extensions>
      </trkpt>
      <trkpt lat="22.32399168424308300018310546875" lon="114.1838519275188446044921875">
        <ele>26.3999996185302734375</ele>
        <time>2026-01-17T07:09:50.000Z</time>
        <extensions>
          <ns3:TrackPointExtension>
            <ns3:hr>81</ns3:hr>
          </ns3:TrackPointExtension>
        </extensions>
      </trkpt>
      <trkpt lat="22.32399101369082927703857421875" lon="114.18385167606174945831298828125">
        <ele>26.3999996185302734375</ele>
        <time>2026-01-17T07:09:51.000Z</time>
        <extensions>
          <ns3:TrackPointExtension>
            <ns3:hr>81</ns3:hr>
          </ns3:TrackPointExtension>
        </extensions>
      </trkpt>
      <trkpt lat="22.3239905945956707000732421875" lon="114.18385134078562259674072265625">
        <ele>26.3999996185302734375</ele>
        <time>2026-01-17T07:09:52.000Z</time>
        <extensions>
          <ns3:TrackPointExtension>
            <ns3:hr>81</ns3:hr>
          </ns3:TrackPointExtension>
        </extensions>
      </trkpt>
      <trkpt lat="22.32399051077663898468017578125" lon="114.18385150842368602752685546875">
        <ele>26.3999996185302734375</ele>
        <time>2026-01-17T07:09:53.000Z</time>
        <extensions>
          <ns3:TrackPointExtension>
            <ns3:hr>81</ns3:hr>
          </ns3:TrackPointExtension>
        </extensions>
      </trkpt>
      <trkpt lat="22.323990426957607269287109375" lon="114.1838517598807811737060546875">
        <ele>26.3999996185302734375</ele>
        <time>2026-01-17T07:09:54.000Z</time>
        <extensions>
          <ns3:TrackPointExtension>
            <ns3:hr>81</ns3:hr>
          </ns3:TrackPointExtension>
        </extensions>
      </trkpt>
      <trkpt lat="22.32399034313857555389404296875" lon="114.1838520951569080352783203125">
        <ele>26.3999996185302734375</ele>
        <time>2026-01-17T07:09:55.000Z</time>
        <extensions>
          <ns3:TrackPointExtension>
            <ns3:hr>78</ns3:hr>
          </ns3:TrackPointExtension>
        </extensions>
      </trkpt>
      <trkpt lat="22.3239902593195438385009765625" lon="114.183852262794971466064453125">
        <ele>26.200000762939453125</ele>
        <time>2026-01-17T07:09:56.000Z</time>
        <extensions>
          <ns3:TrackPointExtension>
            <ns3:hr>77</ns3:hr>
          </ns3:TrackPointExtension>
        </extensions>
      </trkpt>
      <trkpt lat="22.32399000786244869232177734375" lon="114.18385234661400318145751953125">
        <ele>26.200000762939453125</ele>
        <time>2026-01-17T07:09:57.000Z</time>
        <extensions>
          <ns3:TrackPointExtension>
            <ns3:hr>76</ns3:hr>
          </ns3:TrackPointExtension>
        </extensions>
      </trkpt>
      <trkpt lat="22.3239894211292266845703125" lon="114.183852262794971466064453125">
        <ele>26.200000762939453125</ele>
        <time>2026-01-17T07:09:58.000Z</time>
        <extensions>
          <ns3:TrackPointExtension>
            <ns3:hr>76</ns3:hr>
          </ns3:TrackPointExtension>
        </extensions>
      </trkpt>
      <trkpt lat="22.32398715801537036895751953125" lon="114.1838507540524005889892578125">
        <ele>26.200000762939453125</ele>
        <time>2026-01-17T07:09:59.000Z</time>
        <extensions>
          <ns3:TrackPointExtension>
            <ns3:hr>76</ns3:hr>
          </ns3:TrackPointExtension>
        </extensions>
      </trkpt>
      <trkpt lat="22.3239865712821483612060546875" lon="114.18385150842368602752685546875">
        <ele>26.200000762939453125</ele>
        <time>2026-01-17T07:10:00.000Z</time>
        <extensions>
          <ns3:TrackPointExtension>
            <ns3:hr>75</ns3:hr>
          </ns3:TrackPointExtension>
        </extensions>
      </trkpt>
      <trkpt lat="22.32398598454892635345458984375" lon="114.18385100550949573516845703125">
        <ele>26.3999996185302734375</ele>
        <time>2026-01-17T07:10:01.000Z</time>
        <extensions>
          <ns3:TrackPointExtension>
            <ns3:hr>76</ns3:hr>
          </ns3:TrackPointExtension>
        </extensions>
      </trkpt>
      <trkpt lat="22.323985397815704345703125" lon="114.18384949676692485809326171875">
        <ele>26.3999996185302734375</ele>
        <time>2026-01-17T07:10:02.000Z</time>
        <extensions>
          <ns3:TrackPointExtension>
            <ns3:hr>77</ns3:hr>
          </ns3:TrackPointExtension>
        </extensions>
      </trkpt>
      <trkpt lat="22.32398330233991146087646484375" lon="114.183846227824687957763671875">
        <ele>26.3999996185302734375</ele>
        <time>2026-01-17T07:10:03.000Z</time>
        <extensions>
          <ns3:TrackPointExtension>
            <ns3:hr>77</ns3:hr>
          </ns3:TrackPointExtension>
        </extensions>
      </trkpt>
      <trkpt lat="22.3239802010357379913330078125" lon="114.183841533958911895751953125">
        <ele>26.3999996185302734375</ele>
        <time>2026-01-17T07:10:04.000Z</time>
        <extensions>
          <ns3:TrackPointExtension>
            <ns3:hr>77</ns3:hr>
          </ns3:TrackPointExtension>
        </extensions>
      </trkpt>
      <trkpt lat="22.3239728249609470367431640625" lon="114.1838319785892963409423828125">
        <ele>26.200000762939453125</ele>
        <time>2026-01-17T07:10:05.000Z</time>
        <extensions>
          <ns3:TrackPointExtension>
            <ns3:hr>78</ns3:hr>
          </ns3:TrackPointExtension>
        </extensions>
      </trkpt>
      <trkpt lat="22.32396687380969524383544921875" lon="114.183821417391300201416015625">
        <ele>26.200000762939453125</ele>
        <time>2026-01-17T07:10:06.000Z</time>
        <extensions>
          <ns3:TrackPointExtension>
            <ns3:hr>79</ns3:hr>
          </ns3:TrackPointExtension>
        </extensions>
      </trkpt>
      <trkpt lat="22.32395798899233341217041015625" lon="114.1838111914694309234619140625">
        <ele>26.200000762939453125</ele>
        <time>2026-01-17T07:10:07.000Z</time>
        <extensions>
          <ns3:TrackPointExtension>
            <ns3:hr>80</ns3:hr>
          </ns3:TrackPointExtension>
        </extensions>
      </trkpt>
      <trkpt lat="22.32394809834659099578857421875" lon="114.183803312480449676513671875">
        <ele>26.200000762939453125</ele>
        <time>2026-01-17T07:10:08.000Z</time>
        <extensions>
          <ns3:TrackPointExtension>
            <ns3:hr>81</ns3:hr>
          </ns3:TrackPointExtension>
        </extensions>
      </trkpt>
      <trkpt lat="22.32393787242472171783447265625" lon="114.183796942234039306640625">
        <ele>26.200000762939453125</ele>
        <time>2026-01-17T07:10:09.000Z</time>
        <extensions>
          <ns3:TrackPointExtension>
            <ns3:hr>81</ns3:hr>
          </ns3:TrackPointExtension>
        </extensions>
      </trkpt>
      <trkpt lat="22.32392781414091587066650390625" lon="114.18379149399697780609130859375">
        <ele>26.200000762939453125</ele>
        <time>2026-01-17T07:10:10.000Z</time>
        <extensions>
          <ns3:TrackPointExtension>
            <ns3:hr>81</ns3:hr>
          </ns3:TrackPointExtension>
        </extensions>
      </trkpt>
      <trkpt lat="22.3239188455045223236083984375" lon="114.1837836988270282745361328125">
        <ele>26.3999996185302734375</ele>
        <time>2026-01-17T07:10:11.000Z</time>
        <extensions>
          <ns3:TrackPointExtension>
            <ns3:hr>81</ns3:hr>
          </ns3:TrackPointExtension>
        </extensions>
      </trkpt>
      <trkpt lat="22.32391037978231906890869140625" lon="114.1837722994387149810791015625">
        <ele>26.6000003814697265625</ele>
        <time>2026-01-17T07:10:12.000Z</time>
        <extensions>
          <ns3:TrackPointExtension>
            <ns3:hr>81</ns3:hr>
          </ns3:TrackPointExtension>
        </extensions>
      </trkpt>
      <trkpt lat="22.32390434481203556060791015625" lon="114.18375913985073566436767578125">
        <ele>26.6000003814697265625</ele>
        <time>2026-01-17T07:10:13.000Z</time>
        <extensions>
          <ns3:TrackPointExtension>
            <ns3:hr>80</ns3:hr>
          </ns3:TrackPointExtension>
        </extensions>
      </trkpt>
      <trkpt lat="22.323899902403354644775390625" lon="114.18374539352953433990478515625">
        <ele>26.6000003814697265625</ele>
        <time>2026-01-17T07:10:14.000Z</time>
        <extensions>
          <ns3:TrackPointExtension>
            <ns3:hr>80</ns3:hr>
          </ns3:TrackPointExtension>
        </extensions>
      </trkpt>
      <trkpt lat="22.32389755547046661376953125" lon="114.18373189866542816162109375">
        <ele>26.6000003814697265625</ele>
        <time>2026-01-17T07:10:15.000Z</time>
        <extensions>
          <ns3:TrackPointExtension>
            <ns3:hr>80</ns3:hr>
          </ns3:TrackPointExtension>
        </extensions>
      </trkpt>
      <trkpt lat="22.3238973878324031829833984375" lon="114.1837199963629245758056640625">
        <ele>26.6000003814697265625</ele>
        <time>2026-01-17T07:10:16.000Z</time>
        <extensions>
          <ns3:TrackPointExtension>
            <ns3:hr>81</ns3:hr>
          </ns3:TrackPointExtension>
        </extensions>
      </trkpt>
      <trkpt lat="22.32390115968883037567138671875" lon="114.183708094060420989990234375">
        <ele>26.6000003814697265625</ele>
        <time>2026-01-17T07:10:17.000Z</time>
        <extensions>
          <ns3:TrackPointExtension>
            <ns3:hr>81</ns3:hr>
          </ns3:TrackPointExtension>
        </extensions>
      </trkpt>
      <trkpt lat="22.32390736229717731475830078125" lon="114.183696024119853973388671875">
        <ele>26.6000003814697265625</ele>
        <time>2026-01-17T07:10:18.000Z</time>
        <extensions>
          <ns3:TrackPointExtension>
            <ns3:hr>81</ns3:hr>
          </ns3:TrackPointExtension>
        </extensions>
      </trkpt>
      <trkpt lat="22.3239116370677947998046875" lon="114.18368353508412837982177734375">
        <ele>26.6000003814697265625</ele>
        <time>2026-01-17T07:10:19.000Z</time>
        <extensions>
          <ns3:TrackPointExtension>
            <ns3:hr>82</ns3:hr>
          </ns3:TrackPointExtension>
        </extensions>
      </trkpt>
      <trkpt lat="22.3239141516387462615966796875" lon="114.18367154896259307861328125">
        <ele>26.6000003814697265625</ele>
        <time>2026-01-17T07:10:20.000Z</time>
        <extensions>
          <ns3:TrackPointExtension>
            <ns3:hr>82</ns3:hr>
          </ns3:TrackPointExtension>
        </extensions>
      </trkpt>
      <trkpt lat="22.323913984000682830810546875" lon="114.18366082012653350830078125">
        <ele>26.3999996185302734375</ele>
        <time>2026-01-17T07:10:21.000Z</time>
        <extensions>
          <ns3:TrackPointExtension>
            <ns3:hr>83</ns3:hr>
          </ns3:TrackPointExtension>
        </extensions>
      </trkpt>
      <trkpt lat="22.32391322962939739227294921875" lon="114.18364816345274448394775390625">
        <ele>26.3999996185302734375</ele>
        <time>2026-01-17T07:10:22.000Z</time>
        <extensions>
          <ns3:TrackPointExtension>
            <ns3:hr>83</ns3:hr>
          </ns3:TrackPointExtension>
        </extensions>
      </trkpt>
      <trkpt lat="22.3239097930490970611572265625" lon="114.1836346685886383056640625">
        <ele>26.3999996185302734375</ele>
        <time>2026-01-17T07:10:23.000Z</time>
        <extensions>
          <ns3:TrackPointExtension>
            <ns3:hr>82</ns3:hr>
          </ns3:TrackPointExtension>
        </extensions>
      </trkpt>
      <trkpt lat="22.32390367425978183746337890625" lon="114.18361966498196125030517578125">
        <ele>26.3999996185302734375</ele>
        <time>2026-01-17T07:10:24.000Z</time>
        <extensions>
          <ns3:TrackPointExtension>
            <ns3:hr>82</ns3:hr>
          </ns3:TrackPointExtension>
        </extensions>
      </trkpt>
      <trkpt lat="22.3238970525562763214111328125" lon="114.18360457755625247955322265625">
        <ele>26.3999996185302734375</ele>
        <time>2026-01-17T07:10:25.000Z</time>
        <extensions>
          <ns3:TrackPointExtension>
            <ns3:hr>82</ns3:hr>
          </ns3:TrackPointExtension>
        </extensions>
      </trkpt>
      <trkpt lat="22.32389093376696109771728515625" lon="114.18359183706343173980712890625">
        <ele>26.3999996185302734375</ele>
        <time>2026-01-17T07:10:26.000Z</time>
        <extensions>
          <ns3:TrackPointExtension>
            <ns3:hr>82</ns3:hr>
          </ns3:TrackPointExtension>
        </extensions>
      </trkpt>
      <trkpt lat="22.32388406060636043548583984375" lon="114.18357901275157928466796875">
        <ele>26.3999996185302734375</ele>
        <time>2026-01-17T07:10:27.000Z</time>
        <extensions>
          <ns3:TrackPointExtension>
            <ns3:hr>82</ns3:hr>
          </ns3:TrackPointExtension>
        </extensions>
      </trkpt>
      <trkpt lat="22.3238779418170452117919921875" lon="114.1835667751729488372802734375">
        <ele>26.3999996185302734375</ele>
        <time>2026-01-17T07:10:28.000Z</time>
        <extensions>
          <ns3:TrackPointExtension>
            <ns3:hr>82</ns3:hr>
          </ns3:TrackPointExtension>
        </extensions>
      </trkpt>
      <trkpt lat="22.32387182302772998809814453125" lon="114.18355378322303295135498046875">
        <ele>26.3999996185302734375</ele>
        <time>2026-01-17T07:10:29.000Z</time>
        <extensions>
          <ns3:TrackPointExtension>
            <ns3:hr>82</ns3:hr>
          </ns3:TrackPointExtension>
        </extensions>
      </trkpt>
      <trkpt lat="22.3238662071526050567626953125" lon="114.18354146182537078857421875">
        <ele>26.3999996185302734375</ele>
        <time>2026-01-17T07:10:30.000Z</time>
        <extensions>
          <ns3:TrackPointExtension>
            <ns3:hr>81</ns3:hr>
          </ns3:TrackPointExtension>
        </extensions>
      </trkpt>
      <trkpt lat="22.3238608427345752716064453125" lon="114.1835285536944866180419921875">
        <ele>26.6000003814697265625</ele>
        <time>2026-01-17T07:10:31.000Z</time>
        <extensions>
          <ns3:TrackPointExtension>
            <ns3:hr>80</ns3:hr>
          </ns3:TrackPointExtension>
        </extensions>
      </trkpt>
      <trkpt lat="22.3238551430404186248779296875" lon="114.18351422064006328582763671875">
        <ele>26.6000003814697265625</ele>
        <time>2026-01-17T07:10:32.000Z</time>
        <extensions>
          <ns3:TrackPointExtension>
            <ns3:hr>80</ns3:hr>
          </ns3:TrackPointExtension>
        </extensions>
      </trkpt>
      <trkpt lat="22.32385053299367427825927734375" lon="114.183500893414020538330078125">
        <ele>26.6000003814697265625</ele>
        <time>2026-01-17T07:10:33.000Z</time>
        <extensions>
          <ns3:TrackPointExtension>
            <ns3:hr>80</ns3:hr>
          </ns3:TrackPointExtension>
        </extensions>
      </trkpt>
      <trkpt lat="22.32384600676596164703369140625" lon="114.183487482368946075439453125">
        <ele>26.6000003814697265625</ele>
        <time>2026-01-17T07:10:34.000Z</time>
        <extensions>
          <ns3:TrackPointExtension>
            <ns3:hr>80</ns3:hr>
          </ns3:TrackPointExtension>
        </extensions>
      </trkpt>
      <trkpt lat="22.32384248636662960052490234375" lon="114.183474741876125335693359375">
        <ele>26.6000003814697265625</ele>
        <time>2026-01-17T07:10:35.000Z</time>
        <extensions>
          <ns3:TrackPointExtension>
            <ns3:hr>80</ns3:hr>
          </ns3:TrackPointExtension>
        </extensions>
      </trkpt>
      <trkpt lat="22.3238380439579486846923828125" lon="114.18346191756427288055419921875">
        <ele>26.6000003814697265625</ele>
        <time>2026-01-17T07:10:36.000Z</time>
        <extensions>
          <ns3:TrackPointExtension>
            <ns3:hr>80</ns3:hr>
          </ns3:TrackPointExtension>
        </extensions>
      </trkpt>
      <trkpt lat="22.323833517730236053466796875" lon="114.18344917707145214080810546875">
        <ele>26.6000003814697265625</ele>
        <time>2026-01-17T07:10:37.000Z</time>
        <extensions>
          <ns3:TrackPointExtension>
            <ns3:hr>81</ns3:hr>
          </ns3:TrackPointExtension>
        </extensions>
      </trkpt>
      <trkpt lat="22.32382714748382568359375" lon="114.1834361851215362548828125">
        <ele>26.799999237060546875</ele>
        <time>2026-01-17T07:10:38.000Z</time>
        <extensions>
          <ns3:TrackPointExtension>
            <ns3:hr>80</ns3:hr>
          </ns3:TrackPointExtension>
        </extensions>
      </trkpt>
      <trkpt lat="22.3238212801516056060791015625" lon="114.18342386372387409210205078125">
        <ele>26.799999237060546875</ele>
        <time>2026-01-17T07:10:39.000Z</time>
        <extensions>
          <ns3:TrackPointExtension>
            <ns3:hr>81</ns3:hr>
          </ns3:TrackPointExtension>
        </extensions>
      </trkpt>
      <trkpt lat="22.323815412819385528564453125" lon="114.1834122128784656524658203125">
        <ele>26.799999237060546875</ele>
        <time>2026-01-17T07:10:40.000Z</time>
        <extensions>
          <ns3:TrackPointExtension>
            <ns3:hr>81</ns3:hr>
          </ns3:TrackPointExtension>
        </extensions>
      </trkpt>
      <trkpt lat="22.3238085396587848663330078125" lon="114.18340072967112064361572265625">
        <ele>26.799999237060546875</ele>
        <time>2026-01-17T07:10:41.000Z</time>
        <extensions>
          <ns3:TrackPointExtension>
            <ns3:hr>81</ns3:hr>
          </ns3:TrackPointExtension>
        </extensions>
      </trkpt>
      <trkpt lat="22.3238008283078670501708984375" lon="114.1833894141018390655517578125">
        <ele>27</ele>
        <time>2026-01-17T07:10:42.000Z</time>
        <extensions>
          <ns3:TrackPointExtension>
            <ns3:hr>81</ns3:hr>
          </ns3:TrackPointExtension>
        </extensions>
      </trkpt>
      <trkpt lat="22.32379336841404438018798828125" lon="114.18337642215192317962646484375">
        <ele>27</ele>
        <time>2026-01-17T07:10:43.000Z</time>
        <extensions>
          <ns3:TrackPointExtension>
            <ns3:hr>81</ns3:hr>
          </ns3:TrackPointExtension>
        </extensions>
      </trkpt>
      <trkpt lat="22.32378398068249225616455078125" lon="114.18336418457329273223876953125">
        <ele>27</ele>
        <time>2026-01-17T07:10:44.000Z</time>
        <extensions>
          <ns3:TrackPointExtension>
            <ns3:hr>81</ns3:hr>
          </ns3:TrackPointExtension>
        </extensions>
      </trkpt>
      <trkpt lat="22.32377828098833560943603515625" lon="114.1833528690040111541748046875">
        <ele>27</ele>
        <time>2026-01-17T07:10:45.000Z</time>
        <extensions>
          <ns3:TrackPointExtension>
            <ns3:hr>81</ns3:hr>
          </ns3:TrackPointExtension>
        </extensions>
      </trkpt>
      <trkpt lat="22.32377409003674983978271484375" lon="114.1833414696156978607177734375">
        <ele>27</ele>
        <time>2026-01-17T07:10:46.000Z</time>
        <extensions>
          <ns3:TrackPointExtension>
            <ns3:hr>82</ns3:hr>
          </ns3:TrackPointExtension>
        </extensions>
      </trkpt>
      <trkpt lat="22.3237699829041957855224609375" lon="114.1833307407796382904052734375">
        <ele>27</ele>
        <time>2026-01-17T07:10:47.000Z</time>
        <extensions>
          <ns3:TrackPointExtension>
            <ns3:hr>82</ns3:hr>
          </ns3:TrackPointExtension>
        </extensions>
      </trkpt>
      <trkpt lat="22.32376755215227603912353515625" lon="114.1833183355629444122314453125">
        <ele>27</ele>
        <time>2026-01-17T07:10:48.000Z</time>
        <extensions>
          <ns3:TrackPointExtension>
            <ns3:hr>82</ns3:hr>
          </ns3:TrackPointExtension>
        </extensions>
      </trkpt>
      <trkpt lat="22.32376218773424625396728515625" lon="114.18330609798431396484375">
        <ele>27</ele>
        <time>2026-01-17T07:10:49.000Z</time>
        <extensions>
          <ns3:TrackPointExtension>
            <ns3:hr>83</ns3:hr>
          </ns3:TrackPointExtension>
        </extensions>
      </trkpt>
      <trkpt lat="22.3237585835158824920654296875" lon="114.1832940280437469482421875">
        <ele>27</ele>
        <time>2026-01-17T07:10:50.000Z</time>
        <extensions>
          <ns3:TrackPointExtension>
            <ns3:hr>83</ns3:hr>
          </ns3:TrackPointExtension>
        </extensions>
      </trkpt>
      <trkpt lat="22.32375296764075756072998046875" lon="114.18328204192221164703369140625">
        <ele>27</ele>
        <time>2026-01-17T07:10:51.000Z</time>
        <extensions>
          <ns3:TrackPointExtension>
            <ns3:hr>83</ns3:hr>
          </ns3:TrackPointExtension>
        </extensions>
      </trkpt>
      <trkpt lat="22.3237468488514423370361328125" lon="114.18326946906745433807373046875">
        <ele>27</ele>
        <time>2026-01-17T07:10:52.000Z</time>
        <extensions>
          <ns3:TrackPointExtension>
            <ns3:hr>83</ns3:hr>
          </ns3:TrackPointExtension>
        </extensions>
      </trkpt>
      <trkpt lat="22.32374064624309539794921875" lon="114.1832559742033481597900390625">
        <ele>27</ele>
        <time>2026-01-17T07:10:53.000Z</time>
        <extensions>
          <ns3:TrackPointExtension>
            <ns3:hr>82</ns3:hr>
          </ns3:TrackPointExtension>
        </extensions>
      </trkpt>
      <trkpt lat="22.32373486272990703582763671875" lon="114.183242730796337127685546875">
        <ele>27</ele>
        <time>2026-01-17T07:10:54.000Z</time>
        <extensions>
          <ns3:TrackPointExtension>
            <ns3:hr>83</ns3:hr>
          </ns3:TrackPointExtension>
        </extensions>
      </trkpt>
      <trkpt lat="22.32373050414025783538818359375" lon="114.18323091231286525726318359375">
        <ele>27.200000762939453125</ele>
        <time>2026-01-17T07:10:55.000Z</time>
        <extensions>
          <ns3:TrackPointExtension>
            <ns3:hr>83</ns3:hr>
          </ns3:TrackPointExtension>
        </extensions>
      </trkpt>
      <trkpt lat="22.323725223541259765625" lon="114.183217920362949371337890625">
        <ele>27.200000762939453125</ele>
        <time>2026-01-17T07:10:56.000Z</time>
        <extensions>
          <ns3:TrackPointExtension>
            <ns3:hr>83</ns3:hr>
          </ns3:TrackPointExtension>
        </extensions>
      </trkpt>
      <trkpt lat="22.32371927239000797271728515625" lon="114.18320459313690662384033203125">
        <ele>27.200000762939453125</ele>
        <time>2026-01-17T07:10:57.000Z</time>
        <extensions>
          <ns3:TrackPointExtension>
            <ns3:hr>83</ns3:hr>
          </ns3:TrackPointExtension>
        </extensions>
      </trkpt>
      <trkpt lat="22.32371273450553417205810546875" lon="114.1831909306347370147705078125">
        <ele>27.200000762939453125</ele>
        <time>2026-01-17T07:10:58.000Z</time>
        <extensions>
          <ns3:TrackPointExtension>
            <ns3:hr>82</ns3:hr>
          </ns3:TrackPointExtension>
        </extensions>
      </trkpt>
      <trkpt lat="22.32370602898299694061279296875" lon="114.183176346123218536376953125">
        <ele>27.200000762939453125</ele>
        <time>2026-01-17T07:10:59.000Z</time>
        <extensions>
          <ns3:TrackPointExtension>
            <ns3:hr>83</ns3:hr>
          </ns3:TrackPointExtension>
        </extensions>
      </trkpt>
      <trkpt lat="22.32369915582239627838134765625" lon="114.1831624321639537811279296875">
        <ele>27.200000762939453125</ele>
        <time>2026-01-17T07:11:00.000Z</time>
        <extensions>
          <ns3:TrackPointExtension>
            <ns3:hr>83</ns3:hr>
          </ns3:TrackPointExtension>
        </extensions>
      </trkpt>
      <trkpt lat="22.32369245029985904693603515625" lon="114.18314876966178417205810546875">
        <ele>27.200000762939453125</ele>
        <time>2026-01-17T07:11:01.000Z</time>
        <extensions>
          <ns3:TrackPointExtension>
            <ns3:hr>82</ns3:hr>
          </ns3:TrackPointExtension>
        </extensions>
      </trkpt>
      <trkpt lat="22.32368658296763896942138671875" lon="114.1831356100738048553466796875">
        <ele>27.200000762939453125</ele>
        <time>2026-01-17T07:11:02.000Z</time>
        <extensions>
          <ns3:TrackPointExtension>
            <ns3:hr>83</ns3:hr>
          </ns3:TrackPointExtension>
        </extensions>
      </trkpt>
      <trkpt lat="22.323681302368640899658203125" lon="114.18312144465744495391845703125">
        <ele>27.3999996185302734375</ele>
        <time>2026-01-17T07:11:03.000Z</time>
        <extensions>
          <ns3:TrackPointExtension>
            <ns3:hr>83</ns3:hr>
          </ns3:TrackPointExtension>
        </extensions>
      </trkpt>
      <trkpt lat="22.32367719523608684539794921875" lon="114.18310769833624362945556640625">
        <ele>27.3999996185302734375</ele>
        <time>2026-01-17T07:11:04.000Z</time>
        <extensions>
          <ns3:TrackPointExtension>
            <ns3:hr>85</ns3:hr>
          </ns3:TrackPointExtension>
        </extensions>
      </trkpt>
      <trkpt lat="22.32367266900837421417236328125" lon="114.183094203472137451171875">
        <ele>27.3999996185302734375</ele>
        <time>2026-01-17T07:11:05.000Z</time>
        <extensions>
          <ns3:TrackPointExtension>
            <ns3:hr>87</ns3:hr>
          </ns3:TrackPointExtension>
        </extensions>
      </trkpt>
      <trkpt lat="22.323667891323566436767578125" lon="114.18308054096996784210205078125">
        <ele>27.3999996185302734375</ele>
        <time>2026-01-17T07:11:06.000Z</time>
        <extensions>
          <ns3:TrackPointExtension>
            <ns3:hr>88</ns3:hr>
          </ns3:TrackPointExtension>
        </extensions>
      </trkpt>
      <trkpt lat="22.3236637003719806671142578125" lon="114.183065034449100494384765625">
        <ele>27.3999996185302734375</ele>
        <time>2026-01-17T07:11:07.000Z</time>
        <extensions>
          <ns3:TrackPointExtension>
            <ns3:hr>88</ns3:hr>
          </ns3:TrackPointExtension>
        </extensions>
      </trkpt>
      <trkpt lat="22.32365992851555347442626953125" lon="114.18305003084242343902587890625">
        <ele>27.3999996185302734375</ele>
        <time>2026-01-17T07:11:08.000Z</time>
        <extensions>
          <ns3:TrackPointExtension>
            <ns3:hr>88</ns3:hr>
          </ns3:TrackPointExtension>
        </extensions>
      </trkpt>
      <trkpt lat="22.32365506701171398162841796875" lon="114.18303452432155609130859375">
        <ele>27.3999996185302734375</ele>
        <time>2026-01-17T07:11:09.000Z</time>
        <extensions>
          <ns3:TrackPointExtension>
            <ns3:hr>89</ns3:hr>
          </ns3:TrackPointExtension>
        </extensions>
      </trkpt>
      <trkpt lat="22.3236501216888427734375" lon="114.183021448552608489990234375">
        <ele>27.3999996185302734375</ele>
        <time>2026-01-17T07:11:10.000Z</time>
        <extensions>
          <ns3:TrackPointExtension>
            <ns3:hr>88</ns3:hr>
          </ns3:TrackPointExtension>
        </extensions>
      </trkpt>
      <trkpt lat="22.3236445896327495574951171875" lon="114.18300812132656574249267578125">
        <ele>27.3999996185302734375</ele>
        <time>2026-01-17T07:11:11.000Z</time>
        <extensions>
          <ns3:TrackPointExtension>
            <ns3:hr>88</ns3:hr>
          </ns3:TrackPointExtension>
        </extensions>
      </trkpt>
      <trkpt lat="22.323638387024402618408203125" lon="114.18299420736730098724365234375">
        <ele>27.3999996185302734375</ele>
        <time>2026-01-17T07:11:12.000Z</time>
        <extensions>
          <ns3:TrackPointExtension>
            <ns3:hr>88</ns3:hr>
          </ns3:TrackPointExtension>
        </extensions>
      </trkpt>
      <trkpt lat="22.3236331902444362640380859375" lon="114.1829810477793216705322265625">
        <ele>27.3999996185302734375</ele>
        <time>2026-01-17T07:11:13.000Z</time>
        <extensions>
          <ns3:TrackPointExtension>
            <ns3:hr>88</ns3:hr>
          </ns3:TrackPointExtension>
        </extensions>
      </trkpt>
      <trkpt lat="22.32362874783575534820556640625" lon="114.18296822346746921539306640625">
        <ele>27.3999996185302734375</ele>
        <time>2026-01-17T07:11:14.000Z</time>
        <extensions>
          <ns3:TrackPointExtension>
            <ns3:hr>88</ns3:hr>
          </ns3:TrackPointExtension>
        </extensions>
      </trkpt>
      <trkpt lat="22.3236244730651378631591796875" lon="114.1829560697078704833984375">
        <ele>27.3999996185302734375</ele>
        <time>2026-01-17T07:11:15.000Z</time>
        <extensions>
          <ns3:TrackPointExtension>
            <ns3:hr>88</ns3:hr>
          </ns3:TrackPointExtension>
        </extensions>
      </trkpt>
      <trkpt lat="22.32361902482807636260986328125" lon="114.1829426586627960205078125">
        <ele>27.3999996185302734375</ele>
        <time>2026-01-17T07:11:16.000Z</time>
        <extensions>
          <ns3:TrackPointExtension>
            <ns3:hr>87</ns3:hr>
          </ns3:TrackPointExtension>
        </extensions>
      </trkpt>
      <trkpt lat="22.3236127384006977081298828125" lon="114.1829287447035312652587890625">
        <ele>27.3999996185302734375</ele>
        <time>2026-01-17T07:11:17.000Z</time>
        <extensions>
          <ns3:TrackPointExtension>
            <ns3:hr>87</ns3:hr>
          </ns3:TrackPointExtension>
        </extensions>
      </trkpt>
      <trkpt lat="22.32360653579235076904296875" lon="114.1829143278300762176513671875">
        <ele>27.3999996185302734375</ele>
        <time>2026-01-17T07:11:18.000Z</time>
        <extensions>
          <ns3:TrackPointExtension>
            <ns3:hr>87</ns3:hr>
          </ns3:TrackPointExtension>
        </extensions>
      </trkpt>
      <trkpt lat="22.323600165545940399169921875" lon="114.18289798311889171600341796875">
        <ele>27.3999996185302734375</ele>
        <time>2026-01-17T07:11:19.000Z</time>
        <extensions>
          <ns3:TrackPointExtension>
            <ns3:hr>88</ns3:hr>
          </ns3:TrackPointExtension>
        </extensions>
      </trkpt>
      <trkpt lat="22.32359371148049831390380859375" lon="114.18288373388350009918212890625">
        <ele>27.3999996185302734375</ele>
        <time>2026-01-17T07:11:20.000Z</time>
        <extensions>
          <ns3:TrackPointExtension>
            <ns3:hr>87</ns3:hr>
          </ns3:TrackPointExtension>
        </extensions>
      </trkpt>
      <trkpt lat="22.32358616776764392852783203125" lon="114.18287132866680622100830078125">
        <ele>27.3999996185302734375</ele>
        <time>2026-01-17T07:11:21.000Z</time>
        <extensions>
          <ns3:TrackPointExtension>
            <ns3:hr>87</ns3:hr>
          </ns3:TrackPointExtension>
        </extensions>
      </trkpt>
      <trkpt lat="22.32357862405478954315185546875" lon="114.18285883963108062744140625">
        <ele>27.3999996185302734375</ele>
        <time>2026-01-17T07:11:22.000Z</time>
        <extensions>
          <ns3:TrackPointExtension>
            <ns3:hr>88</ns3:hr>
          </ns3:TrackPointExtension>
        </extensions>
      </trkpt>
      <trkpt lat="22.32357124797999858856201171875" lon="114.18284568004310131072998046875">
        <ele>27.3999996185302734375</ele>
        <time>2026-01-17T07:11:23.000Z</time>
        <extensions>
          <ns3:TrackPointExtension>
            <ns3:hr>87</ns3:hr>
          </ns3:TrackPointExtension>
        </extensions>
      </trkpt>
      <trkpt lat="22.3235647939145565032958984375" lon="114.1828345321118831634521484375">
        <ele>27.6000003814697265625</ele>
        <time>2026-01-17T07:11:24.000Z</time>
        <extensions>
          <ns3:TrackPointExtension>
            <ns3:hr>87</ns3:hr>
          </ns3:TrackPointExtension>
        </extensions>
      </trkpt>
      <trkpt lat="22.32355699874460697174072265625" lon="114.18282422237098217010498046875">
        <ele>27.6000003814697265625</ele>
        <time>2026-01-17T07:11:25.000Z</time>
        <extensions>
          <ns3:TrackPointExtension>
            <ns3:hr>86</ns3:hr>
          </ns3:TrackPointExtension>
        </extensions>
      </trkpt>
      <trkpt lat="22.3235497064888477325439453125" lon="114.182812906801700592041015625">
        <ele>27.6000003814697265625</ele>
        <time>2026-01-17T07:11:26.000Z</time>
        <extensions>
          <ns3:TrackPointExtension>
            <ns3:hr>85</ns3:hr>
          </ns3:TrackPointExtension>
        </extensions>
      </trkpt>
      <trkpt lat="22.32354350388050079345703125" lon="114.1828006692230701446533203125">
        <ele>27.799999237060546875</ele>
        <time>2026-01-17T07:11:27.000Z</time>
        <extensions>
          <ns3:TrackPointExtension>
            <ns3:hr>85</ns3:hr>
          </ns3:TrackPointExtension>
        </extensions>
      </trkpt>
      <trkpt lat="22.32353772036731243133544921875" lon="114.18278734199702739715576171875">
        <ele>27.799999237060546875</ele>
        <time>2026-01-17T07:11:28.000Z</time>
        <extensions>
          <ns3:TrackPointExtension>
            <ns3:hr>85</ns3:hr>
          </ns3:TrackPointExtension>
        </extensions>
      </trkpt>
      <trkpt lat="22.32353252358734607696533203125" lon="114.18277435004711151123046875">
        <ele>27.799999237060546875</ele>
        <time>2026-01-17T07:11:29.000Z</time>
        <extensions>
          <ns3:TrackPointExtension>
            <ns3:hr>85</ns3:hr>
          </ns3:TrackPointExtension>
        </extensions>
      </trkpt>
      <trkpt lat="22.32352665625512599945068359375" lon="114.18276093900203704833984375">
        <ele>27.799999237060546875</ele>
        <time>2026-01-17T07:11:30.000Z</time>
        <extensions>
          <ns3:TrackPointExtension>
            <ns3:hr>85</ns3:hr>
          </ns3:TrackPointExtension>
        </extensions>
      </trkpt>
      <trkpt lat="22.32352028600871562957763671875" lon="114.182746522128582000732421875">
        <ele>27.799999237060546875</ele>
        <time>2026-01-17T07:11:31.000Z</time>
        <extensions>
          <ns3:TrackPointExtension>
            <ns3:hr>85</ns3:hr>
          </ns3:TrackPointExtension>
        </extensions>
      </trkpt>
      <trkpt lat="22.32351374812424182891845703125" lon="114.182731099426746368408203125">
        <ele>27.799999237060546875</ele>
        <time>2026-01-17T07:11:32.000Z</time>
        <extensions>
          <ns3:TrackPointExtension>
            <ns3:hr>85</ns3:hr>
          </ns3:TrackPointExtension>
        </extensions>
      </trkpt>
      <trkpt lat="22.3235084675252437591552734375" lon="114.18271861039102077484130859375">
        <ele>27.799999237060546875</ele>
        <time>2026-01-17T07:11:33.000Z</time>
        <extensions>
          <ns3:TrackPointExtension>
            <ns3:hr>84</ns3:hr>
          </ns3:TrackPointExtension>
        </extensions>
      </trkpt>
      <trkpt lat="22.3235020972788333892822265625" lon="114.18270570226013660430908203125">
        <ele>27.799999237060546875</ele>
        <time>2026-01-17T07:11:34.000Z</time>
        <extensions>
          <ns3:TrackPointExtension>
            <ns3:hr>85</ns3:hr>
          </ns3:TrackPointExtension>
        </extensions>
      </trkpt>
      <trkpt lat="22.3234953917562961578369140625" lon="114.1826932132244110107421875">
        <ele>27.799999237060546875</ele>
        <time>2026-01-17T07:11:35.000Z</time>
        <extensions>
          <ns3:TrackPointExtension>
            <ns3:hr>85</ns3:hr>
          </ns3:TrackPointExtension>
        </extensions>
      </trkpt>
      <trkpt lat="22.3234893567860126495361328125" lon="114.1826798021793365478515625">
        <ele>27.799999237060546875</ele>
        <time>2026-01-17T07:11:36.000Z</time>
        <extensions>
          <ns3:TrackPointExtension>
            <ns3:hr>84</ns3:hr>
          </ns3:TrackPointExtension>
        </extensions>
      </trkpt>
      <trkpt lat="22.32348390854895114898681640625" lon="114.182668738067150115966796875">
        <ele>28</ele>
        <time>2026-01-17T07:11:37.000Z</time>
        <extensions>
          <ns3:TrackPointExtension>
            <ns3:hr>84</ns3:hr>
          </ns3:TrackPointExtension>
        </extensions>
      </trkpt>
      <trkpt lat="22.3234762810170650482177734375" lon="114.1826561652123928070068359375">
        <ele>28</ele>
        <time>2026-01-17T07:11:38.000Z</time>
        <extensions>
          <ns3:TrackPointExtension>
            <ns3:hr>84</ns3:hr>
          </ns3:TrackPointExtension>
        </extensions>
      </trkpt>
      <trkpt lat="22.323468737304210662841796875" lon="114.18264401145279407501220703125">
        <ele>28</ele>
        <time>2026-01-17T07:11:39.000Z</time>
        <extensions>
          <ns3:TrackPointExtension>
            <ns3:hr>84</ns3:hr>
          </ns3:TrackPointExtension>
        </extensions>
      </trkpt>
      <trkpt lat="22.32346194796264171600341796875" lon="114.18263219296932220458984375">
        <ele>28.200000762939453125</ele>
        <time>2026-01-17T07:11:40.000Z</time>
        <extensions>
          <ns3:TrackPointExtension>
            <ns3:hr>84</ns3:hr>
          </ns3:TrackPointExtension>
        </extensions>
      </trkpt>
      <trkpt lat="22.32345608063042163848876953125" lon="114.18261886574327945709228515625">
        <ele>28.200000762939453125</ele>
        <time>2026-01-17T07:11:41.000Z</time>
        <extensions>
          <ns3:TrackPointExtension>
            <ns3:hr>85</ns3:hr>
          </ns3:TrackPointExtension>
        </extensions>
      </trkpt>
      <trkpt lat="22.32345071621239185333251953125" lon="114.182605706155300140380859375">
        <ele>28.3999996185302734375</ele>
        <time>2026-01-17T07:11:42.000Z</time>
        <extensions>
          <ns3:TrackPointExtension>
            <ns3:hr>84</ns3:hr>
          </ns3:TrackPointExtension>
        </extensions>
      </trkpt>
      <trkpt lat="22.32344518415629863739013671875" lon="114.1825941391289234161376953125">
        <ele>28.3999996185302734375</ele>
        <time>2026-01-17T07:11:43.000Z</time>
        <extensions>
          <ns3:TrackPointExtension>
            <ns3:hr>84</ns3:hr>
          </ns3:TrackPointExtension>
        </extensions>
      </trkpt>
      <trkpt lat="22.32343981973826885223388671875" lon="114.182582236826419830322265625">
        <ele>28.200000762939453125</ele>
        <time>2026-01-17T07:11:44.000Z</time>
        <extensions>
          <ns3:TrackPointExtension>
            <ns3:hr>84</ns3:hr>
          </ns3:TrackPointExtension>
        </extensions>
      </trkpt>
      <trkpt lat="22.32343462295830249786376953125" lon="114.18256991542875766754150390625">
        <ele>28.200000762939453125</ele>
        <time>2026-01-17T07:11:45.000Z</time>
        <extensions>
          <ns3:TrackPointExtension>
            <ns3:hr>85</ns3:hr>
          </ns3:TrackPointExtension>
        </extensions>
      </trkpt>
      <trkpt lat="22.32342950999736785888671875" lon="114.1825575940310955047607421875">
        <ele>28.200000762939453125</ele>
        <time>2026-01-17T07:11:46.000Z</time>
        <extensions>
          <ns3:TrackPointExtension>
            <ns3:hr>84</ns3:hr>
          </ns3:TrackPointExtension>
        </extensions>
      </trkpt>
      <trkpt lat="22.323423810303211212158203125" lon="114.182543344795703887939453125">
        <ele>28.200000762939453125</ele>
        <time>2026-01-17T07:11:47.000Z</time>
        <extensions>
          <ns3:TrackPointExtension>
            <ns3:hr>84</ns3:hr>
          </ns3:TrackPointExtension>
        </extensions>
      </trkpt>
      <trkpt lat="22.32341869734227657318115234375" lon="114.18253018520772457122802734375">
        <ele>28.3999996185302734375</ele>
        <time>2026-01-17T07:11:48.000Z</time>
        <extensions>
          <ns3:TrackPointExtension>
            <ns3:hr>84</ns3:hr>
          </ns3:TrackPointExtension>
        </extensions>
      </trkpt>
      <trkpt lat="22.32341350056231021881103515625" lon="114.182517193257808685302734375">
        <ele>28.3999996185302734375</ele>
        <time>2026-01-17T07:11:49.000Z</time>
        <extensions>
          <ns3:TrackPointExtension>
            <ns3:hr>84</ns3:hr>
          </ns3:TrackPointExtension>
        </extensions>
      </trkpt>
      <trkpt lat="22.32340780086815357208251953125" lon="114.18250118382275104522705078125">
        <ele>28.6000003814697265625</ele>
        <time>2026-01-17T07:11:50.000Z</time>
        <extensions>
          <ns3:TrackPointExtension>
            <ns3:hr>85</ns3:hr>
          </ns3:TrackPointExtension>
        </extensions>
      </trkpt>
      <trkpt lat="22.32340243645012378692626953125" lon="114.182487018406391143798828125">
        <ele>28.6000003814697265625</ele>
        <time>2026-01-17T07:11:51.000Z</time>
        <extensions>
          <ns3:TrackPointExtension>
            <ns3:hr>85</ns3:hr>
          </ns3:TrackPointExtension>
        </extensions>
      </trkpt>
      <trkpt lat="22.32339690439403057098388671875" lon="114.18247302062809467315673828125">
        <ele>28.6000003814697265625</ele>
        <time>2026-01-17T07:11:52.000Z</time>
        <extensions>
          <ns3:TrackPointExtension>
            <ns3:hr>85</ns3:hr>
          </ns3:TrackPointExtension>
        </extensions>
      </trkpt>
      <trkpt lat="22.3233907856047153472900390625" lon="114.1824600286781787872314453125">
        <ele>28.6000003814697265625</ele>
        <time>2026-01-17T07:11:53.000Z</time>
        <extensions>
          <ns3:TrackPointExtension>
            <ns3:hr>84</ns3:hr>
          </ns3:TrackPointExtension>
        </extensions>
      </trkpt>
      <trkpt lat="22.323384247720241546630859375" lon="114.18244804255664348602294921875">
        <ele>28.6000003814697265625</ele>
        <time>2026-01-17T07:11:54.000Z</time>
        <extensions>
          <ns3:TrackPointExtension>
            <ns3:hr>84</ns3:hr>
          </ns3:TrackPointExtension>
        </extensions>
      </trkpt>
      <trkpt lat="22.32337779365479946136474609375" lon="114.18243714608252048492431640625">
        <ele>28.6000003814697265625</ele>
        <time>2026-01-17T07:11:55.000Z</time>
        <extensions>
          <ns3:TrackPointExtension>
            <ns3:hr>84</ns3:hr>
          </ns3:TrackPointExtension>
        </extensions>
      </trkpt>
      <trkpt lat="22.323371507227420806884765625" lon="114.18242725543677806854248046875">
        <ele>28.6000003814697265625</ele>
        <time>2026-01-17T07:11:56.000Z</time>
        <extensions>
          <ns3:TrackPointExtension>
            <ns3:hr>84</ns3:hr>
          </ns3:TrackPointExtension>
        </extensions>
      </trkpt>
      <trkpt lat="22.32336505316197872161865234375" lon="114.182417280972003936767578125">
        <ele>28.6000003814697265625</ele>
        <time>2026-01-17T07:11:57.000Z</time>
        <extensions>
          <ns3:TrackPointExtension>
            <ns3:hr>84</ns3:hr>
          </ns3:TrackPointExtension>
        </extensions>
      </trkpt>
      <trkpt lat="22.32335901819169521331787109375" lon="114.182407222688198089599609375">
        <ele>28.6000003814697265625</ele>
        <time>2026-01-17T07:11:58.000Z</time>
        <extensions>
          <ns3:TrackPointExtension>
            <ns3:hr>85</ns3:hr>
          </ns3:TrackPointExtension>
        </extensions>
      </trkpt>
      <trkpt lat="22.32335264794528484344482421875" lon="114.18239607475697994232177734375">
        <ele>28.799999237060546875</ele>
        <time>2026-01-17T07:11:59.000Z</time>
        <extensions>
          <ns3:TrackPointExtension>
            <ns3:hr>84</ns3:hr>
          </ns3:TrackPointExtension>
        </extensions>
      </trkpt>
      <trkpt lat="22.3233468644320964813232421875" lon="114.18238484300673007965087890625">
        <ele>28.799999237060546875</ele>
        <time>2026-01-17T07:12:00.000Z</time>
        <extensions>
          <ns3:TrackPointExtension>
            <ns3:hr>84</ns3:hr>
          </ns3:TrackPointExtension>
        </extensions>
      </trkpt>
      <trkpt lat="22.32334091328084468841552734375" lon="114.18237335979938507080078125">
        <ele>28.799999237060546875</ele>
        <time>2026-01-17T07:12:01.000Z</time>
        <extensions>
          <ns3:TrackPointExtension>
            <ns3:hr>84</ns3:hr>
          </ns3:TrackPointExtension>
        </extensions>
      </trkpt>
      <trkpt lat="22.3233354650437831878662109375" lon="114.18236154131591320037841796875">
        <ele>28.799999237060546875</ele>
        <time>2026-01-17T07:12:02.000Z</time>
        <extensions>
          <ns3:TrackPointExtension>
            <ns3:hr>85</ns3:hr>
          </ns3:TrackPointExtension>
        </extensions>
      </trkpt>
      <trkpt lat="22.32332984916865825653076171875" lon="114.1823493875563144683837890625">
        <ele>28.799999237060546875</ele>
        <time>2026-01-17T07:12:03.000Z</time>
        <extensions>
          <ns3:TrackPointExtension>
            <ns3:hr>84</ns3:hr>
          </ns3:TrackPointExtension>
        </extensions>
      </trkpt>
      <trkpt lat="22.32332482002675533294677734375" lon="114.18233622796833515167236328125">
        <ele>29</ele>
        <time>2026-01-17T07:12:04.000Z</time>
        <extensions>
          <ns3:TrackPointExtension>
            <ns3:hr>84</ns3:hr>
          </ns3:TrackPointExtension>
        </extensions>
      </trkpt>
      <trkpt lat="22.32331844978034496307373046875" lon="114.1823235712945461273193359375">
        <ele>29</ele>
        <time>2026-01-17T07:12:05.000Z</time>
        <extensions>
          <ns3:TrackPointExtension>
            <ns3:hr>84</ns3:hr>
          </ns3:TrackPointExtension>
        </extensions>
      </trkpt>
      <trkpt lat="22.32331291772425174713134765625" lon="114.1823115013539791107177734375">
        <ele>29</ele>
        <time>2026-01-17T07:12:06.000Z</time>
        <extensions>
          <ns3:TrackPointExtension>
            <ns3:hr>84</ns3:hr>
          </ns3:TrackPointExtension>
        </extensions>
      </trkpt>
      <trkpt lat="22.32330705039203166961669921875" lon="114.18229850940406322479248046875">
        <ele>29</ele>
        <time>2026-01-17T07:12:07.000Z</time>
        <extensions>
          <ns3:TrackPointExtension>
            <ns3:hr>84</ns3:hr>
          </ns3:TrackPointExtension>
        </extensions>
      </trkpt>
      <trkpt lat="22.32330168597400188446044921875" lon="114.1822833381593227386474609375">
        <ele>29</ele>
        <time>2026-01-17T07:12:08.000Z</time>
        <extensions>
          <ns3:TrackPointExtension>
            <ns3:hr>84</ns3:hr>
          </ns3:TrackPointExtension>
        </extensions>
      </trkpt>
      <trkpt lat="22.32329665683209896087646484375" lon="114.18226900510489940643310546875">
        <ele>29</ele>
        <time>2026-01-17T07:12:09.000Z</time>
        <extensions>
          <ns3:TrackPointExtension>
            <ns3:hr>83</ns3:hr>
          </ns3:TrackPointExtension>
        </extensions>
      </trkpt>
      <trkpt lat="22.3232918791472911834716796875" lon="114.18225509114563465118408203125">
        <ele>29</ele>
        <time>2026-01-17T07:12:10.000Z</time>
        <extensions>
          <ns3:TrackPointExtension>
            <ns3:hr>83</ns3:hr>
          </ns3:TrackPointExtension>
        </extensions>
      </trkpt>
      <trkpt lat="22.3232871852815151214599609375" lon="114.182240925729274749755859375">
        <ele>29</ele>
        <time>2026-01-17T07:12:11.000Z</time>
        <extensions>
          <ns3:TrackPointExtension>
            <ns3:hr>83</ns3:hr>
          </ns3:TrackPointExtension>
        </extensions>
      </trkpt>
      <trkpt lat="22.32328198850154876708984375" lon="114.1822266764938831329345703125">
        <ele>29.200000762939453125</ele>
        <time>2026-01-17T07:12:12.000Z</time>
        <extensions>
          <ns3:TrackPointExtension>
            <ns3:hr>83</ns3:hr>
          </ns3:TrackPointExtension>
        </extensions>
      </trkpt>
      <trkpt lat="22.32327603735029697418212890625" lon="114.18221469037234783172607421875">
        <ele>29.200000762939453125</ele>
        <time>2026-01-17T07:12:13.000Z</time>
        <extensions>
          <ns3:TrackPointExtension>
            <ns3:hr>84</ns3:hr>
          </ns3:TrackPointExtension>
        </extensions>
      </trkpt>
      <trkpt lat="22.3232694156467914581298828125" lon="114.18220211751759052276611328125">
        <ele>29.200000762939453125</ele>
        <time>2026-01-17T07:12:14.000Z</time>
        <extensions>
          <ns3:TrackPointExtension>
            <ns3:hr>83</ns3:hr>
          </ns3:TrackPointExtension>
        </extensions>
      </trkpt>
      <trkpt lat="22.3232633806765079498291015625" lon="114.18218987993896007537841796875">
        <ele>29.200000762939453125</ele>
        <time>2026-01-17T07:12:15.000Z</time>
        <extensions>
          <ns3:TrackPointExtension>
            <ns3:hr>83</ns3:hr>
          </ns3:TrackPointExtension>
        </extensions>
      </trkpt>
      <trkpt lat="22.32325625605881214141845703125" lon="114.182176552712917327880859375">
        <ele>29.200000762939453125</ele>
        <time>2026-01-17T07:12:16.000Z</time>
        <extensions>
          <ns3:TrackPointExtension>
            <ns3:hr>82</ns3:hr>
          </ns3:TrackPointExtension>
        </extensions>
      </trkpt>
      <trkpt lat="22.3232486285269260406494140625" lon="114.18216305784881114959716796875">
        <ele>29.200000762939453125</ele>
        <time>2026-01-17T07:12:17.000Z</time>
        <extensions>
          <ns3:TrackPointExtension>
            <ns3:hr>82</ns3:hr>
          </ns3:TrackPointExtension>
        </extensions>
      </trkpt>
      <trkpt lat="22.3232432641088962554931640625" lon="114.1821519099175930023193359375">
        <ele>29.200000762939453125</ele>
        <time>2026-01-17T07:12:18.000Z</time>
        <extensions>
          <ns3:TrackPointExtension>
            <ns3:hr>82</ns3:hr>
          </ns3:TrackPointExtension>
        </extensions>
      </trkpt>
      <trkpt lat="22.3232375644147396087646484375" lon="114.18213958851993083953857421875">
        <ele>29.200000762939453125</ele>
        <time>2026-01-17T07:12:19.000Z</time>
        <extensions>
          <ns3:TrackPointExtension>
            <ns3:hr>82</ns3:hr>
          </ns3:TrackPointExtension>
        </extensions>
      </trkpt>
      <trkpt lat="22.32323178090155124664306640625" lon="114.18212718330323696136474609375">
        <ele>29.200000762939453125</ele>
        <time>2026-01-17T07:12:20.000Z</time>
        <extensions>
          <ns3:TrackPointExtension>
            <ns3:hr>81</ns3:hr>
          </ns3:TrackPointExtension>
        </extensions>
      </trkpt>
      <trkpt lat="22.3232254944741725921630859375" lon="114.18211544863879680633544921875">
        <ele>29.200000762939453125</ele>
        <time>2026-01-17T07:12:21.000Z</time>
        <extensions>
          <ns3:TrackPointExtension>
            <ns3:hr>81</ns3:hr>
          </ns3:TrackPointExtension>
        </extensions>
      </trkpt>
      <trkpt lat="22.3232196271419525146484375" lon="114.18210438452661037445068359375">
        <ele>29.200000762939453125</ele>
        <time>2026-01-17T07:12:22.000Z</time>
        <extensions>
          <ns3:TrackPointExtension>
            <ns3:hr>81</ns3:hr>
          </ns3:TrackPointExtension>
        </extensions>
      </trkpt>
      <trkpt lat="22.323213927447795867919921875" lon="114.18209298513829708099365234375">
        <ele>29.200000762939453125</ele>
        <time>2026-01-17T07:12:23.000Z</time>
        <extensions>
          <ns3:TrackPointExtension>
            <ns3:hr>81</ns3:hr>
          </ns3:TrackPointExtension>
        </extensions>
      </trkpt>
      <trkpt lat="22.32320847921073436737060546875" lon="114.1820808313786983489990234375">
        <ele>29.200000762939453125</ele>
        <time>2026-01-17T07:12:24.000Z</time>
        <extensions>
          <ns3:TrackPointExtension>
            <ns3:hr>81</ns3:hr>
          </ns3:TrackPointExtension>
        </extensions>
      </trkpt>
      <trkpt lat="22.3232026956975460052490234375" lon="114.1820690967142581939697265625">
        <ele>29.200000762939453125</ele>
        <time>2026-01-17T07:12:25.000Z</time>
        <extensions>
          <ns3:TrackPointExtension>
            <ns3:hr>82</ns3:hr>
          </ns3:TrackPointExtension>
        </extensions>
      </trkpt>
      <trkpt lat="22.3231966607272624969482421875" lon="114.182056523859500885009765625">
        <ele>29.200000762939453125</ele>
        <time>2026-01-17T07:12:26.000Z</time>
        <extensions>
          <ns3:TrackPointExtension>
            <ns3:hr>82</ns3:hr>
          </ns3:TrackPointExtension>
        </extensions>
      </trkpt>
      <trkpt lat="22.32319070957601070404052734375" lon="114.1820439510047435760498046875">
        <ele>29.200000762939453125</ele>
        <time>2026-01-17T07:12:27.000Z</time>
        <extensions>
          <ns3:TrackPointExtension>
            <ns3:hr>82</ns3:hr>
          </ns3:TrackPointExtension>
        </extensions>
      </trkpt>
      <trkpt lat="22.3231852613389492034912109375" lon="114.18203003704547882080078125">
        <ele>29.200000762939453125</ele>
        <time>2026-01-17T07:12:28.000Z</time>
        <extensions>
          <ns3:TrackPointExtension>
            <ns3:hr>83</ns3:hr>
          </ns3:TrackPointExtension>
        </extensions>
      </trkpt>
      <trkpt lat="22.3231793940067291259765625" lon="114.18201662600040435791015625">
        <ele>29.200000762939453125</ele>
        <time>2026-01-17T07:12:29.000Z</time>
        <extensions>
          <ns3:TrackPointExtension>
            <ns3:hr>84</ns3:hr>
          </ns3:TrackPointExtension>
        </extensions>
      </trkpt>
      <trkpt lat="22.32317327521741390228271484375" lon="114.182003550231456756591796875">
        <ele>29.200000762939453125</ele>
        <time>2026-01-17T07:12:30.000Z</time>
        <extensions>
          <ns3:TrackPointExtension>
            <ns3:hr>84</ns3:hr>
          </ns3:TrackPointExtension>
        </extensions>
      </trkpt>
      <trkpt lat="22.3231674917042255401611328125" lon="114.18199039064347743988037109375">
        <ele>29</ele>
        <time>2026-01-17T07:12:31.000Z</time>
        <extensions>
          <ns3:TrackPointExtension>
            <ns3:hr>84</ns3:hr>
          </ns3:TrackPointExtension>
        </extensions>
      </trkpt>
      <trkpt lat="22.3231617920100688934326171875" lon="114.181978069245815277099609375">
        <ele>29</ele>
        <time>2026-01-17T07:12:32.000Z</time>
        <extensions>
          <ns3:TrackPointExtension>
            <ns3:hr>84</ns3:hr>
          </ns3:TrackPointExtension>
        </extensions>
      </trkpt>
      <trkpt lat="22.3231564275920391082763671875" lon="114.18196574784815311431884765625">
        <ele>29.200000762939453125</ele>
        <time>2026-01-17T07:12:33.000Z</time>
        <extensions>
          <ns3:TrackPointExtension>
            <ns3:hr>84</ns3:hr>
          </ns3:TrackPointExtension>
        </extensions>
      </trkpt>
      <trkpt lat="22.323150895535945892333984375" lon="114.1819520853459835052490234375">
        <ele>29</ele>
        <time>2026-01-17T07:12:34.000Z</time>
        <extensions>
          <ns3:TrackPointExtension>
            <ns3:hr>84</ns3:hr>
          </ns3:TrackPointExtension>
        </extensions>
      </trkpt>
      <trkpt lat="22.32314544729888439178466796875" lon="114.18193791992962360382080078125">
        <ele>29</ele>
        <time>2026-01-17T07:12:35.000Z</time>
        <extensions>
          <ns3:TrackPointExtension>
            <ns3:hr>84</ns3:hr>
          </ns3:TrackPointExtension>
        </extensions>
      </trkpt>
      <trkpt lat="22.32314050197601318359375" lon="114.18192383833229541778564453125">
        <ele>29</ele>
        <time>2026-01-17T07:12:36.000Z</time>
        <extensions>
          <ns3:TrackPointExtension>
            <ns3:hr>84</ns3:hr>
          </ns3:TrackPointExtension>
        </extensions>
      </trkpt>
      <trkpt lat="22.32313580811023712158203125" lon="114.1819095052778720855712890625">
        <ele>29</ele>
        <time>2026-01-17T07:12:37.000Z</time>
        <extensions>
          <ns3:TrackPointExtension>
            <ns3:hr>84</ns3:hr>
          </ns3:TrackPointExtension>
        </extensions>
      </trkpt>
      <trkpt lat="22.323131449520587921142578125" lon="114.1818950884044170379638671875">
        <ele>29</ele>
        <time>2026-01-17T07:12:38.000Z</time>
        <extensions>
          <ns3:TrackPointExtension>
            <ns3:hr>84</ns3:hr>
          </ns3:TrackPointExtension>
        </extensions>
      </trkpt>
      <trkpt lat="22.32312650419771671295166015625" lon="114.18187907896935939788818359375">
        <ele>29</ele>
        <time>2026-01-17T07:12:39.000Z</time>
        <extensions>
          <ns3:TrackPointExtension>
            <ns3:hr>84</ns3:hr>
          </ns3:TrackPointExtension>
        </extensions>
      </trkpt>
      <trkpt lat="22.32312063686549663543701171875" lon="114.1818642430007457733154296875">
        <ele>29</ele>
        <time>2026-01-17T07:12:40.000Z</time>
        <extensions>
          <ns3:TrackPointExtension>
            <ns3:hr>83</ns3:hr>
          </ns3:TrackPointExtension>
        </extensions>
      </trkpt>
      <trkpt lat="22.3231145180761814117431640625" lon="114.181849993765354156494140625">
        <ele>29</ele>
        <time>2026-01-17T07:12:41.000Z</time>
        <extensions>
          <ns3:TrackPointExtension>
            <ns3:hr>84</ns3:hr>
          </ns3:TrackPointExtension>
        </extensions>
      </trkpt>
      <trkpt lat="22.32310873456299304962158203125" lon="114.181836582720279693603515625">
        <ele>29</ele>
        <time>2026-01-17T07:12:42.000Z</time>
        <extensions>
          <ns3:TrackPointExtension>
            <ns3:hr>84</ns3:hr>
          </ns3:TrackPointExtension>
        </extensions>
      </trkpt>
      <trkpt lat="22.32310320250689983367919921875" lon="114.18182275258004665374755859375">
        <ele>29</ele>
        <time>2026-01-17T07:12:43.000Z</time>
        <extensions>
          <ns3:TrackPointExtension>
            <ns3:hr>84</ns3:hr>
          </ns3:TrackPointExtension>
        </extensions>
      </trkpt>
      <trkpt lat="22.3230980895459651947021484375" lon="114.1818099282681941986083984375">
        <ele>29</ele>
        <time>2026-01-17T07:12:44.000Z</time>
        <extensions>
          <ns3:TrackPointExtension>
            <ns3:hr>84</ns3:hr>
          </ns3:TrackPointExtension>
        </extensions>
      </trkpt>
      <trkpt lat="22.32309264130890369415283203125" lon="114.18179760687053203582763671875">
        <ele>29</ele>
        <time>2026-01-17T07:12:45.000Z</time>
        <extensions>
          <ns3:TrackPointExtension>
            <ns3:hr>83</ns3:hr>
          </ns3:TrackPointExtension>
        </extensions>
      </trkpt>
      <trkpt lat="22.32308710925281047821044921875" lon="114.181785620748996734619140625">
        <ele>29</ele>
        <time>2026-01-17T07:12:46.000Z</time>
        <extensions>
          <ns3:TrackPointExtension>
            <ns3:hr>84</ns3:hr>
          </ns3:TrackPointExtension>
        </extensions>
      </trkpt>
      <trkpt lat="22.3230813257396221160888671875" lon="114.18177296407520771026611328125">
        <ele>29</ele>
        <time>2026-01-17T07:12:47.000Z</time>
        <extensions>
          <ns3:TrackPointExtension>
            <ns3:hr>84</ns3:hr>
          </ns3:TrackPointExtension>
        </extensions>
      </trkpt>
      <trkpt lat="22.32307503931224346160888671875" lon="114.18176022358238697052001953125">
        <ele>28.799999237060546875</ele>
        <time>2026-01-17T07:12:48.000Z</time>
        <extensions>
          <ns3:TrackPointExtension>
            <ns3:hr>83</ns3:hr>
          </ns3:TrackPointExtension>
        </extensions>
      </trkpt>
      <trkpt lat="22.32306900434195995330810546875" lon="114.1817475669085979461669921875">
        <ele>28.799999237060546875</ele>
        <time>2026-01-17T07:12:49.000Z</time>
        <extensions>
          <ns3:TrackPointExtension>
            <ns3:hr>83</ns3:hr>
          </ns3:TrackPointExtension>
        </extensions>
      </trkpt>
      <trkpt lat="22.3230632208287715911865234375" lon="114.18173641897737979888916015625">
        <ele>28.799999237060546875</ele>
        <time>2026-01-17T07:12:50.000Z</time>
        <extensions>
          <ns3:TrackPointExtension>
            <ns3:hr>83</ns3:hr>
          </ns3:TrackPointExtension>
        </extensions>
      </trkpt>
      <trkpt lat="22.3230571858584880828857421875" lon="114.18172501958906650543212890625">
        <ele>28.799999237060546875</ele>
        <time>2026-01-17T07:12:51.000Z</time>
        <extensions>
          <ns3:TrackPointExtension>
            <ns3:hr>84</ns3:hr>
          </ns3:TrackPointExtension>
        </extensions>
      </trkpt>
      <trkpt lat="22.3230508156120777130126953125" lon="114.18171546421945095062255859375">
        <ele>28.799999237060546875</ele>
        <time>2026-01-17T07:12:52.000Z</time>
        <extensions>
          <ns3:TrackPointExtension>
            <ns3:hr>84</ns3:hr>
          </ns3:TrackPointExtension>
        </extensions>
      </trkpt>
      <trkpt lat="22.32304285280406475067138671875" lon="114.1817046515643596649169921875">
        <ele>28.6000003814697265625</ele>
        <time>2026-01-17T07:12:53.000Z</time>
        <extensions>
          <ns3:TrackPointExtension>
            <ns3:hr>84</ns3:hr>
          </ns3:TrackPointExtension>
        </extensions>
      </trkpt>
      <trkpt lat="22.32303564436733722686767578125" lon="114.18169233016669750213623046875">
        <ele>28.6000003814697265625</ele>
        <time>2026-01-17T07:12:54.000Z</time>
        <extensions>
          <ns3:TrackPointExtension>
            <ns3:hr>83</ns3:hr>
          </ns3:TrackPointExtension>
        </extensions>
      </trkpt>
      <trkpt lat="22.32302826829254627227783203125" lon="114.181679002940654754638671875">
        <ele>28.6000003814697265625</ele>
        <time>2026-01-17T07:12:55.000Z</time>
        <extensions>
          <ns3:TrackPointExtension>
            <ns3:hr>83</ns3:hr>
          </ns3:TrackPointExtension>
        </extensions>
      </trkpt>
      <trkpt lat="22.32302156277000904083251953125" lon="114.1816659271717071533203125">
        <ele>28.3999996185302734375</ele>
        <time>2026-01-17T07:12:56.000Z</time>
        <extensions>
          <ns3:TrackPointExtension>
            <ns3:hr>81</ns3:hr>
          </ns3:TrackPointExtension>
        </extensions>
      </trkpt>
      <trkpt lat="22.32301519252359867095947265625" lon="114.18165184557437896728515625">
        <ele>28.3999996185302734375</ele>
        <time>2026-01-17T07:12:57.000Z</time>
        <extensions>
          <ns3:TrackPointExtension>
            <ns3:hr>81</ns3:hr>
          </ns3:TrackPointExtension>
        </extensions>
      </trkpt>
      <trkpt lat="22.323009409010410308837890625" lon="114.1816379316151142120361328125">
        <ele>28.3999996185302734375</ele>
        <time>2026-01-17T07:12:58.000Z</time>
        <extensions>
          <ns3:TrackPointExtension>
            <ns3:hr>79</ns3:hr>
          </ns3:TrackPointExtension>
        </extensions>
      </trkpt>
      <trkpt lat="22.32300312258303165435791015625" lon="114.1816235147416591644287109375">
        <ele>28.200000762939453125</ele>
        <time>2026-01-17T07:12:59.000Z</time>
        <extensions>
          <ns3:TrackPointExtension>
            <ns3:hr>79</ns3:hr>
          </ns3:TrackPointExtension>
        </extensions>
      </trkpt>
      <trkpt lat="22.32299691997468471527099609375" lon="114.18161001987755298614501953125">
        <ele>28.200000762939453125</ele>
        <time>2026-01-17T07:13:00.000Z</time>
        <extensions>
          <ns3:TrackPointExtension>
            <ns3:hr>79</ns3:hr>
          </ns3:TrackPointExtension>
        </extensions>
      </trkpt>
      <trkpt lat="22.3229908011853694915771484375" lon="114.18159711174666881561279296875">
        <ele>28.200000762939453125</ele>
        <time>2026-01-17T07:13:01.000Z</time>
        <extensions>
          <ns3:TrackPointExtension>
            <ns3:hr>79</ns3:hr>
          </ns3:TrackPointExtension>
        </extensions>
      </trkpt>
      <trkpt lat="22.3229847662150859832763671875" lon="114.18158168904483318328857421875">
        <ele>28.200000762939453125</ele>
        <time>2026-01-17T07:13:02.000Z</time>
        <extensions>
          <ns3:TrackPointExtension>
            <ns3:hr>78</ns3:hr>
          </ns3:TrackPointExtension>
        </extensions>
      </trkpt>
      <trkpt lat="22.32297915033996105194091796875" lon="114.18157003819942474365234375">
        <ele>28.200000762939453125</ele>
        <time>2026-01-17T07:13:03.000Z</time>
        <extensions>
          <ns3:TrackPointExtension>
            <ns3:hr>78</ns3:hr>
          </ns3:TrackPointExtension>
        </extensions>
      </trkpt>
      <trkpt lat="22.32297294773161411285400390625" lon="114.1815584711730480194091796875">
        <ele>28.200000762939453125</ele>
        <time>2026-01-17T07:13:04.000Z</time>
        <extensions>
          <ns3:TrackPointExtension>
            <ns3:hr>79</ns3:hr>
          </ns3:TrackPointExtension>
        </extensions>
      </trkpt>
      <trkpt lat="22.32296640984714031219482421875" lon="114.1815477423369884490966796875">
        <ele>28.200000762939453125</ele>
        <time>2026-01-17T07:13:05.000Z</time>
        <extensions>
          <ns3:TrackPointExtension>
            <ns3:hr>79</ns3:hr>
          </ns3:TrackPointExtension>
        </extensions>
      </trkpt>
      <trkpt lat="22.32296037487685680389404296875" lon="114.1815344989299774169921875">
        <ele>28.200000762939453125</ele>
        <time>2026-01-17T07:13:06.000Z</time>
        <extensions>
          <ns3:TrackPointExtension>
            <ns3:hr>79</ns3:hr>
          </ns3:TrackPointExtension>
        </extensions>
      </trkpt>
      <trkpt lat="22.32295484282076358795166015625" lon="114.1815215907990932464599609375">
        <ele>28</ele>
        <time>2026-01-17T07:13:07.000Z</time>
        <extensions>
          <ns3:TrackPointExtension>
            <ns3:hr>79</ns3:hr>
          </ns3:TrackPointExtension>
        </extensions>
      </trkpt>
      <trkpt lat="22.32294763438403606414794921875" lon="114.181507341563701629638671875">
        <ele>28</ele>
        <time>2026-01-17T07:13:08.000Z</time>
        <extensions>
          <ns3:TrackPointExtension>
            <ns3:hr>79</ns3:hr>
          </ns3:TrackPointExtension>
        </extensions>
      </trkpt>
      <trkpt lat="22.32294143177568912506103515625" lon="114.181491918861865997314453125">
        <ele>28</ele>
        <time>2026-01-17T07:13:09.000Z</time>
        <extensions>
          <ns3:TrackPointExtension>
            <ns3:hr>78</ns3:hr>
          </ns3:TrackPointExtension>
        </extensions>
      </trkpt>
      <trkpt lat="22.322935648262500762939453125" lon="114.18147616088390350341796875">
        <ele>28</ele>
        <time>2026-01-17T07:13:10.000Z</time>
        <extensions>
          <ns3:TrackPointExtension>
            <ns3:hr>78</ns3:hr>
          </ns3:TrackPointExtension>
        </extensions>
      </trkpt>
      <trkpt lat="22.32292902655899524688720703125" lon="114.181461073458194732666015625">
        <ele>27.799999237060546875</ele>
        <time>2026-01-17T07:13:11.000Z</time>
        <extensions>
          <ns3:TrackPointExtension>
            <ns3:hr>79</ns3:hr>
          </ns3:TrackPointExtension>
        </extensions>
      </trkpt>
      <trkpt lat="22.3229220695793628692626953125" lon="114.18144657276570796966552734375">
        <ele>27.799999237060546875</ele>
        <time>2026-01-17T07:13:12.000Z</time>
        <extensions>
          <ns3:TrackPointExtension>
            <ns3:hr>79</ns3:hr>
          </ns3:TrackPointExtension>
        </extensions>
      </trkpt>
      <trkpt lat="22.3229156993329524993896484375" lon="114.1814327426254749298095703125">
        <ele>27.799999237060546875</ele>
        <time>2026-01-17T07:13:13.000Z</time>
        <extensions>
          <ns3:TrackPointExtension>
            <ns3:hr>79</ns3:hr>
          </ns3:TrackPointExtension>
        </extensions>
      </trkpt>
      <trkpt lat="22.322909832000732421875" lon="114.1814183257520198822021484375">
        <ele>27.799999237060546875</ele>
        <time>2026-01-17T07:13:14.000Z</time>
        <extensions>
          <ns3:TrackPointExtension>
            <ns3:hr>80</ns3:hr>
          </ns3:TrackPointExtension>
        </extensions>
      </trkpt>
      <trkpt lat="22.322903461754322052001953125" lon="114.18140499852597713470458984375">
        <ele>27.799999237060546875</ele>
        <time>2026-01-17T07:13:15.000Z</time>
        <extensions>
          <ns3:TrackPointExtension>
            <ns3:hr>80</ns3:hr>
          </ns3:TrackPointExtension>
        </extensions>
      </trkpt>
      <trkpt lat="22.3228975944221019744873046875" lon="114.1813908331096172332763671875">
        <ele>27.6000003814697265625</ele>
        <time>2026-01-17T07:13:16.000Z</time>
        <extensions>
          <ns3:TrackPointExtension>
            <ns3:hr>81</ns3:hr>
          </ns3:TrackPointExtension>
        </extensions>
      </trkpt>
      <trkpt lat="22.3228918947279453277587890625" lon="114.181378595530986785888671875">
        <ele>27.6000003814697265625</ele>
        <time>2026-01-17T07:13:17.000Z</time>
        <extensions>
          <ns3:TrackPointExtension>
            <ns3:hr>81</ns3:hr>
          </ns3:TrackPointExtension>
        </extensions>
      </trkpt>
      <trkpt lat="22.32288644649088382720947265625" lon="114.18136644177138805389404296875">
        <ele>27.6000003814697265625</ele>
        <time>2026-01-17T07:13:18.000Z</time>
        <extensions>
          <ns3:TrackPointExtension>
            <ns3:hr>81</ns3:hr>
          </ns3:TrackPointExtension>
        </extensions>
      </trkpt>
      <trkpt lat="22.32288091443479061126708984375" lon="114.1813549585640430450439453125">
        <ele>27.6000003814697265625</ele>
        <time>2026-01-17T07:13:19.000Z</time>
        <extensions>
          <ns3:TrackPointExtension>
            <ns3:hr>81</ns3:hr>
          </ns3:TrackPointExtension>
        </extensions>
      </trkpt>
      <trkpt lat="22.32287538237869739532470703125" lon="114.1813428886234760284423828125">
        <ele>27.6000003814697265625</ele>
        <time>2026-01-17T07:13:20.000Z</time>
        <extensions>
          <ns3:TrackPointExtension>
            <ns3:hr>80</ns3:hr>
          </ns3:TrackPointExtension>
        </extensions>
      </trkpt>
      <trkpt lat="22.322869598865509033203125" lon="114.18132998049259185791015625">
        <ele>27.3999996185302734375</ele>
        <time>2026-01-17T07:13:21.000Z</time>
        <extensions>
          <ns3:TrackPointExtension>
            <ns3:hr>80</ns3:hr>
          </ns3:TrackPointExtension>
        </extensions>
      </trkpt>
      <trkpt lat="22.32286356389522552490234375" lon="114.18131791055202484130859375">
        <ele>27.3999996185302734375</ele>
        <time>2026-01-17T07:13:22.000Z</time>
        <extensions>
          <ns3:TrackPointExtension>
            <ns3:hr>80</ns3:hr>
          </ns3:TrackPointExtension>
        </extensions>
      </trkpt>
      <trkpt lat="22.32285643927752971649169921875" lon="114.18130458332598209381103515625">
        <ele>27.3999996185302734375</ele>
        <time>2026-01-17T07:13:23.000Z</time>
        <extensions>
          <ns3:TrackPointExtension>
            <ns3:hr>80</ns3:hr>
          </ns3:TrackPointExtension>
        </extensions>
      </trkpt>
      <trkpt lat="22.32285023666918277740478515625" lon="114.18129050172865390777587890625">
        <ele>27.3999996185302734375</ele>
        <time>2026-01-17T07:13:24.000Z</time>
        <extensions>
          <ns3:TrackPointExtension>
            <ns3:hr>81</ns3:hr>
          </ns3:TrackPointExtension>
        </extensions>
      </trkpt>
      <trkpt lat="22.32284403406083583831787109375" lon="114.1812778450548648834228515625">
        <ele>27.3999996185302734375</ele>
        <time>2026-01-17T07:13:25.000Z</time>
        <extensions>
          <ns3:TrackPointExtension>
            <ns3:hr>81</ns3:hr>
          </ns3:TrackPointExtension>
        </extensions>
      </trkpt>
      <trkpt lat="22.322837077081203460693359375" lon="114.18126435019075870513916015625">
        <ele>27.200000762939453125</ele>
        <time>2026-01-17T07:13:26.000Z</time>
        <extensions>
          <ns3:TrackPointExtension>
            <ns3:hr>81</ns3:hr>
          </ns3:TrackPointExtension>
        </extensions>
      </trkpt>
      <trkpt lat="22.32283028773963451385498046875" lon="114.18125177733600139617919921875">
        <ele>27.200000762939453125</ele>
        <time>2026-01-17T07:13:27.000Z</time>
        <extensions>
          <ns3:TrackPointExtension>
            <ns3:hr>80</ns3:hr>
          </ns3:TrackPointExtension>
        </extensions>
      </trkpt>
      <trkpt lat="22.32282442040741443634033203125" lon="114.1812386177480220794677734375">
        <ele>27.200000762939453125</ele>
        <time>2026-01-17T07:13:28.000Z</time>
        <extensions>
          <ns3:TrackPointExtension>
            <ns3:hr>81</ns3:hr>
          </ns3:TrackPointExtension>
        </extensions>
      </trkpt>
      <trkpt lat="22.322817631065845489501953125" lon="114.18122378177940845489501953125">
        <ele>27.200000762939453125</ele>
        <time>2026-01-17T07:13:29.000Z</time>
        <extensions>
          <ns3:TrackPointExtension>
            <ns3:hr>81</ns3:hr>
          </ns3:TrackPointExtension>
        </extensions>
      </trkpt>
      <trkpt lat="22.32281251810491085052490234375" lon="114.18121020309627056121826171875">
        <ele>27.3999996185302734375</ele>
        <time>2026-01-17T07:13:30.000Z</time>
        <extensions>
          <ns3:TrackPointExtension>
            <ns3:hr>81</ns3:hr>
          </ns3:TrackPointExtension>
        </extensions>
      </trkpt>
      <trkpt lat="22.3228070698678493499755859375" lon="114.181197546422481536865234375">
        <ele>27.3999996185302734375</ele>
        <time>2026-01-17T07:13:31.000Z</time>
        <extensions>
          <ns3:TrackPointExtension>
            <ns3:hr>81</ns3:hr>
          </ns3:TrackPointExtension>
        </extensions>
      </trkpt>
      <trkpt lat="22.32280396856367588043212890625" lon="114.18118556030094623565673828125">
        <ele>27.200000762939453125</ele>
        <time>2026-01-17T07:13:32.000Z</time>
        <extensions>
          <ns3:TrackPointExtension>
            <ns3:hr>80</ns3:hr>
          </ns3:TrackPointExtension>
        </extensions>
      </trkpt>
      <trkpt lat="22.32280195690691471099853515625" lon="114.18117281980812549591064453125">
        <ele>27.3999996185302734375</ele>
        <time>2026-01-17T07:13:33.000Z</time>
        <extensions>
          <ns3:TrackPointExtension>
            <ns3:hr>80</ns3:hr>
          </ns3:TrackPointExtension>
        </extensions>
      </trkpt>
      <trkpt lat="22.3227996937930583953857421875" lon="114.181162677705287933349609375">
        <ele>27.200000762939453125</ele>
        <time>2026-01-17T07:13:34.000Z</time>
        <extensions>
          <ns3:TrackPointExtension>
            <ns3:hr>80</ns3:hr>
          </ns3:TrackPointExtension>
        </extensions>
      </trkpt>
      <trkpt lat="22.322796173393726348876953125" lon="114.18115035630762577056884765625">
        <ele>27.200000762939453125</ele>
        <time>2026-01-17T07:13:35.000Z</time>
        <extensions>
          <ns3:TrackPointExtension>
            <ns3:hr>80</ns3:hr>
          </ns3:TrackPointExtension>
        </extensions>
      </trkpt>
      <trkpt lat="22.3227909766137599945068359375" lon="114.18113811872899532318115234375">
        <ele>27.200000762939453125</ele>
        <time>2026-01-17T07:13:36.000Z</time>
        <extensions>
          <ns3:TrackPointExtension>
            <ns3:hr>80</ns3:hr>
          </ns3:TrackPointExtension>
        </extensions>
      </trkpt>
      <trkpt lat="22.32278385199606418609619140625" lon="114.18112588115036487579345703125">
        <ele>27.200000762939453125</ele>
        <time>2026-01-17T07:13:37.000Z</time>
        <extensions>
          <ns3:TrackPointExtension>
            <ns3:hr>81</ns3:hr>
          </ns3:TrackPointExtension>
        </extensions>
      </trkpt>
      <trkpt lat="22.322776727378368377685546875" lon="114.1811120510101318359375">
        <ele>27.200000762939453125</ele>
        <time>2026-01-17T07:13:38.000Z</time>
        <extensions>
          <ns3:TrackPointExtension>
            <ns3:hr>80</ns3:hr>
          </ns3:TrackPointExtension>
        </extensions>
      </trkpt>
      <trkpt lat="22.322770021855831146240234375" lon="114.181096963584423065185546875">
        <ele>27.200000762939453125</ele>
        <time>2026-01-17T07:13:39.000Z</time>
        <extensions>
          <ns3:TrackPointExtension>
            <ns3:hr>80</ns3:hr>
          </ns3:TrackPointExtension>
        </extensions>
      </trkpt>
      <trkpt lat="22.322762645781040191650390625" lon="114.1810827143490314483642578125">
        <ele>27.200000762939453125</ele>
        <time>2026-01-17T07:13:40.000Z</time>
        <extensions>
          <ns3:TrackPointExtension>
            <ns3:hr>80</ns3:hr>
          </ns3:TrackPointExtension>
        </extensions>
      </trkpt>
      <trkpt lat="22.32275686226785182952880859375" lon="114.18106821365654468536376953125">
        <ele>27.3999996185302734375</ele>
        <time>2026-01-17T07:13:41.000Z</time>
        <extensions>
          <ns3:TrackPointExtension>
            <ns3:hr>80</ns3:hr>
          </ns3:TrackPointExtension>
        </extensions>
      </trkpt>
      <trkpt lat="22.32275015674531459808349609375" lon="114.18105262331664562225341796875">
        <ele>27.3999996185302734375</ele>
        <time>2026-01-17T07:13:42.000Z</time>
        <extensions>
          <ns3:TrackPointExtension>
            <ns3:hr>80</ns3:hr>
          </ns3:TrackPointExtension>
        </extensions>
      </trkpt>
      <trkpt lat="22.322743199765682220458984375" lon="114.18103736825287342071533203125">
        <ele>27.3999996185302734375</ele>
        <time>2026-01-17T07:13:43.000Z</time>
        <extensions>
          <ns3:TrackPointExtension>
            <ns3:hr>80</ns3:hr>
          </ns3:TrackPointExtension>
        </extensions>
      </trkpt>
      <trkpt lat="22.32273691333830356597900390625" lon="114.18102563358843326568603515625">
        <ele>27.3999996185302734375</ele>
        <time>2026-01-17T07:13:44.000Z</time>
        <extensions>
          <ns3:TrackPointExtension>
            <ns3:hr>79</ns3:hr>
          </ns3:TrackPointExtension>
        </extensions>
      </trkpt>
      <trkpt lat="22.3227306269109249114990234375" lon="114.1810129769146442413330078125">
        <ele>27.3999996185302734375</ele>
        <time>2026-01-17T07:13:45.000Z</time>
        <extensions>
          <ns3:TrackPointExtension>
            <ns3:hr>79</ns3:hr>
          </ns3:TrackPointExtension>
        </extensions>
      </trkpt>
      <trkpt lat="22.3227235861122608184814453125" lon="114.181001074612140655517578125">
        <ele>27.200000762939453125</ele>
        <time>2026-01-17T07:13:46.000Z</time>
        <extensions>
          <ns3:TrackPointExtension>
            <ns3:hr>79</ns3:hr>
          </ns3:TrackPointExtension>
        </extensions>
      </trkpt>
      <trkpt lat="22.32271646149456501007080078125" lon="114.1809871606528759002685546875">
        <ele>27.200000762939453125</ele>
        <time>2026-01-17T07:13:47.000Z</time>
        <extensions>
          <ns3:TrackPointExtension>
            <ns3:hr>79</ns3:hr>
          </ns3:TrackPointExtension>
        </extensions>
      </trkpt>
      <trkpt lat="22.32270958833396434783935546875" lon="114.1809740848839282989501953125">
        <ele>27.200000762939453125</ele>
        <time>2026-01-17T07:13:48.000Z</time>
        <extensions>
          <ns3:TrackPointExtension>
            <ns3:hr>79</ns3:hr>
          </ns3:TrackPointExtension>
        </extensions>
      </trkpt>
      <trkpt lat="22.32270288281142711639404296875" lon="114.1809610091149806976318359375">
        <ele>27.200000762939453125</ele>
        <time>2026-01-17T07:13:49.000Z</time>
        <extensions>
          <ns3:TrackPointExtension>
            <ns3:hr>80</ns3:hr>
          </ns3:TrackPointExtension>
        </extensions>
      </trkpt>
      <trkpt lat="22.3226960934698581695556640625" lon="114.18094801716506481170654296875">
        <ele>27.200000762939453125</ele>
        <time>2026-01-17T07:13:50.000Z</time>
        <extensions>
          <ns3:TrackPointExtension>
            <ns3:hr>79</ns3:hr>
          </ns3:TrackPointExtension>
        </extensions>
      </trkpt>
      <trkpt lat="22.32269064523279666900634765625" lon="114.1809351928532123565673828125">
        <ele>27.200000762939453125</ele>
        <time>2026-01-17T07:13:51.000Z</time>
        <extensions>
          <ns3:TrackPointExtension>
            <ns3:hr>79</ns3:hr>
          </ns3:TrackPointExtension>
        </extensions>
      </trkpt>
      <trkpt lat="22.3226870410144329071044921875" lon="114.18092094361782073974609375">
        <ele>27.200000762939453125</ele>
        <time>2026-01-17T07:13:52.000Z</time>
        <extensions>
          <ns3:TrackPointExtension>
            <ns3:hr>80</ns3:hr>
          </ns3:TrackPointExtension>
        </extensions>
      </trkpt>
      <trkpt lat="22.3226816765964031219482421875" lon="114.180908203125">
        <ele>27.200000762939453125</ele>
        <time>2026-01-17T07:13:53.000Z</time>
        <extensions>
          <ns3:TrackPointExtension>
            <ns3:hr>79</ns3:hr>
          </ns3:TrackPointExtension>
        </extensions>
      </trkpt>
      <trkpt lat="22.32267505489289760589599609375" lon="114.1808956302702426910400390625">
        <ele>27</ele>
        <time>2026-01-17T07:13:54.000Z</time>
        <extensions>
          <ns3:TrackPointExtension>
            <ns3:hr>79</ns3:hr>
          </ns3:TrackPointExtension>
        </extensions>
      </trkpt>
      <trkpt lat="22.32266868464648723602294921875" lon="114.1808842308819293975830078125">
        <ele>27</ele>
        <time>2026-01-17T07:13:55.000Z</time>
        <extensions>
          <ns3:TrackPointExtension>
            <ns3:hr>80</ns3:hr>
          </ns3:TrackPointExtension>
        </extensions>
      </trkpt>
      <trkpt lat="22.32266264967620372772216796875" lon="114.18087459169328212738037109375">
        <ele>27</ele>
        <time>2026-01-17T07:13:56.000Z</time>
        <extensions>
          <ns3:TrackPointExtension>
            <ns3:hr>79</ns3:hr>
          </ns3:TrackPointExtension>
        </extensions>
      </trkpt>
      <trkpt lat="22.32265594415366649627685546875" lon="114.18086386285722255706787109375">
        <ele>27</ele>
        <time>2026-01-17T07:13:57.000Z</time>
        <extensions>
          <ns3:TrackPointExtension>
            <ns3:hr>79</ns3:hr>
          </ns3:TrackPointExtension>
        </extensions>
      </trkpt>
      <trkpt lat="22.32265024445950984954833984375" lon="114.18085363693535327911376953125">
        <ele>27</ele>
        <time>2026-01-17T07:13:58.000Z</time>
        <extensions>
          <ns3:TrackPointExtension>
            <ns3:hr>80</ns3:hr>
          </ns3:TrackPointExtension>
        </extensions>
      </trkpt>
      <trkpt lat="22.32264471240341663360595703125" lon="114.18084257282316684722900390625">
        <ele>27</ele>
        <time>2026-01-17T07:13:59.000Z</time>
        <extensions>
          <ns3:TrackPointExtension>
            <ns3:hr>80</ns3:hr>
          </ns3:TrackPointExtension>
        </extensions>
      </trkpt>
      <trkpt lat="22.32264001853764057159423828125" lon="114.18083301745355129241943359375">
        <ele>27</ele>
        <time>2026-01-17T07:14:00.000Z</time>
        <extensions>
          <ns3:TrackPointExtension>
            <ns3:hr>79</ns3:hr>
          </ns3:TrackPointExtension>
        </extensions>
      </trkpt>
      <trkpt lat="22.32263549230992794036865234375" lon="114.18082145042717456817626953125">
        <ele>27</ele>
        <time>2026-01-17T07:14:01.000Z</time>
        <extensions>
          <ns3:TrackPointExtension>
            <ns3:hr>79</ns3:hr>
          </ns3:TrackPointExtension>
        </extensions>
      </trkpt>
      <trkpt lat="22.32263079844415187835693359375" lon="114.18081005103886127471923828125">
        <ele>26.799999237060546875</ele>
        <time>2026-01-17T07:14:02.000Z</time>
        <extensions>
          <ns3:TrackPointExtension>
            <ns3:hr>79</ns3:hr>
          </ns3:TrackPointExtension>
        </extensions>
      </trkpt>
      <trkpt lat="22.3226260207593441009521484375" lon="114.18079798109829425811767578125">
        <ele>26.799999237060546875</ele>
        <time>2026-01-17T07:14:03.000Z</time>
        <extensions>
          <ns3:TrackPointExtension>
            <ns3:hr>79</ns3:hr>
          </ns3:TrackPointExtension>
        </extensions>
      </trkpt>
      <trkpt lat="22.32262107543647289276123046875" lon="114.18078574351966381072998046875">
        <ele>26.799999237060546875</ele>
        <time>2026-01-17T07:14:04.000Z</time>
        <extensions>
          <ns3:TrackPointExtension>
            <ns3:hr>78</ns3:hr>
          </ns3:TrackPointExtension>
        </extensions>
      </trkpt>
      <trkpt lat="22.3226162977516651153564453125" lon="114.18077384121716022491455078125">
        <ele>26.799999237060546875</ele>
        <time>2026-01-17T07:14:05.000Z</time>
        <extensions>
          <ns3:TrackPointExtension>
            <ns3:hr>78</ns3:hr>
          </ns3:TrackPointExtension>
        </extensions>
      </trkpt>
      <trkpt lat="22.322611100971698760986328125" lon="114.18076135218143463134765625">
        <ele>26.799999237060546875</ele>
        <time>2026-01-17T07:14:06.000Z</time>
        <extensions>
          <ns3:TrackPointExtension>
            <ns3:hr>77</ns3:hr>
          </ns3:TrackPointExtension>
        </extensions>
      </trkpt>
      <trkpt lat="22.322605736553668975830078125" lon="114.18075053952634334564208984375">
        <ele>26.799999237060546875</ele>
        <time>2026-01-17T07:14:07.000Z</time>
        <extensions>
          <ns3:TrackPointExtension>
            <ns3:hr>77</ns3:hr>
          </ns3:TrackPointExtension>
        </extensions>
      </trkpt>
      <trkpt lat="22.32259978540241718292236328125" lon="114.18073645792901515960693359375">
        <ele>26.799999237060546875</ele>
        <time>2026-01-17T07:14:08.000Z</time>
        <extensions>
          <ns3:TrackPointExtension>
            <ns3:hr>77</ns3:hr>
          </ns3:TrackPointExtension>
        </extensions>
      </trkpt>
      <trkpt lat="22.32259375043213367462158203125" lon="114.18072287924587726593017578125">
        <ele>26.799999237060546875</ele>
        <time>2026-01-17T07:14:09.000Z</time>
        <extensions>
          <ns3:TrackPointExtension>
            <ns3:hr>76</ns3:hr>
          </ns3:TrackPointExtension>
        </extensions>
      </trkpt>
      <trkpt lat="22.32258771546185016632080078125" lon="114.180710054934024810791015625">
        <ele>26.799999237060546875</ele>
        <time>2026-01-17T07:14:10.000Z</time>
        <extensions>
          <ns3:TrackPointExtension>
            <ns3:hr>76</ns3:hr>
          </ns3:TrackPointExtension>
        </extensions>
      </trkpt>
      <trkpt lat="22.32258117757737636566162109375" lon="114.1806988231837749481201171875">
        <ele>26.799999237060546875</ele>
        <time>2026-01-17T07:14:11.000Z</time>
        <extensions>
          <ns3:TrackPointExtension>
            <ns3:hr>76</ns3:hr>
          </ns3:TrackPointExtension>
        </extensions>
      </trkpt>
      <trkpt lat="22.32257497496902942657470703125" lon="114.18068666942417621612548828125">
        <ele>26.799999237060546875</ele>
        <time>2026-01-17T07:14:12.000Z</time>
        <extensions>
          <ns3:TrackPointExtension>
            <ns3:hr>75</ns3:hr>
          </ns3:TrackPointExtension>
        </extensions>
      </trkpt>
      <trkpt lat="22.3225690238177776336669921875" lon="114.1806740127503871917724609375">
        <ele>26.6000003814697265625</ele>
        <time>2026-01-17T07:14:13.000Z</time>
        <extensions>
          <ns3:TrackPointExtension>
            <ns3:hr>76</ns3:hr>
          </ns3:TrackPointExtension>
        </extensions>
      </trkpt>
      <trkpt lat="22.32256324030458927154541015625" lon="114.180661775171756744384765625">
        <ele>26.6000003814697265625</ele>
        <time>2026-01-17T07:14:14.000Z</time>
        <extensions>
          <ns3:TrackPointExtension>
            <ns3:hr>76</ns3:hr>
          </ns3:TrackPointExtension>
        </extensions>
      </trkpt>
      <trkpt lat="22.32255645096302032470703125" lon="114.18064911849796772003173828125">
        <ele>26.6000003814697265625</ele>
        <time>2026-01-17T07:14:15.000Z</time>
        <extensions>
          <ns3:TrackPointExtension>
            <ns3:hr>76</ns3:hr>
          </ns3:TrackPointExtension>
        </extensions>
      </trkpt>
      <trkpt lat="22.32254982925951480865478515625" lon="114.18063704855740070343017578125">
        <ele>26.6000003814697265625</ele>
        <time>2026-01-17T07:14:16.000Z</time>
        <extensions>
          <ns3:TrackPointExtension>
            <ns3:hr>75</ns3:hr>
          </ns3:TrackPointExtension>
        </extensions>
      </trkpt>
      <trkpt lat="22.3225437104701995849609375" lon="114.18062397278845310211181640625">
        <ele>26.6000003814697265625</ele>
        <time>2026-01-17T07:14:17.000Z</time>
        <extensions>
          <ns3:TrackPointExtension>
            <ns3:hr>75</ns3:hr>
          </ns3:TrackPointExtension>
        </extensions>
      </trkpt>
      <trkpt lat="22.32253826223313808441162109375" lon="114.1806119866669178009033203125">
        <ele>26.6000003814697265625</ele>
        <time>2026-01-17T07:14:18.000Z</time>
        <extensions>
          <ns3:TrackPointExtension>
            <ns3:hr>75</ns3:hr>
          </ns3:TrackPointExtension>
        </extensions>
      </trkpt>
      <trkpt lat="22.32253273017704486846923828125" lon="114.180600084364414215087890625">
        <ele>26.6000003814697265625</ele>
        <time>2026-01-17T07:14:19.000Z</time>
        <extensions>
          <ns3:TrackPointExtension>
            <ns3:hr>75</ns3:hr>
          </ns3:TrackPointExtension>
        </extensions>
      </trkpt>
      <trkpt lat="22.322526611387729644775390625" lon="114.18058994226157665252685546875">
        <ele>26.6000003814697265625</ele>
        <time>2026-01-17T07:14:20.000Z</time>
        <extensions>
          <ns3:TrackPointExtension>
            <ns3:hr>75</ns3:hr>
          </ns3:TrackPointExtension>
        </extensions>
      </trkpt>
      <trkpt lat="22.32252049259841442108154296875" lon="114.1805787943303585052490234375">
        <ele>26.3999996185302734375</ele>
        <time>2026-01-17T07:14:21.000Z</time>
        <extensions>
          <ns3:TrackPointExtension>
            <ns3:hr>75</ns3:hr>
          </ns3:TrackPointExtension>
        </extensions>
      </trkpt>
      <trkpt lat="22.32251345179975032806396484375" lon="114.18056689202785491943359375">
        <ele>26.3999996185302734375</ele>
        <time>2026-01-17T07:14:22.000Z</time>
        <extensions>
          <ns3:TrackPointExtension>
            <ns3:hr>75</ns3:hr>
          </ns3:TrackPointExtension>
        </extensions>
      </trkpt>
      <trkpt lat="22.3225083388388156890869140625" lon="114.1805549897253513336181640625">
        <ele>26.3999996185302734375</ele>
        <time>2026-01-17T07:14:23.000Z</time>
        <extensions>
          <ns3:TrackPointExtension>
            <ns3:hr>75</ns3:hr>
          </ns3:TrackPointExtension>
        </extensions>
      </trkpt>
      <trkpt lat="22.3225034773349761962890625" lon="114.1805449314415454864501953125">
        <ele>26.3999996185302734375</ele>
        <time>2026-01-17T07:14:24.000Z</time>
        <extensions>
          <ns3:TrackPointExtension>
            <ns3:hr>75</ns3:hr>
          </ns3:TrackPointExtension>
        </extensions>
      </trkpt>
      <trkpt lat="22.3224981129169464111328125" lon="114.18053428642451763153076171875">
        <ele>26.3999996185302734375</ele>
        <time>2026-01-17T07:14:25.000Z</time>
        <extensions>
          <ns3:TrackPointExtension>
            <ns3:hr>74</ns3:hr>
          </ns3:TrackPointExtension>
        </extensions>
      </trkpt>
      <trkpt lat="22.3224922455847263336181640625" lon="114.18052338995039463043212890625">
        <ele>26.3999996185302734375</ele>
        <time>2026-01-17T07:14:26.000Z</time>
        <extensions>
          <ns3:TrackPointExtension>
            <ns3:hr>73</ns3:hr>
          </ns3:TrackPointExtension>
        </extensions>
      </trkpt>
      <trkpt lat="22.32248671352863311767578125" lon="114.1805137507617473602294921875">
        <ele>26.3999996185302734375</ele>
        <time>2026-01-17T07:14:27.000Z</time>
        <extensions>
          <ns3:TrackPointExtension>
            <ns3:hr>73</ns3:hr>
          </ns3:TrackPointExtension>
        </extensions>
      </trkpt>
      <trkpt lat="22.32248042710125446319580078125" lon="114.1805016808211803436279296875">
        <ele>26.3999996185302734375</ele>
        <time>2026-01-17T07:14:28.000Z</time>
        <extensions>
          <ns3:TrackPointExtension>
            <ns3:hr>73</ns3:hr>
          </ns3:TrackPointExtension>
        </extensions>
      </trkpt>
      <trkpt lat="22.3224741406738758087158203125" lon="114.180489443242549896240234375">
        <ele>26.3999996185302734375</ele>
        <time>2026-01-17T07:14:29.000Z</time>
        <extensions>
          <ns3:TrackPointExtension>
            <ns3:hr>73</ns3:hr>
          </ns3:TrackPointExtension>
        </extensions>
      </trkpt>
      <trkpt lat="22.3224677704274654388427734375" lon="114.18047628365457057952880859375">
        <ele>26.3999996185302734375</ele>
        <time>2026-01-17T07:14:30.000Z</time>
        <extensions>
          <ns3:TrackPointExtension>
            <ns3:hr>73</ns3:hr>
          </ns3:TrackPointExtension>
        </extensions>
      </trkpt>
      <trkpt lat="22.32246248982846736907958984375" lon="114.18046521954238414764404296875">
        <ele>26.3999996185302734375</ele>
        <time>2026-01-17T07:14:31.000Z</time>
        <extensions>
          <ns3:TrackPointExtension>
            <ns3:hr>74</ns3:hr>
          </ns3:TrackPointExtension>
        </extensions>
      </trkpt>
      <trkpt lat="22.32245729304850101470947265625" lon="114.1804544068872928619384765625">
        <ele>26.3999996185302734375</ele>
        <time>2026-01-17T07:14:32.000Z</time>
        <extensions>
          <ns3:TrackPointExtension>
            <ns3:hr>73</ns3:hr>
          </ns3:TrackPointExtension>
        </extensions>
      </trkpt>
      <trkpt lat="22.3224526830017566680908203125" lon="114.18044242076575756072998046875">
        <ele>26.3999996185302734375</ele>
        <time>2026-01-17T07:14:33.000Z</time>
        <extensions>
          <ns3:TrackPointExtension>
            <ns3:hr>73</ns3:hr>
          </ns3:TrackPointExtension>
        </extensions>
      </trkpt>
      <trkpt lat="22.3224479891359806060791015625" lon="114.1804272495210170745849609375">
        <ele>26.3999996185302734375</ele>
        <time>2026-01-17T07:14:34.000Z</time>
        <extensions>
          <ns3:TrackPointExtension>
            <ns3:hr>73</ns3:hr>
          </ns3:TrackPointExtension>
        </extensions>
      </trkpt>
      <trkpt lat="22.32244287617504596710205078125" lon="114.1804131679236888885498046875">
        <ele>26.200000762939453125</ele>
        <time>2026-01-17T07:14:35.000Z</time>
        <extensions>
          <ns3:TrackPointExtension>
            <ns3:hr>73</ns3:hr>
          </ns3:TrackPointExtension>
        </extensions>
      </trkpt>
      <trkpt lat="22.32243709266185760498046875" lon="114.180398918688297271728515625">
        <ele>26.200000762939453125</ele>
        <time>2026-01-17T07:14:36.000Z</time>
        <extensions>
          <ns3:TrackPointExtension>
            <ns3:hr>73</ns3:hr>
          </ns3:TrackPointExtension>
        </extensions>
      </trkpt>
      <trkpt lat="22.322432734072208404541015625" lon="114.1803870163857936859130859375">
        <ele>26.200000762939453125</ele>
        <time>2026-01-17T07:14:37.000Z</time>
        <extensions>
          <ns3:TrackPointExtension>
            <ns3:hr>73</ns3:hr>
          </ns3:TrackPointExtension>
        </extensions>
      </trkpt>
      <trkpt lat="22.32242996804416179656982421875" lon="114.18037570081651210784912109375">
        <ele>26.200000762939453125</ele>
        <time>2026-01-17T07:14:38.000Z</time>
        <extensions>
          <ns3:TrackPointExtension>
            <ns3:hr>73</ns3:hr>
          </ns3:TrackPointExtension>
        </extensions>
      </trkpt>
      <trkpt lat="22.3224255256354808807373046875" lon="114.1803635470569133758544921875">
        <ele>26.200000762939453125</ele>
        <time>2026-01-17T07:14:39.000Z</time>
        <extensions>
          <ns3:TrackPointExtension>
            <ns3:hr>73</ns3:hr>
          </ns3:TrackPointExtension>
        </extensions>
      </trkpt>
      <trkpt lat="22.3224204964935779571533203125" lon="114.1803518123924732208251953125">
        <ele>26.200000762939453125</ele>
        <time>2026-01-17T07:14:40.000Z</time>
        <extensions>
          <ns3:TrackPointExtension>
            <ns3:hr>74</ns3:hr>
          </ns3:TrackPointExtension>
        </extensions>
      </trkpt>
      <trkpt lat="22.32241471298038959503173828125" lon="114.180338568985462188720703125">
        <ele>26</ele>
        <time>2026-01-17T07:14:41.000Z</time>
        <extensions>
          <ns3:TrackPointExtension>
            <ns3:hr>73</ns3:hr>
          </ns3:TrackPointExtension>
        </extensions>
      </trkpt>
      <trkpt lat="22.32240758836269378662109375" lon="114.18032524175941944122314453125">
        <ele>25.799999237060546875</ele>
        <time>2026-01-17T07:14:42.000Z</time>
        <extensions>
          <ns3:TrackPointExtension>
            <ns3:hr>73</ns3:hr>
          </ns3:TrackPointExtension>
        </extensions>
      </trkpt>
      <trkpt lat="22.3224003799259662628173828125" lon="114.18031015433371067047119140625">
        <ele>25.6000003814697265625</ele>
        <time>2026-01-17T07:14:43.000Z</time>
        <extensions>
          <ns3:TrackPointExtension>
            <ns3:hr>74</ns3:hr>
          </ns3:TrackPointExtension>
        </extensions>
      </trkpt>
      <trkpt lat="22.3223940096795558929443359375" lon="114.18029473163187503814697265625">
        <ele>25.3999996185302734375</ele>
        <time>2026-01-17T07:14:44.000Z</time>
        <extensions>
          <ns3:TrackPointExtension>
            <ns3:hr>73</ns3:hr>
          </ns3:TrackPointExtension>
        </extensions>
      </trkpt>
      <trkpt lat="22.32238906435668468475341796875" lon="114.18027847073972225189208984375">
        <ele>25.200000762939453125</ele>
        <time>2026-01-17T07:14:45.000Z</time>
        <extensions>
          <ns3:TrackPointExtension>
            <ns3:hr>74</ns3:hr>
          </ns3:TrackPointExtension>
        </extensions>
      </trkpt>
      <trkpt lat="22.322383783757686614990234375" lon="114.1802643053233623504638671875">
        <ele>25.200000762939453125</ele>
        <time>2026-01-17T07:14:46.000Z</time>
        <extensions>
          <ns3:TrackPointExtension>
            <ns3:hr>74</ns3:hr>
          </ns3:TrackPointExtension>
        </extensions>
      </trkpt>
      <trkpt lat="22.32237875461578369140625" lon="114.18025148101150989532470703125">
        <ele>25.200000762939453125</ele>
        <time>2026-01-17T07:14:47.000Z</time>
        <extensions>
          <ns3:TrackPointExtension>
            <ns3:hr>74</ns3:hr>
          </ns3:TrackPointExtension>
        </extensions>
      </trkpt>
      <trkpt lat="22.322372384369373321533203125" lon="114.18023832142353057861328125">
        <ele>25.200000762939453125</ele>
        <time>2026-01-17T07:14:48.000Z</time>
        <extensions>
          <ns3:TrackPointExtension>
            <ns3:hr>75</ns3:hr>
          </ns3:TrackPointExtension>
        </extensions>
      </trkpt>
      <trkpt lat="22.32236559502780437469482421875" lon="114.1802267543971538543701171875">
        <ele>25.3999996185302734375</ele>
        <time>2026-01-17T07:14:49.000Z</time>
        <extensions>
          <ns3:TrackPointExtension>
            <ns3:hr>76</ns3:hr>
          </ns3:TrackPointExtension>
        </extensions>
      </trkpt>
      <trkpt lat="22.32235855422914028167724609375" lon="114.180217869579792022705078125">
        <ele>25.3999996185302734375</ele>
        <time>2026-01-17T07:14:50.000Z</time>
        <extensions>
          <ns3:TrackPointExtension>
            <ns3:hr>77</ns3:hr>
          </ns3:TrackPointExtension>
        </extensions>
      </trkpt>
      <trkpt lat="22.32235201634466648101806640625" lon="114.1802094876766204833984375">
        <ele>25.3999996185302734375</ele>
        <time>2026-01-17T07:14:51.000Z</time>
        <extensions>
          <ns3:TrackPointExtension>
            <ns3:hr>78</ns3:hr>
          </ns3:TrackPointExtension>
        </extensions>
      </trkpt>
      <trkpt lat="22.322346232831478118896484375" lon="114.18020001612603664398193359375">
        <ele>25.3999996185302734375</ele>
        <time>2026-01-17T07:14:52.000Z</time>
        <extensions>
          <ns3:TrackPointExtension>
            <ns3:hr>78</ns3:hr>
          </ns3:TrackPointExtension>
        </extensions>
      </trkpt>
      <trkpt lat="22.3223396949470043182373046875" lon="114.18019180186092853546142578125">
        <ele>25.6000003814697265625</ele>
        <time>2026-01-17T07:14:53.000Z</time>
        <extensions>
          <ns3:TrackPointExtension>
            <ns3:hr>78</ns3:hr>
          </ns3:TrackPointExtension>
        </extensions>
      </trkpt>
      <trkpt lat="22.32233106158673763275146484375" lon="114.18018543161451816558837890625">
        <ele>25.6000003814697265625</ele>
        <time>2026-01-17T07:14:54.000Z</time>
        <extensions>
          <ns3:TrackPointExtension>
            <ns3:hr>78</ns3:hr>
          </ns3:TrackPointExtension>
        </extensions>
      </trkpt>
      <trkpt lat="22.32232435606420040130615234375" lon="114.18017654679715633392333984375">
        <ele>25.6000003814697265625</ele>
        <time>2026-01-17T07:14:55.000Z</time>
        <extensions>
          <ns3:TrackPointExtension>
            <ns3:hr>78</ns3:hr>
          </ns3:TrackPointExtension>
        </extensions>
      </trkpt>
      <trkpt lat="22.32231798581779003143310546875" lon="114.1801665723323822021484375">
        <ele>25.6000003814697265625</ele>
        <time>2026-01-17T07:14:56.000Z</time>
        <extensions>
          <ns3:TrackPointExtension>
            <ns3:hr>79</ns3:hr>
          </ns3:TrackPointExtension>
        </extensions>
      </trkpt>
      <trkpt lat="22.32231245376169681549072265625" lon="114.180154502391815185546875">
        <ele>25.6000003814697265625</ele>
        <time>2026-01-17T07:14:57.000Z</time>
        <extensions>
          <ns3:TrackPointExtension>
            <ns3:hr>79</ns3:hr>
          </ns3:TrackPointExtension>
        </extensions>
      </trkpt>
      <trkpt lat="22.3223061673343181610107421875" lon="114.18014134280383586883544921875">
        <ele>25.6000003814697265625</ele>
        <time>2026-01-17T07:14:58.000Z</time>
        <extensions>
          <ns3:TrackPointExtension>
            <ns3:hr>79</ns3:hr>
          </ns3:TrackPointExtension>
        </extensions>
      </trkpt>
      <trkpt lat="22.3222994618117809295654296875" lon="114.180129356682300567626953125">
        <ele>25.6000003814697265625</ele>
        <time>2026-01-17T07:14:59.000Z</time>
        <extensions>
          <ns3:TrackPointExtension>
            <ns3:hr>79</ns3:hr>
          </ns3:TrackPointExtension>
        </extensions>
      </trkpt>
      <trkpt lat="22.3222940973937511444091796875" lon="114.18011636473238468170166015625">
        <ele>25.6000003814697265625</ele>
        <time>2026-01-17T07:15:00.000Z</time>
        <extensions>
          <ns3:TrackPointExtension>
            <ns3:hr>78</ns3:hr>
          </ns3:TrackPointExtension>
        </extensions>
      </trkpt>
      <trkpt lat="22.322288565337657928466796875" lon="114.18010261841118335723876953125">
        <ele>25.6000003814697265625</ele>
        <time>2026-01-17T07:15:01.000Z</time>
        <extensions>
          <ns3:TrackPointExtension>
            <ns3:hr>78</ns3:hr>
          </ns3:TrackPointExtension>
        </extensions>
      </trkpt>
      <trkpt lat="22.322282530367374420166015625" lon="114.18009138666093349456787109375">
        <ele>25.6000003814697265625</ele>
        <time>2026-01-17T07:15:02.000Z</time>
        <extensions>
          <ns3:TrackPointExtension>
            <ns3:hr>79</ns3:hr>
          </ns3:TrackPointExtension>
        </extensions>
      </trkpt>
      <trkpt lat="22.32227641157805919647216796875" lon="114.18007847853004932403564453125">
        <ele>25.6000003814697265625</ele>
        <time>2026-01-17T07:15:03.000Z</time>
        <extensions>
          <ns3:TrackPointExtension>
            <ns3:hr>79</ns3:hr>
          </ns3:TrackPointExtension>
        </extensions>
      </trkpt>
      <trkpt lat="22.32226970605552196502685546875" lon="114.18006674386560916900634765625">
        <ele>25.6000003814697265625</ele>
        <time>2026-01-17T07:15:04.000Z</time>
        <extensions>
          <ns3:TrackPointExtension>
            <ns3:hr>79</ns3:hr>
          </ns3:TrackPointExtension>
        </extensions>
      </trkpt>
      <trkpt lat="22.32226274907588958740234375" lon="114.18005517683923244476318359375">
        <ele>25.3999996185302734375</ele>
        <time>2026-01-17T07:15:05.000Z</time>
        <extensions>
          <ns3:TrackPointExtension>
            <ns3:hr>78</ns3:hr>
          </ns3:TrackPointExtension>
        </extensions>
      </trkpt>
      <trkpt lat="22.32225545682013034820556640625" lon="114.18004428036510944366455078125">
        <ele>25.3999996185302734375</ele>
        <time>2026-01-17T07:15:06.000Z</time>
        <extensions>
          <ns3:TrackPointExtension>
            <ns3:hr>79</ns3:hr>
          </ns3:TrackPointExtension>
        </extensions>
      </trkpt>
      <trkpt lat="22.32224908657371997833251953125" lon="114.18003254570066928863525390625">
        <ele>25.3999996185302734375</ele>
        <time>2026-01-17T07:15:07.000Z</time>
        <extensions>
          <ns3:TrackPointExtension>
            <ns3:hr>79</ns3:hr>
          </ns3:TrackPointExtension>
        </extensions>
      </trkpt>
      <trkpt lat="22.32224305160343647003173828125" lon="114.1800208948552608489990234375">
        <ele>25.3999996185302734375</ele>
        <time>2026-01-17T07:15:08.000Z</time>
        <extensions>
          <ns3:TrackPointExtension>
            <ns3:hr>79</ns3:hr>
          </ns3:TrackPointExtension>
        </extensions>
      </trkpt>
      <trkpt lat="22.32223584316670894622802734375" lon="114.18000924400985240936279296875">
        <ele>25.3999996185302734375</ele>
        <time>2026-01-17T07:15:09.000Z</time>
        <extensions>
          <ns3:TrackPointExtension>
            <ns3:hr>79</ns3:hr>
          </ns3:TrackPointExtension>
        </extensions>
      </trkpt>
      <trkpt lat="22.32223031111061573028564453125" lon="114.17999633587896823883056640625">
        <ele>25.3999996185302734375</ele>
        <time>2026-01-17T07:15:10.000Z</time>
        <extensions>
          <ns3:TrackPointExtension>
            <ns3:hr>79</ns3:hr>
          </ns3:TrackPointExtension>
        </extensions>
      </trkpt>
      <trkpt lat="22.3222263716161251068115234375" lon="114.17998292483389377593994140625">
        <ele>25.3999996185302734375</ele>
        <time>2026-01-17T07:15:11.000Z</time>
        <extensions>
          <ns3:TrackPointExtension>
            <ns3:hr>79</ns3:hr>
          </ns3:TrackPointExtension>
        </extensions>
      </trkpt>
      <trkpt lat="22.32222243212163448333740234375" lon="114.17996666394174098968505859375">
        <ele>25.3999996185302734375</ele>
        <time>2026-01-17T07:15:12.000Z</time>
        <extensions>
          <ns3:TrackPointExtension>
            <ns3:hr>80</ns3:hr>
          </ns3:TrackPointExtension>
        </extensions>
      </trkpt>
      <trkpt lat="22.32221857644617557525634765625" lon="114.179953001439571380615234375">
        <ele>25.200000762939453125</ele>
        <time>2026-01-17T07:15:13.000Z</time>
        <extensions>
          <ns3:TrackPointExtension>
            <ns3:hr>80</ns3:hr>
          </ns3:TrackPointExtension>
        </extensions>
      </trkpt>
      <trkpt lat="22.32221405021846294403076171875" lon="114.17994000948965549468994140625">
        <ele>25.200000762939453125</ele>
        <time>2026-01-17T07:15:14.000Z</time>
        <extensions>
          <ns3:TrackPointExtension>
            <ns3:hr>80</ns3:hr>
          </ns3:TrackPointExtension>
        </extensions>
      </trkpt>
      <trkpt lat="22.32220835052430629730224609375" lon="114.1799293644726276397705078125">
        <ele>25.200000762939453125</ele>
        <time>2026-01-17T07:15:15.000Z</time>
        <extensions>
          <ns3:TrackPointExtension>
            <ns3:hr>80</ns3:hr>
          </ns3:TrackPointExtension>
        </extensions>
      </trkpt>
      <trkpt lat="22.3222030699253082275390625" lon="114.1799172945320606231689453125">
        <ele>25.200000762939453125</ele>
        <time>2026-01-17T07:15:16.000Z</time>
        <extensions>
          <ns3:TrackPointExtension>
            <ns3:hr>80</ns3:hr>
          </ns3:TrackPointExtension>
        </extensions>
      </trkpt>
      <trkpt lat="22.3221982084214687347412109375" lon="114.179905392229557037353515625">
        <ele>25.200000762939453125</ele>
        <time>2026-01-17T07:15:17.000Z</time>
        <extensions>
          <ns3:TrackPointExtension>
            <ns3:hr>80</ns3:hr>
          </ns3:TrackPointExtension>
        </extensions>
      </trkpt>
      <trkpt lat="22.322193682193756103515625" lon="114.17989374138414859771728515625">
        <ele>25.200000762939453125</ele>
        <time>2026-01-17T07:15:18.000Z</time>
        <extensions>
          <ns3:TrackPointExtension>
            <ns3:hr>80</ns3:hr>
          </ns3:TrackPointExtension>
        </extensions>
      </trkpt>
      <trkpt lat="22.32218856923282146453857421875" lon="114.17988033033907413482666015625">
        <ele>25.200000762939453125</ele>
        <time>2026-01-17T07:15:19.000Z</time>
        <extensions>
          <ns3:TrackPointExtension>
            <ns3:hr>79</ns3:hr>
          </ns3:TrackPointExtension>
        </extensions>
      </trkpt>
      <trkpt lat="22.3221837915480136871337890625" lon="114.17986725457012653350830078125">
        <ele>25.200000762939453125</ele>
        <time>2026-01-17T07:15:20.000Z</time>
        <extensions>
          <ns3:TrackPointExtension>
            <ns3:hr>79</ns3:hr>
          </ns3:TrackPointExtension>
        </extensions>
      </trkpt>
      <trkpt lat="22.32217918150126934051513671875" lon="114.1798545978963375091552734375">
        <ele>25.200000762939453125</ele>
        <time>2026-01-17T07:15:21.000Z</time>
        <extensions>
          <ns3:TrackPointExtension>
            <ns3:hr>79</ns3:hr>
          </ns3:TrackPointExtension>
        </extensions>
      </trkpt>
      <trkpt lat="22.322175242006778717041015625" lon="114.1798428632318973541259765625">
        <ele>25.200000762939453125</ele>
        <time>2026-01-17T07:15:22.000Z</time>
        <extensions>
          <ns3:TrackPointExtension>
            <ns3:hr>79</ns3:hr>
          </ns3:TrackPointExtension>
        </extensions>
      </trkpt>
      <trkpt lat="22.322171889245510101318359375" lon="114.1798304580152034759521484375">
        <ele>25.200000762939453125</ele>
        <time>2026-01-17T07:15:23.000Z</time>
        <extensions>
          <ns3:TrackPointExtension>
            <ns3:hr>79</ns3:hr>
          </ns3:TrackPointExtension>
        </extensions>
      </trkpt>
      <trkpt lat="22.32216778211295604705810546875" lon="114.17981863953173160552978515625">
        <ele>25.200000762939453125</ele>
        <time>2026-01-17T07:15:24.000Z</time>
        <extensions>
          <ns3:TrackPointExtension>
            <ns3:hr>80</ns3:hr>
          </ns3:TrackPointExtension>
        </extensions>
      </trkpt>
      <trkpt lat="22.32216359116137027740478515625" lon="114.17980791069567203521728515625">
        <ele>25.200000762939453125</ele>
        <time>2026-01-17T07:15:25.000Z</time>
        <extensions>
          <ns3:TrackPointExtension>
            <ns3:hr>79</ns3:hr>
          </ns3:TrackPointExtension>
        </extensions>
      </trkpt>
      <trkpt lat="22.32215889729559421539306640625" lon="114.17979709804058074951171875">
        <ele>25.200000762939453125</ele>
        <time>2026-01-17T07:15:26.000Z</time>
        <extensions>
          <ns3:TrackPointExtension>
            <ns3:hr>79</ns3:hr>
          </ns3:TrackPointExtension>
        </extensions>
      </trkpt>
      <trkpt lat="22.32215336523950099945068359375" lon="114.17978628538548946380615234375">
        <ele>25.200000762939453125</ele>
        <time>2026-01-17T07:15:27.000Z</time>
        <extensions>
          <ns3:TrackPointExtension>
            <ns3:hr>78</ns3:hr>
          </ns3:TrackPointExtension>
        </extensions>
      </trkpt>
      <trkpt lat="22.3221482522785663604736328125" lon="114.1797751374542713165283203125">
        <ele>25.200000762939453125</ele>
        <time>2026-01-17T07:15:28.000Z</time>
        <extensions>
          <ns3:TrackPointExtension>
            <ns3:hr>78</ns3:hr>
          </ns3:TrackPointExtension>
        </extensions>
      </trkpt>
      <trkpt lat="22.32214246876537799835205078125" lon="114.17976357042789459228515625">
        <ele>25</ele>
        <time>2026-01-17T07:15:29.000Z</time>
        <extensions>
          <ns3:TrackPointExtension>
            <ns3:hr>78</ns3:hr>
          </ns3:TrackPointExtension>
        </extensions>
      </trkpt>
      <trkpt lat="22.32213802635669708251953125" lon="114.1797530092298984527587890625">
        <ele>25</ele>
        <time>2026-01-17T07:15:30.000Z</time>
        <extensions>
          <ns3:TrackPointExtension>
            <ns3:hr>78</ns3:hr>
          </ns3:TrackPointExtension>
        </extensions>
      </trkpt>
      <trkpt lat="22.322132997214794158935546875" lon="114.179742448031902313232421875">
        <ele>25</ele>
        <time>2026-01-17T07:15:31.000Z</time>
        <extensions>
          <ns3:TrackPointExtension>
            <ns3:hr>77</ns3:hr>
          </ns3:TrackPointExtension>
        </extensions>
      </trkpt>
      <trkpt lat="22.32212704606354236602783203125" lon="114.1797335632145404815673828125">
        <ele>25</ele>
        <time>2026-01-17T07:15:32.000Z</time>
        <extensions>
          <ns3:TrackPointExtension>
            <ns3:hr>78</ns3:hr>
          </ns3:TrackPointExtension>
        </extensions>
      </trkpt>
      <trkpt lat="22.32212117873132228851318359375" lon="114.179723002016544342041015625">
        <ele>25</ele>
        <time>2026-01-17T07:15:33.000Z</time>
        <extensions>
          <ns3:TrackPointExtension>
            <ns3:hr>78</ns3:hr>
          </ns3:TrackPointExtension>
        </extensions>
      </trkpt>
      <trkpt lat="22.32211598195135593414306640625" lon="114.179712273180484771728515625">
        <ele>24.799999237060546875</ele>
        <time>2026-01-17T07:15:34.000Z</time>
        <extensions>
          <ns3:TrackPointExtension>
            <ns3:hr>77</ns3:hr>
          </ns3:TrackPointExtension>
        </extensions>
      </trkpt>
      <trkpt lat="22.32211112044751644134521484375" lon="114.17970280162990093231201171875">
        <ele>24.799999237060546875</ele>
        <time>2026-01-17T07:15:35.000Z</time>
        <extensions>
          <ns3:TrackPointExtension>
            <ns3:hr>78</ns3:hr>
          </ns3:TrackPointExtension>
        </extensions>
      </trkpt>
      <trkpt lat="22.32210592366755008697509765625" lon="114.17969274334609508514404296875">
        <ele>24.799999237060546875</ele>
        <time>2026-01-17T07:15:36.000Z</time>
        <extensions>
          <ns3:TrackPointExtension>
            <ns3:hr>78</ns3:hr>
          </ns3:TrackPointExtension>
        </extensions>
      </trkpt>
      <trkpt lat="22.32210122980177402496337890625" lon="114.179681427776813507080078125">
        <ele>24.799999237060546875</ele>
        <time>2026-01-17T07:15:37.000Z</time>
        <extensions>
          <ns3:TrackPointExtension>
            <ns3:hr>78</ns3:hr>
          </ns3:TrackPointExtension>
        </extensions>
      </trkpt>
      <trkpt lat="22.32209645211696624755859375" lon="114.17966969311237335205078125">
        <ele>24.799999237060546875</ele>
        <time>2026-01-17T07:15:38.000Z</time>
        <extensions>
          <ns3:TrackPointExtension>
            <ns3:hr>78</ns3:hr>
          </ns3:TrackPointExtension>
        </extensions>
      </trkpt>
      <trkpt lat="22.32209150679409503936767578125" lon="114.17965804226696491241455078125">
        <ele>24.799999237060546875</ele>
        <time>2026-01-17T07:15:39.000Z</time>
        <extensions>
          <ns3:TrackPointExtension>
            <ns3:hr>77</ns3:hr>
          </ns3:TrackPointExtension>
        </extensions>
      </trkpt>
      <trkpt lat="22.32208614237606525421142578125" lon="114.1796435415744781494140625">
        <ele>24.799999237060546875</ele>
        <time>2026-01-17T07:15:40.000Z</time>
        <extensions>
          <ns3:TrackPointExtension>
            <ns3:hr>78</ns3:hr>
          </ns3:TrackPointExtension>
        </extensions>
      </trkpt>
      <trkpt lat="22.3220801912248134613037109375" lon="114.17962786741554737091064453125">
        <ele>24.799999237060546875</ele>
        <time>2026-01-17T07:15:41.000Z</time>
        <extensions>
          <ns3:TrackPointExtension>
            <ns3:hr>77</ns3:hr>
          </ns3:TrackPointExtension>
        </extensions>
      </trkpt>
      <trkpt lat="22.32207365334033966064453125" lon="114.1796135343611240386962890625">
        <ele>24.799999237060546875</ele>
        <time>2026-01-17T07:15:42.000Z</time>
        <extensions>
          <ns3:TrackPointExtension>
            <ns3:hr>77</ns3:hr>
          </ns3:TrackPointExtension>
        </extensions>
      </trkpt>
      <trkpt lat="22.32206854037940502166748046875" lon="114.17960121296346187591552734375">
        <ele>24.799999237060546875</ele>
        <time>2026-01-17T07:15:43.000Z</time>
        <extensions>
          <ns3:TrackPointExtension>
            <ns3:hr>77</ns3:hr>
          </ns3:TrackPointExtension>
        </extensions>
      </trkpt>
      <trkpt lat="22.3220627568662166595458984375" lon="114.17958897538483142852783203125">
        <ele>24.6000003814697265625</ele>
        <time>2026-01-17T07:15:44.000Z</time>
        <extensions>
          <ns3:TrackPointExtension>
            <ns3:hr>77</ns3:hr>
          </ns3:TrackPointExtension>
        </extensions>
      </trkpt>
      <trkpt lat="22.32205697335302829742431640625" lon="114.1795766539871692657470703125">
        <ele>24.6000003814697265625</ele>
        <time>2026-01-17T07:15:45.000Z</time>
        <extensions>
          <ns3:TrackPointExtension>
            <ns3:hr>77</ns3:hr>
          </ns3:TrackPointExtension>
        </extensions>
      </trkpt>
      <trkpt lat="22.32205043546855449676513671875" lon="114.179566763341426849365234375">
        <ele>24.6000003814697265625</ele>
        <time>2026-01-17T07:15:46.000Z</time>
        <extensions>
          <ns3:TrackPointExtension>
            <ns3:hr>77</ns3:hr>
          </ns3:TrackPointExtension>
        </extensions>
      </trkpt>
      <trkpt lat="22.32204423286020755767822265625" lon="114.17955561541020870208740234375">
        <ele>24.6000003814697265625</ele>
        <time>2026-01-17T07:15:47.000Z</time>
        <extensions>
          <ns3:TrackPointExtension>
            <ns3:hr>76</ns3:hr>
          </ns3:TrackPointExtension>
        </extensions>
      </trkpt>
      <trkpt lat="22.322038114070892333984375" lon="114.1795451380312442779541015625">
        <ele>24.6000003814697265625</ele>
        <time>2026-01-17T07:15:48.000Z</time>
        <extensions>
          <ns3:TrackPointExtension>
            <ns3:hr>77</ns3:hr>
          </ns3:TrackPointExtension>
        </extensions>
      </trkpt>
      <trkpt lat="22.32203166000545024871826171875" lon="114.1795334033668041229248046875">
        <ele>24.6000003814697265625</ele>
        <time>2026-01-17T07:15:49.000Z</time>
        <extensions>
          <ns3:TrackPointExtension>
            <ns3:hr>77</ns3:hr>
          </ns3:TrackPointExtension>
        </extensions>
      </trkpt>
      <trkpt lat="22.32202562503516674041748046875" lon="114.1795199923217296600341796875">
        <ele>24.6000003814697265625</ele>
        <time>2026-01-17T07:15:50.000Z</time>
        <extensions>
          <ns3:TrackPointExtension>
            <ns3:hr>77</ns3:hr>
          </ns3:TrackPointExtension>
        </extensions>
      </trkpt>
      <trkpt lat="22.32202000916004180908203125" lon="114.1795079223811626434326171875">
        <ele>24.6000003814697265625</ele>
        <time>2026-01-17T07:15:51.000Z</time>
        <extensions>
          <ns3:TrackPointExtension>
            <ns3:hr>77</ns3:hr>
          </ns3:TrackPointExtension>
        </extensions>
      </trkpt>
      <trkpt lat="22.3220144771039485931396484375" lon="114.1794960200786590576171875">
        <ele>24.6000003814697265625</ele>
        <time>2026-01-17T07:15:52.000Z</time>
        <extensions>
          <ns3:TrackPointExtension>
            <ns3:hr>78</ns3:hr>
          </ns3:TrackPointExtension>
        </extensions>
      </trkpt>
      <trkpt lat="22.32200852595269680023193359375" lon="114.17948369868099689483642578125">
        <ele>24.6000003814697265625</ele>
        <time>2026-01-17T07:15:53.000Z</time>
        <extensions>
          <ns3:TrackPointExtension>
            <ns3:hr>79</ns3:hr>
          </ns3:TrackPointExtension>
        </extensions>
      </trkpt>
      <trkpt lat="22.3220019042491912841796875" lon="114.17947196401655673980712890625">
        <ele>24.6000003814697265625</ele>
        <time>2026-01-17T07:15:54.000Z</time>
        <extensions>
          <ns3:TrackPointExtension>
            <ns3:hr>79</ns3:hr>
          </ns3:TrackPointExtension>
        </extensions>
      </trkpt>
      <trkpt lat="22.32199545018374919891357421875" lon="114.1794626601040363311767578125">
        <ele>24.6000003814697265625</ele>
        <time>2026-01-17T07:15:55.000Z</time>
        <extensions>
          <ns3:TrackPointExtension>
            <ns3:hr>79</ns3:hr>
          </ns3:TrackPointExtension>
        </extensions>
      </trkpt>
      <trkpt lat="22.32198773883283138275146484375" lon="114.17945151217281818389892578125">
        <ele>24.6000003814697265625</ele>
        <time>2026-01-17T07:15:56.000Z</time>
        <extensions>
          <ns3:TrackPointExtension>
            <ns3:hr>79</ns3:hr>
          </ns3:TrackPointExtension>
        </extensions>
      </trkpt>
      <trkpt lat="22.3219804465770721435546875" lon="114.179442040622234344482421875">
        <ele>24.6000003814697265625</ele>
        <time>2026-01-17T07:15:57.000Z</time>
        <extensions>
          <ns3:TrackPointExtension>
            <ns3:hr>80</ns3:hr>
          </ns3:TrackPointExtension>
        </extensions>
      </trkpt>
      <trkpt lat="22.321973405778408050537109375" lon="114.1794316470623016357421875">
        <ele>24.6000003814697265625</ele>
        <time>2026-01-17T07:15:58.000Z</time>
        <extensions>
          <ns3:TrackPointExtension>
            <ns3:hr>79</ns3:hr>
          </ns3:TrackPointExtension>
        </extensions>
      </trkpt>
      <trkpt lat="22.3219661973416805267333984375" lon="114.1794210858643054962158203125">
        <ele>24.799999237060546875</ele>
        <time>2026-01-17T07:15:59.000Z</time>
        <extensions>
          <ns3:TrackPointExtension>
            <ns3:hr>79</ns3:hr>
          </ns3:TrackPointExtension>
        </extensions>
      </trkpt>
      <trkpt lat="22.32195840217173099517822265625" lon="114.1794093511998653411865234375">
        <ele>24.799999237060546875</ele>
        <time>2026-01-17T07:16:00.000Z</time>
        <extensions>
          <ns3:TrackPointExtension>
            <ns3:hr>79</ns3:hr>
          </ns3:TrackPointExtension>
        </extensions>
      </trkpt>
      <trkpt lat="22.3219521157443523406982421875" lon="114.17939744889736175537109375">
        <ele>24.6000003814697265625</ele>
        <time>2026-01-17T07:16:01.000Z</time>
        <extensions>
          <ns3:TrackPointExtension>
            <ns3:hr>79</ns3:hr>
          </ns3:TrackPointExtension>
        </extensions>
      </trkpt>
      <trkpt lat="22.3219470866024494171142578125" lon="114.17938780970871448516845703125">
        <ele>24.6000003814697265625</ele>
        <time>2026-01-17T07:16:02.000Z</time>
        <extensions>
          <ns3:TrackPointExtension>
            <ns3:hr>80</ns3:hr>
          </ns3:TrackPointExtension>
        </extensions>
      </trkpt>
      <trkpt lat="22.32194222509860992431640625" lon="114.17937557213008403778076171875">
        <ele>24.6000003814697265625</ele>
        <time>2026-01-17T07:16:03.000Z</time>
        <extensions>
          <ns3:TrackPointExtension>
            <ns3:hr>79</ns3:hr>
          </ns3:TrackPointExtension>
        </extensions>
      </trkpt>
      <trkpt lat="22.32193778268992900848388671875" lon="114.1793620772659778594970703125">
        <ele>24.3999996185302734375</ele>
        <time>2026-01-17T07:16:04.000Z</time>
        <extensions>
          <ns3:TrackPointExtension>
            <ns3:hr>79</ns3:hr>
          </ns3:TrackPointExtension>
        </extensions>
      </trkpt>
      <trkpt lat="22.32193375937640666961669921875" lon="114.179350845515727996826171875">
        <ele>24.3999996185302734375</ele>
        <time>2026-01-17T07:16:05.000Z</time>
        <extensions>
          <ns3:TrackPointExtension>
            <ns3:hr>79</ns3:hr>
          </ns3:TrackPointExtension>
        </extensions>
      </trkpt>
      <trkpt lat="22.3219299875199794769287109375" lon="114.1793402843177318572998046875">
        <ele>24.200000762939453125</ele>
        <time>2026-01-17T07:16:06.000Z</time>
        <extensions>
          <ns3:TrackPointExtension>
            <ns3:hr>79</ns3:hr>
          </ns3:TrackPointExtension>
        </extensions>
      </trkpt>
      <trkpt lat="22.32192671857774257659912109375" lon="114.17932913638651371002197265625">
        <ele>24.200000762939453125</ele>
        <time>2026-01-17T07:16:07.000Z</time>
        <extensions>
          <ns3:TrackPointExtension>
            <ns3:hr>79</ns3:hr>
          </ns3:TrackPointExtension>
        </extensions>
      </trkpt>
      <trkpt lat="22.32192353345453739166259765625" lon="114.17931756936013698577880859375">
        <ele>24</ele>
        <time>2026-01-17T07:16:08.000Z</time>
        <extensions>
          <ns3:TrackPointExtension>
            <ns3:hr>79</ns3:hr>
          </ns3:TrackPointExtension>
        </extensions>
      </trkpt>
      <trkpt lat="22.32192076742649078369140625" lon="114.17930700816214084625244140625">
        <ele>24</ele>
        <time>2026-01-17T07:16:09.000Z</time>
        <extensions>
          <ns3:TrackPointExtension>
            <ns3:hr>78</ns3:hr>
          </ns3:TrackPointExtension>
        </extensions>
      </trkpt>
      <trkpt lat="22.32191883958876132965087890625" lon="114.17929728515446186065673828125">
        <ele>24</ele>
        <time>2026-01-17T07:16:10.000Z</time>
        <extensions>
          <ns3:TrackPointExtension>
            <ns3:hr>78</ns3:hr>
          </ns3:TrackPointExtension>
        </extensions>
      </trkpt>
      <trkpt lat="22.32191565446555614471435546875" lon="114.17928756214678287506103515625">
        <ele>24.200000762939453125</ele>
        <time>2026-01-17T07:16:11.000Z</time>
        <extensions>
          <ns3:TrackPointExtension>
            <ns3:hr>78</ns3:hr>
          </ns3:TrackPointExtension>
        </extensions>
      </trkpt>
      <trkpt lat="22.32191062532365322113037109375" lon="114.179279096424579620361328125">
        <ele>24.200000762939453125</ele>
        <time>2026-01-17T07:16:12.000Z</time>
        <extensions>
          <ns3:TrackPointExtension>
            <ns3:hr>78</ns3:hr>
          </ns3:TrackPointExtension>
        </extensions>
      </trkpt>
      <trkpt lat="22.32190475799143314361572265625" lon="114.179268367588520050048828125">
        <ele>24.200000762939453125</ele>
        <time>2026-01-17T07:16:13.000Z</time>
        <extensions>
          <ns3:TrackPointExtension>
            <ns3:hr>78</ns3:hr>
          </ns3:TrackPointExtension>
        </extensions>
      </trkpt>
      <trkpt lat="22.3218971304595470428466796875" lon="114.17925621382892131805419921875">
        <ele>24.200000762939453125</ele>
        <time>2026-01-17T07:16:14.000Z</time>
        <extensions>
          <ns3:TrackPointExtension>
            <ns3:hr>78</ns3:hr>
          </ns3:TrackPointExtension>
        </extensions>
      </trkpt>
      <trkpt lat="22.321889586746692657470703125" lon="114.17924582026898860931396484375">
        <ele>24.200000762939453125</ele>
        <time>2026-01-17T07:16:15.000Z</time>
        <extensions>
          <ns3:TrackPointExtension>
            <ns3:hr>77</ns3:hr>
          </ns3:TrackPointExtension>
        </extensions>
      </trkpt>
      <trkpt lat="22.321882545948028564453125" lon="114.1792356781661510467529296875">
        <ele>24.200000762939453125</ele>
        <time>2026-01-17T07:16:16.000Z</time>
        <extensions>
          <ns3:TrackPointExtension>
            <ns3:hr>77</ns3:hr>
          </ns3:TrackPointExtension>
        </extensions>
      </trkpt>
      <trkpt lat="22.3218780197203159332275390625" lon="114.179225452244281768798828125">
        <ele>24.200000762939453125</ele>
        <time>2026-01-17T07:16:17.000Z</time>
        <extensions>
          <ns3:TrackPointExtension>
            <ns3:hr>78</ns3:hr>
          </ns3:TrackPointExtension>
        </extensions>
      </trkpt>
      <trkpt lat="22.32187424786388874053955078125" lon="114.17921639978885650634765625">
        <ele>24.200000762939453125</ele>
        <time>2026-01-17T07:16:18.000Z</time>
        <extensions>
          <ns3:TrackPointExtension>
            <ns3:hr>78</ns3:hr>
          </ns3:TrackPointExtension>
        </extensions>
      </trkpt>
      <trkpt lat="22.32186980545520782470703125" lon="114.17920743115246295928955078125">
        <ele>24</ele>
        <time>2026-01-17T07:16:19.000Z</time>
        <extensions>
          <ns3:TrackPointExtension>
            <ns3:hr>78</ns3:hr>
          </ns3:TrackPointExtension>
        </extensions>
      </trkpt>
      <trkpt lat="22.32186486013233661651611328125" lon="114.17920030653476715087890625">
        <ele>24</ele>
        <time>2026-01-17T07:16:20.000Z</time>
        <extensions>
          <ns3:TrackPointExtension>
            <ns3:hr>78</ns3:hr>
          </ns3:TrackPointExtension>
        </extensions>
      </trkpt>
      <trkpt lat="22.32185983099043369293212890625" lon="114.1791910864412784576416015625">
        <ele>24.200000762939453125</ele>
        <time>2026-01-17T07:16:21.000Z</time>
        <extensions>
          <ns3:TrackPointExtension>
            <ns3:hr>78</ns3:hr>
          </ns3:TrackPointExtension>
        </extensions>
      </trkpt>
      <trkpt lat="22.3218548856675624847412109375" lon="114.1791813634335994720458984375">
        <ele>24.200000762939453125</ele>
        <time>2026-01-17T07:16:22.000Z</time>
        <extensions>
          <ns3:TrackPointExtension>
            <ns3:hr>78</ns3:hr>
          </ns3:TrackPointExtension>
        </extensions>
      </trkpt>
      <trkpt lat="22.32184876687824726104736328125" lon="114.179171808063983917236328125">
        <ele>24.200000762939453125</ele>
        <time>2026-01-17T07:16:23.000Z</time>
        <extensions>
          <ns3:TrackPointExtension>
            <ns3:hr>78</ns3:hr>
          </ns3:TrackPointExtension>
        </extensions>
      </trkpt>
      <trkpt lat="22.32184373773634433746337890625" lon="114.179163090884685516357421875">
        <ele>24.3999996185302734375</ele>
        <time>2026-01-17T07:16:24.000Z</time>
        <extensions>
          <ns3:TrackPointExtension>
            <ns3:hr>78</ns3:hr>
          </ns3:TrackPointExtension>
        </extensions>
      </trkpt>
      <trkpt lat="22.32183921150863170623779296875" lon="114.17915227822959423065185546875">
        <ele>24.3999996185302734375</ele>
        <time>2026-01-17T07:16:25.000Z</time>
        <extensions>
          <ns3:TrackPointExtension>
            <ns3:hr>77</ns3:hr>
          </ns3:TrackPointExtension>
        </extensions>
      </trkpt>
      <trkpt lat="22.3218344338238239288330078125" lon="114.17914171703159809112548828125">
        <ele>24.200000762939453125</ele>
        <time>2026-01-17T07:16:26.000Z</time>
        <extensions>
          <ns3:TrackPointExtension>
            <ns3:hr>78</ns3:hr>
          </ns3:TrackPointExtension>
        </extensions>
      </trkpt>
      <trkpt lat="22.3218287341296672821044921875" lon="114.179129898548126220703125">
        <ele>24.200000762939453125</ele>
        <time>2026-01-17T07:16:27.000Z</time>
        <extensions>
          <ns3:TrackPointExtension>
            <ns3:hr>78</ns3:hr>
          </ns3:TrackPointExtension>
        </extensions>
      </trkpt>
      <trkpt lat="22.32182261534035205841064453125" lon="114.1791173256933689117431640625">
        <ele>24.200000762939453125</ele>
        <time>2026-01-17T07:16:28.000Z</time>
        <extensions>
          <ns3:TrackPointExtension>
            <ns3:hr>78</ns3:hr>
          </ns3:TrackPointExtension>
        </extensions>
      </trkpt>
      <trkpt lat="22.32181607745587825775146484375" lon="114.179104752838611602783203125">
        <ele>24</ele>
        <time>2026-01-17T07:16:29.000Z</time>
        <extensions>
          <ns3:TrackPointExtension>
            <ns3:hr>78</ns3:hr>
          </ns3:TrackPointExtension>
        </extensions>
      </trkpt>
      <trkpt lat="22.32181004248559474945068359375" lon="114.17909209616482257843017578125">
        <ele>24</ele>
        <time>2026-01-17T07:16:30.000Z</time>
        <extensions>
          <ns3:TrackPointExtension>
            <ns3:hr>78</ns3:hr>
          </ns3:TrackPointExtension>
        </extensions>
      </trkpt>
      <trkpt lat="22.32180451042950153350830078125" lon="114.1790807805955410003662109375">
        <ele>24</ele>
        <time>2026-01-17T07:16:31.000Z</time>
        <extensions>
          <ns3:TrackPointExtension>
            <ns3:hr>78</ns3:hr>
          </ns3:TrackPointExtension>
        </extensions>
      </trkpt>
      <trkpt lat="22.321799062192440032958984375" lon="114.17906879447400569915771484375">
        <ele>24</ele>
        <time>2026-01-17T07:16:32.000Z</time>
        <extensions>
          <ns3:TrackPointExtension>
            <ns3:hr>79</ns3:hr>
          </ns3:TrackPointExtension>
        </extensions>
      </trkpt>
      <trkpt lat="22.32179445214569568634033203125" lon="114.17905521579086780548095703125">
        <ele>24</ele>
        <time>2026-01-17T07:16:33.000Z</time>
        <extensions>
          <ns3:TrackPointExtension>
            <ns3:hr>79</ns3:hr>
          </ns3:TrackPointExtension>
        </extensions>
      </trkpt>
      <trkpt lat="22.321790345013141632080078125" lon="114.17904205620288848876953125">
        <ele>24</ele>
        <time>2026-01-17T07:16:34.000Z</time>
        <extensions>
          <ns3:TrackPointExtension>
            <ns3:hr>79</ns3:hr>
          </ns3:TrackPointExtension>
        </extensions>
      </trkpt>
      <trkpt lat="22.3217851482331752777099609375" lon="114.1790288127958774566650390625">
        <ele>24</ele>
        <time>2026-01-17T07:16:35.000Z</time>
        <extensions>
          <ns3:TrackPointExtension>
            <ns3:hr>79</ns3:hr>
          </ns3:TrackPointExtension>
        </extensions>
      </trkpt>
      <trkpt lat="22.32178104110062122344970703125" lon="114.179016239941120147705078125">
        <ele>24</ele>
        <time>2026-01-17T07:16:36.000Z</time>
        <extensions>
          <ns3:TrackPointExtension>
            <ns3:hr>79</ns3:hr>
          </ns3:TrackPointExtension>
        </extensions>
      </trkpt>
      <trkpt lat="22.32177726924419403076171875" lon="114.17900190688669681549072265625">
        <ele>23.799999237060546875</ele>
        <time>2026-01-17T07:16:37.000Z</time>
        <extensions>
          <ns3:TrackPointExtension>
            <ns3:hr>80</ns3:hr>
          </ns3:TrackPointExtension>
        </extensions>
      </trkpt>
      <trkpt lat="22.32177299447357654571533203125" lon="114.178990088403224945068359375">
        <ele>23.799999237060546875</ele>
        <time>2026-01-17T07:16:38.000Z</time>
        <extensions>
          <ns3:TrackPointExtension>
            <ns3:hr>79</ns3:hr>
          </ns3:TrackPointExtension>
        </extensions>
      </trkpt>
      <trkpt lat="22.3217663727700710296630859375" lon="114.1789791919291019439697265625">
        <ele>23.799999237060546875</ele>
        <time>2026-01-17T07:16:39.000Z</time>
        <extensions>
          <ns3:TrackPointExtension>
            <ns3:hr>79</ns3:hr>
          </ns3:TrackPointExtension>
        </extensions>
      </trkpt>
      <trkpt lat="22.32175908051431179046630859375" lon="114.17896921746432781219482421875">
        <ele>23.6000003814697265625</ele>
        <time>2026-01-17T07:16:40.000Z</time>
        <extensions>
          <ns3:TrackPointExtension>
            <ns3:hr>79</ns3:hr>
          </ns3:TrackPointExtension>
        </extensions>
      </trkpt>
      <trkpt lat="22.3217529617249965667724609375" lon="114.1789595782756805419921875">
        <ele>23.6000003814697265625</ele>
        <time>2026-01-17T07:16:41.000Z</time>
        <extensions>
          <ns3:TrackPointExtension>
            <ns3:hr>80</ns3:hr>
          </ns3:TrackPointExtension>
        </extensions>
      </trkpt>
      <trkpt lat="22.32174600474536418914794921875" lon="114.1789486818015575408935546875">
        <ele>23.6000003814697265625</ele>
        <time>2026-01-17T07:16:42.000Z</time>
        <extensions>
          <ns3:TrackPointExtension>
            <ns3:hr>79</ns3:hr>
          </ns3:TrackPointExtension>
        </extensions>
      </trkpt>
      <trkpt lat="22.3217388801276683807373046875" lon="114.17893887497484683990478515625">
        <ele>23.6000003814697265625</ele>
        <time>2026-01-17T07:16:43.000Z</time>
        <extensions>
          <ns3:TrackPointExtension>
            <ns3:hr>79</ns3:hr>
          </ns3:TrackPointExtension>
        </extensions>
      </trkpt>
      <trkpt lat="22.32173460535705089569091796875" lon="114.1789285652339458465576171875">
        <ele>23.6000003814697265625</ele>
        <time>2026-01-17T07:16:44.000Z</time>
        <extensions>
          <ns3:TrackPointExtension>
            <ns3:hr>80</ns3:hr>
          </ns3:TrackPointExtension>
        </extensions>
      </trkpt>
      <trkpt lat="22.32173091731965541839599609375" lon="114.17891523800790309906005859375">
        <ele>23.6000003814697265625</ele>
        <time>2026-01-17T07:16:45.000Z</time>
        <extensions>
          <ns3:TrackPointExtension>
            <ns3:hr>79</ns3:hr>
          </ns3:TrackPointExtension>
        </extensions>
      </trkpt>
      <trkpt lat="22.32172655873000621795654296875" lon="114.17890216223895549774169921875">
        <ele>23.6000003814697265625</ele>
        <time>2026-01-17T07:16:46.000Z</time>
        <extensions>
          <ns3:TrackPointExtension>
            <ns3:hr>79</ns3:hr>
          </ns3:TrackPointExtension>
        </extensions>
      </trkpt>
      <trkpt lat="22.32172136195003986358642578125" lon="114.17889042757451534271240234375">
        <ele>23.799999237060546875</ele>
        <time>2026-01-17T07:16:47.000Z</time>
        <extensions>
          <ns3:TrackPointExtension>
            <ns3:hr>80</ns3:hr>
          </ns3:TrackPointExtension>
        </extensions>
      </trkpt>
      <trkpt lat="22.32171683572232723236083984375" lon="114.17887785471975803375244140625">
        <ele>23.799999237060546875</ele>
        <time>2026-01-17T07:16:48.000Z</time>
        <extensions>
          <ns3:TrackPointExtension>
            <ns3:hr>79</ns3:hr>
          </ns3:TrackPointExtension>
        </extensions>
      </trkpt>
      <trkpt lat="22.3217127285897731781005859375" lon="114.17886461131274700164794921875">
        <ele>23.799999237060546875</ele>
        <time>2026-01-17T07:16:49.000Z</time>
        <extensions>
          <ns3:TrackPointExtension>
            <ns3:hr>79</ns3:hr>
          </ns3:TrackPointExtension>
        </extensions>
      </trkpt>
      <trkpt lat="22.3217080347239971160888671875" lon="114.1788514517247676849365234375">
        <ele>23.799999237060546875</ele>
        <time>2026-01-17T07:16:50.000Z</time>
        <extensions>
          <ns3:TrackPointExtension>
            <ns3:hr>80</ns3:hr>
          </ns3:TrackPointExtension>
        </extensions>
      </trkpt>
      <trkpt lat="22.32170292176306247711181640625" lon="114.1788387112319469451904296875">
        <ele>23.6000003814697265625</ele>
        <time>2026-01-17T07:16:51.000Z</time>
        <extensions>
          <ns3:TrackPointExtension>
            <ns3:hr>79</ns3:hr>
          </ns3:TrackPointExtension>
        </extensions>
      </trkpt>
      <trkpt lat="22.32169806025922298431396484375" lon="114.1788273118436336517333984375">
        <ele>23.6000003814697265625</ele>
        <time>2026-01-17T07:16:52.000Z</time>
        <extensions>
          <ns3:TrackPointExtension>
            <ns3:hr>79</ns3:hr>
          </ns3:TrackPointExtension>
        </extensions>
      </trkpt>
      <trkpt lat="22.32169269584119319915771484375" lon="114.17881582863628864288330078125">
        <ele>23.6000003814697265625</ele>
        <time>2026-01-17T07:16:53.000Z</time>
        <extensions>
          <ns3:TrackPointExtension>
            <ns3:hr>79</ns3:hr>
          </ns3:TrackPointExtension>
        </extensions>
      </trkpt>
      <trkpt lat="22.3216875828802585601806640625" lon="114.1788035072386264801025390625">
        <ele>23.6000003814697265625</ele>
        <time>2026-01-17T07:16:54.000Z</time>
        <extensions>
          <ns3:TrackPointExtension>
            <ns3:hr>79</ns3:hr>
          </ns3:TrackPointExtension>
        </extensions>
      </trkpt>
      <trkpt lat="22.32168230228126049041748046875" lon="114.1787937842309474945068359375">
        <ele>23.6000003814697265625</ele>
        <time>2026-01-17T07:16:55.000Z</time>
        <extensions>
          <ns3:TrackPointExtension>
            <ns3:hr>78</ns3:hr>
          </ns3:TrackPointExtension>
        </extensions>
      </trkpt>
      <trkpt lat="22.32167693786323070526123046875" lon="114.1787843964993953704833984375">
        <ele>23.6000003814697265625</ele>
        <time>2026-01-17T07:16:56.000Z</time>
        <extensions>
          <ns3:TrackPointExtension>
            <ns3:hr>78</ns3:hr>
          </ns3:TrackPointExtension>
        </extensions>
      </trkpt>
      <trkpt lat="22.32167140580713748931884765625" lon="114.178774170577526092529296875">
        <ele>23.6000003814697265625</ele>
        <time>2026-01-17T07:16:57.000Z</time>
        <extensions>
          <ns3:TrackPointExtension>
            <ns3:hr>78</ns3:hr>
          </ns3:TrackPointExtension>
        </extensions>
      </trkpt>
      <trkpt lat="22.321665622293949127197265625" lon="114.17876268737018108367919921875">
        <ele>23.6000003814697265625</ele>
        <time>2026-01-17T07:16:58.000Z</time>
        <extensions>
          <ns3:TrackPointExtension>
            <ns3:hr>78</ns3:hr>
          </ns3:TrackPointExtension>
        </extensions>
      </trkpt>
      <trkpt lat="22.32166059315204620361328125" lon="114.17875145561993122100830078125">
        <ele>23.6000003814697265625</ele>
        <time>2026-01-17T07:16:59.000Z</time>
        <extensions>
          <ns3:TrackPointExtension>
            <ns3:hr>78</ns3:hr>
          </ns3:TrackPointExtension>
        </extensions>
      </trkpt>
      <trkpt lat="22.32165581546723842620849609375" lon="114.17873854748904705047607421875">
        <ele>23.6000003814697265625</ele>
        <time>2026-01-17T07:17:00.000Z</time>
        <extensions>
          <ns3:TrackPointExtension>
            <ns3:hr>78</ns3:hr>
          </ns3:TrackPointExtension>
        </extensions>
      </trkpt>
      <trkpt lat="22.321651875972747802734375" lon="114.1787247173488140106201171875">
        <ele>23.6000003814697265625</ele>
        <time>2026-01-17T07:17:01.000Z</time>
        <extensions>
          <ns3:TrackPointExtension>
            <ns3:hr>78</ns3:hr>
          </ns3:TrackPointExtension>
        </extensions>
      </trkpt>
      <trkpt lat="22.32164676301181316375732421875" lon="114.17871214449405670166015625">
        <ele>23.6000003814697265625</ele>
        <time>2026-01-17T07:17:02.000Z</time>
        <extensions>
          <ns3:TrackPointExtension>
            <ns3:hr>78</ns3:hr>
          </ns3:TrackPointExtension>
        </extensions>
      </trkpt>
      <trkpt lat="22.32164139859378337860107421875" lon="114.17869982309639453887939453125">
        <ele>23.6000003814697265625</ele>
        <time>2026-01-17T07:17:03.000Z</time>
        <extensions>
          <ns3:TrackPointExtension>
            <ns3:hr>78</ns3:hr>
          </ns3:TrackPointExtension>
        </extensions>
      </trkpt>
      <trkpt lat="22.3216366209089756011962890625" lon="114.17868775315582752227783203125">
        <ele>23.6000003814697265625</ele>
        <time>2026-01-17T07:17:04.000Z</time>
        <extensions>
          <ns3:TrackPointExtension>
            <ns3:hr>78</ns3:hr>
          </ns3:TrackPointExtension>
        </extensions>
      </trkpt>
      <trkpt lat="22.321632094681262969970703125" lon="114.17867601849138736724853515625">
        <ele>23.6000003814697265625</ele>
        <time>2026-01-17T07:17:05.000Z</time>
        <extensions>
          <ns3:TrackPointExtension>
            <ns3:hr>78</ns3:hr>
          </ns3:TrackPointExtension>
        </extensions>
      </trkpt>
      <trkpt lat="22.3216272331774234771728515625" lon="114.17866176925599575042724609375">
        <ele>23.3999996185302734375</ele>
        <time>2026-01-17T07:17:06.000Z</time>
        <extensions>
          <ns3:TrackPointExtension>
            <ns3:hr>78</ns3:hr>
          </ns3:TrackPointExtension>
        </extensions>
      </trkpt>
      <trkpt lat="22.321624048054218292236328125" lon="114.1786476038396358489990234375">
        <ele>23.3999996185302734375</ele>
        <time>2026-01-17T07:17:07.000Z</time>
        <extensions>
          <ns3:TrackPointExtension>
            <ns3:hr>78</ns3:hr>
          </ns3:TrackPointExtension>
        </extensions>
      </trkpt>
      <trkpt lat="22.3216198571026325225830078125" lon="114.17863545008003711700439453125">
        <ele>23.3999996185302734375</ele>
        <time>2026-01-17T07:17:08.000Z</time>
        <extensions>
          <ns3:TrackPointExtension>
            <ns3:hr>78</ns3:hr>
          </ns3:TrackPointExtension>
        </extensions>
      </trkpt>
      <trkpt lat="22.321614660322666168212890625" lon="114.1786237992346286773681640625">
        <ele>23.3999996185302734375</ele>
        <time>2026-01-17T07:17:09.000Z</time>
        <extensions>
          <ns3:TrackPointExtension>
            <ns3:hr>78</ns3:hr>
          </ns3:TrackPointExtension>
        </extensions>
      </trkpt>
      <trkpt lat="22.32160954736173152923583984375" lon="114.17861022055149078369140625">
        <ele>23.3999996185302734375</ele>
        <time>2026-01-17T07:17:10.000Z</time>
        <extensions>
          <ns3:TrackPointExtension>
            <ns3:hr>78</ns3:hr>
          </ns3:TrackPointExtension>
        </extensions>
      </trkpt>
      <trkpt lat="22.32160535641014575958251953125" lon="114.1785973124206066131591796875">
        <ele>23.3999996185302734375</ele>
        <time>2026-01-17T07:17:11.000Z</time>
        <extensions>
          <ns3:TrackPointExtension>
            <ns3:hr>78</ns3:hr>
          </ns3:TrackPointExtension>
        </extensions>
      </trkpt>
      <trkpt lat="22.32160083018243312835693359375" lon="114.17858247645199298858642578125">
        <ele>23.3999996185302734375</ele>
        <time>2026-01-17T07:17:12.000Z</time>
        <extensions>
          <ns3:TrackPointExtension>
            <ns3:hr>78</ns3:hr>
          </ns3:TrackPointExtension>
        </extensions>
      </trkpt>
      <trkpt lat="22.32159554958343505859375" lon="114.17856889776885509490966796875">
        <ele>23.3999996185302734375</ele>
        <time>2026-01-17T07:17:13.000Z</time>
        <extensions>
          <ns3:TrackPointExtension>
            <ns3:hr>78</ns3:hr>
          </ns3:TrackPointExtension>
        </extensions>
      </trkpt>
      <trkpt lat="22.32159026898443698883056640625" lon="114.1785567440092563629150390625">
        <ele>23.3999996185302734375</ele>
        <time>2026-01-17T07:17:14.000Z</time>
        <extensions>
          <ns3:TrackPointExtension>
            <ns3:hr>79</ns3:hr>
          </ns3:TrackPointExtension>
        </extensions>
      </trkpt>
      <trkpt lat="22.32158440165221691131591796875" lon="114.1785440035164356231689453125">
        <ele>23.3999996185302734375</ele>
        <time>2026-01-17T07:17:15.000Z</time>
        <extensions>
          <ns3:TrackPointExtension>
            <ns3:hr>79</ns3:hr>
          </ns3:TrackPointExtension>
        </extensions>
      </trkpt>
      <trkpt lat="22.3215776123106479644775390625" lon="114.17853000573813915252685546875">
        <ele>23.3999996185302734375</ele>
        <time>2026-01-17T07:17:16.000Z</time>
        <extensions>
          <ns3:TrackPointExtension>
            <ns3:hr>79</ns3:hr>
          </ns3:TrackPointExtension>
        </extensions>
      </trkpt>
      <trkpt lat="22.321572415530681610107421875" lon="114.17851424776017665863037109375">
        <ele>23.3999996185302734375</ele>
        <time>2026-01-17T07:17:17.000Z</time>
        <extensions>
          <ns3:TrackPointExtension>
            <ns3:hr>79</ns3:hr>
          </ns3:TrackPointExtension>
        </extensions>
      </trkpt>
      <trkpt lat="22.32156629674136638641357421875" lon="114.1784977354109287261962890625">
        <ele>23.3999996185302734375</ele>
        <time>2026-01-17T07:17:18.000Z</time>
        <extensions>
          <ns3:TrackPointExtension>
            <ns3:hr>79</ns3:hr>
          </ns3:TrackPointExtension>
        </extensions>
      </trkpt>
      <trkpt lat="22.32156210578978061676025390625" lon="114.17848390527069568634033203125">
        <ele>23.3999996185302734375</ele>
        <time>2026-01-17T07:17:19.000Z</time>
        <extensions>
          <ns3:TrackPointExtension>
            <ns3:hr>79</ns3:hr>
          </ns3:TrackPointExtension>
        </extensions>
      </trkpt>
      <trkpt lat="22.32155757956206798553466796875" lon="114.17847267352044582366943359375">
        <ele>23.3999996185302734375</ele>
        <time>2026-01-17T07:17:20.000Z</time>
        <extensions>
          <ns3:TrackPointExtension>
            <ns3:hr>79</ns3:hr>
          </ns3:TrackPointExtension>
        </extensions>
      </trkpt>
      <trkpt lat="22.32155238278210163116455078125" lon="114.1784591786563396453857421875">
        <ele>23.200000762939453125</ele>
        <time>2026-01-17T07:17:21.000Z</time>
        <extensions>
          <ns3:TrackPointExtension>
            <ns3:hr>79</ns3:hr>
          </ns3:TrackPointExtension>
        </extensions>
      </trkpt>
      <trkpt lat="22.321546934545040130615234375" lon="114.17844702489674091339111328125">
        <ele>23.200000762939453125</ele>
        <time>2026-01-17T07:17:22.000Z</time>
        <extensions>
          <ns3:TrackPointExtension>
            <ns3:hr>78</ns3:hr>
          </ns3:TrackPointExtension>
        </extensions>
      </trkpt>
      <trkpt lat="22.321541570127010345458984375" lon="114.17843453586101531982421875">
        <ele>23.200000762939453125</ele>
        <time>2026-01-17T07:17:23.000Z</time>
        <extensions>
          <ns3:TrackPointExtension>
            <ns3:hr>78</ns3:hr>
          </ns3:TrackPointExtension>
        </extensions>
      </trkpt>
      <trkpt lat="22.32153528369963169097900390625" lon="114.1784226335585117340087890625">
        <ele>23.200000762939453125</ele>
        <time>2026-01-17T07:17:24.000Z</time>
        <extensions>
          <ns3:TrackPointExtension>
            <ns3:hr>79</ns3:hr>
          </ns3:TrackPointExtension>
        </extensions>
      </trkpt>
      <trkpt lat="22.3215279914438724517822265625" lon="114.17840997688472270965576171875">
        <ele>23.200000762939453125</ele>
        <time>2026-01-17T07:17:25.000Z</time>
        <extensions>
          <ns3:TrackPointExtension>
            <ns3:hr>79</ns3:hr>
          </ns3:TrackPointExtension>
        </extensions>
      </trkpt>
      <trkpt lat="22.32152111828327178955078125" lon="114.1783971525728702545166015625">
        <ele>23</ele>
        <time>2026-01-17T07:17:26.000Z</time>
        <extensions>
          <ns3:TrackPointExtension>
            <ns3:hr>79</ns3:hr>
          </ns3:TrackPointExtension>
        </extensions>
      </trkpt>
      <trkpt lat="22.32151441276073455810546875" lon="114.17838751338422298431396484375">
        <ele>23</ele>
        <time>2026-01-17T07:17:27.000Z</time>
        <extensions>
          <ns3:TrackPointExtension>
            <ns3:hr>79</ns3:hr>
          </ns3:TrackPointExtension>
        </extensions>
      </trkpt>
      <trkpt lat="22.321506030857563018798828125" lon="114.17837929911911487579345703125">
        <ele>23</ele>
        <time>2026-01-17T07:17:28.000Z</time>
        <extensions>
          <ns3:TrackPointExtension>
            <ns3:hr>79</ns3:hr>
          </ns3:TrackPointExtension>
        </extensions>
      </trkpt>
      <trkpt lat="22.32149639166891574859619140625" lon="114.17837259359657764434814453125">
        <ele>23</ele>
        <time>2026-01-17T07:17:29.000Z</time>
        <extensions>
          <ns3:TrackPointExtension>
            <ns3:hr>79</ns3:hr>
          </ns3:TrackPointExtension>
        </extensions>
      </trkpt>
      <trkpt lat="22.321485914289951324462890625" lon="114.17836823500692844390869140625">
        <ele>23.200000762939453125</ele>
        <time>2026-01-17T07:17:30.000Z</time>
        <extensions>
          <ns3:TrackPointExtension>
            <ns3:hr>80</ns3:hr>
          </ns3:TrackPointExtension>
        </extensions>
      </trkpt>
      <trkpt lat="22.32147417962551116943359375" lon="114.178364463150501251220703125">
        <ele>23.200000762939453125</ele>
        <time>2026-01-17T07:17:31.000Z</time>
        <extensions>
          <ns3:TrackPointExtension>
            <ns3:hr>80</ns3:hr>
          </ns3:TrackPointExtension>
        </extensions>
      </trkpt>
      <trkpt lat="22.32146202586591243743896484375" lon="114.17836186476051807403564453125">
        <ele>23.200000762939453125</ele>
        <time>2026-01-17T07:17:32.000Z</time>
        <extensions>
          <ns3:TrackPointExtension>
            <ns3:hr>80</ns3:hr>
          </ns3:TrackPointExtension>
        </extensions>
      </trkpt>
      <trkpt lat="22.3214505426585674285888671875" lon="114.17836052365601062774658203125">
        <ele>23.200000762939453125</ele>
        <time>2026-01-17T07:17:33.000Z</time>
        <extensions>
          <ns3:TrackPointExtension>
            <ns3:hr>81</ns3:hr>
          </ns3:TrackPointExtension>
        </extensions>
      </trkpt>
      <trkpt lat="22.3214388079941272735595703125" lon="114.1783606074750423431396484375">
        <ele>23.200000762939453125</ele>
        <time>2026-01-17T07:17:34.000Z</time>
        <extensions>
          <ns3:TrackPointExtension>
            <ns3:hr>82</ns3:hr>
          </ns3:TrackPointExtension>
        </extensions>
      </trkpt>
      <trkpt lat="22.32142816297709941864013671875" lon="114.17836119420826435089111328125">
        <ele>23.200000762939453125</ele>
        <time>2026-01-17T07:17:35.000Z</time>
        <extensions>
          <ns3:TrackPointExtension>
            <ns3:hr>82</ns3:hr>
          </ns3:TrackPointExtension>
        </extensions>
      </trkpt>
      <trkpt lat="22.32141743414103984832763671875" lon="114.178361780941486358642578125">
        <ele>23.200000762939453125</ele>
        <time>2026-01-17T07:17:36.000Z</time>
        <extensions>
          <ns3:TrackPointExtension>
            <ns3:hr>82</ns3:hr>
          </ns3:TrackPointExtension>
        </extensions>
      </trkpt>
      <trkpt lat="22.3214062862098217010498046875" lon="114.1783579252660274505615234375">
        <ele>23.200000762939453125</ele>
        <time>2026-01-17T07:17:37.000Z</time>
        <extensions>
          <ns3:TrackPointExtension>
            <ns3:hr>82</ns3:hr>
          </ns3:TrackPointExtension>
        </extensions>
      </trkpt>
      <trkpt lat="22.32139731757342815399169921875" lon="114.17835432104766368865966796875">
        <ele>23.200000762939453125</ele>
        <time>2026-01-17T07:17:38.000Z</time>
        <extensions>
          <ns3:TrackPointExtension>
            <ns3:hr>83</ns3:hr>
          </ns3:TrackPointExtension>
        </extensions>
      </trkpt>
      <trkpt lat="22.321390695869922637939453125" lon="114.1783485375344753265380859375">
        <ele>23.200000762939453125</ele>
        <time>2026-01-17T07:17:39.000Z</time>
        <extensions>
          <ns3:TrackPointExtension>
            <ns3:hr>82</ns3:hr>
          </ns3:TrackPointExtension>
        </extensions>
      </trkpt>
      <trkpt lat="22.32138298451900482177734375" lon="114.17834158055484294891357421875">
        <ele>23.200000762939453125</ele>
        <time>2026-01-17T07:17:40.000Z</time>
        <extensions>
          <ns3:TrackPointExtension>
            <ns3:hr>82</ns3:hr>
          </ns3:TrackPointExtension>
        </extensions>
      </trkpt>
      <trkpt lat="22.3213801346719264984130859375" lon="114.1783391498029232025146484375">
        <ele>23.3999996185302734375</ele>
        <time>2026-01-17T07:17:41.000Z</time>
        <extensions>
          <ns3:TrackPointExtension>
            <ns3:hr>83</ns3:hr>
          </ns3:TrackPointExtension>
        </extensions>
      </trkpt>
      <trkpt lat="22.3213787935674190521240234375" lon="114.1783381439745426177978515625">
        <ele>23.3999996185302734375</ele>
        <time>2026-01-17T07:17:42.000Z</time>
        <extensions>
          <ns3:TrackPointExtension>
            <ns3:hr>82</ns3:hr>
          </ns3:TrackPointExtension>
        </extensions>
      </trkpt>
      <trkpt lat="22.3213781230151653289794921875" lon="114.17833772487938404083251953125">
        <ele>23.3999996185302734375</ele>
        <time>2026-01-17T07:17:43.000Z</time>
        <extensions>
          <ns3:TrackPointExtension>
            <ns3:hr>82</ns3:hr>
          </ns3:TrackPointExtension>
        </extensions>
      </trkpt>
      <trkpt lat="22.3213777877390384674072265625" lon="114.17833755724132061004638671875">
        <ele>23.3999996185302734375</ele>
        <time>2026-01-17T07:17:44.000Z</time>
        <extensions>
          <ns3:TrackPointExtension>
            <ns3:hr>81</ns3:hr>
          </ns3:TrackPointExtension>
        </extensions>
      </trkpt>
      <trkpt lat="22.32137762010097503662109375" lon="114.1783374734222888946533203125">
        <ele>23.3999996185302734375</ele>
        <time>2026-01-17T07:17:45.000Z</time>
        <extensions>
          <ns3:TrackPointExtension>
            <ns3:hr>80</ns3:hr>
          </ns3:TrackPointExtension>
        </extensions>
      </trkpt>
      <trkpt lat="22.3213774524629116058349609375" lon="114.1783373057842254638671875">
        <ele>23.3999996185302734375</ele>
        <time>2026-01-17T07:17:46.000Z</time>
        <extensions>
          <ns3:TrackPointExtension>
            <ns3:hr>79</ns3:hr>
          </ns3:TrackPointExtension>
        </extensions>
      </trkpt>
      <trkpt lat="22.3213769495487213134765625" lon="114.17833655141294002532958984375">
        <ele>23.3999996185302734375</ele>
        <time>2026-01-17T07:17:47.000Z</time>
        <extensions>
          <ns3:TrackPointExtension>
            <ns3:hr>78</ns3:hr>
          </ns3:TrackPointExtension>
        </extensions>
      </trkpt>
      <trkpt lat="22.32137686572968959808349609375" lon="114.17833655141294002532958984375">
        <ele>23.3999996185302734375</ele>
        <time>2026-01-17T07:17:48.000Z</time>
        <extensions>
          <ns3:TrackPointExtension>
            <ns3:hr>78</ns3:hr>
          </ns3:TrackPointExtension>
        </extensions>
      </trkpt>
      <trkpt lat="22.32137686572968959808349609375" lon="114.1783368028700351715087890625">
        <ele>23.3999996185302734375</ele>
        <time>2026-01-17T07:17:49.000Z</time>
        <extensions>
          <ns3:TrackPointExtension>
            <ns3:hr>77</ns3:hr>
          </ns3:TrackPointExtension>
        </extensions>
      </trkpt>
      <trkpt lat="22.3213769495487213134765625" lon="114.1783371381461620330810546875">
        <ele>23.3999996185302734375</ele>
        <time>2026-01-17T07:17:50.000Z</time>
        <extensions>
          <ns3:TrackPointExtension>
            <ns3:hr>77</ns3:hr>
          </ns3:TrackPointExtension>
        </extensions>
      </trkpt>
      <trkpt lat="22.3213769495487213134765625" lon="114.17833755724132061004638671875">
        <ele>23.3999996185302734375</ele>
        <time>2026-01-17T07:17:51.000Z</time>
        <extensions>
          <ns3:TrackPointExtension>
            <ns3:hr>77</ns3:hr>
          </ns3:TrackPointExtension>
        </extensions>
      </trkpt>
      <trkpt lat="22.3213771171867847442626953125" lon="114.17833806015551090240478515625">
        <ele>23.3999996185302734375</ele>
        <time>2026-01-17T07:17:52.000Z</time>
        <extensions>
          <ns3:TrackPointExtension>
            <ns3:hr>77</ns3:hr>
          </ns3:TrackPointExtension>
        </extensions>
      </trkpt>
      <trkpt lat="22.32137720100581645965576171875" lon="114.1783384792506694793701171875">
        <ele>23.3999996185302734375</ele>
        <time>2026-01-17T07:17:53.000Z</time>
        <extensions>
          <ns3:TrackPointExtension>
            <ns3:hr>77</ns3:hr>
          </ns3:TrackPointExtension>
        </extensions>
      </trkpt>
      <trkpt lat="22.321377284824848175048828125" lon="114.178338982164859771728515625">
        <ele>23.3999996185302734375</ele>
        <time>2026-01-17T07:17:54.000Z</time>
        <extensions>
          <ns3:TrackPointExtension>
            <ns3:hr>78</ns3:hr>
          </ns3:TrackPointExtension>
        </extensions>
      </trkpt>
      <trkpt lat="22.3213774524629116058349609375" lon="114.17833940126001834869384765625">
        <ele>23.3999996185302734375</ele>
        <time>2026-01-17T07:17:55.000Z</time>
        <extensions>
          <ns3:TrackPointExtension>
            <ns3:hr>78</ns3:hr>
          </ns3:TrackPointExtension>
        </extensions>
      </trkpt>
      <trkpt lat="22.32137753628194332122802734375" lon="114.17833990417420864105224609375">
        <ele>23.200000762939453125</ele>
        <time>2026-01-17T07:17:56.000Z</time>
        <extensions>
          <ns3:TrackPointExtension>
            <ns3:hr>77</ns3:hr>
          </ns3:TrackPointExtension>
        </extensions>
      </trkpt>
      <trkpt lat="22.32137762010097503662109375" lon="114.178340323269367218017578125">
        <ele>23.200000762939453125</ele>
        <time>2026-01-17T07:17:57.000Z</time>
        <extensions>
          <ns3:TrackPointExtension>
            <ns3:hr>77</ns3:hr>
          </ns3:TrackPointExtension>
        </extensions>
      </trkpt>
      <trkpt lat="22.3213777877390384674072265625" lon="114.17834074236452579498291015625">
        <ele>23.200000762939453125</ele>
        <time>2026-01-17T07:17:58.000Z</time>
        <extensions>
          <ns3:TrackPointExtension>
            <ns3:hr>77</ns3:hr>
          </ns3:TrackPointExtension>
        </extensions>
      </trkpt>
      <trkpt lat="22.32137787155807018280029296875" lon="114.17834124527871608734130859375">
        <ele>23</ele>
        <time>2026-01-17T07:17:59.000Z</time>
        <extensions>
          <ns3:TrackPointExtension>
            <ns3:hr>77</ns3:hr>
          </ns3:TrackPointExtension>
        </extensions>
      </trkpt>
      <trkpt lat="22.32137803919613361358642578125" lon="114.178341664373874664306640625">
        <ele>23</ele>
        <time>2026-01-17T07:18:00.000Z</time>
        <extensions>
          <ns3:TrackPointExtension>
            <ns3:hr>76</ns3:hr>
          </ns3:TrackPointExtension>
        </extensions>
      </trkpt>
      <trkpt lat="22.32137820683419704437255859375" lon="114.17834208346903324127197265625">
        <ele>23</ele>
        <time>2026-01-17T07:18:01.000Z</time>
        <extensions>
          <ns3:TrackPointExtension>
            <ns3:hr>74</ns3:hr>
          </ns3:TrackPointExtension>
        </extensions>
      </trkpt>
      <trkpt lat="22.321378290653228759765625" lon="114.17834241874516010284423828125">
        <ele>23</ele>
        <time>2026-01-17T07:18:02.000Z</time>
        <extensions>
          <ns3:TrackPointExtension>
            <ns3:hr>73</ns3:hr>
          </ns3:TrackPointExtension>
        </extensions>
      </trkpt>
      <trkpt lat="22.3213784582912921905517578125" lon="114.1783428378403186798095703125">
        <ele>23</ele>
        <time>2026-01-17T07:18:03.000Z</time>
        <extensions>
          <ns3:TrackPointExtension>
            <ns3:hr>73</ns3:hr>
          </ns3:TrackPointExtension>
        </extensions>
      </trkpt>
      <trkpt lat="22.32137854211032390594482421875" lon="114.1783431731164455413818359375">
        <ele>23</ele>
        <time>2026-01-17T07:18:04.000Z</time>
        <extensions>
          <ns3:TrackPointExtension>
            <ns3:hr>72</ns3:hr>
          </ns3:TrackPointExtension>
        </extensions>
      </trkpt>
      <trkpt lat="22.32137870974838733673095703125" lon="114.1783435083925724029541015625">
        <ele>23</ele>
        <time>2026-01-17T07:18:05.000Z</time>
        <extensions>
          <ns3:TrackPointExtension>
            <ns3:hr>72</ns3:hr>
          </ns3:TrackPointExtension>
        </extensions>
      </trkpt>
      <trkpt lat="22.32137887738645076751708984375" lon="114.1783438436686992645263671875">
        <ele>23</ele>
        <time>2026-01-17T07:18:06.000Z</time>
        <extensions>
          <ns3:TrackPointExtension>
            <ns3:hr>71</ns3:hr>
          </ns3:TrackPointExtension>
        </extensions>
      </trkpt>
      <trkpt lat="22.32137904502451419830322265625" lon="114.1783441789448261260986328125">
        <ele>23</ele>
        <time>2026-01-17T07:18:07.000Z</time>
        <extensions>
          <ns3:TrackPointExtension>
            <ns3:hr>70</ns3:hr>
          </ns3:TrackPointExtension>
        </extensions>
      </trkpt>
      <trkpt lat="22.3213791288435459136962890625" lon="114.17834459803998470306396484375">
        <ele>23</ele>
        <time>2026-01-17T07:18:08.000Z</time>
        <extensions>
          <ns3:TrackPointExtension>
            <ns3:hr>71</ns3:hr>
          </ns3:TrackPointExtension>
        </extensions>
      </trkpt>
      <trkpt lat="22.321379296481609344482421875" lon="114.17834493331611156463623046875">
        <ele>23</ele>
        <time>2026-01-17T07:18:09.000Z</time>
        <extensions>
          <ns3:TrackPointExtension>
            <ns3:hr>71</ns3:hr>
          </ns3:TrackPointExtension>
        </extensions>
      </trkpt>
      <trkpt lat="22.3213794641196727752685546875" lon="114.17834526859223842620849609375">
        <ele>23.200000762939453125</ele>
        <time>2026-01-17T07:18:10.000Z</time>
        <extensions>
          <ns3:TrackPointExtension>
            <ns3:hr>71</ns3:hr>
          </ns3:TrackPointExtension>
        </extensions>
      </trkpt>
      <trkpt lat="22.32137954793870449066162109375" lon="114.17834560386836528778076171875">
        <ele>23.200000762939453125</ele>
        <time>2026-01-17T07:18:11.000Z</time>
        <extensions>
          <ns3:TrackPointExtension>
            <ns3:hr>71</ns3:hr>
          </ns3:TrackPointExtension>
        </extensions>
      </trkpt>
      <trkpt lat="22.32137971557676792144775390625" lon="114.1783458553254604339599609375">
        <ele>23.200000762939453125</ele>
        <time>2026-01-17T07:18:12.000Z</time>
        <extensions>
          <ns3:TrackPointExtension>
            <ns3:hr>71</ns3:hr>
          </ns3:TrackPointExtension>
        </extensions>
      </trkpt>
      <trkpt lat="22.32137988321483135223388671875" lon="114.1783461906015872955322265625">
        <ele>23.200000762939453125</ele>
        <time>2026-01-17T07:18:13.000Z</time>
        <extensions>
          <ns3:TrackPointExtension>
            <ns3:hr>72</ns3:hr>
          </ns3:TrackPointExtension>
        </extensions>
      </trkpt>
      <trkpt lat="22.321379967033863067626953125" lon="114.1783465258777141571044921875">
        <ele>23.200000762939453125</ele>
        <time>2026-01-17T07:18:14.000Z</time>
        <extensions>
          <ns3:TrackPointExtension>
            <ns3:hr>71</ns3:hr>
          </ns3:TrackPointExtension>
        </extensions>
      </trkpt>
      <trkpt lat="22.3213801346719264984130859375" lon="114.1783468611538410186767578125">
        <ele>23.200000762939453125</ele>
        <time>2026-01-17T07:18:15.000Z</time>
        <extensions>
          <ns3:TrackPointExtension>
            <ns3:hr>71</ns3:hr>
          </ns3:TrackPointExtension>
        </extensions>
      </trkpt>
      <trkpt lat="22.32138021849095821380615234375" lon="114.17834711261093616485595703125">
        <ele>23.200000762939453125</ele>
        <time>2026-01-17T07:18:16.000Z</time>
        <extensions>
          <ns3:TrackPointExtension>
            <ns3:hr>72</ns3:hr>
          </ns3:TrackPointExtension>
        </extensions>
      </trkpt>
      <trkpt lat="22.32138038612902164459228515625" lon="114.17834744788706302642822265625">
        <ele>23.200000762939453125</ele>
        <time>2026-01-17T07:18:17.000Z</time>
        <extensions>
          <ns3:TrackPointExtension>
            <ns3:hr>72</ns3:hr>
          </ns3:TrackPointExtension>
        </extensions>
      </trkpt>
      <trkpt lat="22.3213804699480533599853515625" lon="114.17834778316318988800048828125">
        <ele>23.200000762939453125</ele>
        <time>2026-01-17T07:18:18.000Z</time>
        <extensions>
          <ns3:TrackPointExtension>
            <ns3:hr>72</ns3:hr>
          </ns3:TrackPointExtension>
        </extensions>
      </trkpt>
      <trkpt lat="22.32138055376708507537841796875" lon="114.1783480346202850341796875">
        <ele>23.200000762939453125</ele>
        <time>2026-01-17T07:18:19.000Z</time>
        <extensions>
          <ns3:TrackPointExtension>
            <ns3:hr>71</ns3:hr>
          </ns3:TrackPointExtension>
        </extensions>
      </trkpt>
      <trkpt lat="22.32138072140514850616455078125" lon="114.178348369896411895751953125">
        <ele>23.200000762939453125</ele>
        <time>2026-01-17T07:18:20.000Z</time>
        <extensions>
          <ns3:TrackPointExtension>
            <ns3:hr>72</ns3:hr>
          </ns3:TrackPointExtension>
        </extensions>
      </trkpt>
      <trkpt lat="22.3213808052241802215576171875" lon="114.17834862135350704193115234375">
        <ele>23.200000762939453125</ele>
        <time>2026-01-17T07:18:21.000Z</time>
        <extensions>
          <ns3:TrackPointExtension>
            <ns3:hr>71</ns3:hr>
          </ns3:TrackPointExtension>
        </extensions>
      </trkpt>
      <trkpt lat="22.32138088904321193695068359375" lon="114.17834895662963390350341796875">
        <ele>23.3999996185302734375</ele>
        <time>2026-01-17T07:18:22.000Z</time>
        <extensions>
          <ns3:TrackPointExtension>
            <ns3:hr>71</ns3:hr>
          </ns3:TrackPointExtension>
        </extensions>
      </trkpt>
      <trkpt lat="22.32138097286224365234375" lon="114.1783492080867290496826171875">
        <ele>23.3999996185302734375</ele>
        <time>2026-01-17T07:18:23.000Z</time>
        <extensions>
          <ns3:TrackPointExtension>
            <ns3:hr>71</ns3:hr>
          </ns3:TrackPointExtension>
        </extensions>
      </trkpt>
      <trkpt lat="22.32138105668127536773681640625" lon="114.1783495433628559112548828125">
        <ele>23.3999996185302734375</ele>
        <time>2026-01-17T07:18:24.000Z</time>
        <extensions>
          <ns3:TrackPointExtension>
            <ns3:hr>71</ns3:hr>
          </ns3:TrackPointExtension>
        </extensions>
      </trkpt>
      <trkpt lat="22.3213811405003070831298828125" lon="114.17834979481995105743408203125">
        <ele>23.200000762939453125</ele>
        <time>2026-01-17T07:18:25.000Z</time>
        <extensions>
          <ns3:TrackPointExtension>
            <ns3:hr>71</ns3:hr>
          </ns3:TrackPointExtension>
        </extensions>
      </trkpt>
      <trkpt lat="22.321381308138370513916015625" lon="114.17835004627704620361328125">
        <ele>23.200000762939453125</ele>
        <time>2026-01-17T07:18:26.000Z</time>
        <extensions>
          <ns3:TrackPointExtension>
            <ns3:hr>71</ns3:hr>
          </ns3:TrackPointExtension>
        </extensions>
      </trkpt>
      <trkpt lat="22.321381308138370513916015625" lon="114.178350381553173065185546875">
        <ele>23.200000762939453125</ele>
        <time>2026-01-17T07:18:27.000Z</time>
        <extensions>
          <ns3:TrackPointExtension>
            <ns3:hr>72</ns3:hr>
          </ns3:TrackPointExtension>
        </extensions>
      </trkpt>
      <trkpt lat="22.32138139195740222930908203125" lon="114.17835063301026821136474609375">
        <ele>23.200000762939453125</ele>
        <time>2026-01-17T07:18:28.000Z</time>
        <extensions>
          <ns3:TrackPointExtension>
            <ns3:hr>72</ns3:hr>
          </ns3:TrackPointExtension>
        </extensions>
      </trkpt>
      <trkpt lat="22.3213814757764339447021484375" lon="114.1783508844673633575439453125">
        <ele>23.3999996185302734375</ele>
        <time>2026-01-17T07:18:29.000Z</time>
        <extensions>
          <ns3:TrackPointExtension>
            <ns3:hr>72</ns3:hr>
          </ns3:TrackPointExtension>
        </extensions>
      </trkpt>
      <trkpt lat="22.32138155959546566009521484375" lon="114.17835113592445850372314453125">
        <ele>23.200000762939453125</ele>
        <time>2026-01-17T07:18:30.000Z</time>
        <extensions>
          <ns3:TrackPointExtension>
            <ns3:hr>71</ns3:hr>
          </ns3:TrackPointExtension>
        </extensions>
      </trkpt>
      <trkpt lat="22.32138164341449737548828125" lon="114.17835138738155364990234375">
        <ele>23.200000762939453125</ele>
        <time>2026-01-17T07:18:31.000Z</time>
        <extensions>
          <ns3:TrackPointExtension>
            <ns3:hr>71</ns3:hr>
          </ns3:TrackPointExtension>
        </extensions>
      </trkpt>
      <trkpt lat="22.32138172723352909088134765625" lon="114.17835163883864879608154296875">
        <ele>23.200000762939453125</ele>
        <time>2026-01-17T07:18:32.000Z</time>
        <extensions>
          <ns3:TrackPointExtension>
            <ns3:hr>70</ns3:hr>
          </ns3:TrackPointExtension>
        </extensions>
      </trkpt>
      <trkpt lat="22.32138172723352909088134765625" lon="114.1783518902957439422607421875">
        <ele>23.200000762939453125</ele>
        <time>2026-01-17T07:18:33.000Z</time>
        <extensions>
          <ns3:TrackPointExtension>
            <ns3:hr>70</ns3:hr>
          </ns3:TrackPointExtension>
        </extensions>
      </trkpt>
      <trkpt lat="22.3213818110525608062744140625" lon="114.178352057933807373046875">
        <ele>23</ele>
        <time>2026-01-17T07:18:34.000Z</time>
        <extensions>
          <ns3:TrackPointExtension>
            <ns3:hr>68</ns3:hr>
          </ns3:TrackPointExtension>
        </extensions>
      </trkpt>
      <trkpt lat="22.3213818110525608062744140625" lon="114.17835230939090251922607421875">
        <ele>23</ele>
        <time>2026-01-17T07:18:35.000Z</time>
        <extensions>
          <ns3:TrackPointExtension>
            <ns3:hr>67</ns3:hr>
          </ns3:TrackPointExtension>
        </extensions>
      </trkpt>
      <trkpt lat="22.32138189487159252166748046875" lon="114.17835247702896595001220703125">
        <ele>23</ele>
        <time>2026-01-17T07:18:36.000Z</time>
        <extensions>
          <ns3:TrackPointExtension>
            <ns3:hr>66</ns3:hr>
          </ns3:TrackPointExtension>
        </extensions>
      </trkpt>
      <trkpt lat="22.32138189487159252166748046875" lon="114.17835264466702938079833984375">
        <ele>23</ele>
        <time>2026-01-17T07:18:37.000Z</time>
        <extensions>
          <ns3:TrackPointExtension>
            <ns3:hr>66</ns3:hr>
          </ns3:TrackPointExtension>
        </extensions>
      </trkpt>
      <trkpt lat="22.321381978690624237060546875" lon="114.17835281230509281158447265625">
        <ele>23</ele>
        <time>2026-01-17T07:18:38.000Z</time>
        <extensions>
          <ns3:TrackPointExtension>
            <ns3:hr>66</ns3:hr>
          </ns3:TrackPointExtension>
        </extensions>
      </trkpt>
      <trkpt lat="22.321381978690624237060546875" lon="114.17835297994315624237060546875">
        <ele>23</ele>
        <time>2026-01-17T07:18:39.000Z</time>
        <extensions>
          <ns3:TrackPointExtension>
            <ns3:hr>66</ns3:hr>
          </ns3:TrackPointExtension>
        </extensions>
      </trkpt>
      <trkpt lat="22.32138206250965595245361328125" lon="114.17835314758121967315673828125">
        <ele>23.200000762939453125</ele>
        <time>2026-01-17T07:18:40.000Z</time>
        <extensions>
          <ns3:TrackPointExtension>
            <ns3:hr>67</ns3:hr>
          </ns3:TrackPointExtension>
        </extensions>
      </trkpt>
      <trkpt lat="22.32138206250965595245361328125" lon="114.17835331521928310394287109375">
        <ele>23.200000762939453125</ele>
        <time>2026-01-17T07:18:41.000Z</time>
        <extensions>
          <ns3:TrackPointExtension>
            <ns3:hr>68</ns3:hr>
          </ns3:TrackPointExtension>
        </extensions>
      </trkpt>
      <trkpt lat="22.32138206250965595245361328125" lon="114.17835348285734653472900390625">
        <ele>23.200000762939453125</ele>
        <time>2026-01-17T07:18:42.000Z</time>
        <extensions>
          <ns3:TrackPointExtension>
            <ns3:hr>68</ns3:hr>
          </ns3:TrackPointExtension>
        </extensions>
      </trkpt>
      <trkpt lat="22.32138206250965595245361328125" lon="114.17835365049540996551513671875">
        <ele>23.200000762939453125</ele>
        <time>2026-01-17T07:18:43.000Z</time>
        <extensions>
          <ns3:TrackPointExtension>
            <ns3:hr>67</ns3:hr>
          </ns3:TrackPointExtension>
        </extensions>
      </trkpt>
      <trkpt lat="22.3213821463286876678466796875" lon="114.17835381813347339630126953125">
        <ele>23.3999996185302734375</ele>
        <time>2026-01-17T07:18:44.000Z</time>
        <extensions>
          <ns3:TrackPointExtension>
            <ns3:hr>68</ns3:hr>
          </ns3:TrackPointExtension>
        </extensions>
      </trkpt>
      <trkpt lat="22.3213821463286876678466796875" lon="114.1783539019525051116943359375">
        <ele>23.3999996185302734375</ele>
        <time>2026-01-17T07:18:45.000Z</time>
        <extensions>
          <ns3:TrackPointExtension>
            <ns3:hr>68</ns3:hr>
          </ns3:TrackPointExtension>
        </extensions>
      </trkpt>
      <trkpt lat="22.3213821463286876678466796875" lon="114.17835398577153682708740234375">
        <ele>23.3999996185302734375</ele>
        <time>2026-01-17T07:18:46.000Z</time>
        <extensions>
          <ns3:TrackPointExtension>
            <ns3:hr>69</ns3:hr>
          </ns3:TrackPointExtension>
        </extensions>
      </trkpt>
      <trkpt lat="22.3213821463286876678466796875" lon="114.17835398577153682708740234375">
        <ele>23.3999996185302734375</ele>
        <time>2026-01-17T07:18:47.000Z</time>
        <extensions>
          <ns3:TrackPointExtension>
            <ns3:hr>69</ns3:hr>
          </ns3:TrackPointExtension>
        </extensions>
      </trkpt>
      <trkpt lat="22.3213821463286876678466796875" lon="114.1783539019525051116943359375">
        <ele>23.3999996185302734375</ele>
        <time>2026-01-17T07:18:48.000Z</time>
        <extensions>
          <ns3:TrackPointExtension>
            <ns3:hr>69</ns3:hr>
          </ns3:TrackPointExtension>
        </extensions>
      </trkpt>
      <trkpt lat="22.3213821463286876678466796875" lon="114.17835381813347339630126953125">
        <ele>23.3999996185302734375</ele>
        <time>2026-01-17T07:18:49.000Z</time>
        <extensions>
          <ns3:TrackPointExtension>
            <ns3:hr>69</ns3:hr>
          </ns3:TrackPointExtension>
        </extensions>
      </trkpt>
      <trkpt lat="22.3213821463286876678466796875" lon="114.17835365049540996551513671875">
        <ele>23.3999996185302734375</ele>
        <time>2026-01-17T07:18:50.000Z</time>
        <extensions>
          <ns3:TrackPointExtension>
            <ns3:hr>69</ns3:hr>
          </ns3:TrackPointExtension>
        </extensions>
      </trkpt>
      <trkpt lat="22.3213821463286876678466796875" lon="114.1783533990383148193359375">
        <ele>23.3999996185302734375</ele>
        <time>2026-01-17T07:18:51.000Z</time>
        <extensions>
          <ns3:TrackPointExtension>
            <ns3:hr>70</ns3:hr>
          </ns3:TrackPointExtension>
        </extensions>
      </trkpt>
      <trkpt lat="22.3213821463286876678466796875" lon="114.1783528961241245269775390625">
        <ele>23.3999996185302734375</ele>
        <time>2026-01-17T07:18:52.000Z</time>
        <extensions>
          <ns3:TrackPointExtension>
            <ns3:hr>71</ns3:hr>
          </ns3:TrackPointExtension>
        </extensions>
      </trkpt>
      <trkpt lat="22.3213821463286876678466796875" lon="114.178352057933807373046875">
        <ele>23.6000003814697265625</ele>
        <time>2026-01-17T07:18:53.000Z</time>
        <extensions>
          <ns3:TrackPointExtension>
            <ns3:hr>71</ns3:hr>
          </ns3:TrackPointExtension>
        </extensions>
      </trkpt>
      <trkpt lat="22.32138206250965595245361328125" lon="114.17835063301026821136474609375">
        <ele>23.6000003814697265625</ele>
        <time>2026-01-17T07:18:54.000Z</time>
        <extensions>
          <ns3:TrackPointExtension>
            <ns3:hr>73</ns3:hr>
          </ns3:TrackPointExtension>
        </extensions>
      </trkpt>
      <trkpt lat="22.321381978690624237060546875" lon="114.17834778316318988800048828125">
        <ele>23.6000003814697265625</ele>
        <time>2026-01-17T07:18:55.000Z</time>
        <extensions>
          <ns3:TrackPointExtension>
            <ns3:hr>74</ns3:hr>
          </ns3:TrackPointExtension>
        </extensions>
      </trkpt>
      <trkpt lat="22.3213818110525608062744140625" lon="114.17834174819290637969970703125">
        <ele>23.3999996185302734375</ele>
        <time>2026-01-17T07:18:56.000Z</time>
        <extensions>
          <ns3:TrackPointExtension>
            <ns3:hr>75</ns3:hr>
          </ns3:TrackPointExtension>
        </extensions>
      </trkpt>
      <trkpt lat="22.32138172723352909088134765625" lon="114.17832582257688045501708984375">
        <ele>23.3999996185302734375</ele>
        <time>2026-01-17T07:18:57.000Z</time>
        <extensions>
          <ns3:TrackPointExtension>
            <ns3:hr>75</ns3:hr>
          </ns3:TrackPointExtension>
        </extensions>
      </trkpt>
      <trkpt lat="22.32138122431933879852294921875" lon="114.17831408791244029998779296875">
        <ele>23.200000762939453125</ele>
        <time>2026-01-17T07:18:58.000Z</time>
        <extensions>
          <ns3:TrackPointExtension>
            <ns3:hr>76</ns3:hr>
          </ns3:TrackPointExtension>
        </extensions>
      </trkpt>
      <trkpt lat="22.321381978690624237060546875" lon="114.1783042810857295989990234375">
        <ele>23.200000762939453125</ele>
        <time>2026-01-17T07:18:59.000Z</time>
        <extensions>
          <ns3:TrackPointExtension>
            <ns3:hr>76</ns3:hr>
          </ns3:TrackPointExtension>
        </extensions>
      </trkpt>
      <trkpt lat="22.32138306833803653717041015625" lon="114.17829598300158977508544921875">
        <ele>23.200000762939453125</ele>
        <time>2026-01-17T07:19:00.000Z</time>
        <extensions>
          <ns3:TrackPointExtension>
            <ns3:hr>76</ns3:hr>
          </ns3:TrackPointExtension>
        </extensions>
      </trkpt>
      <trkpt lat="22.321385331451892852783203125" lon="114.17829078622162342071533203125">
        <ele>23.200000762939453125</ele>
        <time>2026-01-17T07:19:01.000Z</time>
        <extensions>
          <ns3:TrackPointExtension>
            <ns3:hr>77</ns3:hr>
          </ns3:TrackPointExtension>
        </extensions>
      </trkpt>
      <trkpt lat="22.32138625346124172210693359375" lon="114.17828475125133991241455078125">
        <ele>23.3999996185302734375</ele>
        <time>2026-01-17T07:19:02.000Z</time>
        <extensions>
          <ns3:TrackPointExtension>
            <ns3:hr>77</ns3:hr>
          </ns3:TrackPointExtension>
        </extensions>
      </trkpt>
      <trkpt lat="22.32138524763286113739013671875" lon="114.17827419005334377288818359375">
        <ele>23.3999996185302734375</ele>
        <time>2026-01-17T07:19:03.000Z</time>
        <extensions>
          <ns3:TrackPointExtension>
            <ns3:hr>77</ns3:hr>
          </ns3:TrackPointExtension>
        </extensions>
      </trkpt>
      <trkpt lat="22.321380637586116790771484375" lon="114.17826128192245960235595703125">
        <ele>23.3999996185302734375</ele>
        <time>2026-01-17T07:19:04.000Z</time>
        <extensions>
          <ns3:TrackPointExtension>
            <ns3:hr>76</ns3:hr>
          </ns3:TrackPointExtension>
        </extensions>
      </trkpt>
      <trkpt lat="22.32137267477810382843017578125" lon="114.17824703268706798553466796875">
        <ele>23.3999996185302734375</ele>
        <time>2026-01-17T07:19:05.000Z</time>
        <extensions>
          <ns3:TrackPointExtension>
            <ns3:hr>76</ns3:hr>
          </ns3:TrackPointExtension>
        </extensions>
      </trkpt>
      <trkpt lat="22.3213603533804416656494140625" lon="114.178226329386234283447265625">
        <ele>23.3999996185302734375</ele>
        <time>2026-01-17T07:19:06.000Z</time>
        <extensions>
          <ns3:TrackPointExtension>
            <ns3:hr>76</ns3:hr>
          </ns3:TrackPointExtension>
        </extensions>
      </trkpt>
      <trkpt lat="22.32134501449763774871826171875" lon="114.1782057099044322967529296875">
        <ele>23.200000762939453125</ele>
        <time>2026-01-17T07:19:07.000Z</time>
        <extensions>
          <ns3:TrackPointExtension>
            <ns3:hr>76</ns3:hr>
          </ns3:TrackPointExtension>
        </extensions>
      </trkpt>
      <trkpt lat="22.3213298432528972625732421875" lon="114.1781909577548503875732421875">
        <ele>23.200000762939453125</ele>
        <time>2026-01-17T07:19:08.000Z</time>
        <extensions>
          <ns3:TrackPointExtension>
            <ns3:hr>77</ns3:hr>
          </ns3:TrackPointExtension>
        </extensions>
      </trkpt>
      <trkpt lat="22.321317605674266815185546875" lon="114.1781790554523468017578125">
        <ele>23.200000762939453125</ele>
        <time>2026-01-17T07:19:09.000Z</time>
        <extensions>
          <ns3:TrackPointExtension>
            <ns3:hr>76</ns3:hr>
          </ns3:TrackPointExtension>
        </extensions>
      </trkpt>
      <trkpt lat="22.32130561955273151397705078125" lon="114.1781684942543506622314453125">
        <ele>23.200000762939453125</ele>
        <time>2026-01-17T07:19:10.000Z</time>
        <extensions>
          <ns3:TrackPointExtension>
            <ns3:hr>76</ns3:hr>
          </ns3:TrackPointExtension>
        </extensions>
      </trkpt>
      <trkpt lat="22.32129388488829135894775390625" lon="114.1781591065227985382080078125">
        <ele>23.200000762939453125</ele>
        <time>2026-01-17T07:19:11.000Z</time>
        <extensions>
          <ns3:TrackPointExtension>
            <ns3:hr>76</ns3:hr>
          </ns3:TrackPointExtension>
        </extensions>
      </trkpt>
      <trkpt lat="22.32128751464188098907470703125" lon="114.17815080843865871429443359375">
        <ele>23</ele>
        <time>2026-01-17T07:19:12.000Z</time>
        <extensions>
          <ns3:TrackPointExtension>
            <ns3:hr>76</ns3:hr>
          </ns3:TrackPointExtension>
        </extensions>
      </trkpt>
      <trkpt lat="22.3212818987667560577392578125" lon="114.17814309708774089813232421875">
        <ele>23</ele>
        <time>2026-01-17T07:19:13.000Z</time>
        <extensions>
          <ns3:TrackPointExtension>
            <ns3:hr>75</ns3:hr>
          </ns3:TrackPointExtension>
        </extensions>
      </trkpt>
      <trkpt lat="22.32127645052969455718994140625" lon="114.178135804831981658935546875">
        <ele>23</ele>
        <time>2026-01-17T07:19:14.000Z</time>
        <extensions>
          <ns3:TrackPointExtension>
            <ns3:hr>75</ns3:hr>
          </ns3:TrackPointExtension>
        </extensions>
      </trkpt>
      <trkpt lat="22.321271337568759918212890625" lon="114.1781285963952541351318359375">
        <ele>22.799999237060546875</ele>
        <time>2026-01-17T07:19:15.000Z</time>
        <extensions>
          <ns3:TrackPointExtension>
            <ns3:hr>76</ns3:hr>
          </ns3:TrackPointExtension>
        </extensions>
      </trkpt>
      <trkpt lat="22.3212661407887935638427734375" lon="114.17812608182430267333984375">
        <ele>23</ele>
        <time>2026-01-17T07:19:16.000Z</time>
        <extensions>
          <ns3:TrackPointExtension>
            <ns3:hr>76</ns3:hr>
          </ns3:TrackPointExtension>
        </extensions>
      </trkpt>
      <trkpt lat="22.3212594352662563323974609375" lon="114.17812415398657321929931640625">
        <ele>23</ele>
        <time>2026-01-17T07:19:17.000Z</time>
        <extensions>
          <ns3:TrackPointExtension>
            <ns3:hr>76</ns3:hr>
          </ns3:TrackPointExtension>
        </extensions>
      </trkpt>
      <trkpt lat="22.3212523944675922393798828125" lon="114.1781198792159557342529296875">
        <ele>23</ele>
        <time>2026-01-17T07:19:18.000Z</time>
        <extensions>
          <ns3:TrackPointExtension>
            <ns3:hr>76</ns3:hr>
          </ns3:TrackPointExtension>
        </extensions>
      </trkpt>
      <trkpt lat="22.321245856583118438720703125" lon="114.1781141795217990875244140625">
        <ele>23</ele>
        <time>2026-01-17T07:19:19.000Z</time>
        <extensions>
          <ns3:TrackPointExtension>
            <ns3:hr>76</ns3:hr>
          </ns3:TrackPointExtension>
        </extensions>
      </trkpt>
      <trkpt lat="22.3212409950792789459228515625" lon="114.1781034506857395172119140625">
        <ele>23.200000762939453125</ele>
        <time>2026-01-17T07:19:20.000Z</time>
        <extensions>
          <ns3:TrackPointExtension>
            <ns3:hr>75</ns3:hr>
          </ns3:TrackPointExtension>
        </extensions>
      </trkpt>
      <trkpt lat="22.3212369717657566070556640625" lon="114.1780964098870754241943359375">
        <ele>23</ele>
        <time>2026-01-17T07:19:21.000Z</time>
        <extensions>
          <ns3:TrackPointExtension>
            <ns3:hr>75</ns3:hr>
          </ns3:TrackPointExtension>
        </extensions>
      </trkpt>
      <trkpt lat="22.32123236171901226043701171875" lon="114.178084842860698699951171875">
        <ele>23</ele>
        <time>2026-01-17T07:19:22.000Z</time>
        <extensions>
          <ns3:TrackPointExtension>
            <ns3:hr>75</ns3:hr>
          </ns3:TrackPointExtension>
        </extensions>
      </trkpt>
      <trkpt lat="22.32122741639614105224609375" lon="114.1780715994536876678466796875">
        <ele>23</ele>
        <time>2026-01-17T07:19:23.000Z</time>
        <extensions>
          <ns3:TrackPointExtension>
            <ns3:hr>75</ns3:hr>
          </ns3:TrackPointExtension>
        </extensions>
      </trkpt>
      <trkpt lat="22.32122247107326984405517578125" lon="114.178061373531818389892578125">
        <ele>23</ele>
        <time>2026-01-17T07:19:24.000Z</time>
        <extensions>
          <ns3:TrackPointExtension>
            <ns3:hr>75</ns3:hr>
          </ns3:TrackPointExtension>
        </extensions>
      </trkpt>
      <trkpt lat="22.3212188668549060821533203125" lon="114.1780481301248073577880859375">
        <ele>23</ele>
        <time>2026-01-17T07:19:25.000Z</time>
        <extensions>
          <ns3:TrackPointExtension>
            <ns3:hr>75</ns3:hr>
          </ns3:TrackPointExtension>
        </extensions>
      </trkpt>
      <trkpt lat="22.32121668756008148193359375" lon="114.1780340485274791717529296875">
        <ele>23</ele>
        <time>2026-01-17T07:19:26.000Z</time>
        <extensions>
          <ns3:TrackPointExtension>
            <ns3:hr>75</ns3:hr>
          </ns3:TrackPointExtension>
        </extensions>
      </trkpt>
      <trkpt lat="22.3212135024368762969970703125" lon="114.1780213080346584320068359375">
        <ele>23</ele>
        <time>2026-01-17T07:19:27.000Z</time>
        <extensions>
          <ns3:TrackPointExtension>
            <ns3:hr>75</ns3:hr>
          </ns3:TrackPointExtension>
        </extensions>
      </trkpt>
      <trkpt lat="22.32120998203754425048828125" lon="114.17800806462764739990234375">
        <ele>23</ele>
        <time>2026-01-17T07:19:28.000Z</time>
        <extensions>
          <ns3:TrackPointExtension>
            <ns3:hr>75</ns3:hr>
          </ns3:TrackPointExtension>
        </extensions>
      </trkpt>
      <trkpt lat="22.3212079703807830810546875" lon="114.1779913008213043212890625">
        <ele>23</ele>
        <time>2026-01-17T07:19:29.000Z</time>
        <extensions>
          <ns3:TrackPointExtension>
            <ns3:hr>75</ns3:hr>
          </ns3:TrackPointExtension>
        </extensions>
      </trkpt>
      <trkpt lat="22.32120587490499019622802734375" lon="114.17797529138624668121337890625">
        <ele>23</ele>
        <time>2026-01-17T07:19:30.000Z</time>
        <extensions>
          <ns3:TrackPointExtension>
            <ns3:hr>75</ns3:hr>
          </ns3:TrackPointExtension>
        </extensions>
      </trkpt>
      <trkpt lat="22.321204952895641326904296875" lon="114.1779591143131256103515625">
        <ele>23</ele>
        <time>2026-01-17T07:19:31.000Z</time>
        <extensions>
          <ns3:TrackPointExtension>
            <ns3:hr>76</ns3:hr>
          </ns3:TrackPointExtension>
        </extensions>
      </trkpt>
      <trkpt lat="22.32120327651500701904296875" lon="114.177944026887416839599609375">
        <ele>23</ele>
        <time>2026-01-17T07:19:32.000Z</time>
        <extensions>
          <ns3:TrackPointExtension>
            <ns3:hr>75</ns3:hr>
          </ns3:TrackPointExtension>
        </extensions>
      </trkpt>
      <trkpt lat="22.32120134867727756500244140625" lon="114.17792902328073978424072265625">
        <ele>23</ele>
        <time>2026-01-17T07:19:33.000Z</time>
        <extensions>
          <ns3:TrackPointExtension>
            <ns3:hr>75</ns3:hr>
          </ns3:TrackPointExtension>
        </extensions>
      </trkpt>
      <trkpt lat="22.32119967229664325714111328125" lon="114.1779136843979358673095703125">
        <ele>23</ele>
        <time>2026-01-17T07:19:34.000Z</time>
        <extensions>
          <ns3:TrackPointExtension>
            <ns3:hr>74</ns3:hr>
          </ns3:TrackPointExtension>
        </extensions>
      </trkpt>
      <trkpt lat="22.32119799591600894927978515625" lon="114.17790018953382968902587890625">
        <ele>23</ele>
        <time>2026-01-17T07:19:35.000Z</time>
        <extensions>
          <ns3:TrackPointExtension>
            <ns3:hr>74</ns3:hr>
          </ns3:TrackPointExtension>
        </extensions>
      </trkpt>
      <trkpt lat="22.3211950622498989105224609375" lon="114.17788610793650150299072265625">
        <ele>23</ele>
        <time>2026-01-17T07:19:36.000Z</time>
        <extensions>
          <ns3:TrackPointExtension>
            <ns3:hr>74</ns3:hr>
          </ns3:TrackPointExtension>
        </extensions>
      </trkpt>
      <trkpt lat="22.32119028456509113311767578125" lon="114.177873618900775909423828125">
        <ele>23</ele>
        <time>2026-01-17T07:19:37.000Z</time>
        <extensions>
          <ns3:TrackPointExtension>
            <ns3:hr>74</ns3:hr>
          </ns3:TrackPointExtension>
        </extensions>
      </trkpt>
      <trkpt lat="22.321184836328029632568359375" lon="114.1778627224266529083251953125">
        <ele>23</ele>
        <time>2026-01-17T07:19:38.000Z</time>
        <extensions>
          <ns3:TrackPointExtension>
            <ns3:hr>74</ns3:hr>
          </ns3:TrackPointExtension>
        </extensions>
      </trkpt>
      <trkpt lat="22.32117955572903156280517578125" lon="114.177850149571895599365234375">
        <ele>23</ele>
        <time>2026-01-17T07:19:39.000Z</time>
        <extensions>
          <ns3:TrackPointExtension>
            <ns3:hr>74</ns3:hr>
          </ns3:TrackPointExtension>
        </extensions>
      </trkpt>
      <trkpt lat="22.321174442768096923828125" lon="114.1778389178216457366943359375">
        <ele>23</ele>
        <time>2026-01-17T07:19:40.000Z</time>
        <extensions>
          <ns3:TrackPointExtension>
            <ns3:hr>74</ns3:hr>
          </ns3:TrackPointExtension>
        </extensions>
      </trkpt>
      <trkpt lat="22.32116899453103542327880859375" lon="114.1778290271759033203125">
        <ele>23</ele>
        <time>2026-01-17T07:19:41.000Z</time>
        <extensions>
          <ns3:TrackPointExtension>
            <ns3:hr>74</ns3:hr>
          </ns3:TrackPointExtension>
        </extensions>
      </trkpt>
      <trkpt lat="22.321163713932037353515625" lon="114.1778181307017803192138671875">
        <ele>23</ele>
        <time>2026-01-17T07:19:42.000Z</time>
        <extensions>
          <ns3:TrackPointExtension>
            <ns3:hr>75</ns3:hr>
          </ns3:TrackPointExtension>
        </extensions>
      </trkpt>
      <trkpt lat="22.3211588524281978607177734375" lon="114.1778087429702281951904296875">
        <ele>23</ele>
        <time>2026-01-17T07:19:43.000Z</time>
        <extensions>
          <ns3:TrackPointExtension>
            <ns3:hr>74</ns3:hr>
          </ns3:TrackPointExtension>
        </extensions>
      </trkpt>
      <trkpt lat="22.321152985095977783203125" lon="114.17779692448675632476806640625">
        <ele>23</ele>
        <time>2026-01-17T07:19:44.000Z</time>
        <extensions>
          <ns3:TrackPointExtension>
            <ns3:hr>74</ns3:hr>
          </ns3:TrackPointExtension>
        </extensions>
      </trkpt>
      <trkpt lat="22.321147620677947998046875" lon="114.17778669856488704681396484375">
        <ele>23</ele>
        <time>2026-01-17T07:19:45.000Z</time>
        <extensions>
          <ns3:TrackPointExtension>
            <ns3:hr>75</ns3:hr>
          </ns3:TrackPointExtension>
        </extensions>
      </trkpt>
      <trkpt lat="22.32114166952669620513916015625" lon="114.17777680791914463043212890625">
        <ele>23</ele>
        <time>2026-01-17T07:19:46.000Z</time>
        <extensions>
          <ns3:TrackPointExtension>
            <ns3:hr>74</ns3:hr>
          </ns3:TrackPointExtension>
        </extensions>
      </trkpt>
      <trkpt lat="22.3211360536515712738037109375" lon="114.17776624672114849090576171875">
        <ele>23</ele>
        <time>2026-01-17T07:19:47.000Z</time>
        <extensions>
          <ns3:TrackPointExtension>
            <ns3:hr>74</ns3:hr>
          </ns3:TrackPointExtension>
        </extensions>
      </trkpt>
      <trkpt lat="22.32113110832870006561279296875" lon="114.17775593698024749755859375">
        <ele>23</ele>
        <time>2026-01-17T07:19:48.000Z</time>
        <extensions>
          <ns3:TrackPointExtension>
            <ns3:hr>75</ns3:hr>
          </ns3:TrackPointExtension>
        </extensions>
      </trkpt>
      <trkpt lat="22.3211266659200191497802734375" lon="114.1777472198009490966796875">
        <ele>23</ele>
        <time>2026-01-17T07:19:49.000Z</time>
        <extensions>
          <ns3:TrackPointExtension>
            <ns3:hr>74</ns3:hr>
          </ns3:TrackPointExtension>
        </extensions>
      </trkpt>
      <trkpt lat="22.32112188823521137237548828125" lon="114.1777386702597141265869140625">
        <ele>23</ele>
        <time>2026-01-17T07:19:50.000Z</time>
        <extensions>
          <ns3:TrackPointExtension>
            <ns3:hr>74</ns3:hr>
          </ns3:TrackPointExtension>
        </extensions>
      </trkpt>
      <trkpt lat="22.3211166076362133026123046875" lon="114.17772852815687656402587890625">
        <ele>23</ele>
        <time>2026-01-17T07:19:51.000Z</time>
        <extensions>
          <ns3:TrackPointExtension>
            <ns3:hr>74</ns3:hr>
          </ns3:TrackPointExtension>
        </extensions>
      </trkpt>
      <trkpt lat="22.32111115939915180206298828125" lon="114.17771846987307071685791015625">
        <ele>23</ele>
        <time>2026-01-17T07:19:52.000Z</time>
        <extensions>
          <ns3:TrackPointExtension>
            <ns3:hr>74</ns3:hr>
          </ns3:TrackPointExtension>
        </extensions>
      </trkpt>
      <trkpt lat="22.3211060464382171630859375" lon="114.17770757339894771575927734375">
        <ele>23</ele>
        <time>2026-01-17T07:19:53.000Z</time>
        <extensions>
          <ns3:TrackPointExtension>
            <ns3:hr>73</ns3:hr>
          </ns3:TrackPointExtension>
        </extensions>
      </trkpt>
      <trkpt lat="22.32110026292502880096435546875" lon="114.1776970960199832916259765625">
        <ele>23</ele>
        <time>2026-01-17T07:19:54.000Z</time>
        <extensions>
          <ns3:TrackPointExtension>
            <ns3:hr>73</ns3:hr>
          </ns3:TrackPointExtension>
        </extensions>
      </trkpt>
      <trkpt lat="22.32109456323087215423583984375" lon="114.1776883788406848907470703125">
        <ele>23</ele>
        <time>2026-01-17T07:19:55.000Z</time>
        <extensions>
          <ns3:TrackPointExtension>
            <ns3:hr>73</ns3:hr>
          </ns3:TrackPointExtension>
        </extensions>
      </trkpt>
      <trkpt lat="22.3210887797176837921142578125" lon="114.17767572216689586639404296875">
        <ele>23</ele>
        <time>2026-01-17T07:19:56.000Z</time>
        <extensions>
          <ns3:TrackPointExtension>
            <ns3:hr>73</ns3:hr>
          </ns3:TrackPointExtension>
        </extensions>
      </trkpt>
      <trkpt lat="22.32108450494706630706787109375" lon="114.177664406597614288330078125">
        <ele>22.799999237060546875</ele>
        <time>2026-01-17T07:19:57.000Z</time>
        <extensions>
          <ns3:TrackPointExtension>
            <ns3:hr>73</ns3:hr>
          </ns3:TrackPointExtension>
        </extensions>
      </trkpt>
      <trkpt lat="22.32107914052903652191162109375" lon="114.1776521690189838409423828125">
        <ele>22.799999237060546875</ele>
        <time>2026-01-17T07:19:58.000Z</time>
        <extensions>
          <ns3:TrackPointExtension>
            <ns3:hr>74</ns3:hr>
          </ns3:TrackPointExtension>
        </extensions>
      </trkpt>
      <trkpt lat="22.32107360847294330596923828125" lon="114.17764068581163883209228515625">
        <ele>22.799999237060546875</ele>
        <time>2026-01-17T07:19:59.000Z</time>
        <extensions>
          <ns3:TrackPointExtension>
            <ns3:hr>74</ns3:hr>
          </ns3:TrackPointExtension>
        </extensions>
      </trkpt>
      <trkpt lat="22.32106774114072322845458984375" lon="114.1776292026042938232421875">
        <ele>22.799999237060546875</ele>
        <time>2026-01-17T07:20:00.000Z</time>
        <extensions>
          <ns3:TrackPointExtension>
            <ns3:hr>74</ns3:hr>
          </ns3:TrackPointExtension>
        </extensions>
      </trkpt>
      <trkpt lat="22.3210636340081691741943359375" lon="114.1776183061301708221435546875">
        <ele>22.799999237060546875</ele>
        <time>2026-01-17T07:20:01.000Z</time>
        <extensions>
          <ns3:TrackPointExtension>
            <ns3:hr>74</ns3:hr>
          </ns3:TrackPointExtension>
        </extensions>
      </trkpt>
      <trkpt lat="22.32105852104723453521728515625" lon="114.17760665528476238250732421875">
        <ele>22.6000003814697265625</ele>
        <time>2026-01-17T07:20:02.000Z</time>
        <extensions>
          <ns3:TrackPointExtension>
            <ns3:hr>74</ns3:hr>
          </ns3:TrackPointExtension>
        </extensions>
      </trkpt>
      <trkpt lat="22.321053408086299896240234375" lon="114.17759777046740055084228515625">
        <ele>22.6000003814697265625</ele>
        <time>2026-01-17T07:20:03.000Z</time>
        <extensions>
          <ns3:TrackPointExtension>
            <ns3:hr>75</ns3:hr>
          </ns3:TrackPointExtension>
        </extensions>
      </trkpt>
      <trkpt lat="22.3210492171347141265869140625" lon="114.1775884665548801422119140625">
        <ele>22.6000003814697265625</ele>
        <time>2026-01-17T07:20:04.000Z</time>
        <extensions>
          <ns3:TrackPointExtension>
            <ns3:hr>76</ns3:hr>
          </ns3:TrackPointExtension>
        </extensions>
      </trkpt>
      <trkpt lat="22.321046032011508941650390625" lon="114.17757731862366199493408203125">
        <ele>22.6000003814697265625</ele>
        <time>2026-01-17T07:20:05.000Z</time>
        <extensions>
          <ns3:TrackPointExtension>
            <ns3:hr>76</ns3:hr>
          </ns3:TrackPointExtension>
        </extensions>
      </trkpt>
      <trkpt lat="22.32104091905057430267333984375" lon="114.17756625451147556304931640625">
        <ele>22.6000003814697265625</ele>
        <time>2026-01-17T07:20:06.000Z</time>
        <extensions>
          <ns3:TrackPointExtension>
            <ns3:hr>78</ns3:hr>
          </ns3:TrackPointExtension>
        </extensions>
      </trkpt>
      <trkpt lat="22.3210364766418933868408203125" lon="114.1775552742183208465576171875">
        <ele>22.6000003814697265625</ele>
        <time>2026-01-17T07:20:07.000Z</time>
        <extensions>
          <ns3:TrackPointExtension>
            <ns3:hr>79</ns3:hr>
          </ns3:TrackPointExtension>
        </extensions>
      </trkpt>
      <trkpt lat="22.32103404588997364044189453125" lon="114.17754664085805416107177734375">
        <ele>22.6000003814697265625</ele>
        <time>2026-01-17T07:20:08.000Z</time>
        <extensions>
          <ns3:TrackPointExtension>
            <ns3:hr>79</ns3:hr>
          </ns3:TrackPointExtension>
        </extensions>
      </trkpt>
      <trkpt lat="22.3210307769477367401123046875" lon="114.17753993533551692962646484375">
        <ele>22.6000003814697265625</ele>
        <time>2026-01-17T07:20:09.000Z</time>
        <extensions>
          <ns3:TrackPointExtension>
            <ns3:hr>79</ns3:hr>
          </ns3:TrackPointExtension>
        </extensions>
      </trkpt>
      <trkpt lat="22.32102767564356327056884765625" lon="114.177531637251377105712890625">
        <ele>22.6000003814697265625</ele>
        <time>2026-01-17T07:20:10.000Z</time>
        <extensions>
          <ns3:TrackPointExtension>
            <ns3:hr>79</ns3:hr>
          </ns3:TrackPointExtension>
        </extensions>
      </trkpt>
      <trkpt lat="22.3210250772535800933837890625" lon="114.177521578967571258544921875">
        <ele>22.6000003814697265625</ele>
        <time>2026-01-17T07:20:11.000Z</time>
        <extensions>
          <ns3:TrackPointExtension>
            <ns3:hr>80</ns3:hr>
          </ns3:TrackPointExtension>
        </extensions>
      </trkpt>
      <trkpt lat="22.321020551025867462158203125" lon="114.1775113530457019805908203125">
        <ele>22.6000003814697265625</ele>
        <time>2026-01-17T07:20:12.000Z</time>
        <extensions>
          <ns3:TrackPointExtension>
            <ns3:hr>79</ns3:hr>
          </ns3:TrackPointExtension>
        </extensions>
      </trkpt>
      <trkpt lat="22.32101560570299625396728515625" lon="114.17750221677124500274658203125">
        <ele>22.6000003814697265625</ele>
        <time>2026-01-17T07:20:13.000Z</time>
        <extensions>
          <ns3:TrackPointExtension>
            <ns3:hr>79</ns3:hr>
          </ns3:TrackPointExtension>
        </extensions>
      </trkpt>
      <trkpt lat="22.3210094869136810302734375" lon="114.17749442160129547119140625">
        <ele>22.6000003814697265625</ele>
        <time>2026-01-17T07:20:14.000Z</time>
        <extensions>
          <ns3:TrackPointExtension>
            <ns3:hr>80</ns3:hr>
          </ns3:TrackPointExtension>
        </extensions>
      </trkpt>
      <trkpt lat="22.3210022784769535064697265625" lon="114.17748662643134593963623046875">
        <ele>22.6000003814697265625</ele>
        <time>2026-01-17T07:20:15.000Z</time>
        <extensions>
          <ns3:TrackPointExtension>
            <ns3:hr>79</ns3:hr>
          </ns3:TrackPointExtension>
        </extensions>
      </trkpt>
      <trkpt lat="22.3209942318499088287353515625" lon="114.17747891508042812347412109375">
        <ele>22.799999237060546875</ele>
        <time>2026-01-17T07:20:16.000Z</time>
        <extensions>
          <ns3:TrackPointExtension>
            <ns3:hr>79</ns3:hr>
          </ns3:TrackPointExtension>
        </extensions>
      </trkpt>
      <trkpt lat="22.32098610140383243560791015625" lon="114.1774721257388591766357421875">
        <ele>22.799999237060546875</ele>
        <time>2026-01-17T07:20:17.000Z</time>
        <extensions>
          <ns3:TrackPointExtension>
            <ns3:hr>79</ns3:hr>
          </ns3:TrackPointExtension>
        </extensions>
      </trkpt>
      <trkpt lat="22.3209791444242000579833984375" lon="114.17746533639729022979736328125">
        <ele>22.799999237060546875</ele>
        <time>2026-01-17T07:20:18.000Z</time>
        <extensions>
          <ns3:TrackPointExtension>
            <ns3:hr>78</ns3:hr>
          </ns3:TrackPointExtension>
        </extensions>
      </trkpt>
      <trkpt lat="22.32097269035875797271728515625" lon="114.17745963670313358306884765625">
        <ele>22.799999237060546875</ele>
        <time>2026-01-17T07:20:19.000Z</time>
        <extensions>
          <ns3:TrackPointExtension>
            <ns3:hr>78</ns3:hr>
          </ns3:TrackPointExtension>
        </extensions>
      </trkpt>
      <trkpt lat="22.32096732594072818756103515625" lon="114.1774540208280086517333984375">
        <ele>22.799999237060546875</ele>
        <time>2026-01-17T07:20:20.000Z</time>
        <extensions>
          <ns3:TrackPointExtension>
            <ns3:hr>78</ns3:hr>
          </ns3:TrackPointExtension>
        </extensions>
      </trkpt>
      <trkpt lat="22.32095919549465179443359375" lon="114.1774468123912811279296875">
        <ele>22.799999237060546875</ele>
        <time>2026-01-17T07:20:21.000Z</time>
        <extensions>
          <ns3:TrackPointExtension>
            <ns3:hr>78</ns3:hr>
          </ns3:TrackPointExtension>
        </extensions>
      </trkpt>
      <trkpt lat="22.3209523223340511322021484375" lon="114.17744077742099761962890625">
        <ele>22.799999237060546875</ele>
        <time>2026-01-17T07:20:22.000Z</time>
        <extensions>
          <ns3:TrackPointExtension>
            <ns3:hr>78</ns3:hr>
          </ns3:TrackPointExtension>
        </extensions>
      </trkpt>
      <trkpt lat="22.32094687409698963165283203125" lon="114.1774349100887775421142578125">
        <ele>22.799999237060546875</ele>
        <time>2026-01-17T07:20:23.000Z</time>
        <extensions>
          <ns3:TrackPointExtension>
            <ns3:hr>78</ns3:hr>
          </ns3:TrackPointExtension>
        </extensions>
      </trkpt>
      <trkpt lat="22.320940755307674407958984375" lon="114.17742761783301830291748046875">
        <ele>22.799999237060546875</ele>
        <time>2026-01-17T07:20:24.000Z</time>
        <extensions>
          <ns3:TrackPointExtension>
            <ns3:hr>78</ns3:hr>
          </ns3:TrackPointExtension>
        </extensions>
      </trkpt>
      <trkpt lat="22.32093312777578830718994140625" lon="114.1774198226630687713623046875">
        <ele>22.6000003814697265625</ele>
        <time>2026-01-17T07:20:25.000Z</time>
        <extensions>
          <ns3:TrackPointExtension>
            <ns3:hr>78</ns3:hr>
          </ns3:TrackPointExtension>
        </extensions>
      </trkpt>
      <trkpt lat="22.32092407532036304473876953125" lon="114.1774111054837703704833984375">
        <ele>22.6000003814697265625</ele>
        <time>2026-01-17T07:20:26.000Z</time>
        <extensions>
          <ns3:TrackPointExtension>
            <ns3:hr>79</ns3:hr>
          </ns3:TrackPointExtension>
        </extensions>
      </trkpt>
      <trkpt lat="22.3209151066839694976806640625" lon="114.1774027235805988311767578125">
        <ele>22.6000003814697265625</ele>
        <time>2026-01-17T07:20:27.000Z</time>
        <extensions>
          <ns3:TrackPointExtension>
            <ns3:hr>80</ns3:hr>
          </ns3:TrackPointExtension>
        </extensions>
      </trkpt>
      <trkpt lat="22.3209063895046710968017578125" lon="114.17739476077258586883544921875">
        <ele>22.6000003814697265625</ele>
        <time>2026-01-17T07:20:28.000Z</time>
        <extensions>
          <ns3:TrackPointExtension>
            <ns3:hr>80</ns3:hr>
          </ns3:TrackPointExtension>
        </extensions>
      </trkpt>
      <trkpt lat="22.32089775614440441131591796875" lon="114.1773886419832706451416015625">
        <ele>22.6000003814697265625</ele>
        <time>2026-01-17T07:20:29.000Z</time>
        <extensions>
          <ns3:TrackPointExtension>
            <ns3:hr>80</ns3:hr>
          </ns3:TrackPointExtension>
        </extensions>
      </trkpt>
      <trkpt lat="22.32088736258447170257568359375" lon="114.177381433546543121337890625">
        <ele>22.6000003814697265625</ele>
        <time>2026-01-17T07:20:30.000Z</time>
        <extensions>
          <ns3:TrackPointExtension>
            <ns3:hr>81</ns3:hr>
          </ns3:TrackPointExtension>
        </extensions>
      </trkpt>
      <trkpt lat="22.3208758793771266937255859375" lon="114.1773732192814350128173828125">
        <ele>22.6000003814697265625</ele>
        <time>2026-01-17T07:20:31.000Z</time>
        <extensions>
          <ns3:TrackPointExtension>
            <ns3:hr>80</ns3:hr>
          </ns3:TrackPointExtension>
        </extensions>
      </trkpt>
      <trkpt lat="22.320864982903003692626953125" lon="114.17736559174954891204833984375">
        <ele>22.6000003814697265625</ele>
        <time>2026-01-17T07:20:32.000Z</time>
        <extensions>
          <ns3:TrackPointExtension>
            <ns3:hr>80</ns3:hr>
          </ns3:TrackPointExtension>
        </extensions>
      </trkpt>
      <trkpt lat="22.32085349969565868377685546875" lon="114.17735762894153594970703125">
        <ele>22.6000003814697265625</ele>
        <time>2026-01-17T07:20:33.000Z</time>
        <extensions>
          <ns3:TrackPointExtension>
            <ns3:hr>80</ns3:hr>
          </ns3:TrackPointExtension>
        </extensions>
      </trkpt>
      <trkpt lat="22.32084327377378940582275390625" lon="114.1773487441241741180419921875">
        <ele>22.6000003814697265625</ele>
        <time>2026-01-17T07:20:34.000Z</time>
        <extensions>
          <ns3:TrackPointExtension>
            <ns3:hr>79</ns3:hr>
          </ns3:TrackPointExtension>
        </extensions>
      </trkpt>
      <trkpt lat="22.320833466947078704833984375" lon="114.17733876965939998626708984375">
        <ele>22.6000003814697265625</ele>
        <time>2026-01-17T07:20:35.000Z</time>
        <extensions>
          <ns3:TrackPointExtension>
            <ns3:hr>80</ns3:hr>
          </ns3:TrackPointExtension>
        </extensions>
      </trkpt>
      <trkpt lat="22.320824079215526580810546875" lon="114.17732938192784786224365234375">
        <ele>22.6000003814697265625</ele>
        <time>2026-01-17T07:20:36.000Z</time>
        <extensions>
          <ns3:TrackPointExtension>
            <ns3:hr>80</ns3:hr>
          </ns3:TrackPointExtension>
        </extensions>
      </trkpt>
      <trkpt lat="22.3208151943981647491455078125" lon="114.17732183821499347686767578125">
        <ele>22.6000003814697265625</ele>
        <time>2026-01-17T07:20:37.000Z</time>
        <extensions>
          <ns3:TrackPointExtension>
            <ns3:hr>80</ns3:hr>
          </ns3:TrackPointExtension>
        </extensions>
      </trkpt>
      <trkpt lat="22.320807985961437225341796875" lon="114.17731580324470996856689453125">
        <ele>22.799999237060546875</ele>
        <time>2026-01-17T07:20:38.000Z</time>
        <extensions>
          <ns3:TrackPointExtension>
            <ns3:hr>80</ns3:hr>
          </ns3:TrackPointExtension>
        </extensions>
      </trkpt>
      <trkpt lat="22.3207997716963291168212890625" lon="114.1773101873695850372314453125">
        <ele>22.799999237060546875</ele>
        <time>2026-01-17T07:20:39.000Z</time>
        <extensions>
          <ns3:TrackPointExtension>
            <ns3:hr>79</ns3:hr>
          </ns3:TrackPointExtension>
        </extensions>
      </trkpt>
      <trkpt lat="22.32079147361218929290771484375" lon="114.17730532586574554443359375">
        <ele>22.799999237060546875</ele>
        <time>2026-01-17T07:20:40.000Z</time>
        <extensions>
          <ns3:TrackPointExtension>
            <ns3:hr>80</ns3:hr>
          </ns3:TrackPointExtension>
        </extensions>
      </trkpt>
      <trkpt lat="22.32078242115676403045654296875" lon="114.17730038054287433624267578125">
        <ele>22.799999237060546875</ele>
        <time>2026-01-17T07:20:41.000Z</time>
        <extensions>
          <ns3:TrackPointExtension>
            <ns3:hr>80</ns3:hr>
          </ns3:TrackPointExtension>
        </extensions>
      </trkpt>
      <trkpt lat="22.32077412307262420654296875" lon="114.177294932305812835693359375">
        <ele>22.799999237060546875</ele>
        <time>2026-01-17T07:20:42.000Z</time>
        <extensions>
          <ns3:TrackPointExtension>
            <ns3:hr>79</ns3:hr>
          </ns3:TrackPointExtension>
        </extensions>
      </trkpt>
      <trkpt lat="22.32076481916010379791259765625" lon="114.1772887296974658966064453125">
        <ele>22.799999237060546875</ele>
        <time>2026-01-17T07:20:43.000Z</time>
        <extensions>
          <ns3:TrackPointExtension>
            <ns3:hr>80</ns3:hr>
          </ns3:TrackPointExtension>
        </extensions>
      </trkpt>
      <trkpt lat="22.32075543142855167388916015625" lon="114.17728261090815067291259765625">
        <ele>22.799999237060546875</ele>
        <time>2026-01-17T07:20:44.000Z</time>
        <extensions>
          <ns3:TrackPointExtension>
            <ns3:hr>81</ns3:hr>
          </ns3:TrackPointExtension>
        </extensions>
      </trkpt>
      <trkpt lat="22.32074671424925327301025390625" lon="114.17727657593786716461181640625">
        <ele>22.6000003814697265625</ele>
        <time>2026-01-17T07:20:45.000Z</time>
        <extensions>
          <ns3:TrackPointExtension>
            <ns3:hr>81</ns3:hr>
          </ns3:TrackPointExtension>
        </extensions>
      </trkpt>
      <trkpt lat="22.32073715887963771820068359375" lon="114.17727045714855194091796875">
        <ele>22.799999237060546875</ele>
        <time>2026-01-17T07:20:46.000Z</time>
        <extensions>
          <ns3:TrackPointExtension>
            <ns3:hr>81</ns3:hr>
          </ns3:TrackPointExtension>
        </extensions>
      </trkpt>
      <trkpt lat="22.32072743587195873260498046875" lon="114.1772642545402050018310546875">
        <ele>22.799999237060546875</ele>
        <time>2026-01-17T07:20:47.000Z</time>
        <extensions>
          <ns3:TrackPointExtension>
            <ns3:hr>82</ns3:hr>
          </ns3:TrackPointExtension>
        </extensions>
      </trkpt>
      <trkpt lat="22.320719473063945770263671875" lon="114.1772582195699214935302734375">
        <ele>22.799999237060546875</ele>
        <time>2026-01-17T07:20:48.000Z</time>
        <extensions>
          <ns3:TrackPointExtension>
            <ns3:hr>82</ns3:hr>
          </ns3:TrackPointExtension>
        </extensions>
      </trkpt>
      <trkpt lat="22.32071151025593280792236328125" lon="114.17725109495222568511962890625">
        <ele>22.799999237060546875</ele>
        <time>2026-01-17T07:20:49.000Z</time>
        <extensions>
          <ns3:TrackPointExtension>
            <ns3:hr>82</ns3:hr>
          </ns3:TrackPointExtension>
        </extensions>
      </trkpt>
      <trkpt lat="22.32070446945726871490478515625" lon="114.17724497616291046142578125">
        <ele>22.799999237060546875</ele>
        <time>2026-01-17T07:20:50.000Z</time>
        <extensions>
          <ns3:TrackPointExtension>
            <ns3:hr>82</ns3:hr>
          </ns3:TrackPointExtension>
        </extensions>
      </trkpt>
      <trkpt lat="22.3206985183060169219970703125" lon="114.17723952792584896087646484375">
        <ele>22.799999237060546875</ele>
        <time>2026-01-17T07:20:51.000Z</time>
        <extensions>
          <ns3:TrackPointExtension>
            <ns3:hr>83</ns3:hr>
          </ns3:TrackPointExtension>
        </extensions>
      </trkpt>
      <trkpt lat="22.320693321526050567626953125" lon="114.17723516933619976043701171875">
        <ele>22.799999237060546875</ele>
        <time>2026-01-17T07:20:52.000Z</time>
        <extensions>
          <ns3:TrackPointExtension>
            <ns3:hr>83</ns3:hr>
          </ns3:TrackPointExtension>
        </extensions>
      </trkpt>
      <trkpt lat="22.3206877894699573516845703125" lon="114.1772307269275188446044921875">
        <ele>22.6000003814697265625</ele>
        <time>2026-01-17T07:20:53.000Z</time>
        <extensions>
          <ns3:TrackPointExtension>
            <ns3:hr>83</ns3:hr>
          </ns3:TrackPointExtension>
        </extensions>
      </trkpt>
      <trkpt lat="22.3206814192235469818115234375" lon="114.17722729034721851348876953125">
        <ele>22.6000003814697265625</ele>
        <time>2026-01-17T07:20:54.000Z</time>
        <extensions>
          <ns3:TrackPointExtension>
            <ns3:hr>84</ns3:hr>
          </ns3:TrackPointExtension>
        </extensions>
      </trkpt>
      <trkpt lat="22.320673204958438873291015625" lon="114.1772223450243473052978515625">
        <ele>22.6000003814697265625</ele>
        <time>2026-01-17T07:20:55.000Z</time>
        <extensions>
          <ns3:TrackPointExtension>
            <ns3:hr>84</ns3:hr>
          </ns3:TrackPointExtension>
        </extensions>
      </trkpt>
      <trkpt lat="22.32066540978848934173583984375" lon="114.1772169806063175201416015625">
        <ele>22.6000003814697265625</ele>
        <time>2026-01-17T07:20:56.000Z</time>
        <extensions>
          <ns3:TrackPointExtension>
            <ns3:hr>85</ns3:hr>
          </ns3:TrackPointExtension>
        </extensions>
      </trkpt>
      <trkpt lat="22.3206566087901592254638671875" lon="114.1772109456360340118408203125">
        <ele>22.6000003814697265625</ele>
        <time>2026-01-17T07:20:57.000Z</time>
        <extensions>
          <ns3:TrackPointExtension>
            <ns3:hr>85</ns3:hr>
          </ns3:TrackPointExtension>
        </extensions>
      </trkpt>
      <trkpt lat="22.320647053420543670654296875" lon="114.177203737199306488037109375">
        <ele>22.6000003814697265625</ele>
        <time>2026-01-17T07:20:58.000Z</time>
        <extensions>
          <ns3:TrackPointExtension>
            <ns3:hr>84</ns3:hr>
          </ns3:TrackPointExtension>
        </extensions>
      </trkpt>
      <trkpt lat="22.3206395097076892852783203125" lon="114.1771975345909595489501953125">
        <ele>22.6000003814697265625</ele>
        <time>2026-01-17T07:20:59.000Z</time>
        <extensions>
          <ns3:TrackPointExtension>
            <ns3:hr>83</ns3:hr>
          </ns3:TrackPointExtension>
        </extensions>
      </trkpt>
      <trkpt lat="22.3206294514238834381103515625" lon="114.177188985049724578857421875">
        <ele>22.799999237060546875</ele>
        <time>2026-01-17T07:21:00.000Z</time>
        <extensions>
          <ns3:TrackPointExtension>
            <ns3:hr>82</ns3:hr>
          </ns3:TrackPointExtension>
        </extensions>
      </trkpt>
      <trkpt lat="22.32062031514942646026611328125" lon="114.17718152515590190887451171875">
        <ele>22.799999237060546875</ele>
        <time>2026-01-17T07:21:01.000Z</time>
        <extensions>
          <ns3:TrackPointExtension>
            <ns3:hr>80</ns3:hr>
          </ns3:TrackPointExtension>
        </extensions>
      </trkpt>
      <trkpt lat="22.32061042450368404388427734375" lon="114.1771733947098255157470703125">
        <ele>22.799999237060546875</ele>
        <time>2026-01-17T07:21:02.000Z</time>
        <extensions>
          <ns3:TrackPointExtension>
            <ns3:hr>80</ns3:hr>
          </ns3:TrackPointExtension>
        </extensions>
      </trkpt>
      <trkpt lat="22.32060137204825878143310546875" lon="114.1771680302917957305908203125">
        <ele>22.799999237060546875</ele>
        <time>2026-01-17T07:21:03.000Z</time>
        <extensions>
          <ns3:TrackPointExtension>
            <ns3:hr>78</ns3:hr>
          </ns3:TrackPointExtension>
        </extensions>
      </trkpt>
      <trkpt lat="22.3205905593931674957275390625" lon="114.17716258205473423004150390625">
        <ele>22.799999237060546875</ele>
        <time>2026-01-17T07:21:04.000Z</time>
        <extensions>
          <ns3:TrackPointExtension>
            <ns3:hr>77</ns3:hr>
          </ns3:TrackPointExtension>
        </extensions>
      </trkpt>
      <trkpt lat="22.3205801658332347869873046875" lon="114.17715721763670444488525390625">
        <ele>22.799999237060546875</ele>
        <time>2026-01-17T07:21:05.000Z</time>
        <extensions>
          <ns3:TrackPointExtension>
            <ns3:hr>77</ns3:hr>
          </ns3:TrackPointExtension>
        </extensions>
      </trkpt>
      <trkpt lat="22.32056885026395320892333984375" lon="114.17715084739029407501220703125">
        <ele>22.799999237060546875</ele>
        <time>2026-01-17T07:21:06.000Z</time>
        <extensions>
          <ns3:TrackPointExtension>
            <ns3:hr>77</ns3:hr>
          </ns3:TrackPointExtension>
        </extensions>
      </trkpt>
      <trkpt lat="22.32055820524692535400390625" lon="114.177144728600978851318359375">
        <ele>22.799999237060546875</ele>
        <time>2026-01-17T07:21:07.000Z</time>
        <extensions>
          <ns3:TrackPointExtension>
            <ns3:hr>77</ns3:hr>
          </ns3:TrackPointExtension>
        </extensions>
      </trkpt>
      <trkpt lat="22.32054747641086578369140625" lon="114.17713810689747333526611328125">
        <ele>22.799999237060546875</ele>
        <time>2026-01-17T07:21:08.000Z</time>
        <extensions>
          <ns3:TrackPointExtension>
            <ns3:hr>77</ns3:hr>
          </ns3:TrackPointExtension>
        </extensions>
      </trkpt>
      <trkpt lat="22.32053683139383792877197265625" lon="114.17713173665106296539306640625">
        <ele>22.799999237060546875</ele>
        <time>2026-01-17T07:21:09.000Z</time>
        <extensions>
          <ns3:TrackPointExtension>
            <ns3:hr>77</ns3:hr>
          </ns3:TrackPointExtension>
        </extensions>
      </trkpt>
      <trkpt lat="22.3205268569290637969970703125" lon="114.17712553404271602630615234375">
        <ele>22.799999237060546875</ele>
        <time>2026-01-17T07:21:10.000Z</time>
        <extensions>
          <ns3:TrackPointExtension>
            <ns3:hr>79</ns3:hr>
          </ns3:TrackPointExtension>
        </extensions>
      </trkpt>
      <trkpt lat="22.3205171339213848114013671875" lon="114.177118577063083648681640625">
        <ele>22.799999237060546875</ele>
        <time>2026-01-17T07:21:11.000Z</time>
        <extensions>
          <ns3:TrackPointExtension>
            <ns3:hr>80</ns3:hr>
          </ns3:TrackPointExtension>
        </extensions>
      </trkpt>
      <trkpt lat="22.3205074109137058258056640625" lon="114.1771110333502292633056640625">
        <ele>22.6000003814697265625</ele>
        <time>2026-01-17T07:21:12.000Z</time>
        <extensions>
          <ns3:TrackPointExtension>
            <ns3:hr>81</ns3:hr>
          </ns3:TrackPointExtension>
        </extensions>
      </trkpt>
      <trkpt lat="22.3205007053911685943603515625" lon="114.177103824913501739501953125">
        <ele>22.6000003814697265625</ele>
        <time>2026-01-17T07:21:13.000Z</time>
        <extensions>
          <ns3:TrackPointExtension>
            <ns3:hr>81</ns3:hr>
          </ns3:TrackPointExtension>
        </extensions>
      </trkpt>
      <trkpt lat="22.3204946704208850860595703125" lon="114.1770966164767742156982421875">
        <ele>22.6000003814697265625</ele>
        <time>2026-01-17T07:21:14.000Z</time>
        <extensions>
          <ns3:TrackPointExtension>
            <ns3:hr>80</ns3:hr>
          </ns3:TrackPointExtension>
        </extensions>
      </trkpt>
      <trkpt lat="22.32048687525093555450439453125" lon="114.17708781547844409942626953125">
        <ele>22.6000003814697265625</ele>
        <time>2026-01-17T07:21:15.000Z</time>
        <extensions>
          <ns3:TrackPointExtension>
            <ns3:hr>79</ns3:hr>
          </ns3:TrackPointExtension>
        </extensions>
      </trkpt>
      <trkpt lat="22.32048084028065204620361328125" lon="114.177075661718845367431640625">
        <ele>22.6000003814697265625</ele>
        <time>2026-01-17T07:21:16.000Z</time>
        <extensions>
          <ns3:TrackPointExtension>
            <ns3:hr>78</ns3:hr>
          </ns3:TrackPointExtension>
        </extensions>
      </trkpt>
      <trkpt lat="22.32047681696712970733642578125" lon="114.17706468142569065093994140625">
        <ele>22.6000003814697265625</ele>
        <time>2026-01-17T07:21:17.000Z</time>
        <extensions>
          <ns3:TrackPointExtension>
            <ns3:hr>78</ns3:hr>
          </ns3:TrackPointExtension>
        </extensions>
      </trkpt>
      <trkpt lat="22.3204732127487659454345703125" lon="114.1770506836473941802978515625">
        <ele>22.6000003814697265625</ele>
        <time>2026-01-17T07:21:18.000Z</time>
        <extensions>
          <ns3:TrackPointExtension>
            <ns3:hr>78</ns3:hr>
          </ns3:TrackPointExtension>
        </extensions>
      </trkpt>
      <trkpt lat="22.3204685188829898834228515625" lon="114.17703576385974884033203125">
        <ele>22.6000003814697265625</ele>
        <time>2026-01-17T07:21:19.000Z</time>
        <extensions>
          <ns3:TrackPointExtension>
            <ns3:hr>78</ns3:hr>
          </ns3:TrackPointExtension>
        </extensions>
      </trkpt>
      <trkpt lat="22.32045921497046947479248046875" lon="114.17702008970081806182861328125">
        <ele>22.799999237060546875</ele>
        <time>2026-01-17T07:21:20.000Z</time>
        <extensions>
          <ns3:TrackPointExtension>
            <ns3:hr>78</ns3:hr>
          </ns3:TrackPointExtension>
        </extensions>
      </trkpt>
      <trkpt lat="22.32044848613440990447998046875" lon="114.1770077683031558990478515625">
        <ele>22.799999237060546875</ele>
        <time>2026-01-17T07:21:21.000Z</time>
        <extensions>
          <ns3:TrackPointExtension>
            <ns3:hr>78</ns3:hr>
          </ns3:TrackPointExtension>
        </extensions>
      </trkpt>
      <trkpt lat="22.32043859548866748809814453125" lon="114.176999889314174652099609375">
        <ele>22.799999237060546875</ele>
        <time>2026-01-17T07:21:22.000Z</time>
        <extensions>
          <ns3:TrackPointExtension>
            <ns3:hr>78</ns3:hr>
          </ns3:TrackPointExtension>
        </extensions>
      </trkpt>
      <trkpt lat="22.3204286210238933563232421875" lon="114.17699226178228855133056640625">
        <ele>22.799999237060546875</ele>
        <time>2026-01-17T07:21:23.000Z</time>
        <extensions>
          <ns3:TrackPointExtension>
            <ns3:hr>78</ns3:hr>
          </ns3:TrackPointExtension>
        </extensions>
      </trkpt>
      <trkpt lat="22.3204194009304046630859375" lon="114.17698614299297332763671875">
        <ele>22.799999237060546875</ele>
        <time>2026-01-17T07:21:24.000Z</time>
        <extensions>
          <ns3:TrackPointExtension>
            <ns3:hr>78</ns3:hr>
          </ns3:TrackPointExtension>
        </extensions>
      </trkpt>
      <trkpt lat="22.32040976174175739288330078125" lon="114.1769789345562458038330078125">
        <ele>22.799999237060546875</ele>
        <time>2026-01-17T07:21:25.000Z</time>
        <extensions>
          <ns3:TrackPointExtension>
            <ns3:hr>78</ns3:hr>
          </ns3:TrackPointExtension>
        </extensions>
      </trkpt>
      <trkpt lat="22.3204038105905055999755859375" lon="114.1769725643098354339599609375">
        <ele>22.799999237060546875</ele>
        <time>2026-01-17T07:21:26.000Z</time>
        <extensions>
          <ns3:TrackPointExtension>
            <ns3:hr>78</ns3:hr>
          </ns3:TrackPointExtension>
        </extensions>
      </trkpt>
      <trkpt lat="22.320394925773143768310546875" lon="114.1769638471305370330810546875">
        <ele>22.799999237060546875</ele>
        <time>2026-01-17T07:21:27.000Z</time>
        <extensions>
          <ns3:TrackPointExtension>
            <ns3:hr>78</ns3:hr>
          </ns3:TrackPointExtension>
        </extensions>
      </trkpt>
      <trkpt lat="22.3203883878886699676513671875" lon="114.176958315074443817138671875">
        <ele>22.799999237060546875</ele>
        <time>2026-01-17T07:21:28.000Z</time>
        <extensions>
          <ns3:TrackPointExtension>
            <ns3:hr>78</ns3:hr>
          </ns3:TrackPointExtension>
        </extensions>
      </trkpt>
      <trkpt lat="22.32038042508065700531005859375" lon="114.17695454321801662445068359375">
        <ele>22.6000003814697265625</ele>
        <time>2026-01-17T07:21:29.000Z</time>
        <extensions>
          <ns3:TrackPointExtension>
            <ns3:hr>78</ns3:hr>
          </ns3:TrackPointExtension>
        </extensions>
      </trkpt>
      <trkpt lat="22.32037154026329517364501953125" lon="114.1769501008093357086181640625">
        <ele>22.6000003814697265625</ele>
        <time>2026-01-17T07:21:30.000Z</time>
        <extensions>
          <ns3:TrackPointExtension>
            <ns3:hr>78</ns3:hr>
          </ns3:TrackPointExtension>
        </extensions>
      </trkpt>
      <trkpt lat="22.32036181725561618804931640625" lon="114.17694515548646450042724609375">
        <ele>22.6000003814697265625</ele>
        <time>2026-01-17T07:21:31.000Z</time>
        <extensions>
          <ns3:TrackPointExtension>
            <ns3:hr>78</ns3:hr>
          </ns3:TrackPointExtension>
        </extensions>
      </trkpt>
      <trkpt lat="22.320353351533412933349609375" lon="114.176941215991973876953125">
        <ele>22.6000003814697265625</ele>
        <time>2026-01-17T07:21:32.000Z</time>
        <extensions>
          <ns3:TrackPointExtension>
            <ns3:hr>79</ns3:hr>
          </ns3:TrackPointExtension>
        </extensions>
      </trkpt>
      <trkpt lat="22.32034404762089252471923828125" lon="114.17693492956459522247314453125">
        <ele>22.6000003814697265625</ele>
        <time>2026-01-17T07:21:33.000Z</time>
        <extensions>
          <ns3:TrackPointExtension>
            <ns3:hr>78</ns3:hr>
          </ns3:TrackPointExtension>
        </extensions>
      </trkpt>
      <trkpt lat="22.320334576070308685302734375" lon="114.17692721821367740631103515625">
        <ele>22.6000003814697265625</ele>
        <time>2026-01-17T07:21:34.000Z</time>
        <extensions>
          <ns3:TrackPointExtension>
            <ns3:hr>79</ns3:hr>
          </ns3:TrackPointExtension>
        </extensions>
      </trkpt>
      <trkpt lat="22.3203290440142154693603515625" lon="114.1769202612340450286865234375">
        <ele>22.6000003814697265625</ele>
        <time>2026-01-17T07:21:35.000Z</time>
        <extensions>
          <ns3:TrackPointExtension>
            <ns3:hr>78</ns3:hr>
          </ns3:TrackPointExtension>
        </extensions>
      </trkpt>
      <trkpt lat="22.32032326050102710723876953125" lon="114.17691104114055633544921875">
        <ele>22.6000003814697265625</ele>
        <time>2026-01-17T07:21:36.000Z</time>
        <extensions>
          <ns3:TrackPointExtension>
            <ns3:hr>78</ns3:hr>
          </ns3:TrackPointExtension>
        </extensions>
      </trkpt>
      <trkpt lat="22.32031806372106075286865234375" lon="114.17690098285675048828125">
        <ele>22.6000003814697265625</ele>
        <time>2026-01-17T07:21:37.000Z</time>
        <extensions>
          <ns3:TrackPointExtension>
            <ns3:hr>78</ns3:hr>
          </ns3:TrackPointExtension>
        </extensions>
      </trkpt>
      <trkpt lat="22.32031169347465038299560546875" lon="114.17689000256359577178955078125">
        <ele>22.6000003814697265625</ele>
        <time>2026-01-17T07:21:38.000Z</time>
        <extensions>
          <ns3:TrackPointExtension>
            <ns3:hr>79</ns3:hr>
          </ns3:TrackPointExtension>
        </extensions>
      </trkpt>
      <trkpt lat="22.320305071771144866943359375" lon="114.17688078247010707855224609375">
        <ele>22.3999996185302734375</ele>
        <time>2026-01-17T07:21:39.000Z</time>
        <extensions>
          <ns3:TrackPointExtension>
            <ns3:hr>77</ns3:hr>
          </ns3:TrackPointExtension>
        </extensions>
      </trkpt>
      <trkpt lat="22.32029845006763935089111328125" lon="114.1768713109195232391357421875">
        <ele>22.3999996185302734375</ele>
        <time>2026-01-17T07:21:40.000Z</time>
        <extensions>
          <ns3:TrackPointExtension>
            <ns3:hr>76</ns3:hr>
          </ns3:TrackPointExtension>
        </extensions>
      </trkpt>
      <trkpt lat="22.320291996002197265625" lon="114.1768609173595905303955078125">
        <ele>22.3999996185302734375</ele>
        <time>2026-01-17T07:21:41.000Z</time>
        <extensions>
          <ns3:TrackPointExtension>
            <ns3:hr>74</ns3:hr>
          </ns3:TrackPointExtension>
        </extensions>
      </trkpt>
      <trkpt lat="22.3202864639461040496826171875" lon="114.1768485121428966522216796875">
        <ele>22.3999996185302734375</ele>
        <time>2026-01-17T07:21:42.000Z</time>
        <extensions>
          <ns3:TrackPointExtension>
            <ns3:hr>74</ns3:hr>
          </ns3:TrackPointExtension>
        </extensions>
      </trkpt>
      <trkpt lat="22.32027967460453510284423828125" lon="114.17683719657361507415771484375">
        <ele>22.3999996185302734375</ele>
        <time>2026-01-17T07:21:43.000Z</time>
        <extensions>
          <ns3:TrackPointExtension>
            <ns3:hr>74</ns3:hr>
          </ns3:TrackPointExtension>
        </extensions>
      </trkpt>
      <trkpt lat="22.32027129270136356353759765625" lon="114.1768247075378894805908203125">
        <ele>22.3999996185302734375</ele>
        <time>2026-01-17T07:21:44.000Z</time>
        <extensions>
          <ns3:TrackPointExtension>
            <ns3:hr>74</ns3:hr>
          </ns3:TrackPointExtension>
        </extensions>
      </trkpt>
      <trkpt lat="22.32026408426463603973388671875" lon="114.17681456543505191802978515625">
        <ele>22.3999996185302734375</ele>
        <time>2026-01-17T07:21:45.000Z</time>
        <extensions>
          <ns3:TrackPointExtension>
            <ns3:hr>74</ns3:hr>
          </ns3:TrackPointExtension>
        </extensions>
      </trkpt>
      <trkpt lat="22.32025704346597194671630859375" lon="114.17680081911385059356689453125">
        <ele>22.3999996185302734375</ele>
        <time>2026-01-17T07:21:46.000Z</time>
        <extensions>
          <ns3:TrackPointExtension>
            <ns3:hr>75</ns3:hr>
          </ns3:TrackPointExtension>
        </extensions>
      </trkpt>
      <trkpt lat="22.32025243341922760009765625" lon="114.176785983145236968994140625">
        <ele>22.3999996185302734375</ele>
        <time>2026-01-17T07:21:47.000Z</time>
        <extensions>
          <ns3:TrackPointExtension>
            <ns3:hr>75</ns3:hr>
          </ns3:TrackPointExtension>
        </extensions>
      </trkpt>
      <trkpt lat="22.32024849392473697662353515625" lon="114.1767703928053379058837890625">
        <ele>22.3999996185302734375</ele>
        <time>2026-01-17T07:21:48.000Z</time>
        <extensions>
          <ns3:TrackPointExtension>
            <ns3:hr>75</ns3:hr>
          </ns3:TrackPointExtension>
        </extensions>
      </trkpt>
      <trkpt lat="22.3202465660870075225830078125" lon="114.17675723321735858917236328125">
        <ele>22.3999996185302734375</ele>
        <time>2026-01-17T07:21:49.000Z</time>
        <extensions>
          <ns3:TrackPointExtension>
            <ns3:hr>76</ns3:hr>
          </ns3:TrackPointExtension>
        </extensions>
      </trkpt>
      <trkpt lat="22.320244722068309783935546875" lon="114.17674365453422069549560546875">
        <ele>22.3999996185302734375</ele>
        <time>2026-01-17T07:21:50.000Z</time>
        <extensions>
          <ns3:TrackPointExtension>
            <ns3:hr>76</ns3:hr>
          </ns3:TrackPointExtension>
        </extensions>
      </trkpt>
      <trkpt lat="22.320248074829578399658203125" lon="114.17673024348914623260498046875">
        <ele>22.3999996185302734375</ele>
        <time>2026-01-17T07:21:51.000Z</time>
        <extensions>
          <ns3:TrackPointExtension>
            <ns3:hr>76</ns3:hr>
          </ns3:TrackPointExtension>
        </extensions>
      </trkpt>
      <trkpt lat="22.32024304568767547607421875" lon="114.17671197094023227691650390625">
        <ele>22.3999996185302734375</ele>
        <time>2026-01-17T07:21:52.000Z</time>
        <extensions>
          <ns3:TrackPointExtension>
            <ns3:hr>77</ns3:hr>
          </ns3:TrackPointExtension>
        </extensions>
      </trkpt>
      <trkpt lat="22.3202351666986942291259765625" lon="114.1766919381916522979736328125">
        <ele>22.3999996185302734375</ele>
        <time>2026-01-17T07:21:53.000Z</time>
        <extensions>
          <ns3:TrackPointExtension>
            <ns3:hr>77</ns3:hr>
          </ns3:TrackPointExtension>
        </extensions>
      </trkpt>
      <trkpt lat="22.320225276052951812744140625" lon="114.1766751743853092193603515625">
        <ele>22.200000762939453125</ele>
        <time>2026-01-17T07:21:54.000Z</time>
        <extensions>
          <ns3:TrackPointExtension>
            <ns3:hr>77</ns3:hr>
          </ns3:TrackPointExtension>
        </extensions>
      </trkpt>
      <trkpt lat="22.32021463103592395782470703125" lon="114.17666519992053508758544921875">
        <ele>22.200000762939453125</ele>
        <time>2026-01-17T07:21:55.000Z</time>
        <extensions>
          <ns3:TrackPointExtension>
            <ns3:hr>76</ns3:hr>
          </ns3:TrackPointExtension>
        </extensions>
      </trkpt>
      <trkpt lat="22.32020071707665920257568359375" lon="114.176656566560268402099609375">
        <ele>22.200000762939453125</ele>
        <time>2026-01-17T07:21:56.000Z</time>
        <extensions>
          <ns3:TrackPointExtension>
            <ns3:hr>77</ns3:hr>
          </ns3:TrackPointExtension>
        </extensions>
      </trkpt>
      <trkpt lat="22.32018663547933101654052734375" lon="114.17664960958063602447509765625">
        <ele>22.3999996185302734375</ele>
        <time>2026-01-17T07:21:57.000Z</time>
        <extensions>
          <ns3:TrackPointExtension>
            <ns3:hr>77</ns3:hr>
          </ns3:TrackPointExtension>
        </extensions>
      </trkpt>
      <trkpt lat="22.32017221860587596893310546875" lon="114.17664005421102046966552734375">
        <ele>22.3999996185302734375</ele>
        <time>2026-01-17T07:21:58.000Z</time>
        <extensions>
          <ns3:TrackPointExtension>
            <ns3:hr>77</ns3:hr>
          </ns3:TrackPointExtension>
        </extensions>
      </trkpt>
      <trkpt lat="22.3201592266559600830078125" lon="114.17663116939365863800048828125">
        <ele>22.200000762939453125</ele>
        <time>2026-01-17T07:21:59.000Z</time>
        <extensions>
          <ns3:TrackPointExtension>
            <ns3:hr>77</ns3:hr>
          </ns3:TrackPointExtension>
        </extensions>
      </trkpt>
      <trkpt lat="22.32014673762023448944091796875" lon="114.17662161402404308319091796875">
        <ele>22.200000762939453125</ele>
        <time>2026-01-17T07:22:00.000Z</time>
        <extensions>
          <ns3:TrackPointExtension>
            <ns3:hr>77</ns3:hr>
          </ns3:TrackPointExtension>
        </extensions>
      </trkpt>
      <trkpt lat="22.32013567350804805755615234375" lon="114.1766158305108547210693359375">
        <ele>22.200000762939453125</ele>
        <time>2026-01-17T07:22:01.000Z</time>
        <extensions>
          <ns3:TrackPointExtension>
            <ns3:hr>78</ns3:hr>
          </ns3:TrackPointExtension>
        </extensions>
      </trkpt>
      <trkpt lat="22.32011924497783184051513671875" lon="114.17660929262638092041015625">
        <ele>22</ele>
        <time>2026-01-17T07:22:02.000Z</time>
        <extensions>
          <ns3:TrackPointExtension>
            <ns3:hr>78</ns3:hr>
          </ns3:TrackPointExtension>
        </extensions>
      </trkpt>
      <trkpt lat="22.32010063715279102325439453125" lon="114.17660200037062168121337890625">
        <ele>22</ele>
        <time>2026-01-17T07:22:03.000Z</time>
        <extensions>
          <ns3:TrackPointExtension>
            <ns3:hr>78</ns3:hr>
          </ns3:TrackPointExtension>
        </extensions>
      </trkpt>
      <trkpt lat="22.32008320279419422149658203125" lon="114.17659856379032135009765625">
        <ele>22</ele>
        <time>2026-01-17T07:22:04.000Z</time>
        <extensions>
          <ns3:TrackPointExtension>
            <ns3:hr>78</ns3:hr>
          </ns3:TrackPointExtension>
        </extensions>
      </trkpt>
      <trkpt lat="22.32006870210170745849609375" lon="114.1765973903238773345947265625">
        <ele>22</ele>
        <time>2026-01-17T07:22:05.000Z</time>
        <extensions>
          <ns3:TrackPointExtension>
            <ns3:hr>77</ns3:hr>
          </ns3:TrackPointExtension>
        </extensions>
      </trkpt>
      <trkpt lat="22.32005663216114044189453125" lon="114.17659613303840160369873046875">
        <ele>22</ele>
        <time>2026-01-17T07:22:06.000Z</time>
        <extensions>
          <ns3:TrackPointExtension>
            <ns3:hr>77</ns3:hr>
          </ns3:TrackPointExtension>
        </extensions>
      </trkpt>
      <trkpt lat="22.320042885839939117431640625" lon="114.1765923611819744110107421875">
        <ele>21.799999237060546875</ele>
        <time>2026-01-17T07:22:07.000Z</time>
        <extensions>
          <ns3:TrackPointExtension>
            <ns3:hr>78</ns3:hr>
          </ns3:TrackPointExtension>
        </extensions>
      </trkpt>
      <trkpt lat="22.32002872042357921600341796875" lon="114.17659294791519641876220703125">
        <ele>21.799999237060546875</ele>
        <time>2026-01-17T07:22:08.000Z</time>
        <extensions>
          <ns3:TrackPointExtension>
            <ns3:hr>78</ns3:hr>
          </ns3:TrackPointExtension>
        </extensions>
      </trkpt>
      <trkpt lat="22.32001614756882190704345703125" lon="114.17658976279199123382568359375">
        <ele>21.799999237060546875</ele>
        <time>2026-01-17T07:22:09.000Z</time>
        <extensions>
          <ns3:TrackPointExtension>
            <ns3:hr>78</ns3:hr>
          </ns3:TrackPointExtension>
        </extensions>
      </trkpt>
      <trkpt lat="22.32000223360955715179443359375" lon="114.176587499678134918212890625">
        <ele>21.799999237060546875</ele>
        <time>2026-01-17T07:22:10.000Z</time>
        <extensions>
          <ns3:TrackPointExtension>
            <ns3:hr>79</ns3:hr>
          </ns3:TrackPointExtension>
        </extensions>
      </trkpt>
      <trkpt lat="22.31998982839286327362060546875" lon="114.1765873320400714874267578125">
        <ele>21.799999237060546875</ele>
        <time>2026-01-17T07:22:11.000Z</time>
        <extensions>
          <ns3:TrackPointExtension>
            <ns3:hr>84</ns3:hr>
          </ns3:TrackPointExtension>
        </extensions>
      </trkpt>
      <trkpt lat="22.31998094357550144195556640625" lon="114.17658557184040546417236328125">
        <ele>21.6000003814697265625</ele>
        <time>2026-01-17T07:22:12.000Z</time>
        <extensions>
          <ns3:TrackPointExtension>
            <ns3:hr>85</ns3:hr>
          </ns3:TrackPointExtension>
        </extensions>
      </trkpt>
      <trkpt lat="22.31997272931039333343505859375" lon="114.17658506892621517181396484375">
        <ele>21.6000003814697265625</ele>
        <time>2026-01-17T07:22:13.000Z</time>
        <extensions>
          <ns3:TrackPointExtension>
            <ns3:hr>85</ns3:hr>
          </ns3:TrackPointExtension>
        </extensions>
      </trkpt>
      <trkpt lat="22.31996250338852405548095703125" lon="114.17658406309783458709716796875">
        <ele>21.6000003814697265625</ele>
        <time>2026-01-17T07:22:14.000Z</time>
        <extensions>
          <ns3:TrackPointExtension>
            <ns3:hr>84</ns3:hr>
          </ns3:TrackPointExtension>
        </extensions>
      </trkpt>
      <trkpt lat="22.31994791887700557708740234375" lon="114.17658154852688312530517578125">
        <ele>21.6000003814697265625</ele>
        <time>2026-01-17T07:22:15.000Z</time>
        <extensions>
          <ns3:TrackPointExtension>
            <ns3:hr>83</ns3:hr>
          </ns3:TrackPointExtension>
        </extensions>
      </trkpt>
      <trkpt lat="22.31992729939520359039306640625" lon="114.17658087797462940216064453125">
        <ele>21.6000003814697265625</ele>
        <time>2026-01-17T07:22:16.000Z</time>
        <extensions>
          <ns3:TrackPointExtension>
            <ns3:hr>83</ns3:hr>
          </ns3:TrackPointExtension>
        </extensions>
      </trkpt>
      <trkpt lat="22.31990885920822620391845703125" lon="114.176579453051090240478515625">
        <ele>21.6000003814697265625</ele>
        <time>2026-01-17T07:22:17.000Z</time>
        <extensions>
          <ns3:TrackPointExtension>
            <ns3:hr>83</ns3:hr>
          </ns3:TrackPointExtension>
        </extensions>
      </trkpt>
      <trkpt lat="22.31988899409770965576171875" lon="114.17657752521336078643798828125">
        <ele>21.6000003814697265625</ele>
        <time>2026-01-17T07:22:18.000Z</time>
        <extensions>
          <ns3:TrackPointExtension>
            <ns3:hr>83</ns3:hr>
          </ns3:TrackPointExtension>
        </extensions>
      </trkpt>
      <trkpt lat="22.319872565567493438720703125" lon="114.1765745915472507476806640625">
        <ele>21.3999996185302734375</ele>
        <time>2026-01-17T07:22:19.000Z</time>
        <extensions>
          <ns3:TrackPointExtension>
            <ns3:hr>82</ns3:hr>
          </ns3:TrackPointExtension>
        </extensions>
      </trkpt>
      <trkpt lat="22.3198588192462921142578125" lon="114.176571406424045562744140625">
        <ele>21.3999996185302734375</ele>
        <time>2026-01-17T07:22:20.000Z</time>
        <extensions>
          <ns3:TrackPointExtension>
            <ns3:hr>83</ns3:hr>
          </ns3:TrackPointExtension>
        </extensions>
      </trkpt>
      <trkpt lat="22.31984565965831279754638671875" lon="114.1765662096440792083740234375">
        <ele>21.3999996185302734375</ele>
        <time>2026-01-17T07:22:21.000Z</time>
        <extensions>
          <ns3:TrackPointExtension>
            <ns3:hr>83</ns3:hr>
          </ns3:TrackPointExtension>
        </extensions>
      </trkpt>
      <trkpt lat="22.3198325000703334808349609375" lon="114.17656310833990573883056640625">
        <ele>21.3999996185302734375</ele>
        <time>2026-01-17T07:22:22.000Z</time>
        <extensions>
          <ns3:TrackPointExtension>
            <ns3:hr>82</ns3:hr>
          </ns3:TrackPointExtension>
        </extensions>
      </trkpt>
      <trkpt lat="22.3198211006820201873779296875" lon="114.1765554808080196380615234375">
        <ele>21.3999996185302734375</ele>
        <time>2026-01-17T07:22:23.000Z</time>
        <extensions>
          <ns3:TrackPointExtension>
            <ns3:hr>83</ns3:hr>
          </ns3:TrackPointExtension>
        </extensions>
      </trkpt>
      <trkpt lat="22.31980944983661174774169921875" lon="114.17654785327613353729248046875">
        <ele>21.3999996185302734375</ele>
        <time>2026-01-17T07:22:24.000Z</time>
        <extensions>
          <ns3:TrackPointExtension>
            <ns3:hr>83</ns3:hr>
          </ns3:TrackPointExtension>
        </extensions>
      </trkpt>
      <trkpt lat="22.31979687698185443878173828125" lon="114.176538884639739990234375">
        <ele>21.3999996185302734375</ele>
        <time>2026-01-17T07:22:25.000Z</time>
        <extensions>
          <ns3:TrackPointExtension>
            <ns3:hr>83</ns3:hr>
          </ns3:TrackPointExtension>
        </extensions>
      </trkpt>
      <trkpt lat="22.31978430412709712982177734375" lon="114.1765316762030124664306640625">
        <ele>21.3999996185302734375</ele>
        <time>2026-01-17T07:22:26.000Z</time>
        <extensions>
          <ns3:TrackPointExtension>
            <ns3:hr>83</ns3:hr>
          </ns3:TrackPointExtension>
        </extensions>
      </trkpt>
      <trkpt lat="22.3197711445391178131103515625" lon="114.17652304284274578094482421875">
        <ele>21.3999996185302734375</ele>
        <time>2026-01-17T07:22:27.000Z</time>
        <extensions>
          <ns3:TrackPointExtension>
            <ns3:hr>84</ns3:hr>
          </ns3:TrackPointExtension>
        </extensions>
      </trkpt>
      <trkpt lat="22.3197594098746776580810546875" lon="114.176515080034732818603515625">
        <ele>21.200000762939453125</ele>
        <time>2026-01-17T07:22:28.000Z</time>
        <extensions>
          <ns3:TrackPointExtension>
            <ns3:hr>85</ns3:hr>
          </ns3:TrackPointExtension>
        </extensions>
      </trkpt>
      <trkpt lat="22.3197486810386180877685546875" lon="114.1765055246651172637939453125">
        <ele>21.200000762939453125</ele>
        <time>2026-01-17T07:22:29.000Z</time>
        <extensions>
          <ns3:TrackPointExtension>
            <ns3:hr>85</ns3:hr>
          </ns3:TrackPointExtension>
        </extensions>
      </trkpt>
      <trkpt lat="22.31973879039287567138671875" lon="114.17649655602872371673583984375">
        <ele>21.200000762939453125</ele>
        <time>2026-01-17T07:22:30.000Z</time>
        <extensions>
          <ns3:TrackPointExtension>
            <ns3:hr>84</ns3:hr>
          </ns3:TrackPointExtension>
        </extensions>
      </trkpt>
      <trkpt lat="22.31973032467067241668701171875" lon="114.17648850940167903900146484375">
        <ele>21.200000762939453125</ele>
        <time>2026-01-17T07:22:31.000Z</time>
        <extensions>
          <ns3:TrackPointExtension>
            <ns3:hr>84</ns3:hr>
          </ns3:TrackPointExtension>
        </extensions>
      </trkpt>
      <trkpt lat="22.31971993111073970794677734375" lon="114.17647912167012691497802734375">
        <ele>21.200000762939453125</ele>
        <time>2026-01-17T07:22:32.000Z</time>
        <extensions>
          <ns3:TrackPointExtension>
            <ns3:hr>84</ns3:hr>
          </ns3:TrackPointExtension>
        </extensions>
      </trkpt>
      <trkpt lat="22.3197097890079021453857421875" lon="114.17647073976695537567138671875">
        <ele>21.200000762939453125</ele>
        <time>2026-01-17T07:22:33.000Z</time>
        <extensions>
          <ns3:TrackPointExtension>
            <ns3:hr>83</ns3:hr>
          </ns3:TrackPointExtension>
        </extensions>
      </trkpt>
      <trkpt lat="22.31970014981925487518310546875" lon="114.17646445333957672119140625">
        <ele>21.200000762939453125</ele>
        <time>2026-01-17T07:22:34.000Z</time>
        <extensions>
          <ns3:TrackPointExtension>
            <ns3:hr>83</ns3:hr>
          </ns3:TrackPointExtension>
        </extensions>
      </trkpt>
      <trkpt lat="22.3196926899254322052001953125" lon="114.17645967565476894378662109375">
        <ele>21.200000762939453125</ele>
        <time>2026-01-17T07:22:35.000Z</time>
        <extensions>
          <ns3:TrackPointExtension>
            <ns3:hr>82</ns3:hr>
          </ns3:TrackPointExtension>
        </extensions>
      </trkpt>
      <trkpt lat="22.31968539766967296600341796875" lon="114.17645297013223171234130859375">
        <ele>21.200000762939453125</ele>
        <time>2026-01-17T07:22:36.000Z</time>
        <extensions>
          <ns3:TrackPointExtension>
            <ns3:hr>81</ns3:hr>
          </ns3:TrackPointExtension>
        </extensions>
      </trkpt>
      <trkpt lat="22.31967575848102569580078125" lon="114.1764448396861553192138671875">
        <ele>21.200000762939453125</ele>
        <time>2026-01-17T07:22:37.000Z</time>
        <extensions>
          <ns3:TrackPointExtension>
            <ns3:hr>81</ns3:hr>
          </ns3:TrackPointExtension>
        </extensions>
      </trkpt>
      <trkpt lat="22.3196641914546489715576171875" lon="114.17643452994525432586669921875">
        <ele>21</ele>
        <time>2026-01-17T07:22:38.000Z</time>
        <extensions>
          <ns3:TrackPointExtension>
            <ns3:hr>80</ns3:hr>
          </ns3:TrackPointExtension>
        </extensions>
      </trkpt>
      <trkpt lat="22.3196541331708431243896484375" lon="114.17642447166144847869873046875">
        <ele>21</ele>
        <time>2026-01-17T07:22:39.000Z</time>
        <extensions>
          <ns3:TrackPointExtension>
            <ns3:hr>80</ns3:hr>
          </ns3:TrackPointExtension>
        </extensions>
      </trkpt>
      <trkpt lat="22.31964625418186187744140625" lon="114.176417179405689239501953125">
        <ele>21</ele>
        <time>2026-01-17T07:22:40.000Z</time>
        <extensions>
          <ns3:TrackPointExtension>
            <ns3:hr>80</ns3:hr>
          </ns3:TrackPointExtension>
        </extensions>
      </trkpt>
      <trkpt lat="22.3196383751928806304931640625" lon="114.17641106061637401580810546875">
        <ele>21</ele>
        <time>2026-01-17T07:22:41.000Z</time>
        <extensions>
          <ns3:TrackPointExtension>
            <ns3:hr>80</ns3:hr>
          </ns3:TrackPointExtension>
        </extensions>
      </trkpt>
      <trkpt lat="22.31963041238486766815185546875" lon="114.17640569619834423065185546875">
        <ele>21</ele>
        <time>2026-01-17T07:22:42.000Z</time>
        <extensions>
          <ns3:TrackPointExtension>
            <ns3:hr>81</ns3:hr>
          </ns3:TrackPointExtension>
        </extensions>
      </trkpt>
      <trkpt lat="22.3196239583194255828857421875" lon="114.17640167288482189178466796875">
        <ele>20.799999237060546875</ele>
        <time>2026-01-17T07:22:43.000Z</time>
        <extensions>
          <ns3:TrackPointExtension>
            <ns3:hr>81</ns3:hr>
          </ns3:TrackPointExtension>
        </extensions>
      </trkpt>
      <trkpt lat="22.31961809098720550537109375" lon="114.17640452273190021514892578125">
        <ele>20.799999237060546875</ele>
        <time>2026-01-17T07:22:44.000Z</time>
        <extensions>
          <ns3:TrackPointExtension>
            <ns3:hr>81</ns3:hr>
          </ns3:TrackPointExtension>
        </extensions>
      </trkpt>
      <trkpt lat="22.3196174204349517822265625" lon="114.17640469036996364593505859375">
        <ele>20.799999237060546875</ele>
        <time>2026-01-17T07:22:45.000Z</time>
        <extensions>
          <ns3:TrackPointExtension>
            <ns3:hr>82</ns3:hr>
          </ns3:TrackPointExtension>
        </extensions>
      </trkpt>
      <trkpt lat="22.319618426263332366943359375" lon="114.17640351690351963043212890625">
        <ele>20.799999237060546875</ele>
        <time>2026-01-17T07:22:46.000Z</time>
        <extensions>
          <ns3:TrackPointExtension>
            <ns3:hr>82</ns3:hr>
          </ns3:TrackPointExtension>
        </extensions>
      </trkpt>
      <trkpt lat="22.31961750425398349761962890625" lon="114.17640276253223419189453125">
        <ele>20.799999237060546875</ele>
        <time>2026-01-17T07:22:47.000Z</time>
        <extensions>
          <ns3:TrackPointExtension>
            <ns3:hr>82</ns3:hr>
          </ns3:TrackPointExtension>
        </extensions>
      </trkpt>
      <trkpt lat="22.31961800716817378997802734375" lon="114.17640167288482189178466796875">
        <ele>21</ele>
        <time>2026-01-17T07:22:48.000Z</time>
        <extensions>
          <ns3:TrackPointExtension>
            <ns3:hr>83</ns3:hr>
          </ns3:TrackPointExtension>
        </extensions>
      </trkpt>
      <trkpt lat="22.31961918063461780548095703125" lon="114.17640008032321929931640625">
        <ele>21</ele>
        <time>2026-01-17T07:22:49.000Z</time>
        <extensions>
          <ns3:TrackPointExtension>
            <ns3:hr>84</ns3:hr>
          </ns3:TrackPointExtension>
        </extensions>
      </trkpt>
      <trkpt lat="22.31962077319622039794921875" lon="114.1763985715806484222412109375">
        <ele>20.799999237060546875</ele>
        <time>2026-01-17T07:22:50.000Z</time>
        <extensions>
          <ns3:TrackPointExtension>
            <ns3:hr>85</ns3:hr>
          </ns3:TrackPointExtension>
        </extensions>
      </trkpt>
      <trkpt lat="22.31962303631007671356201171875" lon="114.17639446444809436798095703125">
        <ele>20.799999237060546875</ele>
        <time>2026-01-17T07:22:51.000Z</time>
        <extensions>
          <ns3:TrackPointExtension>
            <ns3:hr>85</ns3:hr>
          </ns3:TrackPointExtension>
        </extensions>
      </trkpt>
      <trkpt lat="22.31962404213845729827880859375" lon="114.17638742364943027496337890625">
        <ele>20.799999237060546875</ele>
        <time>2026-01-17T07:22:52.000Z</time>
        <extensions>
          <ns3:TrackPointExtension>
            <ns3:hr>84</ns3:hr>
          </ns3:TrackPointExtension>
        </extensions>
      </trkpt>
      <trkpt lat="22.31962488032877445220947265625" lon="114.1763814724981784820556640625">
        <ele>20.799999237060546875</ele>
        <time>2026-01-17T07:22:53.000Z</time>
        <extensions>
          <ns3:TrackPointExtension>
            <ns3:hr>85</ns3:hr>
          </ns3:TrackPointExtension>
        </extensions>
      </trkpt>
      <trkpt lat="22.3196259699761867523193359375" lon="114.17637518607079982757568359375">
        <ele>20.799999237060546875</ele>
        <time>2026-01-17T07:22:54.000Z</time>
        <extensions>
          <ns3:TrackPointExtension>
            <ns3:hr>85</ns3:hr>
          </ns3:TrackPointExtension>
        </extensions>
      </trkpt>
      <trkpt lat="22.31962680816650390625" lon="114.17636655271053314208984375">
        <ele>20.799999237060546875</ele>
        <time>2026-01-17T07:22:55.000Z</time>
        <extensions>
          <ns3:TrackPointExtension>
            <ns3:hr>85</ns3:hr>
          </ns3:TrackPointExtension>
        </extensions>
      </trkpt>
      <trkpt lat="22.3196286521852016448974609375" lon="114.17635808698832988739013671875">
        <ele>20.799999237060546875</ele>
        <time>2026-01-17T07:22:56.000Z</time>
        <extensions>
          <ns3:TrackPointExtension>
            <ns3:hr>85</ns3:hr>
          </ns3:TrackPointExtension>
        </extensions>
      </trkpt>
      <trkpt lat="22.31963058002293109893798828125" lon="114.17634903453290462493896484375">
        <ele>20.799999237060546875</ele>
        <time>2026-01-17T07:22:57.000Z</time>
        <extensions>
          <ns3:TrackPointExtension>
            <ns3:hr>85</ns3:hr>
          </ns3:TrackPointExtension>
        </extensions>
      </trkpt>
      <trkpt lat="22.3196330107748508453369140625" lon="114.176344759762287139892578125">
        <ele>20.799999237060546875</ele>
        <time>2026-01-17T07:22:58.000Z</time>
        <extensions>
          <ns3:TrackPointExtension>
            <ns3:hr>85</ns3:hr>
          </ns3:TrackPointExtension>
        </extensions>
      </trkpt>
      <trkpt lat="22.31963158585131168365478515625" lon="114.17633704841136932373046875">
        <ele>20.799999237060546875</ele>
        <time>2026-01-17T07:22:59.000Z</time>
        <extensions>
          <ns3:TrackPointExtension>
            <ns3:hr>85</ns3:hr>
          </ns3:TrackPointExtension>
        </extensions>
      </trkpt>
      <trkpt lat="22.31962940655648708343505859375" lon="114.1763310134410858154296875">
        <ele>21</ele>
        <time>2026-01-17T07:23:00.000Z</time>
        <extensions>
          <ns3:TrackPointExtension>
            <ns3:hr>85</ns3:hr>
          </ns3:TrackPointExtension>
        </extensions>
      </trkpt>
      <trkpt lat="22.3196239583194255828857421875" lon="114.17632338590919971466064453125">
        <ele>21</ele>
        <time>2026-01-17T07:23:01.000Z</time>
        <extensions>
          <ns3:TrackPointExtension>
            <ns3:hr>84</ns3:hr>
          </ns3:TrackPointExtension>
        </extensions>
      </trkpt>
      <trkpt lat="22.3196174204349517822265625" lon="114.176319278776645660400390625">
        <ele>21</ele>
        <time>2026-01-17T07:23:02.000Z</time>
        <extensions>
          <ns3:TrackPointExtension>
            <ns3:hr>85</ns3:hr>
          </ns3:TrackPointExtension>
        </extensions>
      </trkpt>
      <trkpt lat="22.31960945762693881988525390625" lon="114.176315255463123321533203125">
        <ele>21</ele>
        <time>2026-01-17T07:23:03.000Z</time>
        <extensions>
          <ns3:TrackPointExtension>
            <ns3:hr>85</ns3:hr>
          </ns3:TrackPointExtension>
        </extensions>
      </trkpt>
      <trkpt lat="22.319600991904735565185546875" lon="114.17631031014025211334228515625">
        <ele>21</ele>
        <time>2026-01-17T07:23:04.000Z</time>
        <extensions>
          <ns3:TrackPointExtension>
            <ns3:hr>84</ns3:hr>
          </ns3:TrackPointExtension>
        </extensions>
      </trkpt>
      <trkpt lat="22.319593615829944610595703125" lon="114.1763090528547763824462890625">
        <ele>21</ele>
        <time>2026-01-17T07:23:05.000Z</time>
        <extensions>
          <ns3:TrackPointExtension>
            <ns3:hr>85</ns3:hr>
          </ns3:TrackPointExtension>
        </extensions>
      </trkpt>
      <trkpt lat="22.31958590447902679443359375" lon="114.17630393989384174346923828125">
        <ele>21</ele>
        <time>2026-01-17T07:23:06.000Z</time>
        <extensions>
          <ns3:TrackPointExtension>
            <ns3:hr>84</ns3:hr>
          </ns3:TrackPointExtension>
        </extensions>
      </trkpt>
      <trkpt lat="22.3195810429751873016357421875" lon="114.17630142532289028167724609375">
        <ele>20.799999237060546875</ele>
        <time>2026-01-17T07:23:07.000Z</time>
        <extensions>
          <ns3:TrackPointExtension>
            <ns3:hr>83</ns3:hr>
          </ns3:TrackPointExtension>
        </extensions>
      </trkpt>
      <trkpt lat="22.3195753432810306549072265625" lon="114.1762993298470973968505859375">
        <ele>20.799999237060546875</ele>
        <time>2026-01-17T07:23:08.000Z</time>
        <extensions>
          <ns3:TrackPointExtension>
            <ns3:hr>82</ns3:hr>
          </ns3:TrackPointExtension>
        </extensions>
      </trkpt>
      <trkpt lat="22.3195723257958889007568359375" lon="114.176298491656780242919921875">
        <ele>20.799999237060546875</ele>
        <time>2026-01-17T07:23:09.000Z</time>
        <extensions>
          <ns3:TrackPointExtension>
            <ns3:hr>82</ns3:hr>
          </ns3:TrackPointExtension>
        </extensions>
      </trkpt>
      <trkpt lat="22.319570817053318023681640625" lon="114.1762979887425899505615234375">
        <ele>20.799999237060546875</ele>
        <time>2026-01-17T07:23:10.000Z</time>
        <extensions>
          <ns3:TrackPointExtension>
            <ns3:hr>81</ns3:hr>
          </ns3:TrackPointExtension>
        </extensions>
      </trkpt>
      <trkpt lat="22.3195703141391277313232421875" lon="114.17629740200936794281005859375">
        <ele>20.799999237060546875</ele>
        <time>2026-01-17T07:23:11.000Z</time>
        <extensions>
          <ns3:TrackPointExtension>
            <ns3:hr>81</ns3:hr>
          </ns3:TrackPointExtension>
        </extensions>
      </trkpt>
      <trkpt lat="22.31957006268203258514404296875" lon="114.17629689909517765045166015625">
        <ele>20.799999237060546875</ele>
        <time>2026-01-17T07:23:12.000Z</time>
        <extensions>
          <ns3:TrackPointExtension>
            <ns3:hr>81</ns3:hr>
          </ns3:TrackPointExtension>
        </extensions>
      </trkpt>
      <trkpt lat="22.31957006268203258514404296875" lon="114.17629673145711421966552734375">
        <ele>20.6000003814697265625</ele>
        <time>2026-01-17T07:23:13.000Z</time>
        <extensions>
          <ns3:TrackPointExtension>
            <ns3:hr>81</ns3:hr>
          </ns3:TrackPointExtension>
        </extensions>
      </trkpt>
      <trkpt lat="22.319570146501064300537109375" lon="114.1762963123619556427001953125">
        <ele>20.6000003814697265625</ele>
        <time>2026-01-17T07:23:14.000Z</time>
        <extensions>
          <ns3:TrackPointExtension>
            <ns3:hr>81</ns3:hr>
          </ns3:TrackPointExtension>
        </extensions>
      </trkpt>
      <trkpt lat="22.319570146501064300537109375" lon="114.1762959770858287811279296875">
        <ele>20.6000003814697265625</ele>
        <time>2026-01-17T07:23:15.000Z</time>
        <extensions>
          <ns3:TrackPointExtension>
            <ns3:hr>81</ns3:hr>
          </ns3:TrackPointExtension>
        </extensions>
      </trkpt>
      <trkpt lat="22.319570481777191162109375" lon="114.17629505507647991180419921875">
        <ele>20.6000003814697265625</ele>
        <time>2026-01-17T07:23:16.000Z</time>
        <extensions>
          <ns3:TrackPointExtension>
            <ns3:hr>81</ns3:hr>
          </ns3:TrackPointExtension>
        </extensions>
      </trkpt>
      <trkpt lat="22.319570817053318023681640625" lon="114.17629388161003589630126953125">
        <ele>20.6000003814697265625</ele>
        <time>2026-01-17T07:23:17.000Z</time>
        <extensions>
          <ns3:TrackPointExtension>
            <ns3:hr>80</ns3:hr>
          </ns3:TrackPointExtension>
        </extensions>
      </trkpt>
      <trkpt lat="22.3195709846913814544677734375" lon="114.17629287578165531158447265625">
        <ele>20.6000003814697265625</ele>
        <time>2026-01-17T07:23:18.000Z</time>
        <extensions>
          <ns3:TrackPointExtension>
            <ns3:hr>77</ns3:hr>
          </ns3:TrackPointExtension>
        </extensions>
      </trkpt>
      <trkpt lat="22.31957106851041316986083984375" lon="114.17629220522940158843994140625">
        <ele>20.6000003814697265625</ele>
        <time>2026-01-17T07:23:19.000Z</time>
        <extensions>
          <ns3:TrackPointExtension>
            <ns3:hr>75</ns3:hr>
          </ns3:TrackPointExtension>
        </extensions>
      </trkpt>
      <trkpt lat="22.3195709846913814544677734375" lon="114.176291786134243011474609375">
        <ele>20.6000003814697265625</ele>
        <time>2026-01-17T07:23:20.000Z</time>
        <extensions>
          <ns3:TrackPointExtension>
            <ns3:hr>75</ns3:hr>
          </ns3:TrackPointExtension>
        </extensions>
      </trkpt>
      <trkpt lat="22.31957090087234973907470703125" lon="114.1762916184961795806884765625">
        <ele>20.6000003814697265625</ele>
        <time>2026-01-17T07:23:21.000Z</time>
        <extensions>
          <ns3:TrackPointExtension>
            <ns3:hr>74</ns3:hr>
          </ns3:TrackPointExtension>
        </extensions>
      </trkpt>
      <trkpt lat="22.31957056559622287750244140625" lon="114.17629153467714786529541015625">
        <ele>20.6000003814697265625</ele>
        <time>2026-01-17T07:23:22.000Z</time>
        <extensions>
          <ns3:TrackPointExtension>
            <ns3:hr>74</ns3:hr>
          </ns3:TrackPointExtension>
        </extensions>
      </trkpt>
      <trkpt lat="22.31957039795815944671630859375" lon="114.17629136703908443450927734375">
        <ele>20.6000003814697265625</ele>
        <time>2026-01-17T07:23:23.000Z</time>
        <extensions>
          <ns3:TrackPointExtension>
            <ns3:hr>74</ns3:hr>
          </ns3:TrackPointExtension>
        </extensions>
      </trkpt>
      <trkpt lat="22.31957006268203258514404296875" lon="114.17629136703908443450927734375">
        <ele>20.6000003814697265625</ele>
        <time>2026-01-17T07:23:24.000Z</time>
        <extensions>
          <ns3:TrackPointExtension>
            <ns3:hr>73</ns3:hr>
          </ns3:TrackPointExtension>
        </extensions>
      </trkpt>
      <trkpt lat="22.3195696435868740081787109375" lon="114.17629145085811614990234375">
        <ele>20.3999996185302734375</ele>
        <time>2026-01-17T07:23:25.000Z</time>
        <extensions>
          <ns3:TrackPointExtension>
            <ns3:hr>74</ns3:hr>
          </ns3:TrackPointExtension>
        </extensions>
      </trkpt>
      <trkpt lat="22.31956922449171543121337890625" lon="114.17629153467714786529541015625">
        <ele>20.3999996185302734375</ele>
        <time>2026-01-17T07:23:26.000Z</time>
        <extensions>
          <ns3:TrackPointExtension>
            <ns3:hr>74</ns3:hr>
          </ns3:TrackPointExtension>
        </extensions>
      </trkpt>
      <trkpt lat="22.319568805396556854248046875" lon="114.17629153467714786529541015625">
        <ele>20.3999996185302734375</ele>
        <time>2026-01-17T07:23:27.000Z</time>
        <extensions>
          <ns3:TrackPointExtension>
            <ns3:hr>75</ns3:hr>
          </ns3:TrackPointExtension>
        </extensions>
      </trkpt>
      <trkpt lat="22.31956855393946170806884765625" lon="114.17629136703908443450927734375">
        <ele>20.3999996185302734375</ele>
        <time>2026-01-17T07:23:28.000Z</time>
        <extensions>
          <ns3:TrackPointExtension>
            <ns3:hr>75</ns3:hr>
          </ns3:TrackPointExtension>
        </extensions>
      </trkpt>
      <trkpt lat="22.31956855393946170806884765625" lon="114.17629103176295757293701171875">
        <ele>20.3999996185302734375</ele>
        <time>2026-01-17T07:23:29.000Z</time>
        <extensions>
          <ns3:TrackPointExtension>
            <ns3:hr>75</ns3:hr>
          </ns3:TrackPointExtension>
        </extensions>
      </trkpt>
      <trkpt lat="22.31956872157752513885498046875" lon="114.17629002593457698822021484375">
        <ele>20.3999996185302734375</ele>
        <time>2026-01-17T07:23:30.000Z</time>
        <extensions>
          <ns3:TrackPointExtension>
            <ns3:hr>76</ns3:hr>
          </ns3:TrackPointExtension>
        </extensions>
      </trkpt>
      <trkpt lat="22.319570481777191162109375" lon="114.1762862540781497955322265625">
        <ele>20.3999996185302734375</ele>
        <time>2026-01-17T07:23:31.000Z</time>
        <extensions>
          <ns3:TrackPointExtension>
            <ns3:hr>76</ns3:hr>
          </ns3:TrackPointExtension>
        </extensions>
      </trkpt>
      <trkpt lat="22.3195689730346202850341796875" lon="114.17628566734492778778076171875">
        <ele>20.6000003814697265625</ele>
        <time>2026-01-17T07:23:32.000Z</time>
        <extensions>
          <ns3:TrackPointExtension>
            <ns3:hr>76</ns3:hr>
          </ns3:TrackPointExtension>
        </extensions>
      </trkpt>
      <trkpt lat="22.31956687755882740020751953125" lon="114.17628164403140544891357421875">
        <ele>20.6000003814697265625</ele>
        <time>2026-01-17T07:23:33.000Z</time>
        <extensions>
          <ns3:TrackPointExtension>
            <ns3:hr>77</ns3:hr>
          </ns3:TrackPointExtension>
        </extensions>
      </trkpt>
      <trkpt lat="22.31956386007368564605712890625" lon="114.176277033984661102294921875">
        <ele>20.6000003814697265625</ele>
        <time>2026-01-17T07:23:34.000Z</time>
        <extensions>
          <ns3:TrackPointExtension>
            <ns3:hr>77</ns3:hr>
          </ns3:TrackPointExtension>
        </extensions>
      </trkpt>
      <trkpt lat="22.31956218369305133819580078125" lon="114.17627560906112194061279296875">
        <ele>20.6000003814697265625</ele>
        <time>2026-01-17T07:23:35.000Z</time>
        <extensions>
          <ns3:TrackPointExtension>
            <ns3:hr>78</ns3:hr>
          </ns3:TrackPointExtension>
        </extensions>
      </trkpt>
      <trkpt lat="22.31956134550273418426513671875" lon="114.176269657909870147705078125">
        <ele>20.6000003814697265625</ele>
        <time>2026-01-17T07:23:36.000Z</time>
        <extensions>
          <ns3:TrackPointExtension>
            <ns3:hr>78</ns3:hr>
          </ns3:TrackPointExtension>
        </extensions>
      </trkpt>
      <trkpt lat="22.31955950148403644561767578125" lon="114.176258929073810577392578125">
        <ele>20.6000003814697265625</ele>
        <time>2026-01-17T07:23:37.000Z</time>
        <extensions>
          <ns3:TrackPointExtension>
            <ns3:hr>79</ns3:hr>
          </ns3:TrackPointExtension>
        </extensions>
      </trkpt>
      <trkpt lat="22.31955866329371929168701171875" lon="114.17624585330486297607421875">
        <ele>20.6000003814697265625</ele>
        <time>2026-01-17T07:23:38.000Z</time>
        <extensions>
          <ns3:TrackPointExtension>
            <ns3:hr>79</ns3:hr>
          </ns3:TrackPointExtension>
        </extensions>
      </trkpt>
      <trkpt lat="22.31955799274146556854248046875" lon="114.17623319663107395172119140625">
        <ele>20.3999996185302734375</ele>
        <time>2026-01-17T07:23:39.000Z</time>
        <extensions>
          <ns3:TrackPointExtension>
            <ns3:hr>79</ns3:hr>
          </ns3:TrackPointExtension>
        </extensions>
      </trkpt>
      <trkpt lat="22.31955614872276782989501953125" lon="114.176226742565631866455078125">
        <ele>20.3999996185302734375</ele>
        <time>2026-01-17T07:23:40.000Z</time>
        <extensions>
          <ns3:TrackPointExtension>
            <ns3:hr>79</ns3:hr>
          </ns3:TrackPointExtension>
        </extensions>
      </trkpt>
      <trkpt lat="22.31955229304730892181396484375" lon="114.1762290894985198974609375">
        <ele>20.3999996185302734375</ele>
        <time>2026-01-17T07:23:41.000Z</time>
        <extensions>
          <ns3:TrackPointExtension>
            <ns3:hr>79</ns3:hr>
          </ns3:TrackPointExtension>
        </extensions>
      </trkpt>
      <trkpt lat="22.31954558752477169036865234375" lon="114.176234789192676544189453125">
        <ele>20.3999996185302734375</ele>
        <time>2026-01-17T07:23:42.000Z</time>
        <extensions>
          <ns3:TrackPointExtension>
            <ns3:hr>79</ns3:hr>
          </ns3:TrackPointExtension>
        </extensions>
      </trkpt>
      <trkpt lat="22.31953226029872894287109375" lon="114.1762473620474338531494140625">
        <ele>20.3999996185302734375</ele>
        <time>2026-01-17T07:23:43.000Z</time>
        <extensions>
          <ns3:TrackPointExtension>
            <ns3:hr>79</ns3:hr>
          </ns3:TrackPointExtension>
        </extensions>
      </trkpt>
      <trkpt lat="22.31951558031141757965087890625" lon="114.176255576312541961669921875">
        <ele>20.200000762939453125</ele>
        <time>2026-01-17T07:23:44.000Z</time>
        <extensions>
          <ns3:TrackPointExtension>
            <ns3:hr>79</ns3:hr>
          </ns3:TrackPointExtension>
        </extensions>
      </trkpt>
      <trkpt lat="22.31950032524764537811279296875" lon="114.176258929073810577392578125">
        <ele>20.3999996185302734375</ele>
        <time>2026-01-17T07:23:45.000Z</time>
        <extensions>
          <ns3:TrackPointExtension>
            <ns3:hr>79</ns3:hr>
          </ns3:TrackPointExtension>
        </extensions>
      </trkpt>
      <trkpt lat="22.31948741711676120758056640625" lon="114.17626085691154003143310546875">
        <ele>20.3999996185302734375</ele>
        <time>2026-01-17T07:23:46.000Z</time>
        <extensions>
          <ns3:TrackPointExtension>
            <ns3:hr>79</ns3:hr>
          </ns3:TrackPointExtension>
        </extensions>
      </trkpt>
      <trkpt lat="22.31947191059589385986328125" lon="114.17626856826245784759521484375">
        <ele>20.3999996185302734375</ele>
        <time>2026-01-17T07:23:47.000Z</time>
        <extensions>
          <ns3:TrackPointExtension>
            <ns3:hr>79</ns3:hr>
          </ns3:TrackPointExtension>
        </extensions>
      </trkpt>
      <trkpt lat="22.3194623552262783050537109375" lon="114.17627510614693164825439453125">
        <ele>20.200000762939453125</ele>
        <time>2026-01-17T07:23:48.000Z</time>
        <extensions>
          <ns3:TrackPointExtension>
            <ns3:hr>79</ns3:hr>
          </ns3:TrackPointExtension>
        </extensions>
      </trkpt>
      <trkpt lat="22.31945724226534366607666015625" lon="114.1762845776975154876708984375">
        <ele>20.200000762939453125</ele>
        <time>2026-01-17T07:23:49.000Z</time>
        <extensions>
          <ns3:TrackPointExtension>
            <ns3:hr>80</ns3:hr>
          </ns3:TrackPointExtension>
        </extensions>
      </trkpt>
      <trkpt lat="22.319454811513423919677734375" lon="114.17629471980035305023193359375">
        <ele>20.200000762939453125</ele>
        <time>2026-01-17T07:23:50.000Z</time>
        <extensions>
          <ns3:TrackPointExtension>
            <ns3:hr>80</ns3:hr>
          </ns3:TrackPointExtension>
        </extensions>
      </trkpt>
      <trkpt lat="22.3194512911140918731689453125" lon="114.1763010062277317047119140625">
        <ele>20.200000762939453125</ele>
        <time>2026-01-17T07:23:51.000Z</time>
        <extensions>
          <ns3:TrackPointExtension>
            <ns3:hr>81</ns3:hr>
          </ns3:TrackPointExtension>
        </extensions>
      </trkpt>
      <trkpt lat="22.3194449208676815032958984375" lon="114.17630620300769805908203125">
        <ele>20.200000762939453125</ele>
        <time>2026-01-17T07:23:52.000Z</time>
        <extensions>
          <ns3:TrackPointExtension>
            <ns3:hr>81</ns3:hr>
          </ns3:TrackPointExtension>
        </extensions>
      </trkpt>
      <trkpt lat="22.31943829916417598724365234375" lon="114.17631047777831554412841796875">
        <ele>20.200000762939453125</ele>
        <time>2026-01-17T07:23:53.000Z</time>
        <extensions>
          <ns3:TrackPointExtension>
            <ns3:hr>82</ns3:hr>
          </ns3:TrackPointExtension>
        </extensions>
      </trkpt>
      <trkpt lat="22.31943259947001934051513671875" lon="114.176310561597347259521484375">
        <ele>20.200000762939453125</ele>
        <time>2026-01-17T07:23:54.000Z</time>
        <extensions>
          <ns3:TrackPointExtension>
            <ns3:hr>82</ns3:hr>
          </ns3:TrackPointExtension>
        </extensions>
      </trkpt>
      <trkpt lat="22.31942790560424327850341796875" lon="114.17630444280803203582763671875">
        <ele>20.200000762939453125</ele>
        <time>2026-01-17T07:23:55.000Z</time>
        <extensions>
          <ns3:TrackPointExtension>
            <ns3:hr>82</ns3:hr>
          </ns3:TrackPointExtension>
        </extensions>
      </trkpt>
      <trkpt lat="22.31942170299589633941650390625" lon="114.17630226351320743560791015625">
        <ele>20.200000762939453125</ele>
        <time>2026-01-17T07:23:56.000Z</time>
        <extensions>
          <ns3:TrackPointExtension>
            <ns3:hr>82</ns3:hr>
          </ns3:TrackPointExtension>
        </extensions>
      </trkpt>
      <trkpt lat="22.3194122314453125" lon="114.17630217969417572021484375">
        <ele>20.200000762939453125</ele>
        <time>2026-01-17T07:23:57.000Z</time>
        <extensions>
          <ns3:TrackPointExtension>
            <ns3:hr>82</ns3:hr>
          </ns3:TrackPointExtension>
        </extensions>
      </trkpt>
      <trkpt lat="22.31940058059990406036376953125" lon="114.17630829848349094390869140625">
        <ele>20.200000762939453125</ele>
        <time>2026-01-17T07:23:58.000Z</time>
        <extensions>
          <ns3:TrackPointExtension>
            <ns3:hr>83</ns3:hr>
          </ns3:TrackPointExtension>
        </extensions>
      </trkpt>
      <trkpt lat="22.3193916119635105133056640625" lon="114.17630595155060291290283203125">
        <ele>20.200000762939453125</ele>
        <time>2026-01-17T07:23:59.000Z</time>
        <extensions>
          <ns3:TrackPointExtension>
            <ns3:hr>82</ns3:hr>
          </ns3:TrackPointExtension>
        </extensions>
      </trkpt>
      <trkpt lat="22.31937442906200885772705078125" lon="114.17629857547581195831298828125">
        <ele>20.200000762939453125</ele>
        <time>2026-01-17T07:24:00.000Z</time>
        <extensions>
          <ns3:TrackPointExtension>
            <ns3:hr>82</ns3:hr>
          </ns3:TrackPointExtension>
        </extensions>
      </trkpt>
      <trkpt lat="22.31936571188271045684814453125" lon="114.176288433372974395751953125">
        <ele>20.200000762939453125</ele>
        <time>2026-01-17T07:24:01.000Z</time>
        <extensions>
          <ns3:TrackPointExtension>
            <ns3:hr>82</ns3:hr>
          </ns3:TrackPointExtension>
        </extensions>
      </trkpt>
      <trkpt lat="22.31936051510274410247802734375" lon="114.176270328462123870849609375">
        <ele>20.200000762939453125</ele>
        <time>2026-01-17T07:24:02.000Z</time>
        <extensions>
          <ns3:TrackPointExtension>
            <ns3:hr>82</ns3:hr>
          </ns3:TrackPointExtension>
        </extensions>
      </trkpt>
      <trkpt lat="22.3194063641130924224853515625" lon="114.1762124933302402496337890625">
        <ele>20.200000762939453125</ele>
        <time>2026-01-17T07:24:03.000Z</time>
        <extensions>
          <ns3:TrackPointExtension>
            <ns3:hr>82</ns3:hr>
          </ns3:TrackPointExtension>
        </extensions>
      </trkpt>
      <trkpt lat="22.31934442184865474700927734375" lon="114.1762611083686351776123046875">
        <ele>20.3999996185302734375</ele>
        <time>2026-01-17T07:24:04.000Z</time>
        <extensions>
          <ns3:TrackPointExtension>
            <ns3:hr>83</ns3:hr>
          </ns3:TrackPointExtension>
        </extensions>
      </trkpt>
    </trkseg>
  </trk>
</gpx>
